cafe_name,cafe_id,menu_id,matched_keywords,title,date,content,comments,comment_count,url,collector
대구맘365,24000254,13,위생,의사맘들 맘마존 분석해봤어요~,2026.08.13. 10:11,"출산 준비하면서 맘마존 고민이 엄청 많았는데
의사맘들이 올린 영상이랑 추천글 찾아보고 분석해서 정리해봤습니당
추천템 다양하게 있었는데 그중에 다들 많이 쓰는 제품들만 정리했어요~
다 살 순 없으니 ㅜㅜ 가성비로만 준비하실 엄마들은 참고하심 좋을 것 같아요!
​
1. 젖병 소독기
젖병 말고도 치발기나 장난감 같은 것도 같이 소독할 수 있어서
소독기를 더 오래 쓴다고 하시는 분들이 많더라구요
그래서 저도 세척기랑 소독기 중에 엄청 고민했는데 유팡으로 결정하고
세척기 대신 식세기 고민 중이에요 ㅠㅠ
​
2. 분유포트
저는 위생 때문에 다들 주전자형 쓰실 줄 알았는데
출수형 쓰시는 분들이 훨씬 많더라구요?!
출수형 고른 의사맘들 보면 대부분 아기를 안고 분유 타기 힘들고
손목 통증 때문에 출수형을 골랐다고하더라고요!
출수형이 관리만 잘하면 위생적으로 사용하는 데 문제 없고
오히려 물 식히는 시간이나 밤수유할 때 편하다고해서
전 산부인과맘 출수형 세척법 영상보다가 라비킷으로 결정…!
​
​
3. 젖병 건조대
아마 젖병 건조대, 젖병 보관함으로 고민하시는 분들 계실 듯한데
보니까 젖병 소독기 돌리기 전 물기 잘 빠지는 게 중요하다고
보관함보다는 건조대를 많이 쓰더라고요! 그래서 저는 건조대에서 말리고
소독기에 보관하는 걸로 하려고 합니다!
(근데 보관함 있으면 미리 조립해둬서 편하다고 하긴 하는데 전 사실 둘다 비슷한 거 같아요 ㅋㅋㅋ)
​
요 정도? 알아봤는데 이렇게만 있어도 맘마존 끝이라고 하더라구요..
더 많이 뭘 살 필요는 없을 거 같아요
저도 딱 이렇게만 사두려구요!!",참고할게요 정보 감사합니다~~ | 네네 ㅋㅋㅋ | 감사합니당^^ | 네에~,4,https://cafe.naver.com/f-e/cafes/24000254/articles/7367605?boardtype=L&userDisplay=50&menuid=13&referrerAllArticles=false&inCafeSearch=true&query=%EC%9C%84%EC%83%9D&art=aW50ZXJuYWwtY2FmZS1hcnRpY2xlLXJlYWQtaW5DYWZlLXNlYXJjaC1saXN0.eyJ0eXAiOiJKV1QiLCJhbGciOiJIUzI1NiJ9.eyJjYWZlVHlwZSI6IkNBRkVfSUQiLCJhcnRpY2xlSWQiOjczNjc2MDUsImlzc3VlZEF0IjoxNzg4MjMzMTA1ODkzLCJjYWZlSWQiOjI0MDAwMjU0fQ.kC1x8aLygpG5V2zomzrxyr7iQswoaPgKZNr_iXawWbg&page=1,JKS
대구맘365,24000254,13,위생,"믿고 맡길 수 있었던 최고의 산후도우미 이모님, 조은맘 진심으로 추천드립니다!",2026.08.03. 10:55,"안녕하세요! 3주간 산후도우미 이용하고 너무 감사하고 만족스러워서 후기 남겨요!
처음에는 아무래도 낯선 분께 아기와 집안일을 맡긴다는 게 고민도 되고 게다가 첫째케어까지 겹쳐서 걱정이 더 많았는데 조은맘을 통해 이모님과 함께 지내면서 하루하루 지날수록 믿음이 생겼고, 덕분에 편하게 회복할 수 있었던 3주였습니다!
​
첫째 때도 조리해 봤지만 이번에 둘째를 낳고 수유나 기저귀가는것부터 기본적인 케어는 물론이고 아기 수면 패턴도 꼼꼼하게 체크해 주시고 정말 큰 도움이 되었어요~
아기에게 눈맞춤도 많이 해주시고 말도 많이 걸어주시고 상호작용 해주시는 모습도 너무 좋았고
항상 오시면 밤에 첫째와 둘째 컨디션 상태는 어땠는지 꼼꼼하게 체크해 주셔서 정말 신경 써주시는게 느껴졌어요!
​
또 만족스러웠던 부분은 요리였을만큼 정말 요리를 잘하시는 이모님이라는 게 느껴졌어요~
센스있게 영양까지 고려해서 맛있는 음식을 만들어 주셨고 정성도 가득인데 여러가지 식단을 준비해 주시는 모습이 너무 인상적이었어요!
제 입맛이 돌아와야지 몸 회복도 빠르다면서 요리해주시는데 정말 감사했습니다..ㅠㅠ
​
아무래도 아기가 생활하는 공간이다 보니 위생도 가장 중요하다고 생각했는데 위생과 정리정돈 하시는 모습 보고 정말 깜짝 놀랐어요!
특히 아기 용품이랑 젖병을 항상 위생적으로 관리해 주셨구요!
사용한 물건은 항상 깨끗하게 해 주시고 주방이나 거실도 늘 깔끔하게 정리 해주시고 집안 전체가 너무 깔끔하고 쾌적한 상태를 유지할 수 있도록 신경 많이 써 주셨어요!
엉망이었던 집을 정말 새집처럼 해주셨어요!ㅎㅎ
​
이모님 덕분에 혼자 첫째 케어와 둘째 독박육아를 해야한다는 불안감도 없어졌어요!
​
이모님은 정말 책임감이 강하고 성실하신 분이시고 맡은 일은 끝까지 꼼꼼하게 해주시고 편안하게 지낼 수 있도록 세심하게 배려해 주시는 분이여서 어느 하나 부족한 점이 없었습니다!
산후조리 기간은 정말 예민한 시기인데 이모님 덕분에 둘째육아하면서도 소중한 3주동안 행복하고 편하게 보낼 수 있었어요!
지금 생각해도 이모님과 정말 좋은 인연이었다는 생각이 드네요ㅎㅎ
다른분들도 꼭 이모님을 만나셨으면 좋겠네요!
​
​",오오 추찬 감사해여!,1,https://cafe.naver.com/f-e/cafes/24000254/articles/7359417?boardtype=L&userDisplay=50&menuid=13&referrerAllArticles=false&inCafeSearch=true&query=%EC%9C%84%EC%83%9D&art=aW50ZXJuYWwtY2FmZS1hcnRpY2xlLXJlYWQtaW5DYWZlLXNlYXJjaC1saXN0.eyJ0eXAiOiJKV1QiLCJhbGciOiJIUzI1NiJ9.eyJjYWZlVHlwZSI6IkNBRkVfSUQiLCJhcnRpY2xlSWQiOjczNTk0MTcsImlzc3VlZEF0IjoxNzg4MjMzMTA1ODkzLCJjYWZlSWQiOjI0MDAwMjU0fQ.Qz5rHIulqSXZ7Zt3t1QroSGQFZYo0FwgdpzGyi1jfBw&page=1,JKS
대구맘365,24000254,13,위생,조리원 추천해주세요,2026.07.21. 13:26,"여성아이병원
건너편 리엘 산후조리원
아니면 주변 또 추천하실만한곳있나요?
​
여성아이병원은 외출이 안되어서 조금 .. 그리고 침대가 무섭게 생겨서 ㅋㅋㅋㅋ
​",저도 11월 출산 예정인데. 리엘 예약 해뒀어요 ㅎㅎ | 전 여성아이 예약했어요! 외출이 없으니 감염병이나 위생이 철저할 것 같아서 더 안심이 돼요:),2,https://cafe.naver.com/f-e/cafes/24000254/articles/7349992?boardtype=L&userDisplay=50&menuid=13&referrerAllArticles=false&inCafeSearch=true&query=%EC%9C%84%EC%83%9D&art=aW50ZXJuYWwtY2FmZS1hcnRpY2xlLXJlYWQtaW5DYWZlLXNlYXJjaC1saXN0.eyJ0eXAiOiJKV1QiLCJhbGciOiJIUzI1NiJ9.eyJjYWZlVHlwZSI6IkNBRkVfSUQiLCJhcnRpY2xlSWQiOjczNDk5OTIsImlzc3VlZEF0IjoxNzg4MjMzMTA1ODkzLCJjYWZlSWQiOjI0MDAwMjU0fQ.O0udyQNLQzdBAJRUDJXUBu2wUclRWDniBa2iNuQfx44&page=1,JKS
대구맘365,24000254,13,위생,로즈마리병원 산후조리원 후기입니다.,2026.07.06. 16:59,"안녕하세요.
둘째 라서 병원 생활
한주간 병동생활을 무사히 마치고
2주간의 조리원 생활까지 무사히 마치며 감사한 마음으로 후기를 남깁니다.
재이용을 해보니 그만큼 첫째 때의 기억이 좋았고, 실제로 재이용을 했던 경험 으로 그 기대를 저버리지 않았습니다.
병동 관련 생활과 조리원 선택을 고민하시는 분들, 특히 재 이용을 고민하시는 분들께 도움이 되길 바라는 마음으로 후기글 남겨봅니다.
게시물 작성자가 AI 활용 표시 설정
AI 기술을 활용하여 콘텐츠의 이미지, 영상 또는 소리를 변형하였거나 새로이 생성하였을 수 있습니다.
자세히 보기
AI 활용
​
먼저 첫번째 호텔처럼 깔끔하고 쾌적한 객실입니다.
입실하자마자 가장 먼저 든 생각은 “정말 깨끗하다.“였어요.
매일 청소가 꼼꼼하게 이루어지고 침구도 항상 포근하게 관리되어 있어서 산모가 편안하게 쉬기에 정말 좋은 환경이었습니다.
출산 후에는 몸이 생각보다 많이 지쳐있는데, 조용하고 아늑한 객실 덕분에 회복하는 데 큰 도움이 되었어요.
두번째는요.철저한 위생 관리 입니다.
신생아와 함께 생활하는 공간인 만큼 가장 중요하게 생각했던 부분이 위생이었는데요.
공용공간은 물론 신생아실까지 항상 청결하게 관리되고 있었고,
직원분들도 손소독과 위생수칙을 철저하게 지켜주셔서 안심이 되었습니다.
초보 부모 입장에서는 이런 부분이 정말 큰 신뢰로 다가오더라고요.
세번째는 믿을수 있는 신생아 케어가 잘 되어있어요.
재이용을 결심한 가장 큰 이유 중 하나는 역시 신생아 케어였습니다.
첫째 때도 느꼈지만, 아기들을 진심으로 예뻐해주시는 선생님들의 모습은 이번에도 변함이 없었어요.
아가들 다정하게 말을 건네 주시는 모습에 저도 덩달아 맘이 푸근해지곤 했습니다.
24시간 신생아실이 개방되어 있어 언제든 아기 얼굴을 볼 수 있다는 점도 여전히 큰 안심이 되었습니다.
둘째라 조금은 익숙하다고 생각했지만,
모유수유는 아이마다 다르더라고요.
수유실에 타임별로 모유수유 담당 선생님이 항상 계셔서 언제든 도움을 받을 수 있는 것도 엄청 큰 장점이라고 생각해요.
혼자 끙끙 앓지 않고 바로바로 피드백을 받을 수 있으니 정말 든든했습니다.
그리고 이번에는 첫째 아이 면회가 가능하다는 점도 재이용을 결정한 중요한 이유였습니다.
첫째가 동생을 처음 만나는 순간을 조리원 안에서 함께할 수 있어서 정말 소중한 시간이 되었어요.
마지막으로 다양한 산후 관리둘째로그램이 잘 짜여져 있어요.
마사지, 모유수유 교육, 신생아 케어 교육 등 다양한 프로그램이 준비되어 있어서 단순히 쉬기만 하는 공간이 아니라 육아를 배우는 시간이 되었습니다.
특히 모유수유 자세나 트림시키는 방법처럼 집에 가서 바로 활용할 수 있는 내용들이 많아서 정말 유익했어요.
처음에는 조리원이 꼭 필요할까 고민도 했지만 직접 생활해보니 그 시간이 얼마나 소중한지 알게 되었습니다.
​
그리고 아주 아주 맛있는 산모식이 식단이 잘 나와요.
​",저도 로즈에서 산모식이 너무 맛있었던 기억이 ㅎㅎ | 공유 감사해요 로즈마리 좋네요 !!,2,https://cafe.naver.com/f-e/cafes/24000254/articles/7339274?boardtype=L&userDisplay=50&menuid=13&referrerAllArticles=false&inCafeSearch=true&query=%EC%9C%84%EC%83%9D&art=aW50ZXJuYWwtY2FmZS1hcnRpY2xlLXJlYWQtaW5DYWZlLXNlYXJjaC1saXN0.eyJ0eXAiOiJKV1QiLCJhbGciOiJIUzI1NiJ9.eyJjYWZlVHlwZSI6IkNBRkVfSUQiLCJhcnRpY2xlSWQiOjczMzkyNzQsImlzc3VlZEF0IjoxNzg4MjMzMTA1ODkzLCJjYWZlSWQiOjI0MDAwMjU0fQ.GIPaICVKiI3bmtfxLJI0QMq3JCOqzTt3L3ZW35s2BfA&page=1,JKS
대구맘365,24000254,13,위생,여성메디파크병원 조리원 VIP룸 2주>3주 연장한 후기,2026.07.04. 13:22,"저는 첫째를 낳고 여성메디파크병원 VIP룸 13박 14일을 예약했는데요~
​
임신 초기부터 바로 알아보고 결정한 곳이에요.
​
그러다 예정일보다 2주 정도 자연분만으로 출산하게 됐는데 다행히 조리원에 자리가 있어서 퇴원하는 시점에 맞춰 입실을 잘하게 됐습니다~
​
지내다보니 여러가지가 편하고 생각했던 것보다도 만족도가 높아서 2주에서 3주로 연장하기도 했습니다.
​
그 이유들에 대해 후기를 남겨보고자 합니다!
​
1. 넓고 쾌적한 환경
​
​
VIP룸은 조리원에서 출퇴근하는 배우자와 함께 지내기 정말 좋았어요~
​
공간이 분리돼있기도 하고, 침대도 퀸사이즈로 넉넉했습니다
​
공간뿐 아니라 산모 몸조리와 회복에 필요한 여러 구성들도 좋았습니다
​
수유패드 찜질팩 성인용패드 등 실용적인 웰컴키트부터 회음부 회복이 중요한 자연분만 산모에게 넘 필요한 버블좌욕기, 중간에 간식을 먹는데 활용하기 좋은 냉장고 전자레인지 커피포트, 500ml 생수병 2 묶음 등등... 알차고 편리한 구성에 만족했습니다.
​
또 매일 오전 10시 넘어서 청소아주머니께서 오셔서쓰레기통 비워주시고 바닥 화장실도 꼼꼼히 청소해주세요~
​
2. 삼시세끼 식사와 간식
​
식사도 CJ직영점에서 관리하기에 넘 맛있었는데요
​
하루 전날 보호자 식사도 상황에 따라 신청할 수 있었어요
​
다른 조리원들은 보호자 식사 추가시 별도 비용 발생하는 경우가 많던데 여기는 무료여서 좋았네요
​
신랑이 근무 안하는 주말에는 삼시세끼 함께 할 수 있어 좋았어요~
​
또 식사 시간 한두시간 뒤에 간식도 나와서 수유 하며 떨어진 당보충도 했습니다
​
3. 애정듬뿍 신생아실
​
신생아실은 아이들을 정말 사랑으로 케어해주시는 간호사쌤들이 계세요!
​
특히 평일 낮시간대에는 수간호사쌤이 오셔서 수유나 육아 관련 여러 질문들 받아주시고, 애들에 대한 설명도 해주셔서 좋았어요
​
수유콜 받으러 갈때마다 에어소독기 거치고 손닦고 또 전자파 차단을 위해 핸드폰도 반납하고..
​
아이들의 위생과 건강 위해 철저한 관리를 하는게 느껴져 좋았습니다
​
면회는 목욕시간(오후 2~3시)를 제외하고는 언제든지 가능해서 정말 좋았어요!
​
병원에서는 면회 시간이 정해져있고 다른 사람들과 시간을 나눠서 봐야하는 것때문에 아쉽고 불편했는데
​
조리원 와서는 야근한 신랑하고도 편하게 볼수 있고, 직접 오지 못하는 양가 어르신들께 영상통화로 맘껏 보여드릴수 있어 좋았어요
​
선생님들이 우리 애기 예뻐해주시고 관심기울여주시는 모습도 감사했습니다!
​
또 아침마다 병원 소아과 선생님이 오셔서 애들 상태 확인해주세요 저희 애기도 처음에 황달끼가 좀있었는데 매일 세심하게 체크해주시고 또 필요하면 상담도 해주셔서 좋았네요
​
탯줄 떨어지면 선물도 해주시고, 수간호사쌤께 목욕 교육도 받아볼 수 있습니다!
​
4. 마사지
​
개인적으로 가장 만족했던 건 마사지 인데요!
​
임신 기간 동안 앞자리수가 3번 바꼈던 저로서는.. 마사지에 대한 기대가 컸습니다.
​
입소 첫날 관리사 선생님께서 전화주시고 다음날 바로 받아봤어요.
​
2주 기준 가슴마사지 1회, 아로마 마사지 1회 무료여서 무료 마사지부터 체험해봤는데
​
너무 시원하고 받고 나서 몸도 가벼워지길래 퇴소하는 날까지 매일 받는 걸로 결정했습니다
​
받고나니 임신 중 발이랑 다리가 붓기가 심해서 가장 속상했는데 하체 라인부터 돌아오고, 전체적인 몸의 붓기가 빠지는게 느껴졌어요
​
마사지 5번 이상 받는 날부터는 발이 임신 전 사이즈로 돌아오고 배도 정말 많이 들어갔네요!
​
또 선생님이 마사지 하면서 모유수유나 육아 관련 꿀팁도 나눠주시고 매일 가슴상태로 세심하게 체크해주셔서 정말 좋았어요 ㅎㅎ
​
마사지는 꼭 받아보시길 추천합니다~
​
﻿
1. VIP룸 내부
​
2. 식사 후기
​
3. 신생아실",식사도 잘나오고 방도 좋아보이네여!!!!!저도 빨리 조리원 예약해야하는데 ㅠ 고르는거 넘 어려워용 흑 | 혹시 비용은 어느정도 들었어요?,2,https://cafe.naver.com/f-e/cafes/24000254/articles/7337768?boardtype=L&userDisplay=50&menuid=13&referrerAllArticles=false&inCafeSearch=true&query=%EC%9C%84%EC%83%9D&art=aW50ZXJuYWwtY2FmZS1hcnRpY2xlLXJlYWQtaW5DYWZlLXNlYXJjaC1saXN0.eyJ0eXAiOiJKV1QiLCJhbGciOiJIUzI1NiJ9.eyJjYWZlVHlwZSI6IkNBRkVfSUQiLCJhcnRpY2xlSWQiOjczMzc3NjgsImlzc3VlZEF0IjoxNzg4MjMzMTA1ODkzLCJjYWZlSWQiOjI0MDAwMjU0fQ.cPWcFd8N7lZVxEKSKilLgNW7CnZoVlFMKTOBeBB4uzA&page=1,JKS
대구맘365,24000254,13,위생,대구산후도우미업체 참사랑어머니회 강추!!!!!!!진짜강추!!!!!!!!!,2026.06.26. 15:56,"둘째맘 산후도우미 후기입니다!!
저는 산후도우미 첫째때 실패해서...산후도우미가 오는거 자체를 고민했거든요(첫째때 업체는 여기가 아닙니다^^)
제가 이 글을 쓴 이유는 저같은 성격의 산모가 있을거라 생각하여 고민마시고 쓰시라고 글을 남깁니다^^
​
저는 남이있으면 불편하고, 또 밥도 같이먹는것도 불편하고, 요리도 안해서 뭐 사야되는지 생각하는것도 스트레스고, 그냥 누가 집에잇는거 자체가 불편해서 산후도우미릉 쓸까 말까 고민했어요..
​
그런데 제왕이라 집와서도 아직 배가 아팠고 첫째가 있어서 더더욱...첫째 하원후,등원, 등등 걸리는게 많더라구여ㅠㅠ그래서 2주만 신청했어요..
선샌님니 이렇게 좋으실줄 알았으면 4주하고싶었는데...
​
이 참사랑 관리사 선생님은
1. 애기 보실때 하루종일 애기에게 말을 걸어주십니다ㅠㅠ
2.청소 위생 정말 철저하십니다
3. 식단이 알아서 해주시고 예술입니다
4. 애기가 선샌님 덕분에 잘먹고 잘 잡니다
​
제가원래 사람도 잘못믿어 홈캠도보고 외출도 안하는데
이 관리사님 계실땐 외출도 믿고했답니다..
​
첫째때 못느꼇던 선생님 마지막날 눈물이 광광광....
선생님 정어어어어어엉말 좋고...진짜 2주감 행복햇습니다ㅠㅠㅠㅠㅠㅠㅠㅠ
​
우리 선생님 식단 맨날 못찍엇는데...존맛...❤️
​
참사랑 선택하길 잘했어요!!!!
첫째이신분도 꼭 참사랑
둘째인데 첫째때 실패햐셨스면 참사랑 강추입니자!!!
​",도우미 성함이...어떻게 될까용?😁,1,https://cafe.naver.com/f-e/cafes/24000254/articles/7331685?boardtype=L&userDisplay=50&menuid=13&referrerAllArticles=false&inCafeSearch=true&query=%EC%9C%84%EC%83%9D&art=aW50ZXJuYWwtY2FmZS1hcnRpY2xlLXJlYWQtaW5DYWZlLXNlYXJjaC1saXN0.eyJ0eXAiOiJKV1QiLCJhbGciOiJIUzI1NiJ9.eyJjYWZlVHlwZSI6IkNBRkVfSUQiLCJhcnRpY2xlSWQiOjczMzE2ODUsImlzc3VlZEF0IjoxNzg4MjMzMTA1ODkzLCJjYWZlSWQiOjI0MDAwMjU0fQ.aFEmVXFgol5e85p7cE06V-CYiUxaDiB5d0aItL9JNdk&page=1,JKS
대구맘365,24000254,13,위생,대구 달서구 리엘산후조리원 vip룸 2주 후기,2026.06.15. 14:34,"안녕하세요! 얼마 전 출산하고 대구 달서구 리엘산후조리원에서 천국 같은 2주를 보내고 퇴소한 맘입니다.
조리원 라이프가 너무 만족스러워서 다른 산모님들께 도움이 될까 싶어 생생한 내돈내산 후기를 남겨봐요. 🥰
​
🛏️ 712호 VIP룸 객실 (모션베드 & 테라스)
계약은 vip로 했지만 방이 없어서 처음 이틀은 디럭스룸에서 묵었습니다.
그 이후에 전실한 방은 712호 VIP룸이었어요.
방에 들어서자마자 깔끔하고 아늑해서 마음에 쏙 들었는데, 무엇보다 모션베드가 신의 한 수였습니다!
출산하고 나면 뼈마디가 다 늘어나서 침대에서 일어날 때마다 허리랑 배에 무리가 많이 가잖아요? 모션베드 덕분에 리모컨 하나로 상체 각도 조절해가며 편하게 일어날 수 있어서 회복에 정말 큰 도움을 받았어요.
게다가 방에 개별 테라스가 딸려 있어서, 답답할 때마다 창밖 보며 바깥공기 마시기에도 최고였답니다.
VIP룸 강추해요!
참고로 남편 입실은 주말만 가능하고,
토요일 오전 10시부터 일요일 오후 8시까지입니다.
모자동실은 매일 11:40~14:30 시간을 제외하고 자유롭게 가능하구요.
저는 평일에는 혼자 모자동실할 자신이 없어서 수유콜 때마다 아기를 보러 가고, 주말에 남편이 왔을 때 모자동실을 했어요 !
​
🍲 소문대로 역시 '밥 맛집' & 목요일 간식데이
리엘 후기 찾아볼 때 다들 밥이 맛있다는 칭찬 일색이던데, 직접 먹어보니 왜 그런지 백번 이해가 가더라고요. 매일 삼시 세끼 균형 잡힌 영양식으로 정말 정갈하고 맛있게 나와요.
그리고 매일 나오는 간식 퀄리티도 훌륭한데, 특히 목요일 간식데이는 사랑입니다...❤️
목요일에는 9층 식당가에 다 같이 올라가서 간식을 먹는데, 준비해 주시는 과일이 진짜 당도 높고 너무 맛있어서 매주 목요일만 기다렸던 기억이 나네요.
특히 수박이랑 키위 너무 맛있었어요,,🤤
저녁 8시에는 야식으로 죽도 나오는데요. 야채죽, 호박죽, 흑임자죽 돌아가며 나오는 듯 해요 !
한 두번 먹으러가고 그 후엔 귀찮아서 패스하고 방에서 쉬었네요 ㅎㅎ
​
👶 천사 같으신 신생아실 선생님들
초보 맘이라 아기 케어에 대해 걱정이 정말 많았는데, 신생아실 선생님들이 아기를 진심으로 예뻐해 주시는 게 눈에 보여서 안심하고 푹 쉴 수 있었어요. 언제나 친절하게 질문에 답해주시고 케어 팁도 많이 알려주셔서 큰 위로가 되었습니다.
궁금한 점 있으면 잘 알려주셔요 !!
​
🍼 프리미엄 아기용품 사용
- 분유 : 루비락
- 기저귀 : 르소메, 리베로
- 아기로션 : 로하스베베
- 아기 세제 : 베베르엘
리엘을 선택하길 정말 잘했다고 느낀 점 중 하나는 아기들이 쓰는 용품을 전부 최고급 제품으로만 엄선해서 사용한다는 거였어요.
​
🧹 완벽한 룸케어
조리원에서는 정말 '쉬는 것'에만 집중할 수 있게 시스템이 잘 되어 있어요. 매일매일 방 청소 꼼꼼하게 해주시고, 매일 새 산모복 지급은 물론이고 개인 빨래까지 싹 세탁해서 가져다주십니다. 손가락 하나 까딱 안 하고 대접받는 기분이라 진짜 조리원 천국을 제대로 실감했어요.
​
💆‍♀️ 유명한 리엘 마사지 (추가 결제 추천 !)
리엘 하면 마사지 유명한 거 아시죠?
저도 입소할 때 서비스로 무료 유방 마사지랑 전신 마사지를 받았는데, 와... 진짜 신세계를 경험했습니다. 임신 기간 내내 뭉쳤던 근육과 출산 오로, 붓기가 싹 가시는 느낌으로 너무 시원하더라고요. 이 손맛은 놓치면 안 되겠다 싶어서 바로 7회 추가 결제해서 받았어요. 덕분에 조리원 나갈 때 몸무게도 많이 줄고 몸이 훨씬 가벼워졌답니다. 부종도 많이 빠지고 마사지 받으니까 화장실도 잘 가더라구요. 조리원에서 총 10kg감량했습니다. 마사지는 무조건 추가하시길 추천드려요!
​
📸 소소하지만 확실한 행복 (셀픽 / 베베캠)
또 하나 저의 활력소였던 공간!
9층에 하루에 한 장씩 무료로 아기 사진을 인화할 수 있는 셀픽 기계가 있어요.
매일 핸드폰으로 찍은 우리 아기 심쿵 사진을 골라서 한 장씩 인화하는 게 제 하루의 유일한 낙이자 힐링 타임이었답니다. 퇴소할 때 인화된 사진 모아보니 괜히 뿌듯하고 좋은 추억이 되었어요.
그리고 실시간으로 아기모습 볼 수 있는 베베캠 !
앱 설치 후 가입하면 하루 2번 정해진 시간(10:40~11:00 / 16:00~16:20)에 신생아실에 있는 아기 모습을 볼 수 있어요🥰
​
✨ 총평 ✨
원장님을 비롯해 신생아실 선생님들, 마사지 실장님, 청소해주시는 이모님들까지 모두 너무 친절하셔서 머무는 내내 심적으로도 육체적으로도 완벽하게 힐링하고 갑니다.
시설, 위생(세스코 관리라 안심!), 식사, 케어 어느 하나 빠지는 것 없이 대만족이었던 리엘산후조리원!
둘째가 생긴다면(먼 미래지만요ㅎㅎ) 망설임 없이 또 리엘로 올 것 같아요. 달서구 조리원 고민 중이신 예비맘들이 계신다면 강력 추천합니다! 👍
​
​
​",,0,https://cafe.naver.com/f-e/cafes/24000254/articles/7323297?boardtype=L&userDisplay=50&menuid=13&referrerAllArticles=false&inCafeSearch=true&query=%EC%9C%84%EC%83%9D&art=aW50ZXJuYWwtY2FmZS1hcnRpY2xlLXJlYWQtaW5DYWZlLXNlYXJjaC1saXN0.eyJ0eXAiOiJKV1QiLCJhbGciOiJIUzI1NiJ9.eyJjYWZlVHlwZSI6IkNBRkVfSUQiLCJhcnRpY2xlSWQiOjczMjMyOTcsImlzc3VlZEF0IjoxNzg4MjMzMTA1ODkzLCJjYWZlSWQiOjI0MDAwMjU0fQ.S_wHbSgeymdVaPKnbMnmCYeYKXtNCP0MehISsU-GBWU&page=1,JKS
대구맘365,24000254,13,위생,[육아템리뷰]4개월 아기 매트 추천: 베베끌레르 4cm 항균 매트 34평 거실 설치 찐후기,2026.06.11. 12:08,"안녕하세요
​
​
어느덧 저희 집 천사가 태어난 지 4개월 차에
접어들었어요.
요즘 한창 뒤집기 지옥(?)과 뒤집기 천국을 오가며
온몸으로 성장판을 자극하고 있는 에너제틱한
남자아기를 키우고 있답니다.
​
​
​
아이가 뒤집기를 시작하니까 매일 바닥에 머리를
쿵 하지는 않을까,
침을 흘리는데 위생은 괜찮을까 하루하루가
걱정의 연속이더라고요.
​
게다가 앞으로 배밀이하고 기어 다닐 걸 생각하니
'아기 매트'는 더 이상 미룰 수 없는 숙제였습니다.
선택 아닌 필수죠 아기매트는!
​
​
시공매트와 놀이매트중에 고민이 되더라구요.
저희는 일년내 이사를 앞두고 있기도하고,
주위 육아선배들 조언에 따르면
시공매트는 최~대한 나중에 까는게 좋다더라구요
​
아무래도 아기가 기거나 걷기전에 깔면
어른들이 밟게되고
오염이나 변색이 더 빨라지니 그러한 이유에서요!
​
​
브랜드부터 두께, 성분까지 눈이 침침해질 때까지
비교 분석한 끝에
제 마음에 쏙 들어온 제품! 바로
“✨베베끌레르 4cm 바닥 항균 매트✨” 입니다.
​
저는 240*140cm 사이즈로 총 2장을 구매해서
하나는 거실에, 하나는 아이방에 각각 깔아주었는데요.
​
한 달 가까이 사용해 보며 느낀 장점들을 일목요연하게 정리해 드릴게요🙌
​
고심끝에 고민한 거실 아기매트
베베끌레르로 선택한 후
내돈내산 34평 설치
한 후기 입니다 :)
​
​
1. 4개월 뒤집기 시기, 왜 '4cm 두께'여야 할까요?
​
지금 4개월 아기들에게 가장 필요한 건 뭐니뭐니 해도 **'안전'**이죠.
베베끌레르 매트는 무려 4cm의 두께감을 자랑합니다.
​
너무 푹신하면 아기 척추에 무리가 가거나 뒤집었을 때 코가 묻혀 위험할 수 있고,
너무 딱딱하면 충격 흡수가 안 되잖아요?
​
그런데 이 제품은 밟았을 때 쫀득하면서도 탄탄하게 받쳐주는 느낌이에요.
아기가 뒤집다가 힘이 빠져서 머리를 쿵! 해도 매트가
충격을 부드럽게 흡수해 주니까 엄마 마음이 한결 편해지죠.
​
​
나중에 아기가 잡고 서고, 걸음마 배우다 넘어질 때도
이 정도 두께라면
다칠 걱정은 전혀 안 해도 될 것 같아요.
게다가 발걸음 소리나 장난감 떨어뜨리는 소리도
완벽하게 잡아줘서 층간소음 또한 안심할 수 있어요.
​
​
​
​
2. 240*140cm 사이즈 2장으로 거실아이방 완벽커버
​
매트 살 때 사이즈 고민 정말 많이 하시죠?
​
저도 거실 전체를 다 채워야 하나 고민했는데,
240*140cm 사이즈 두 장 조합이 신의 한 수였어요!!!
​
​
거실: 소파 앞 공간에 깔아두니 인테리어를 해치지 않고 맞춘 것처럼 딱 떨어져요.
온 가족이 거실에서 아기와 함께 뒹굴며 소통하기에 아주 넉넉한 공간이 나옵니다.
240*140 1장 깔았을때 입니다.
아이방: 아기 침대 아래나 놀이존 공간에 배치했더니,
방이 좁아 보이지 않으면서도 아기만의 안전한 독립 놀이 공간이 예쁘게 완성되더라고요.
​
​
​
매트 디자인과 컬러가 워낙 모던하고 깔끔하게 나와서,
알록달록한 육아 용품들 사이에서 중심을 딱 잡아주니
집안이 훨씬 넓고 환해 보이는 효과까지 덤으로 얻을 수 있어요!
​
아직은 아이가 어려서 아기방보다는 거실에서 보내는
시간이 많아 매트 두장 모두 거실에 깔아두었어요.
​
84제곱미터 국민평형 거실이면 제일 큰 사이즈 두장 깔면 웬만하게 커버가 되어요!
240*140 2장 모두 깔았을때입니다. 롤베이비 원형러그와 사이즈비교해주세요 :)
​
​
​
​
3. 면역력 약한 아기를 위한 안심 '항균 기능'
사실 아직 면역력이 약한 4개월 아기라 매트의 소재를 가장 깐깐하게 체크했어요.
​
특히 남자아이라 그런지 열도 많고 땀도 많아서
매트 위에 누워있는 시간이 길어질수록
위생이 걱정되더라고요.
​
베베끌레르는 철저한 항균 인증을 받은 제품이라 눈에 보이지 않는 세균이나 진드기 걱정없어요
아기가 혹시나 매트에 대고 뺨을 부비거나 침을 흘려도 안심하고 놔둘 수 있는 이유예요.
소중한 우리아기가 사용하기에 더욱 꼼꼼히 체크!
​
그리고
처음 배송받았을 때 특유의 지독한 화학 냄새가 나면
어쩌나 걱정했는데,
냄새가 거의 나지 않아서 가볍게 닦아낸 뒤 바로 사용할 수 있었던 점도 대만족 포인트였습니다.
​
정말 냄새가 거의 나지않아요.
이부분 신생아아기있는 집에서 제일 중요한 부분인데
그래서 베베끌레르매트가 더 만족스러웠어요.
​
​
​
​
4. 엄마의 손목을 지켜주는 쉬운 청소와 관리법
육아하면서 청소까지 힘들면 정말 지치잖아요.
베베끌레르 매트는 생활 방수 기능이 탁월해요.
아기가 분유를 게우거나 침을 흘려도 스며들지 않고 겉 표면에 맺혀 있어서,
물티슈나 마른 천으로 쓱- 닦아주면 청소 끝입니다.
매일 사용하는 매트인데
청소도 간편한게 잘 되는지 체크필수죠
살살 문질러도 깔끔하게 잘 닦여요!
가장 만족한점. 매트가 접히는틈새가 거의 없어요.
보통 폴더 매트는 접히는 틈새 사이로 먼지나
과자 부스러기, 머리카락이
끼어서 매번 접어가며 청소해야 하잖아요?
이 제품은 청소기 헤드가 부드럽게 넘어가며
먼지를 쏙쏙 빨아들이니까
데일리 청소 시간이 절반으로 줄었습니다.
가뜩이나 아기보느라 고생많은 엄마들의 소중한 손목과
시간을 지켜주는 효자템이에요.
​
​
시공매트처럼 분리가 어려운게 아니라
매트를 반 접은 뒤 매트아래 마루바닥도 원할때마다 쉽게 청소가능하고
매트윗부분 또한 청소가 용이해 매우 만족했어요.
​
​
​
​
💡 총평: 이런 분들께 추천해요!
이제 막 뒤집기를 시작해 바닥 안전이 시급한
4~5개월 아기 부모님
​
층간소음과 아기 안전을 모두 잡을 수 있는 탄탄한
4cm 매트를 찾으시는 분
​
인테리어를 해치지 않는
깔끔하고 화사한 매트를 원하시는 분
​
위생적인 항균 소재와 쉬운 청소 방법을 선호하시는 분
​
​
​
체험단 아니고 정말 꼼꼼하게 비교해서 구매한
내돈내산 제품인데,
쓰면 쓸수록 돈이 아깝지 않다는 생각이 드는
육아템입니다.
아기 매트 고민 중이신 이웃님들이 계신다면
눈여겨보셔도 좋을 것 같아요!
​
개인적으로
시공매트 깔기전 놀이매트 필요하신 분들께
베베끌레르 매트 강추드립니다.
출산전, 여유있게 미리 준비해두시면
좋을 것같아요.
​
본 포스팅은 직접 제품을 구매하여 사용해 본 후 작성한 주관적인 후기입니다.
​",,0,https://cafe.naver.com/f-e/cafes/24000254/articles/7320443?boardtype=L&userDisplay=50&menuid=13&referrerAllArticles=false&inCafeSearch=true&query=%EC%9C%84%EC%83%9D&art=aW50ZXJuYWwtY2FmZS1hcnRpY2xlLXJlYWQtaW5DYWZlLXNlYXJjaC1saXN0.eyJ0eXAiOiJKV1QiLCJhbGciOiJIUzI1NiJ9.eyJjYWZlVHlwZSI6IkNBRkVfSUQiLCJhcnRpY2xlSWQiOjczMjA0NDMsImlzc3VlZEF0IjoxNzg4MjMzMTA1ODkzLCJjYWZlSWQiOjI0MDAwMjU0fQ.Noo-hwcwKtoaUOEKVirmXkCBdGgokkxAwptGMd8gL8U&page=1,JKS
대구맘365,24000254,13,위생,"이레아이맘 산후도우미 업체 두 번째 이용인데, 이번 이모님도 성공이네요!(찐추천)",2026.06.03. 18:23,"첫째 때 좋은 기억이 있어서 둘째 조리도 이레아이맘에 맡겼어요.
첫째 때 오셨던 분  좋았지만 스케쥴이 안되셔서 김미연 관리사님으로 배정받았는데, 이번 분도 정말 최고이셨어서 정성 글 남겨봅니다.
👍꼼꼼하고 깔끔한 살림 실력: 제가 말 안 해도 집안 살림을 알아서 척척, 그것도 엄청 꼼꼼하게 해주세요. 위생 관념도 철저하셔서 계시는 동안 집안이 늘 정돈되어 있어 마음이 편안했습니다.
👍지극한 아기 사랑: 아기를 너무 잘 봐주시고 예뻐해 주시는 게 가장 큰 감동이었어요. 아기 달래는 솜씨나 목욕 시키는 베테랑 눈빛 보면서 둘째 맘인데도 옆에서 배울 점이 참 많았습니다.
첫째가 찍은 사진이에요
​
아기 목욕중😀
첫째, 둘째 다른 분이 오셨는데도 두 번 다 만족도가 높은 걸 보면 그냥 업체자체가 믿을만한 것 같아요
첫째때 저도 지인이 이레아이맘 분들 친절하다고 추천받았던 건데 역시나 믿고 맡기길 진짜 잘한 것 같습니다
​
❤️참고로 김미연 관리사님 다 너무 좋으셨지만 음식을 진짜 기가 막히게 잘하셔서 밥 진짜 매번 맛있게 먹었어요 반찬을 얼마나 잘하시는지 정말 최고에요🥹
반찬 천재이심🥹❤️❤️
​",,0,https://cafe.naver.com/f-e/cafes/24000254/articles/7314739?boardtype=L&userDisplay=50&menuid=13&referrerAllArticles=false&inCafeSearch=true&query=%EC%9C%84%EC%83%9D&art=aW50ZXJuYWwtY2FmZS1hcnRpY2xlLXJlYWQtaW5DYWZlLXNlYXJjaC1saXN0.eyJ0eXAiOiJKV1QiLCJhbGciOiJIUzI1NiJ9.eyJjYWZlVHlwZSI6IkNBRkVfSUQiLCJhcnRpY2xlSWQiOjczMTQ3MzksImlzc3VlZEF0IjoxNzg4MjMzMTA1ODkzLCJjYWZlSWQiOjI0MDAwMjU0fQ.LnPsZHzQDWAbBGYd-JF_2Q-vMYIb_-sCs5XfEUWCI-8&page=1,JKS
대구맘365,24000254,13,위생,제왕절개 + 모유수유 산모의 산후도우미 내돈내산 강력추천 후기(대구산후도우미업체 참사랑어머니회),2026.05.18. 14:03,"(임신부 여러분, 특히 제왕절개 예정이시거나 모유수유 고민 중이시라면 꼭 읽어주세요!)
안녕하세요, 지금 막 산후 40일을 넘긴 30중후 초산모 엄마입니다.
이번이 첫아이인데, 아이 몸무게가 3.8키로에 개인적인 사유로 제왕절개로 출산했어요. 솔직히 수술 후 통증도 통증이지만, 모유수유 하면서 몸 회복까지 신경 쓰다 보니 “도대체 어떻게 버티지?” 싶을 정도로 막막하더라고요. 그래서 산후도우미를 3주간 모시기로 결정했는데… 정말 인생 선택이었다고 말하고 싶어요.!!
(조리원보다 천국이라고 감히 말합니다!!)
제가 모신 산후도우미님은 진짜 ‘산모 중심’ 이 무엇인지 ‘참사랑’을 담은 케어를 제대로 보여주신 분입니다.
1. 산모한테 절대 부담 주지 않는 조언 + 세심한 배려
많은 도우미님들이 “이렇게 해야 해요”, “저렇게 해야 해요” 하면서 산모를 압박하시는데, 이 분은 전혀 그러지 않으셨어요.
제가 모유수유 때문에 고민할 때마다 “산모님 지금 컨디션이 제일 중요하니, 제가 있을 때 충분히 쉬고 잘 챙겨드세요. 제가 이렇게 도와드릴게요” 하시면서 부담 없이 자연스럽게 조언을 주셨어요.
그 한마디가 얼마나 큰 위로가 되는지… 모유수유와 유축의 힘듦으로 우울감도 살짝 있었는데, 매일 “산모님 오늘도 정말 잘하고 계세요”라는 말이 진짜 약이 됐습니다.
2. 오직 산모와 아기만
3주 내내 핸드폰을 손에 든 적이 거의 없으셨어요.
반찬 만들고, 청소하고, 빨래하고, 아기 기저귀 갈고, 아기랑 놀아주고, 산모 마사지까지…
“하나라도 더 해드리겠다”는 마음이 정말 느껴졌어요.
특히 아기랑 놀아주실 때 그 미소가… 저보다 더 행복해 보이실 정도였어요. 제가 쉬는 동안 아기가 울면 바로 달려가서 달래주시고, 제가 수유 중일 때는 조용히 주변 정리만 해주셨죠.
3. 영양식, 모유수유 엄마를 위한 진짜 ‘맛집’ 요리
모유수유 하다 보면 “이거 먹어도 되나?” 고민이 끝이 없잖아요.
이 분은 사놓은 재료만 보고도 모유에 부담 없는 메뉴를 착착 만들어주셨어요.
원하는 음식 있으면 바로 “네, 만들어 드릴게요!” 하시고, 요리 솜씨가 진짜 좋으세요. 집밥맛 ㅠㅠ
산모 보양식 + 모유수유에 좋은 재료들로 가득한 한 상을 차려주셨어요.
“산모님이 잘 먹어야 된다. 모유수유하고 육아하면 힘이 많이 드니 잘 먹는 게 중요하다” 하시면서 항상 따뜻하게 챙겨주셨습니다.
4. 위생과 존중, 기본 중의 기본을 완벽하게
• 손씻기 + 마스크 착용은 기본 중의 기본
• 요리할 때는 반드시 앞치마 착용
• 아기 볼 때는 손소독까지 철저히
• 산모가 35살 젊은데, 본인보다 나이가 많으심에도 말씀이나 행동이 100% 존중 그 자체
이런 부분들이 모이는 순간, “아, 이 분은 진짜 믿고 맡겨도 되겠다” 라는 안심이 딱 들더라고요. 제왕절개 후 면역이 약해진 상태라 위생이 제일 걱정이었는데, 그 부분에서 스트레스 하나도 받지 않았어요.
솔직 후기 한 줄 요약
친구에 참사랑어머니회 추천받아서 이용하게 되었고, 업체에서 추천해주신 분으로 매칭되었는데 정말 ‘참사랑’이 왜 붙었는지 알게될정도로 만족스러웠습니다. 조리원도 좋았지만 제왕절개 모유수유 유축 쓰리콤보의 어려움에도 집에서 행복하게 육아할 수 있음은 선생님 덕분이라고 할정도입니다..
(육아해보신 분은 알겠지만 정말 핸드폰 볼 시간이 없어서 리뷰남기기도 어려움. 근데 너무 만족해서 진짜 올립니다)
“산후도우미를 부르는 이유가 ‘집안일 도움’만이 아니라, ‘마음의 안정과 몸의 회복’ 이라는 걸 제대로 알려주신 분입니다.”
임신부 여러분, 특히
• 제왕절개 예정이시거나
• 모유수유를 꼭 하고 싶은데 걱정이 많으신 분
• 고위험 산모라 더 신경이 쓰이시는 분
이런 분들께 강력 추천 드려요.
저처럼 “아, 이 분이 와주셔서 다행이다”라고 매일 생각하게 되는 산후도우미님을 만나실 수 있기를 진심으로 바랍니다.
산후도우미님, 정말 감사했습니다.
덕분에 몸도 마음도 많이 회복됐어요.
다음에 또 기회가 된다면 꼭 다시 모시고 싶습니다 ❤️
둘째때는 조리원 1주 도우미님 한달 이상은 하고 싶네요!!
(임신부님들, 산후 우울·통증·모유 고민으로 힘드시면 댓글로 이야기 나눠요. 서로 응원하면서 이겨내요!)",이수정관리사님이신데 동구만 하고계신대요! | 조리원은 아예 안가신건가요??,2,https://cafe.naver.com/f-e/cafes/24000254/articles/7303568?boardtype=L&userDisplay=50&menuid=13&referrerAllArticles=false&inCafeSearch=true&query=%EC%9C%84%EC%83%9D&art=aW50ZXJuYWwtY2FmZS1hcnRpY2xlLXJlYWQtaW5DYWZlLXNlYXJjaC1saXN0.eyJ0eXAiOiJKV1QiLCJhbGciOiJIUzI1NiJ9.eyJjYWZlVHlwZSI6IkNBRkVfSUQiLCJhcnRpY2xlSWQiOjczMDM1NjgsImlzc3VlZEF0IjoxNzg4MjMzMTA1ODkzLCJjYWZlSWQiOjI0MDAwMjU0fQ.UKt6OfNvliaeAgDqST65d9Ibl9Qwx5DLnPeQ6JXkUEM&page=1,JKS
대구맘365,24000254,13,위생,대구 산후조리원 이용 중 기저귀발진과 출혈,2026.04.27. 22:34,"​
신생아를 맡기는 공간이라는 점에서 기본적인 관리와 보호자 안내를 기대하고 이용했지만, 실제 경험은 아쉬움이 남아 공유드립니다.
​
이용 중 아기에게 기저귀발진이 발생했고, 이후 상태가 더 진행되어 출혈이 보이는 상황까지 확인하게 되었습니다. 단순한 발진을 넘어선 상태였던 만큼 보호자 입장에서는 걱정이 큰 상황이었습니다.
​
다만 이러한 상태 변화에 대해 보호자에게 즉시 충분한 설명이 이루어졌다고 느끼기 어려웠고, 직접 확인을 요청한 이후에야 자세한 상황을 알 수 있었습니다.
​
또한 해당 과정에서 아기 피부가 예민한 편일 수 있다는 설명을 들었는데, 보호자 입장에서는 관리 과정에 대한 안내가 조금 더 구체적으로 이루어졌으면 좋겠다는 아쉬움이 남았습니다.
​
신생아를 맡기는 시설인 만큼 위생관리와 상태 관찰, 그리고 보호자와의 소통이 보다 세심하게 이루어지길 바랍니다. 이용을 고려하시는 분들께 참고가 되었으면 합니다.
​",조리원 어디 이용하셧을까요...? | 쪽지드렸어요 .. | 어디일까요?ㅠㅠ | 쪽지드렸어요,4,https://cafe.naver.com/f-e/cafes/24000254/articles/7289606?boardtype=L&userDisplay=50&menuid=13&referrerAllArticles=false&inCafeSearch=true&query=%EC%9C%84%EC%83%9D&art=aW50ZXJuYWwtY2FmZS1hcnRpY2xlLXJlYWQtaW5DYWZlLXNlYXJjaC1saXN0.eyJ0eXAiOiJKV1QiLCJhbGciOiJIUzI1NiJ9.eyJjYWZlVHlwZSI6IkNBRkVfSUQiLCJhcnRpY2xlSWQiOjcyODk2MDYsImlzc3VlZEF0IjoxNzg4MjMzMTA1ODkzLCJjYWZlSWQiOjI0MDAwMjU0fQ.9IdOHE-ipex6Xc-0ljezDadrQzI2ndnHBMB91TvWGUY&page=1,JKS
대구맘365,24000254,13,위생,유팡젖병 득템,2026.04.25. 15:53,"곧 아기 출산을 앞두고 젖병을 미리 준비하면서 여러 제품을 비교해보다가 유팡 젖병을 구매하게 되었어요.
이벤트 중으로 비교적 다른 젖병에 비해 저렴하기도 헸구요. 신생아 때부터 매일 사용하는 제품인 만큼 소재나 사용감, 세척 편의성까지 꼼꼼하게 보게 되었는데 전체적으로 만족스러워서 후기 남겨봅니다.
​
우선 젖병 자체가 가볍고 손에 잡히는 느낌이 좋아서 사용하기 편할 것 같았어요. 초보 엄마, 아빠도 부담 없이 사용할 수 있을 것 같고, 수유할 때 안정감 있게 잡을 수 있는 점이 마음에 들었습니다.
젖병 입구가 넓어서 분유를 탈 때 흘릴 걱정이 적고, 세척할 때도 손이 잘 들어가서 구석까지 깨끗하게 닦기 편해 보였어요. 젖병은 위생 관리가 정말 중요한데 세척이 편하다는 점이 큰 장점으로 느껴졌습니다.
또 소재도 튼튼하면서 투명해서 안에 내용물 확인이 쉽고 눈금도 잘 보여서 수유량 체크하기 좋을 것 같아요. 아기에게 사용하는 제품이라 안전성이 가장 중요했는데 믿고 사용할 수 있을 것 같아서 안심이 되었습니다.
아직 출산 전이라 실제 사용은 못 해봤지만 미리 받아보니 제품 마감도 깔끔하고 전체적인 품질이 좋아서 만족하고 있어요. 출산 준비하면서 젖병 고민하시는 분들이라면 한 번쯤 고려해봐도 좋을 것 같습니다.",유팡거도 좋아보이네요,1,https://cafe.naver.com/f-e/cafes/24000254/articles/7288052?boardtype=L&userDisplay=50&menuid=13&referrerAllArticles=false&inCafeSearch=true&query=%EC%9C%84%EC%83%9D&art=aW50ZXJuYWwtY2FmZS1hcnRpY2xlLXJlYWQtaW5DYWZlLXNlYXJjaC1saXN0.eyJ0eXAiOiJKV1QiLCJhbGciOiJIUzI1NiJ9.eyJjYWZlVHlwZSI6IkNBRkVfSUQiLCJhcnRpY2xlSWQiOjcyODgwNTIsImlzc3VlZEF0IjoxNzg4MjMzMTA1ODkzLCJjYWZlSWQiOjI0MDAwMjU0fQ.BAGUH3PVDX8zCIwjcPqBdwCgGWyQhFEwrpstHNVCtFg&page=1,JKS
대구맘365,24000254,13,위생,대구 더블유여성병원 산후조리원 일반실 이용후기~,2026.04.08. 19:55,"대구 더블유여성병원 산후조리원 일반실 3.5평 이용후기 입니다~
​
출산과 조리원이 같은건물에 있는 더블유여성병원으로 임신 12주차에 예약을 했었어요~ 😁
(본원출산시 200만원/ 26.4월기준)
​
3월 출산이라 산모들이 많아서 남아있는방이 3.5평 일반실만 있었어요. 😂 병원 입원실도 1인실 만석이라 4인실 다인실 5박6일 써서 조리원은 천국이네요 👍
​
조리원2주 있는 동안 남편 없이 혼자 지낼 예정이라 방크기는 중요하지 않았어요 ㅋ 커튼뒤 작은창도 있어서 환기는 문제 없었어요🙂
​
3.5평 일반실은 병원 다인실이용 했던분은 추천 ❣️
​
크기가 작지만 있을껀 다 있는 일반실 3.5평 이에요~
TV,시계,냉장고,내선용전화,식탁,협탁,유축기,드라이기,선풍기,공기청정기,싱글침대,세탁망2개
​
웰컴 선물 (양말 1개, 칫솔, 치약, 화장지, 가제손수건 3장,엘끌루아 샴푸&컨디셔너&바디워시&바디로션)
​
침대 밑에 서랍에도 수납가능해요!!!!
평수가 작은만큼 계속 캐리어 열어놓고 있으면 좁아서 수납공간을 최대한 이용했어요 🤗
화장실이 좀 좁아요ㅠ 샤워기가 있지만 좁아서 샤워실에서 샤워할 수 있어서 다행이었어요~~
입구쪽에 붙박이장 (옷걸이2개) 밑에는 신발장?
6층 정수기 전자렌지 앞에 세탁물 수거함이 있어요~
​
호수 적힌 세탁망 2개를 주는데 산모용 속옷류,타월만 세탁해주고 세탁한 것과 새로운 조리원복은 각 호수 칸에 넣어줬어요.
6층 신생아실 앞 매일 혈압, 체온체크(오전/오후)하고 체중계도 있어요~
​
육아초보를 위한 ""임신출산육아대백과"" 책도 있는데 저도 모르는 부분 찰칵찰칵🤳 사진 찍어뒀어요~~
여유있을때 책 읽어 보세요~
사진설명까지 잘 나와있어서 많은 도움이 되요 ㅋㅋ
​
면회시간이 있는데
남편왔을때 시간 외 면회도 가능하다고 합니다 🤗
남편면회는 매일 방문한다고 할때에는 일주일에 코로나 검사 2회 해야되고 들어올때 방문일지 체온체크하고 들어오셔야 되요~
​
조리원에 남편 숙박은 안되고 면회만 가능해요🙂
6층 엘리베이터옆 식당 있어요~
조식은 각방으로 룸서비스 해주고
중식,간식,석식,야식 은 식당(뷔페식)에서 먹었어요~
식단 전체는 다 못찍고 일부만 사진 찍었어요~ 점심은 일반식으로 나오고 (국 미역국변경가능) 밥도 맛있었어요 😆
감염병예방 칸막이 식탁 (26년4월 기준)
감염병예방 칸막이 식탁이 있었는데 위생에 많이 신경쓰는것 같아서 안심이 되더라구요~ 😄
식당옆에 휴게실에 들어가면 체중계가 있어요~~
하루1개 인화 공짜!!!!
폰에 있는 예쁜 아기사진 4×6 사이즈로 출력할 수 있어요🤳👶
처음에 설명들었는데 잊고 있다가 조리원 생활 3일차에 발견했네요 ;;
아기사진도 매일 받을 수 있고 럭키비키 ~~🍀
조리원 2주 이용하는분 기준으로 산후요가30분, 파노라마 북만들기, 이유식교육, 명상(싱잉볼) 한번씩 수업 다 들을 수 있어요~
휴게실(운동실) 바닥이 따끈따끈해요~ 여기서 수업을 해요~
운동실 뒷편에는 유아책들이 있어서 책에 관심있으신 분들은 편하게 볼 수 있으니 구경해보세요~ 어린이서점에 있는 아람북스,교원,키즈엠 책들이 많이 보였어요~
산후 붓기에 도움되는 건식사우나실~
사우나실 쓰려면 7층 데스크에 20분전 미리 말하면 이용할 수있어요~ 사우나 이용시 핸드폰은 밖에 두고 이용하세요⚠️
사우나실 내부에도 온도와 남은시간을 볼 수 있어요~
저는 사우나 20분이 딱 적당한거 같았어요 💦
일반실은 화장실이 좁아서 샤워실이 따로 있어요~ 식당입구 옆에 샤워실 한명씩 사용 가능해요
샤워실 내부에는 해바라기수전 세면대 화장대가 다 따로 분리 되어있어서 편했어요 ㅋ 세면대에는 온풍기가 있어서 옷 갈아입을때 편했어요~
과열방지 (과열시 자동 꺼짐) 드라이기라서 바람은 약해요 😢 일반실에 있는 드라이기가 더 바람 쎈 것 같아요~
수유실입구에도 적혀 있듯이 컨디션 안 좋을때는 수유하지 않고 쉬어라고 되있어요~
수유콜 안 간다고 해도 눈치도 안주고 강요가 없어서 좋았어요~ 👍👍  여기가 천국 ~~ 😇
수유시간도 지정할 수 있어요~ 🤗
6층 수유실내부
3.5평 일반실이 6층에 있는데 수유실,신생아실,식당,사우나실, 프로그램실
​
모두 6층에 있어서 동선이 편했어요~😙
7층 701호에 있는 산후관리실(마사지실) 이에요~
제왕절개 산모여서 붓기가 장난이 아니었어요 🥲
​
일반실 아로마 1회 서비스 받았는데 마유도 궁금해서 받아보고 비교후 마유는 스톤관리, 노폐물 배출에도 더 좋아서 마유로 10회 관리 받았어요~😆
​
아로마(1회당 8만) , 마유(1회당 11만) 현금영수증 가능, 카드결제도 가능해요~
조리원 있는 동안 탯줄이 떨어졌었어요~
예쁜병에 담아서 줬는데 뚜껑 열어 잘 말려야 된데요~~ 😄
모자동실 3일 (모유수유,목욕,신생아관리교육)
이 있어서 초보엄마에게 너무 도움되는 교육이었어요~
비싼
앱솔루트 산양분유
를 대구더블유여성병원 산후조리원에서는 신생아실에서 사용한다고 해서 산후조리원 여기로 선택한 이유이기도 해요~
​
아기가 황금변도 누고 완분 예정이라서
350g 24통 372,000원 (개당 15,500원)
구매했어요~ 😍
완분아기 1통 6~7일이면 다 먹는거 아시죠!!
조리원 최저가 혜택!!! 무조건 많이 쟁여두세요 🍼
​
​
출산부터 조리원,소아과까지 한건물에 있고
아기 케어가 잘 되고 초보맘을 위한 교육도 잘 되있고 대구 더블유여성병원 산후조리원 추천해요 👍
​",저도 더블유여성병원 조리원에서 특실을이용 중인데 가성비 참 좋은 거 같아요소아과 분만실 입원실 신생아실 조리원이층마다 분포해있어서 이동하기 너무 편리하고좋아요 | 밥 잘 나오는거같네요🤤,2,https://cafe.naver.com/f-e/cafes/24000254/articles/7276405?boardtype=L&userDisplay=50&menuid=13&referrerAllArticles=false&inCafeSearch=true&query=%EC%9C%84%EC%83%9D&art=aW50ZXJuYWwtY2FmZS1hcnRpY2xlLXJlYWQtaW5DYWZlLXNlYXJjaC1saXN0.eyJ0eXAiOiJKV1QiLCJhbGciOiJIUzI1NiJ9.eyJjYWZlVHlwZSI6IkNBRkVfSUQiLCJhcnRpY2xlSWQiOjcyNzY0MDUsImlzc3VlZEF0IjoxNzg4MjMzMTA1ODkzLCJjYWZlSWQiOjI0MDAwMjU0fQ.R98YgUwlOOCAoJQFEXElSWlJrUz3WR3N_XRNK1ITCQ4&page=1,JKS
대구맘365,24000254,13,위생,대구 참사랑어머니회 산후도우미 후기,2026.03.23. 16:25,"초산맘입니다
산후도우미에 대해 요즘 이슈도종종 있다보니
개인적으로 사실 큰기대가 없었어요
낯선분이 집에오신다는것도 아기를 잘봐주실까등등
걱정이많이되더라구요
여러 후기와 업체를 알아보고 정한곳이 참사랑 어머니회였습니다
상담부터 엄청 친절하셨고 제가 걱정되는부분및
특히 원하는부분을 잘말씀드렸어요
​
걱정되는부분이 많았던것만큼
아기터치시 위생에 철저하신분
아기 조심스럽게 대해주실분(가장 중요)
주관이 너무 쎄지않으신분
사적인 말씀 많지않으신분
요청드렸습니다>< (요청드리면서도 큰기대는없었어요
그저 무난하신분이 오시기만 기다렸죠)
​
조리원연장했다가 취소하고 집으로 일찍오는바람에 기존 날짜가아닌 날짜변경을 급히 요청드렸는데 이틀뒤에 바로와주셨어요!
​
오시자마자 환복하시고 마스크끼고 손깨끗이씻고
아기를 바로안아주셔서
위생적으로 신경써주시는모습에 첫인상이 너무너무좋았어요
​
저는 산모방청소패스하고 거실.주방 동선위주로만
간단 청소해주시면되고
요리나 청소보다는 아기케어중심 위주로 봐달 라고 부탁드렸어요.
​
이모님이오시고 아기를대하는 모습을보고
저의 걱정들이 눈녹듯 사라졌어요
아기한테 계속대화거시면서 예뻐해주시고 아기와 교감을 많이해주시는분이라 진짜 감동ㅜ ㅜ
아기의 울음. 작은찡얼거림 등 작은반응에도 즉각 반응하여 안아주시고 대화해주시는부분이
제일 만족스럽고 감사했어요
​
임신하고 주방에 거의 신경을못써서
겉만깨끗한상태?였는데 이모님이 배수구.가스레인지 등
묵은때까지 다벗겨내주셨더라구요
이모님오시고 집이 반질반질해졌어요ㅎ ㅎ
청소기와 돌돌이로 먼지하나없이 구석구석 아기이불및 거실매트. 식탁밑등 깔끔하게 청소해주십니다 최고!
새벽수유하느라 쌓인젖병은 늘그대로 모아두라고하시며
아침에오셔서 열탕소독 말끔히해주셔요~
그리구 일하시는시간에 핸드폰을 아에안보시더라구요
업무시간에 최선을 다하시는게 느껴졌어요
​
조리원퇴소후 집와서 정신없이 아기보다보니
입맛도없고 장도 거의안봐놓았는데
지금잘먹어야한다며 장볼 목록 간단히 알려주시고
건강식으로 맛있게 매번차려주셨어요
​
초산이고 잘모르는게많았는데 분유량. 아기소화속도.트림자세.분유사출막는법등 알려주셔서
도움이많이됬어요!
아기를 볼때도 꿀이뚝뚝떨어지는 이모님 ^^
​
저희집아기가 얌전한편인데 며칠전부터 갑자기 울거나보채는일이 늘어나 원인을찾으려고 걱정이엄청 많았는데. .
이모님께 얘기하니 아기는 열안나고 잘먹고 대변잘보면
아무문제 없이 잘크고있는거다라고 말해주셔서
마음을 좀내려놓고 육아할수있었어요><
그뒤로 아기가 보채는일도줄고 알아서잘자고 놀기도하고
때론울기도하지만 과민반응하지않고 잘지켜보고
육아하고있어요^^
아기가 이제 커가면서 먹놀잠패턴과 엄마아빠가 해줘야할일등도 알려주고가셔서 많은도움이됬어요
좋은이모님을 만나 정말 주위에도 추천하고 있습니다
​
신체적뿐만아니라 심리적으로도 케어받는 느낌이라
참사랑 어머니회에서 산후도우미를 신청한게
너무잘한일이라고 생각합니다!
좋은분만나 산후조리잘할수있어서 너무감사합니다
​",저도 참사랑 어머니회 했어요 아기를 예뻐해주셔서 엄청 좋았어요 | 좋은 분 정말 잘 만나셨네요 ㅠㅠ 저는 지각하고 계란찜도 할 줄 모르시는 분이 오셔가지구..🥹 | 참사랑에서요?? | 네 ㅠㅠㅠㅠㅠㅠ,4,https://cafe.naver.com/f-e/cafes/24000254/articles/7265063?boardtype=L&userDisplay=50&menuid=13&referrerAllArticles=false&inCafeSearch=true&query=%EC%9C%84%EC%83%9D&art=aW50ZXJuYWwtY2FmZS1hcnRpY2xlLXJlYWQtaW5DYWZlLXNlYXJjaC1saXN0.eyJ0eXAiOiJKV1QiLCJhbGciOiJIUzI1NiJ9.eyJjYWZlVHlwZSI6IkNBRkVfSUQiLCJhcnRpY2xlSWQiOjcyNjUwNjMsImlzc3VlZEF0IjoxNzg4MjMzMTA1ODkzLCJjYWZlSWQiOjI0MDAwMjU0fQ.IaQWkNCG9SXYW6ErvCDxwy6Sb1gti7zKodmVi3sRlEo&page=1,JKS
대구맘365,24000254,13,위생,대구남구 이천동 어린이집 질문입니다!!,2026.03.19. 08:05,"지금..임신 초기이긴 해요ㅎㅎㅎ어제 젤리곰본..
근데 궁금한게..제가 이천동에 살아서 그런지(?)
주변에 유명한 어린이집을 잘모르겠더라구요
이솝어린이집이랑 호동어린이집은 근방에있는데
이주변으로 보통 어디 어린이집과 유치원을
보내시나요!?? 대충 알고있으면 나중에 도움이 될깥아서요
알려주시면 감사할꺼같아요~~~",더플로우 (0세반없지만!) 봉명 어울림 근처에 있는건 이정도요! | 저도 이천동인데! 전 바움어린이집먼저햇어요 !! | 대봉교역금호어울림아파트 단지 내에 있는 어울림어린이집에 두 아들 보내고 있어요! 원장님께서 교육에 깐깐하셔서 아이들 교육 교재도 심혈을 기울여 선정하시고 매일 특별활동 프로그램도 알차요!매일 단지내 놀이터 신천 등 동네한바퀴 산책도 많이 시켜주시고 4세반은 매월 앞산 숲 놀이도 나가요!아파트 입주 때 입주민이 자녀 보내려고 원에 방문했다가 너무 깔끔해서 보낸다는 후기보고 저도 방문했다가 고민없이 대기해서 보냈네요 ㅋㅋ 어린이집은 어린 아가들이라 교육도 위생도 안전도 놓칠 수 없어요 꼭 가보셔서 엄마의 눈으로 보셔야해요!,3,https://cafe.naver.com/f-e/cafes/24000254/articles/7262269?boardtype=L&userDisplay=50&menuid=13&referrerAllArticles=false&inCafeSearch=true&query=%EC%9C%84%EC%83%9D&art=aW50ZXJuYWwtY2FmZS1hcnRpY2xlLXJlYWQtaW5DYWZlLXNlYXJjaC1saXN0.eyJ0eXAiOiJKV1QiLCJhbGciOiJIUzI1NiJ9.eyJjYWZlVHlwZSI6IkNBRkVfSUQiLCJhcnRpY2xlSWQiOjcyNjIyNjksImlzc3VlZEF0IjoxNzg4MjMzMTA1ODkzLCJjYWZlSWQiOjI0MDAwMjU0fQ.f3nv1MYOUdfxMQroDdnRydQNbxHJ2Ih5LdY2Yu3HdGA&page=1,JKS
대구맘365,24000254,13,위생,대구몽베베산후도우미 추천해요!,2026.03.09. 23:38,"저는 1월 27일에 둘째를 출산한 엄마에요ㅎㅎ
첫째가 작년 1월31일생으로 완전 연년생이거든요
게다가 신랑 직업상 출산휴가도 없구요ㅠㅠ
그래서 애초부터 조리원은 못 가겠다 마음을 내려놓고 집에서 산후도우미 4주와 출장마사지로 몸조리 하기로 결정했어요😂 처음엔 산모교실을 다니면서 거기 홍보나온 타 산모도우미업체에 계약을 했으나 지인분의 추천으로 몽베베업체를 알게 되고 바꾸게 되었는데요, 너무 잘한 선택이었죠!
​
둘째가 예정일보다 4일 일찍 태어난 관계로 3일간은 조리원 간호사이셨던 다른 관리사님께서 도와주셨고 4일차부터 강♡숙 관리사님과 함께 했는데요, 너무너무 만족했어요~♡
​
1. 산모와 아이를 진심으로 대해주시는 마음이 느껴졌어요. 아이에게 다정하게 말도 계속 걸어주시고 ""우리 도련님~"" ""아구 이뻐라~~""하시는 말을 계속 달고 사셨어요😍😍 목욕할때도 처음 관리사님 오시기 전 주말에 저희가 시켰을 땐 그토록 자지러지게 울던 아기가 관리사님 오시고서부터는 목욕을 어찌나 편하게 잘 했는지요ㅎㅎ
저도 관리사님과 이런저런 이야기를 나누며 즐거웠어요. 공감도 잘 해주셔서 위로를 받았네요~
2. 식사를 정말정말 맛있고 다양하게 잘 챙겨주셔요! 관리사님 손맛이 진짜 좋으실 뿐만 아니라, 재료 활용을 참 잘 하셔서 다양한 메뉴로 골고루 잘 챙겨먹을 수 있었어요~! 원래 자극적인 음식 좋아하는 사람인데 관리사님 음식 덕분에 외부음식 생각도 안 났네요.. 젊은 산모분들이 어떤 입맛인지 딱 알고 계신달까요.. 아기가 잘 누워 있어줄 땐 간식까지 챙겨주실때도 있었어요. 늘 줄지 않던 식재료들이 관리사님 다녀가신 후로 텅텅이네요ㅋㅋ
특히 이 브런치토스트는 제 최애~♡
3. 위생, 청결을 잘 지키세요! 사실 첫째때는 젖병열탕소독도 안 해주시고 젖병소독기만 돌려주셨는데 매일 열탕소독 꼭꼭 해주셨고 주방 기름때, 물때 하나없이 늘 깨끗이 청소해주셨어요. 바닥도 한번이 아니라 머리카락이나 먼지 보일때마다 청소해주셨어요.. (물론 저희 아기가 잘 누워있어줘서
가능하셨을거 같긴 해요~! ㅎㅎㅎ )
​
🩵산후출장마사지 추천_나혜경마사지
몽베베에서 제휴하는 출장마사지도 받았어요.
마사지용 베드를 집에 계속 보관했다가 마사지 오실 때마다 펴서 그 위에서 받았는데요, 저는 90분(10회 110만원) 마사지로 받았는데..(120분짜리 있는줄 모르고.. 120분은 135만원으로 금액차이 얼마 안 나니 120분 하는게 더 좋을 것 같아용.)
90분을 정말 알차게 꽉꽉 채워 전신마사지 해주시더라구요! 처음 시작 전에 집중 관리 받고 싶은 부위, 몸상태 등을 늘 물어보시고 말씀드린대로 참고하셔서 그 부분을 더 신경써주셨어요.
편안하게 휴식하도록 음악도 틀어주시고 시작해요.
1.엎드린채로 건식마사지 하고
2. 엎드린채로 오일마사지 하는데 마사지 안 받는 부위엔 돔을 올려 열찜질을 해주셔요.
3. 앞으로 바로 누워서 마사지 하는데 호흡법을 알려주셨어요. 호흡하고나면 확실히 늘어난 복직근이 닫힌게 느껴지더라구요. 그리고 배 위에 머드팩? 같은걸 올려서 찜질 또 해주셔요.
​
마사지 받고나면 온 몸에 땀이 줄줄 나는데 열관리 제대로 한 느낌이었어요. 관리 받고서 체중도 둘째 임신전 무게로 줄었구요.. 바디라인도 정리가 되었어요.
​
연년생육아라 주말과 설연휴엔 몸조리는 커녕 육아전쟁이었는데 다행히 몽베베와의 소중한 인연으로 몸 잘 회복한거 같아요. 벌써 그리워지네요ㅜㅜ
지금 생각해보면 너무 꿈같았던 시간이었습니다😂😅🥲",연년생이라니 얼마나 힘드실지정성스러운 음식 드시고 기운 내세요 육아는 체력이 제일 중요하니까요ㅠㅠ | 넹..ㅠㅠ 근데 관리사님 안 오시니 제 밥 차려먹을 시간도 없네요..ㅠㅠㅠ 첫째가 이제 막 유아식 시작단계라 첫째 식단 챙겨주기 바쁘고.. 요새 자다가 엄마가 옆에 없음 깨서 울어서 재워놓고 뭘 할수도 없구요..ㅜ,2,https://cafe.naver.com/f-e/cafes/24000254/articles/7255985?boardtype=L&userDisplay=50&menuid=13&referrerAllArticles=false&inCafeSearch=true&query=%EC%9C%84%EC%83%9D&art=aW50ZXJuYWwtY2FmZS1hcnRpY2xlLXJlYWQtaW5DYWZlLXNlYXJjaC1saXN0.eyJ0eXAiOiJKV1QiLCJhbGciOiJIUzI1NiJ9.eyJjYWZlVHlwZSI6IkNBRkVfSUQiLCJhcnRpY2xlSWQiOjcyNTU5ODUsImlzc3VlZEF0IjoxNzg4MjMzMTA1ODkzLCJjYWZlSWQiOjI0MDAwMjU0fQ.xADowQbWbhE_ubrnX0gMUSS50FZwsDWCqjSVaC565f0&page=1,JKS
대구맘365,24000254,13,위생,마마루 하이체어 후기,2026.03.09. 12:26,"0초
0초
100%
광고 후 계속됩니다.
다음 동영상
subject
author
취소
재생
0
재생 (space/k)
재생
00:16
0:00:00
재생 (space/k)
재생
음소거 (m)
음소거
00:00
/
00:16
실시간
설정
전체 화면 (f)
해상도
자동 (480p)
자막
사용 안함
재생 속도
1.0x (기본)
해상도
자동 (480p)
1080p
HD
720p
HD
480p
270p
자막
자막 추가
설정
사용 안함
자막 설정
글자 크기
배경색
재생 속도
0.5x
1.0x (기본)
1.5x
2.0x
죄송합니다. 문제가 발생했습니다. 다시 시도해 주세요.
도움말
음소거 상태입니다.
도움말
라이선스
디버그 정보 다운로드
고화질 재생이 가능한 영상입니다.
설정에서 해상도를 변경해보세요.
더 알아보기
00:00
하이체어
베이비페어 갔다가 한눈에 반해서 결국 데려온
🤍 마마루 하이체어 🤍
​
하이체어 종류 진짜 많아서 고민했는데
실물 보니까 왜 인기 많은지 바로 이해됐어요 👀
​
✔️ 디자인 깔끔해서 집 인테리어랑 잘 어울리고
✔️ 높이 조절이랑 각도 조절이 쉬워서 오래 쓸 수 있고
✔️ 식판이 2중이라 분리 세척 가능해서 위생 관리도 편함!
​
무엇보다 아기 이탈 방지 2중 안전가드라
안전 부분도 신경 많이 쓴 느낌이라 마음에 들었어요 👶🏻 (
mamaroo
)
​
베이비페어에서 직접 앉혀보고 설명 들으니까
온라인으로 보는 것보다 훨씬 믿음 가더라구요.
​
예비맘이라 아직 사용 전이지만
이유식 시작하면 진짜 잘 쓸 것 같은 육아템 🤍
​
베이비페어 가면 꼭 한번 앉혀보세요!
​",,0,https://cafe.naver.com/f-e/cafes/24000254/articles/7255504?boardtype=L&userDisplay=50&menuid=13&referrerAllArticles=false&inCafeSearch=true&query=%EC%9C%84%EC%83%9D&art=aW50ZXJuYWwtY2FmZS1hcnRpY2xlLXJlYWQtaW5DYWZlLXNlYXJjaC1saXN0.eyJ0eXAiOiJKV1QiLCJhbGciOiJIUzI1NiJ9.eyJjYWZlVHlwZSI6IkNBRkVfSUQiLCJhcnRpY2xlSWQiOjcyNTU1MDQsImlzc3VlZEF0IjoxNzg4MjMzMTA1ODkzLCJjYWZlSWQiOjI0MDAwMjU0fQ.LzW3JrWJ_tdoWyQEyxT5BSYaOWEyXvEAhgZRqt4RqVE&page=1,JKS
대구맘365,24000254,13,위생,내돈내산 산후도우미 후기❤️,2026.03.03. 18:58,"산후도우미 업체는 빠를수록 좋다는 이야기를 듣고, 카페, 블로그 후기와 최종적으로는 업체 연락후 선택하게 되었어요.처음에는 보건소를 통해서만 예약이 가능한 줄 알았는데, 알아보니 개인 예약도 가능하더라고요.
​
몇 군데 후보업체를 두고 꼼꼼하게 비교했고,  저의 성향과 육아 방향에 대해서도 구체적으로 말씀드렸어요. 그에 맞춰 일정도 세심하게 조율해 주셔서 마음이 한결 놓였답니다.
무엇보다 통화를 할 때 전문적으로 설명해 주시는 모습에서 신뢰가 더 쌓였던거 같아요. 대표님이 일단 젊으시고 간호사 출신이더라고요.😆
​
사실 저는 제 살림에 누군가 손대는 걸 좋아하지 않는 성격이라, 한 공간에서 새로운 사람과 함께 지내는 것이 많이 조심스럽고 고민도 컸어요. 그리고 요즘 메스컴에서 아동학대 관련 사고도 많이 들리더라고요.
그 부분도 이야기를 해야할 꺼 같아서 말씀 드리니 대면으로 직접 교육도 하고 계신다고 하여 마음이 더 놓였던거 같아요.
​
​
자연분만으로 예상보다 출산이 빨라졌는데도 업체 측에서 미리 스케쥴을 빼놓으셔서 조정이 가능했고요, 전날 미리 연락도 주셔서 아기 육아 방식이나 위생 관련 이야기를 충분히 나눈 덕분에 첫 만남도 전혀 어색하지 않았아요.
​
​
아침을 잘 챙겨 먹지 않는 편이라고 말씀드렸는데도, 견과류와 과일, 주스 등을 정성스럽게 준비해 주셨어요.
늘 누군가에게 차려주기만 하다가 이렇게 받아보니 괜히 마음이 뭉클하더라고요.ㅠㅠ
영양 균형을 꼼꼼히 챙겨 주셔서 체력 회복에 정말 큰 도움이 되었고, 선생님이 계시는 동안 제 식습관도 많이 달라졌어요. 냉장고를 한 번 쓱 살펴보시고는 뚝딱뚝딱 차려주시던 모습, 지금 생각해도 최고였어요.👍👍
​
​
아기 수유와 목욕 등 일상적인 케어도 직접 해주시면서 과정을 하나하나 자세히 설명해 주셔서 저도 자연스럽게 배우고 익힐 수 있었어요.
육아 꿀팁도 아낌없이 나눠주시더라고요. 지금 생각해보며 조리원에서 바로 나와 산후도우미를 이용하지 않았다면...
얼마나 힘들었을지..그리고 책으로 배웠던 육아랑은 많이 틀리더라고요..현실육아는 또 다르다는거...그리고 산후도우미는 꼭 이용하세요!! 저는 베베루미아 강력추천합니다.
육아를 하면서 몸 회복하기는 어려운거 같아요. 선생님 계시는동안은 무조건 쉬세요!!!!!
(5만원 뉴본사진으로 전 신청했어요. 컨셉 너무 귀엽죠)
50m
© NAVER Corp.
더보기
/OpenStreetMap
지도 데이터
x
© NAVER Corp.
/OpenStreetMap
지도 컨트롤러 범례
부동산
거리
읍,면,동
시,군,구
시,도
국가
베베루미아 대구점
대구광역시 중구 명륜로 39 1층 베베루미아 산후도우미
​",,0,https://cafe.naver.com/f-e/cafes/24000254/articles/7251662?boardtype=L&userDisplay=50&menuid=13&referrerAllArticles=false&inCafeSearch=true&query=%EC%9C%84%EC%83%9D&art=aW50ZXJuYWwtY2FmZS1hcnRpY2xlLXJlYWQtaW5DYWZlLXNlYXJjaC1saXN0.eyJ0eXAiOiJKV1QiLCJhbGciOiJIUzI1NiJ9.eyJjYWZlVHlwZSI6IkNBRkVfSUQiLCJhcnRpY2xlSWQiOjcyNTE2NjIsImlzc3VlZEF0IjoxNzg4MjMzMTA1ODkzLCJjYWZlSWQiOjI0MDAwMjU0fQ.Zun1m2qOlHLS-xmqk93tG4YPoekRIEU_9wQPn9LVavc&page=1,JKS
대구맘365,24000254,13,위생,막달 되니까 출산가방 이제야 꺼냈어요ㅎ,2026.02.15. 20:14,"출산이 다가오니까
그동안 미뤄뒀던 출산가방을 결국 꺼냈네요.
몸은 무겁고… 귀찮음은 MAX…
​
이래서 다들 미리 준비하라는 거겠죠 ㅎㅎ
저는 임신 중기부터 가슴이 너무 예민해져서
열 오르고 가렵고, 여름엔 진물까지 나서
밤마다 잠 설쳤던 케이스예요 ㅠㅠ
​
막달 들어서도 또
열 오르는 증상이 반복돼서
출산하자마자 단유부터 해야겠다 마음 먹은 상태예요.
애기가 처음이니까 분유도 앱솔루트 센서티브로 골랐어요
​
출산가방도 아기 물건보다 오히려 산모 케어용 위주로 챙기게 되더라고요.
가슴 관리, 붓기, 위생용품 이런 거요…
막상 리스트 적다 보니
“이걸 다 쓸까?” 싶다가도
출산은 예측이 안 된다길래 그냥 넣는 중입니다 😂
​
막달 산모분들,
출산가방 준비하면서 이건 진짜 잘 썼다
싶은 거 있으셨나요?
괜히 빼놓고 후회할까 봐 계속 추가만 하게 되네요…",저는 출산가방 싸기도 전에 양수터져서.. 응급제왕했어요 ㅠㅎ 남편이 챙겨와서 부족한것도 많았는데 어찌어찌 잘 ㅋㅋ 이것도 추억이네요,1,https://cafe.naver.com/f-e/cafes/24000254/articles/7241447?boardtype=L&userDisplay=50&menuid=13&referrerAllArticles=false&inCafeSearch=true&query=%EC%9C%84%EC%83%9D&art=aW50ZXJuYWwtY2FmZS1hcnRpY2xlLXJlYWQtaW5DYWZlLXNlYXJjaC1saXN0.eyJ0eXAiOiJKV1QiLCJhbGciOiJIUzI1NiJ9.eyJjYWZlVHlwZSI6IkNBRkVfSUQiLCJhcnRpY2xlSWQiOjcyNDE0NDcsImlzc3VlZEF0IjoxNzg4MjMzMTA1ODkzLCJjYWZlSWQiOjI0MDAwMjU0fQ.0LHnvKmqZ6AGlTJMkrRBhNp1Yu1soK4MK4NcayTltEc&page=1,JKS
대구맘365,24000254,13,위생,참사랑 어머니회 생후 40일부터 서비스 이용 후기,2026.02.14. 15:48,"안녕하세요 ʕ︲ᴥ︲ʔ
둘째 엄마의 산후도우미 서비스 이용 후기 입니다.
​
🏷️생후 40일부터 서비스 이용 시작
출산 입원 7일 조리원 10일,
남편이 한달동안 일을 안하게되어서
어차피 남편 있는 기간에는 도우미님 없어도 될 것 같아서  산후도우미를 늦게 부르게 되었어요.
​
​
🏷️식사 준비
첫째때는 시댁에서 반찬을 며칠에 한번씩 해주셔서 도우미님께 요리는 부탁하지않고 차려만 달라고 했죠.
​
이번에는 시어머니의 반찬 배달은 둘째라그런가 좀 줄었어요 ㅎㅎ 대신 이모님께서 요리를 맛있게 잘 해주셔서  이모님 퇴근 후 저녁, 다음날 아침까지 감사히 잘 먹었답니다.
​
전날 끓인 국이 남았어도 국은 매일 새롭게 해주시더라구요. 있는 거 먹으면되니 하지마시라고 할 때도 있었어요☺️ 그정도로 음식에 신경써주셨습니다.
​
남편이 이모님 밥이 너무 맛있다고 헤어지기 아쉽다고😅
​
​
🏷️집안일, 위생
➰ 집 오시면 옷 갈아입으시고 손부터 씻는 건 필수죠? 당연하지만 마스크도 항시 쓰고 계셔요.
열탕소독은 하루 한 번
​
➰ 집안일은 디테일하게는 안들어가요.
청소기 돌리고 물건 치워주시고 빨래, 빨래 개기,
식사준비
​
그냥 청소기 돌리고 물건만 정리해도 집이 깨끗해집니다. 첫날에 첫째 장난감 방도 청소기 부탁드렸더니 매일 해주셨어요. *첫째 있는 집은 추가요금 있어요.
​
​
​
🏷️60대 이모님이신데 힘드실법한데도 등센서 아기가 보채는 거 다 받아주시고 그 와중에 요리까지;;
이*옥 이모님 많이 보고싶을거에요 ㅠㅠ",아직 산후도우미 신청도 알아보지도 않은 31주차 산몬데ㅠㅠㅠㅠㅠ 왜케 도통 움직여지지를 않을까요 제손가락…,1,https://cafe.naver.com/f-e/cafes/24000254/articles/7240799?boardtype=L&userDisplay=50&menuid=13&referrerAllArticles=false&inCafeSearch=true&query=%EC%9C%84%EC%83%9D&art=aW50ZXJuYWwtY2FmZS1hcnRpY2xlLXJlYWQtaW5DYWZlLXNlYXJjaC1saXN0.eyJ0eXAiOiJKV1QiLCJhbGciOiJIUzI1NiJ9.eyJjYWZlVHlwZSI6IkNBRkVfSUQiLCJhcnRpY2xlSWQiOjcyNDA3OTksImlzc3VlZEF0IjoxNzg4MjMzMTA1ODkzLCJjYWZlSWQiOjI0MDAwMjU0fQ.pFaZDe3VYpvCsgF_boFEyuzNIvm2KJJjiuqGUOYlIB4&page=1,JKS
대구맘365,24000254,13,위생,산후도우미 신청해야할까요..?,2025.12.17. 22:08,"안녕하세요 1월말 출산을 앞두고있는 33주차 예비맘입니다. 요즘 산후관리사님 신청을 할지말지때문에 고민이 많아요ㅠㅠ 제가 성격이 워낙 꼼꼼+위생철저+타인과 함께하는걸 선호하는 스타일이 아니라서 걱정이 많네요..
몸은 편할지언정 오히려 더 스트레스받을까 싶기도하구용..
​
남편이 출산휴가+육아휴직3개월정도 쓸꺼라 100일까진 같이 육아를 할 예정이기도 한데, 그래도 신청을 하는게 나을까요?🥹😭
​
저와 비슷한 고민을 하셨던분들 결정과 후기가 궁금합니당..!","저 역시 처음엔 망설였는데, 지인이 업체 이용하고 만족도가 정말 높다고 해서 여러 군데 비교하다가 예약 신청해뒀어요! 일단 상담 한 번 받아보는 것만으로도 판단에 도움이 되더라고요.😆 사실 출산 후엔 휴식이 제일 중요한데, 막상 육아 시작하면 몸도 마음도 너무 힘들어서 주변에서는 “그땐 무조건 도움 받는 게 낫다”라고 다들 추천하더라고요. 저도 아직 고민 중이지만, 미리 알아두는 건 손해 아닌 것 같아요. 같이 잘 결정해봐요❤️저도 받아보고 후기남겨볼게용. | 따듯한 말씀 너무 감사합니다..🥹🩵혹시 실례가 안된다면 어디에 예약하셨는지 업체정보 알수있을까요~~? | 베베루미아요! 여기 실장님이 대학병원 간호사 출신이셔서 상담이 꼼꼼했고, 개인적으로 만족스러웠어요. | 앗 저는 깔끔하지는 않지만 ㅋㅋ 제 성격상 누구랑 있으면 불편한 성격이라서 ㅋㅋ 조리원 2주갔다가 집에서 제가 했어요 ! ㅎㅎ 남편도 중간중간에 연차쓰고 지금은 70일정도됬구요 저는 안쓰기를 잘했다고 생각했어요 ㅋㅋ 저는 사람 있는거 좋아하지 않는 편이라서 더 그런거 같구요 ㅎㅎ 남편은 지금 출산휴가 쓰고 있거든요 ㅋㅋ 할만해요 저는 첫째 케어도 같이했는데 할만했어요 ㅋㅋ | 저는 친정 어머니께서 산후조리사 해주세요~ | 저도 약간 맘님이랑 비슷한 스타일이여서 이번에 쌍둥이 출산하고 산후 도우미 따로 안 불렀어요~남편분 출산휴가 + 육아휴직 3개월 이시면 제가 봤을때는 안 부르셔도 나쁘지 않을 것 같긴해용~다른사람 집에 오는게 오히려 저는 더 스트레스일 것 같고, 잘 못 쉴 것 같더라구요~애들이랑 집에서 그냥 편하게 쉬어서 전 좋았어요^^ | 그래도 계시면 집정리나 청소에 젖병 소독까지 해주시니 계시면 편할것 같아요제주변에보면 없어도 되겠다하고 급하게 부른지인들 꽤됩니다몽베베 산후도우미 추천드려요 | 저도 쓰니님과 같은상황인데 산후도우미분한테 배울것도 많다고해서 쓸예정이에요! 3주신청해놓긴했는데 2주로 줄일까는 고민중입니당 | 저는 안 하려 하다가 몸이 너무 안 좋아서 퇴원 하는 날 신청 해서 바로 했어요 ~~처음에 저도 굳이 .. 라는 생각으로 말성였는데 가족보다전문가의 손길이 조금이라도 더 나음을 알았고이모님한테 아기 맡겨 두고 잠깐씩 볼일 보러 다니니 엄청 좋았어요 ~~낮잠도 편안하게 잘 수 있어요 ~~생각보다 안 불편해요 !!!!! 신청 해보세여 ~~~참고로 저도 집에 신랑이랑 같이 있었어요 ㅎㅎ이모님이 아기 봐 주고 저는 출장 마사지도 받고신랑은 자고 ~ 편했어요 | 저도 걱정했던거랑 달리 안?! 불편하더라구요싱크대 정리도 해주시고 옷 세탁기 돌린거 정리해주시니 그것도 큰도움됐고 몽베베 추천드림돠 | 신청하세요저도 안 하려다가 산후 도우미 신청했는데 안에 쓰면 어쩔 뻔했나 싶더라고요세탁기 돌리고 옷 개어주시고 이런게 별거아닌것 같아도 애땜에 밤새도록 잠을 제대로 못 잔상태에서 집안을 까지 하려면 진짜 힘들더라고요특히 저는 모유수유 할거라 잠을 푹 자야 돼서 몽베베 산후도우미 여기 모유 수유 권장해 주시고 해서 도움 많이 받았네요 | 이용해보고 너무 불편하면 중단하셔도 될 꺼 같아요 | 전 해보니까 너무 좋았어요. 남편이 있다해도 사실 육아상식을 모르니까 좀 배우고 계시는동안은 쉰다는 느낌으로 만족해요..❤ | 저도 망설였는데!! 산후도우미 이모 필수인가 같아요!! | 저도 고민했는데 엄청 좋아요ㅠ궁금한것도 많이 여쭤보고 | 주변에서 모두 만족해하길래 저는 신청했어요 ㅠㅠㅠㅠ초보맘이기에 도움을 받을 수 있는 부분은 받는 것도 좋다고 생각해요!!! | 저는 첫째 는 혼자서 키웟는데 넘힘들엇어오 무조건 산후도우미신청하세요 추천!!!!! | 안했으면 어떻게 그시기를 보냇나 싶을정도로ㅠㅠ 도움도많이받고 힐링되는 시간이였어요!~ | 저두 불편할까봐 고민했는데잠깐이라도 쓰는게나을꺼같아요ㅠ남편있어도 산후도우미분 오셔서 이것저것가르쳐주시고, 새벽에 잠도 못자고 헬이에요ㅠ그리고 애기들이 초보인거아는것처럼 엄마.아빠랑있을때랑 완전 달라요ㅠㅠ | 저도 누가 오는거 싫었는데요.아우 잠을못잡니다 혼자 할려면요. 엄마힘들어요 저는 추천드립니다. 진짜 새벽수유하고 낮에도 수유하고 하면 잠을 못자요.저는 산후조리원퇴소하고 토,일 혼자 생으로 했는데 잠을못자 죽겠더라구요. 월요일에 오신 관리사님이 얼마나 반갑던지 | 저도 남편이랑같이 있었는데 안하면큰일날뻔했어요 꼭꼭하세유~ | 해도 후회 안해도 후회기 때문에 맘에 안드심 계약해지하더라도 이용해 보는게 좋지 않을까요? 저도 누구랑 있음 불편할꺼 같아 안하려고 했는데 생각보단 불편하지 않고 많이 도와주시니 감사하더라구요. | 걱정하시는거랑 달리 정말 깔끔하게 해주시고 젖병소독이나 아기관리 철저히 해주세요 ㅎㅎ 그리고 새벽수유...정말 쉽지않아요 ㅠㅠㅠ 이모님 오셨을때만이라도 잠시 주무셔야할거예요",23,https://cafe.naver.com/f-e/cafes/24000254/articles/7199151?boardtype=L&userDisplay=50&menuid=13&referrerAllArticles=false&inCafeSearch=true&query=%EC%9C%84%EC%83%9D&art=aW50ZXJuYWwtY2FmZS1hcnRpY2xlLXJlYWQtaW5DYWZlLXNlYXJjaC1saXN0.eyJ0eXAiOiJKV1QiLCJhbGciOiJIUzI1NiJ9.eyJjYWZlVHlwZSI6IkNBRkVfSUQiLCJhcnRpY2xlSWQiOjcxOTkxNTEsImlzc3VlZEF0IjoxNzg4MjMzMTA1ODkzLCJjYWZlSWQiOjI0MDAwMjU0fQ.MpwLOrfzLhUa40kx-ljTQldpskq00ixd0bcvWd0XseE&page=1,JKS
대구맘365,24000254,13,위생,"대구 남구 산후마사지 후기, 제왕절개 후 받은 출장관리",2025.12.17. 17:42,"🔸출산후기 내용은 ""출산 성공 바이러스""
에 게시글 작성해 주시기 바랍니다.
​
🔸""예비맘정보공유"" 게시판에 위 게시글 작성시
활동정지 및 무통보 삭제됨을 알려드립니다.
​
대구 남구(대명동)에 사는 초산맘입니다.
11월 중순에 제왕절개로 출산하고 집에서 산후 출장마사지를 받았어요.
검색으로 알아보기에는 너무 업체가 많아서, 조리원에서 알게 된 친구가
추천해 준 ㅇㅋㅅ모사랑으로 선택했어요.
​
그 이유는, 관리를 잘한다는 거였고
위생팬티까지 필요한 것들은
전부 준비해서 오신다고 해서 서비스적으로 괜찮지 않을까 해서
였는데 가격도 확인해 보니 다른데랑 비교했을때
부담스러운 편은 아니더라고요.
​
처음에는 5회만 끊었는데
어제가 5회차였고, 만족해서 추가로 5회 더 연장했어요.
​
젖량이 워낙 적어서
단유는 3회차쯤에 끝났고요ㅎㅎ(ㅠㅠ)
관리 받는 동안 쉬는 시간 없이
처음부터 끝까지 쭉 관리해 주셔서 좋았어요.
​
온열돔으로 전신을 위아래로 올려주시는데
땀이 나서 개운했고, 관리 받고 나서 샤워하면
얼굴이 좀 환해지는 느낌도 들고요.
​
침대 사진은 못 찍었지만, 조명등 같은 것도 직접 가져오시고
수건도 깨끗하고 부드러워서 전체적으로 괜찮았어요.
​
참고로 조리원에서는 마사지를 1회만 받아봤는데,
제왕절개라 조리원에서 받는 게 솔직히 많이 힘들더라고요.
저처럼 제왕이신 분들은 조리원 마사지보다는
집에서 받는 출장 산후마사지를 더 추천드리고 싶어요.
​
10회차까지 다 끝나면 그때도 또 후기 남겨볼게요:)
​",,0,https://cafe.naver.com/f-e/cafes/24000254/articles/7198999?boardtype=L&userDisplay=50&menuid=13&referrerAllArticles=false&inCafeSearch=true&query=%EC%9C%84%EC%83%9D&art=aW50ZXJuYWwtY2FmZS1hcnRpY2xlLXJlYWQtaW5DYWZlLXNlYXJjaC1saXN0.eyJ0eXAiOiJKV1QiLCJhbGciOiJIUzI1NiJ9.eyJjYWZlVHlwZSI6IkNBRkVfSUQiLCJhcnRpY2xlSWQiOjcxOTg5OTksImlzc3VlZEF0IjoxNzg4MjMzMTA1ODkzLCJjYWZlSWQiOjI0MDAwMjU0fQ.aale_1Oxpw9zVim_7-AXfMni3HhlTlDIzf2e6QofBCo&page=1,JKS
대구맘365,24000254,13,위생,28주차 제왕절개 예정 초산모 출산가방 계획리스트 도움 부탁드려요ㅠㅠ,2025.11.11. 15:40,"안녕하세요!
28주에 들어서서 이제 출산가방을 슬슬 준비해볼까 하고있는데 양이 너무 방대해 선배님들의 조언을 구해보려고합니다ㅜㅜ 지금까지 추린 리스트와 나름의 이유를 함께 작성해보았는데 보시고 피드백 많이 주세요 :)
​
1. 위생용품🧴🧺
- 세면도구, 수건, 바디로션, 머리끈,
- 맘스안심팬티 2팩 + 생리대 1통(오버나이트를 챙기려했는데 중형을 많이 추천하시네요,,!)
- 가위, 손톱깎이
- 마이비데 2팩, 물티슈(베베숲 아기 물티슈)
- 손세정제, 소독티슈
​
2. 산모용품👩‍🍼(산모수첩, 신분증, 국민행복카드 챙기기)
- 속옷, 수유브라(소임, 2개)
- 무압박양말(다이소), 산후복대(추천해주세요ㅜㅜ)
- 압박스타킹 & 손목보호대(아직 붓기가 심하지 않아 착용하지 않는데 임신 후기에 둘 다 병원에서 구매예정)
- 발마사지기(풀리오)
- 비판텐 연고(기본 상비용)
- 에프시트(제왕 흉터 관리용, 후기 좋아서 구매)
- 모유사 와이즈맘픽 쿨링패치(출산한 친구들이 관리실에서 많이 쓴다고 추천 받음. 양배추팩보다 덜 흘러내린다해서 구매)
- 란시노 HPA 라놀린 크림(유두보호뿐 아니라 각종 보습에도 좋다고)
- 란시노 수유패드(란시노 수유패드 후기가 좋아서 일회용, 다회용 구매)
- 모유사 카보크림(열감완화 등 가슴 진정용, 양배추 팩의 크림 버전이라해서!)
- 베이비스텔라 수유쿠션, 마더케이 모유저장팩(조리원용)
- 뽀로로 보리차(몇개 정도 가져가면 될까요?), 꺾이는 빨대, 텀블러
- 마스크(KF94), 다이소 구름슬리퍼
- 파머스 튼살크림, 오일(출산 후에도 살이 틀 수 있다하더라구요ㅜㅜ)
​
3. 아기용품👶🏻
- 겉싸개(병원에서 주는지 확인하기)
- 밤부베베 손수건(10장?)
- 아토팜 수딩크림
- 아기영양제(바이오가이아가 가장 유명한 것 같아서 구매예정)
- 모자, 양말
- 에어보스 바구니카시트
​
4. 기타
- 멀티탭, 충전기
​
일단 지금까지 정리한 것들인데 혹시 더 추가하거나 좋은 아이템이 있으면 알려주세요🫶🩵","오 무소음이라니 훨씬 더 좋을 것 같아요! 마더케이 무소음 복대,, 당장 검색해봐야겠어요☺️ 건티슈도 손수건 대신 가져가서 편하게 써야겠어요!! 꿀팁 감사합니다💓 | 수유쿠션은 조리원에서 집에와서도 모유수유 예정이면 사셔요~~ | 아 분유수유할때는 수유쿠션이 필요없겠네요! 아직 뭘 할지 잘 모르겠어서 챙겨뒀다 가닥이 잡히면 빼던지 해야겠어요ㅎㅎ 감사합니다! 따순 하루 되셔요💗 | 저는 병원이나 조리원에서 걸칠 가디건 챙겨가려고 하고, 조리원에서 돌아올 때 혹시 모르니 젖병도 하나 들고가려구용! 베냇저고리, 손싸개, 발싸개, 속싸개도 챙기려고 하는데 이것도 필요한가요 ㅎㅎㅎ 다른맘들 의견도 저도 궁금!",4,https://cafe.naver.com/f-e/cafes/24000254/articles/7171503?boardtype=L&userDisplay=50&menuid=13&referrerAllArticles=false&inCafeSearch=true&query=%EC%9C%84%EC%83%9D&art=aW50ZXJuYWwtY2FmZS1hcnRpY2xlLXJlYWQtaW5DYWZlLXNlYXJjaC1saXN0.eyJ0eXAiOiJKV1QiLCJhbGciOiJIUzI1NiJ9.eyJjYWZlVHlwZSI6IkNBRkVfSUQiLCJhcnRpY2xlSWQiOjcxNzE1MDMsImlzc3VlZEF0IjoxNzg4MjMzMTA1ODkzLCJjYWZlSWQiOjI0MDAwMjU0fQ.0UyMC_IzK66q3b9bU6vJ2zY8yp-1bQm0yUFunbsF1fk&page=1,JKS
대구맘365,24000254,13,위생,동생 출산 선물로 가습기 생각 중인데 괜찮을까요?,2025.11.03. 17:01,"이번에 여동생이 첫 조카를 출산했는데ㅎㅎ
이미 아기 용품은 많은 듯 해서 괜찮은 게 뭐 있을까 고민중이에요
가습기 선물해주면 좋을 것 같긴한데
신생아방용으로 써도 괜찮은 제품 있을까요?
위생이나 세균 문제 없는 걸로 추천 부탁드려요!","이미있을수도 있으니  물어보고 필요한건 사주시면 어떨가요? | 저번에 갔을 때 없던 거 같아서 픽해봤던 건데 ㅎㅎ 한 번 물어볼게용 | 오 가습기 필수니까 좋아할 거 같아요ㅎㅎ웰핀 꺼 알아보세요 저희 집 쓰고 있는데 가열식이구 자동세척 기능 있어서 관리 편해용 | 진짜 좋아했으면 좋겠어요ㅠㅠ 정보 주셔서 감사해요 알아볼게요!! | 가습기도 좋구 건조해서 아기 살성크림이나 수딩젤, 체온계 같은것도 필수템이라서 좋아영 ㅎㅎ | 체온계는 있는 거 같아서 한 번 물어봐야겠어요ㅎㅎ 감사해요 | 정보 감사해요 | 건조기 선물이 확실히 좋네요 | 저도 엄청고민하다가 샀어요.방에서만 쓰는거면 에어메이드 가열식 추천드려요.(타워형 아닌 미니버전)세척도 자동도 되구요. 내부 스텐이구요.온가족이 다쓸꺼다 거실에둘꺼다 하시면타워형 추천드려욥 | 정보 감사합니다아 | 전 숨시내 써요ㅋㅋ 자동습도조절되고 자동세척되서 편하더라구요ㅋㅋ 손연재도 쓰던데용? | 웰핀 더퓨어 맥스요! 물폭발 안전 특허 출원한 거라 저희 집에서도 아이 방에 두고 잘 쓰고 있어용!! | 저는 조지루시써요 | 챗 드렸어요~ | 가습기 좋죠~ 신생아때부터 아이 어느정도 클때까진 가습기 계속 쓰니까 선물로 좋을거 같아요ㅎㅎ | 가열식이 세균번식은 적은디 ㅜㅜ 신생아 있는집에 끓어넘치거나 화상의 위험도 있다해서복합식으로 추천드려요(가열식+초음파식)전 에어메이드 가습기 잘쓰고 있어요 | 금액선을 정해주고. 필요한거 얘기 하라고 하는게 좋지 않을까요?난. 출산선물로. 20만원 정도면 내한테는 부담스럽지 않을거 같아20만원대 가습기를 사줄려고 한다...혹시 가습기 말고 더 필요한게 있어?하고...가습기 괜찮다 하면 사주고...다른거 원한다 하면 다른거 사주면 되지 않늘까요?",17,https://cafe.naver.com/f-e/cafes/24000254/articles/7165197?boardtype=L&userDisplay=50&menuid=13&referrerAllArticles=false&inCafeSearch=true&query=%EC%9C%84%EC%83%9D&art=aW50ZXJuYWwtY2FmZS1hcnRpY2xlLXJlYWQtaW5DYWZlLXNlYXJjaC1saXN0.eyJ0eXAiOiJKV1QiLCJhbGciOiJIUzI1NiJ9.eyJjYWZlVHlwZSI6IkNBRkVfSUQiLCJhcnRpY2xlSWQiOjcxNjUxOTcsImlzc3VlZEF0IjoxNzg4MjMzMTA1ODkzLCJjYWZlSWQiOjI0MDAwMjU0fQ.t8RrwaafJaucJASzptCnAvgmgjgrhNo9sYT_6_RjtHE&page=1,JKS
대구맘365,24000254,13,위생,본느마망 산후조리원 에어컨 상태,2025.10.07. 11:41,"🔸출산후기 내용은 ""출산 성공 바이러스""
에 게시글 작성해 주시기 바랍니다.
​
🔸""예비맘정보공유"" 게시판에 위 게시글 작성시
활동정지 및 무통보 삭제됨을 알려드립니다.
​
현재 본느마망 조리원 이용중인 산모입니다.
제가 지내고 있는 방의 에어컨 상태가 아래사진과 같은데 남는 방이 없고 추석이라 사람도 불러줄수없으니 에어컨 켜지말고 문을 열고만 지내라고 하시네요. 산모와 아이의 건강을 위해 최선을 다하겠다고 하더니 ㅜㅜ 관리가 너무 소홀한것 같아 너무 실망입니다.
나름 대구에서 유명하다해서 왔는데....
코로나 관리는 빡세게 해서 밖에도 못나가는데 에어컨 상태가 이러면 안되는거 아닐까요  😭 퇴실할때까지 일주일 남았는데 일주일동안 이렇게 지내래요... 그냥 문열어놓고 에어컨 켜지말고 지내시면 안되냐고 ...
제가봤을땐 에어컨에 곰팡이가 핀것 같은데 청소해주시는분은 스티커라고 지워지지않는거라고 하셨고
내부의 경우는 청소를 할수가 없어 업체를 불러야하는데 5월에 에어컨 켜기전에 업체를 불러서 청소를 했다고하네요...
그런데도 어떻게 저렇게 더러울까요... 아무생각없이 지내다가 일주일이 지난 후에 발견했는데 해줄수있는게 없으니 참고 지내라는 말에 기분이 나쁜데도 어떻게 할수가 없네요 ㅠㅠ",진짜 추석에 운영 엉망이에요···추석이라 병실 없다고 병실 대기 안되고 집에 갔다가 오라고 해서 애기랑 멀리 있어도 되냐고 물으니 애기 데리고 갈거냐 물어서 그냥 산모 혼자 퇴원하겠다 했더니 집에 가기 전에추석연휴라 병원 진료 없는 곳 많은데 심지어 효성 코로나 검사도 안 되는데 조리원에서는 효성 7층에 10시에 코로나 하고 오라고 안내받아서 그날 검사하나? 하고 생각하고 있다가 당일 아침 8시에 전화해서 갑자기 운영중인 병원 알아서 찾아서 코로나 검사 꼭 받고 오라고 하고요···추석이라 조리원비 수납도 오전밖에 안 되는데 그거 이야기 안 해주고 그냥 소아과 1층 원무과 가서 하면 된다고만 해서 오후에 갔다가 헛걸음했고요제 방의 세면대는 뭔가 물이 잘 안 내려가네요. 말해도 뚫어줄것 같진 않아서 그냥 가만히 있어요뭔가 직원이나 부서간 소통이 잘 안 되는거 같고 여러가지 변화 상황에 제대로 대처 못하는거 같아요. 좀 실망이에요··· | 저도 세면대 물 안내려가고 화장실 씻는곳도 물 고여있고 그래요 ㅠㅠ | 진짜 맞아요 ㅠㅠ 물 마르려면 정말 오래 환기 틀어야되는데 환기 너무 시끄러워요. 환기 틀어도 방이 습하고··· 습한데 에어컨까지 못 틀면 진짜 너무 끔찍한데요. 안그래도 지금 추석 내내 비오는데···.아니 근데 본문 지금 다시 제대로 봤는데비오는데 문열어놓고 지내라 했다고요??? 비가 오는데??? 비오는데 문열면 습도 70퍼센트 바로 넘는데··· | 저 기분탓인지ㅠ모르겠는데 방 에어컨 내부에 곰팡이 봤다고 한 이후로 공공시설에 있는 에어컨을 끈거같아요 내부 안보이도록 | ㅠㅠ 지금 날씨가 덜 더워서 꺼도 티가 안날 거 같아요. 너무 찝찝하네요. 사실 코로나나 감기도 문제이긴 하지만 에어컨 곰팡이도 호흡기 문제 일으킬 수 있는거 아닌가요···. 감염 때문이라며 보호자도 외출때마다 검사하고 물건 반입 배달 감시하고 산모도 외출 못하는데 시설 관리는 이렇게···. | 그러니까요 ㅠㅠ 코로나 관리하는 반만이라도 시설관리에 신경써주면 좋겠어요 😭 | 비오는데도 문열어두고 생활하라고 하셨어요... | 헐... 세상에나... 산모가 몸조리하는데... 곰팡이라니.. 이건 좀 아닌거 같아여...ㅠㅠ | 그쵸..... 에어컨을 안켤수도없고 찝찝한 상태로 지내고있어요 ㅠㅠ 😭 | 와….심각하네요 진짜…. 저도 본느마망 예약해둔 상태인데 취소해야하나 고민될 정도예요…. 산모랑 신생아 생활하는 공간인데 위생상태가 이건 좀 아닌 것 같아요ㅠㅠ 더이상 방 바꾸는 건 어려우신가요? 에어컨 못켜면 답답하고 힘드실것 같아요ㅠㅠ | 네 ㅠㅠ 방 바꾸는건 어렵데요 ㅠ 그리고 다른방상태도 비슷할거같기도해서 😔 휴... | 지금 본느마망 운영하고 있나요?전화 연결이 추석연휴 전 부터 열흘넘게안되고있네여… | 헉.. 한여름이었으면 진짜... 아찔하네요ㅠㅠ 관리를 안하는건가요..?? | 추석전날에 상담했는데요~~~~ | ㅜㅜㅜㅜ | 정말 심각하네요 저도 본느 예약해 둔 상태라 너무 화나네요... 연계된 장점 빼곤 없는데 상담할때는 최고로 케어해준다고 믿고 하라더니.. 위생상태부터가 안되어 있는데 정말 충격입니다 | 얘기했으니까 청소업체 불렀을수도있어요 저한텐 추석이라 부를수 없다했는데  추석 지나고 청소하지 않았을까요 ㅠ | 제가 전화해봤는데 상반기 5월인가 했고 하반기 곧 할거라고만 하더라구요??? 아직 안했다는 말이죠 그 팩트에 한번 더 충격입니다 그리고 산모님들이 창문을 열고 에어컨을 사용해서 곰팡이가 낀거라고 핑계 되시길래.. 저희도 집에서 1년 내내 사용해도 저렇게 곰팡이가 끼진 않는다 했어요 그리고 제가 여기만 예약해둔 상태인데 그럼 어떤 산모가 믿고 오겠냐 하니 하반기에 온다 그말만 하시고 전화도 먼저 끊으시려고 하더라구요 | ㅠㅠㅠ 저도 효성병원 연계라서 다른곳 알아보지도 않고 갔었는데 ... 항상 대기자가 있으니까 이런거에 크게 신경안쓰나봐요 ㅠㅠ | 사진으로 보니 걱정되네요. 지금은 다 정리되넜나요? | 저도 지금은 나와서 모르겠어요 ㅠㅠ 제가 나올땐  아무 조치도 없긴 했어요,21,https://cafe.naver.com/f-e/cafes/24000254/articles/7144704?boardtype=L&userDisplay=50&menuid=13&referrerAllArticles=false&inCafeSearch=true&query=%EC%9C%84%EC%83%9D&art=aW50ZXJuYWwtY2FmZS1hcnRpY2xlLXJlYWQtaW5DYWZlLXNlYXJjaC1saXN0.eyJ0eXAiOiJKV1QiLCJhbGciOiJIUzI1NiJ9.eyJjYWZlVHlwZSI6IkNBRkVfSUQiLCJhcnRpY2xlSWQiOjcxNDQ3MDQsImlzc3VlZEF0IjoxNzg4MjMzMTA1ODkzLCJjYWZlSWQiOjI0MDAwMjU0fQ.DFDpDUQSiGeq870NN2gvpdn0NOX_sMwqfgQUMCadWw4&page=1,JKS
대구맘365,24000254,13,위생,잘 사용하고 있는 육아템 best 5 추천!,2025.09.09. 04:26,"육아는 장비빨이라는데 육아용품 다 사기는 경제적으로도, 환경적으로도 힘들잖아요~
​
제 기준 추천템 골라봤어요!
​
1. 크림하우스 아기범퍼침대
아기가 잠만 잘자줘도 너무 행복해지는데ㅎ
기능과 감성을 더한 크림하우스 아기범퍼침대 추천해요
“안전 + 놀이 공간 + 낮잠 공간까지 한 번에”
높은 안전가드와 좋은 소재, 크기도 넉넉해 놀이 매트나 낮잠 공간으로도 활용할 수 있어요.
탈부착 가능한 벽면은 나중에 울타리나 놀이방으로도 변신 가능!
​
2. 스토케 하이체어
“이유식 시작한다면 무조건 필수!”
이유식이 시작되면 꼭 필요한 하이체어!
아이의 바른 자세를 잡아주고, 식사에 집중할 수 있는 환경을 만들어줘요. 성인 될때까지 쭉~
​
3. 베이비뵨 바운서
“손이 부족할 때, 아이를 달래주는 육아 요정”
수유 후 소화시키거나 집안일을 해야 할 때나, 잠깐 손이 필요할 때 큰 도움이 되요.. 단, 사용 가능한 무게 제한이 있으니 앉힐 수 있을때부터 사용하기!
​
4. 에시앙 범보의자
“앉기 전, 아이 자세 교정은 이걸로 시작해요”
이유식 초기에는 범보의자에 앉혀 간단하게 먹이기도 좋고 기념일마다 사진 찍을때도 유용!
바운서 지겨워하거나 혼자 놀기 싫어할때 범보의자 앉혀서 끌고 집안 구경시켜주면 좋아해요.
​
5. 폴레드 젖병소독기
“살균 걱정 끝! 육아 위생 필수템”
매일같이 사용하는 젖병과 젖꼭지, 소독은 필수! 자외선(UV)이나 열풍 방식 등 다양한 옵션이 있어, 육아 스타일에 따라 선택 가능해요.
​
​
아기들마다 기질이 다르니 저희 아기는 잘써도 또 다른집 아기한테는 안맞을 수도 있어요,
어디까지나 저희 집 기준이니 참고하세요❤️
​",,0,https://cafe.naver.com/f-e/cafes/24000254/articles/7123065?boardtype=L&userDisplay=50&menuid=13&referrerAllArticles=false&inCafeSearch=true&query=%EC%9C%84%EC%83%9D&art=aW50ZXJuYWwtY2FmZS1hcnRpY2xlLXJlYWQtaW5DYWZlLXNlYXJjaC1saXN0.eyJ0eXAiOiJKV1QiLCJhbGciOiJIUzI1NiJ9.eyJjYWZlVHlwZSI6IkNBRkVfSUQiLCJhcnRpY2xlSWQiOjcxMjMwNjUsImlzc3VlZEF0IjoxNzg4MjMzMTA1ODkzLCJjYWZlSWQiOjI0MDAwMjU0fQ.q61SgLdjzRw27h1v5r6CS4y5mjcb7YGSXfPLKvqz3Lc&page=1,JKS
대구맘365,24000254,13,위생,산후도우미 꼭 필요할까요? 고민돼요!,2025.03.04. 10:22,"출산이 얼마 남지 않았는데 몸 힘들까봐 너무 걱정돼요.
조리원 퇴소 후 집에서 회복하려고 하는데 혼자서 잘할 수 있을지 고민이네요.
산후도우미 이모님께 도움받으면 확실히 차이가 있을까요?
아기 돌보는 것도 걱정이고, 몸 회복도 제대로 해야 할 것 같은데…
이용해보신 분들, 도움이 많이 되셨는지, 추천해주실 곳 있으면 알려주세요!","사람마다 다르긴하겠지만 저는 친정엄마 아니었음 정말 힘들었을것 같아요ㅠㅠ누구든 함께하는거 추천이요! | 좋은분만나시면 그리고…예민하지않으시면 도움 되실꺼예요..전 예민하기도하고 오신 두분이다 위생,태도 때문에 하루오시고 당일 오전에 업체에 말하고 취소하고환불까지받았어요 | 오시는분에따라 스트레스 받을수도요~~ 전 괜찮았는데 안맞는 분들도 있더라구요..애기가 생각보다 순하면 안해도될수도요 | 전  셋다 썼는데 조리원보다 산후조리도우미가 더중요했어요. 조리원에서 까지는 애도 아직 잠을잘때라 집에가면 완전달라요. 첫째땐 돈을 더주고 직급높은? 썼는데  정말좋아서 많이 배웠어요 . 둘째 셋째도 기본등급보다는 페이를 더주고 했는데  셋째쯤 되니 하루만봐도 나랑안맞을꺼 같아서 도우미 한번바꿨어요.  전 무조건 해야된다봐요. 애기맡기고 그냥 계속자요. 새벽에 못자니깐. | 산후조리할 때 체력이 너무 중요한데 전 산후도우미 이용해서 큰 도움 받았어요! 노엘 이모님이셨는데 꼼꼼하고 친절하셨어요~ | 저는 친정,시댁 도움을 못받을 상황이라 산후도우미 신청했어요. 이모님과 케미도 잘 맞아야할테지만 안맞으면 바로 바꿔주신다해서요. 도우미 이모님 쓰는동안 많은 도움 받을거 같아요^^ | 전 조리원도 이용하고, 산후도우미도 이용했는데 집에서 편하게 조리받을 수 있어서 좋았어요~저 만났던 조은맘 이모님 친손주 봐주시듯 안정적으로 봐주시고, 육아방식도 어떻게해야좋을지 조언도 많이해주셔서 도움 많이 받았거든요~넘 좋은분이셨는데 쪽지드려볼게요~ | 저 얼마전에 끝났어요ㅎㅎ 이모님 정보 쪽지로 알려드릴게요! | 전 베스트맘 이용하면서 정말 좋았어요 항상 아가가 먼저시고 정말 아가를 너무 이뻐하시는것이 막 느껴졌어요!! 무조건 저 쉴수있도록 편하게 해주실려고 하세요~ | 산후도우미 연장까지 해서 이용했습니다…무조건 도움 받으셔야해요ㅠㅠ",10,https://cafe.naver.com/f-e/cafes/24000254/articles/6970272?boardtype=L&userDisplay=50&menuid=13&referrerAllArticles=false&inCafeSearch=true&query=%EC%9C%84%EC%83%9D&art=aW50ZXJuYWwtY2FmZS1hcnRpY2xlLXJlYWQtaW5DYWZlLXNlYXJjaC1saXN0.eyJ0eXAiOiJKV1QiLCJhbGciOiJIUzI1NiJ9.eyJjYWZlVHlwZSI6IkNBRkVfSUQiLCJhcnRpY2xlSWQiOjY5NzAyNzIsImlzc3VlZEF0IjoxNzg4MjMzMTA1ODkzLCJjYWZlSWQiOjI0MDAwMjU0fQ.tp7Wjd2rwmMLjegLDT5ZrmeKJOg_ILJBDp-Ogos4G4I&page=1,JKS
대구맘365,24000254,13,청결,대구북구 정산후조리원 후기,2026.07.11. 11:29,"안녕하세요~!대구 정산후조리원 2주 vvip룸
후기입니다! 로0마리에서 가까운 조리원이 3군데 있었는데 그중에 지인분이 추천해줘서 정산후조리원에 등록하게되었습니다!
​
1. 시설
-우선 제가 머물렀던 vvip룸은 넒고 깨끗했어요! 스탠바이미, 마사지기 등 잘 구비되어있고, 매일매일 청소를 깨끗하게해줘서 조리원있는동안 쾌적하게 생활했습니다!
​
-전체적인 조리원 시설도 깨끗하고 청결했으며, 소독 관리시스템이 잘 되어있어 걱정이 없었습니다!
​
-산모들이 쉴 수 있는 휴게공간, 교육공간, 수유공간이 잘 나누어져있습니다! 그리고 건물에 한 층 전체가 조리원이라 외부사람을 볼 일이없는것도 좋았어요!
​
2. 식사
-정말 제일 좋았던 점이에요!  밥 종류도 다양해서 맛있어요!  간식도 잘 나오고 조리원에있는동안 건강챙기면서 다이어트도 됩니당!
​
3. 신생아 관리 및 모자동
-제가 지인분께 추천받았을때 다른 조리원보다 신생아 관리부분에서 잘 신경써주신다하셔서, 정산후조리원을 선택했어요! 우선 신생아실은 24시간 개방이라 지나가며 볼 수 있는 점이 좋았어요! 안에 계신 신생아 관리해주시는 선생님들도 잘 케어해주셨습니다! 무엇보다도 원장님과 팀장님이 오며가며 산후관리도 해주시고, 모유수유방법 등 잘 알려주셔서 도움이 많이 되었어요!
​
전반적으로 정산후조리원에 2주머물면서
시설이나 음식, 신생아 및 산모케어에 진심인 것 같아 만족스러웠습니다!
대구 북구쪽이나 경북에서도 많이오시고, 무엇보다 접근성이 좋아요!  주위에 칠곡경대병원, 소아과, 내과 등 병원이나 먹거리도 많이 팔아서 잠깐 급할때 외출다녀오기에도 좋아요!
​",참고할게요! | 공유 감사해요~ | 저도 정산후조리원 너무 좋았어요 ~!,3,https://cafe.naver.com/f-e/cafes/24000254/articles/7343038?boardtype=L&userDisplay=50&menuid=13&referrerAllArticles=false&inCafeSearch=true&query=%EC%B2%AD%EA%B2%B0&art=aW50ZXJuYWwtY2FmZS1hcnRpY2xlLXJlYWQtaW5DYWZlLXNlYXJjaC1saXN0.eyJ0eXAiOiJKV1QiLCJhbGciOiJIUzI1NiJ9.eyJjYWZlVHlwZSI6IkNBRkVfSUQiLCJhcnRpY2xlSWQiOjczNDMwMzgsImlzc3VlZEF0IjoxNzg4MjMzMTE4MzU2LCJjYWZlSWQiOjI0MDAwMjU0fQ.OZfxtevcPSYlkh3VoBGHzeeDdiJwuvdrJtgy_sMAJ_I&page=1,JKS
대구맘365,24000254,13,청결,로즈마리병원 산후조리원 후기입니다.,2026.07.06. 16:59,"안녕하세요.
둘째 라서 병원 생활
한주간 병동생활을 무사히 마치고
2주간의 조리원 생활까지 무사히 마치며 감사한 마음으로 후기를 남깁니다.
재이용을 해보니 그만큼 첫째 때의 기억이 좋았고, 실제로 재이용을 했던 경험 으로 그 기대를 저버리지 않았습니다.
병동 관련 생활과 조리원 선택을 고민하시는 분들, 특히 재 이용을 고민하시는 분들께 도움이 되길 바라는 마음으로 후기글 남겨봅니다.
게시물 작성자가 AI 활용 표시 설정
AI 기술을 활용하여 콘텐츠의 이미지, 영상 또는 소리를 변형하였거나 새로이 생성하였을 수 있습니다.
자세히 보기
AI 활용
​
먼저 첫번째 호텔처럼 깔끔하고 쾌적한 객실입니다.
입실하자마자 가장 먼저 든 생각은 “정말 깨끗하다.“였어요.
매일 청소가 꼼꼼하게 이루어지고 침구도 항상 포근하게 관리되어 있어서 산모가 편안하게 쉬기에 정말 좋은 환경이었습니다.
출산 후에는 몸이 생각보다 많이 지쳐있는데, 조용하고 아늑한 객실 덕분에 회복하는 데 큰 도움이 되었어요.
두번째는요.철저한 위생 관리 입니다.
신생아와 함께 생활하는 공간인 만큼 가장 중요하게 생각했던 부분이 위생이었는데요.
공용공간은 물론 신생아실까지 항상 청결하게 관리되고 있었고,
직원분들도 손소독과 위생수칙을 철저하게 지켜주셔서 안심이 되었습니다.
초보 부모 입장에서는 이런 부분이 정말 큰 신뢰로 다가오더라고요.
세번째는 믿을수 있는 신생아 케어가 잘 되어있어요.
재이용을 결심한 가장 큰 이유 중 하나는 역시 신생아 케어였습니다.
첫째 때도 느꼈지만, 아기들을 진심으로 예뻐해주시는 선생님들의 모습은 이번에도 변함이 없었어요.
아가들 다정하게 말을 건네 주시는 모습에 저도 덩달아 맘이 푸근해지곤 했습니다.
24시간 신생아실이 개방되어 있어 언제든 아기 얼굴을 볼 수 있다는 점도 여전히 큰 안심이 되었습니다.
둘째라 조금은 익숙하다고 생각했지만,
모유수유는 아이마다 다르더라고요.
수유실에 타임별로 모유수유 담당 선생님이 항상 계셔서 언제든 도움을 받을 수 있는 것도 엄청 큰 장점이라고 생각해요.
혼자 끙끙 앓지 않고 바로바로 피드백을 받을 수 있으니 정말 든든했습니다.
그리고 이번에는 첫째 아이 면회가 가능하다는 점도 재이용을 결정한 중요한 이유였습니다.
첫째가 동생을 처음 만나는 순간을 조리원 안에서 함께할 수 있어서 정말 소중한 시간이 되었어요.
마지막으로 다양한 산후 관리둘째로그램이 잘 짜여져 있어요.
마사지, 모유수유 교육, 신생아 케어 교육 등 다양한 프로그램이 준비되어 있어서 단순히 쉬기만 하는 공간이 아니라 육아를 배우는 시간이 되었습니다.
특히 모유수유 자세나 트림시키는 방법처럼 집에 가서 바로 활용할 수 있는 내용들이 많아서 정말 유익했어요.
처음에는 조리원이 꼭 필요할까 고민도 했지만 직접 생활해보니 그 시간이 얼마나 소중한지 알게 되었습니다.
​
그리고 아주 아주 맛있는 산모식이 식단이 잘 나와요.
​",저도 로즈에서 산모식이 너무 맛있었던 기억이 ㅎㅎ | 공유 감사해요 로즈마리 좋네요 !!,2,https://cafe.naver.com/f-e/cafes/24000254/articles/7339274?boardtype=L&userDisplay=50&menuid=13&referrerAllArticles=false&inCafeSearch=true&query=%EC%B2%AD%EA%B2%B0&art=aW50ZXJuYWwtY2FmZS1hcnRpY2xlLXJlYWQtaW5DYWZlLXNlYXJjaC1saXN0.eyJ0eXAiOiJKV1QiLCJhbGciOiJIUzI1NiJ9.eyJjYWZlVHlwZSI6IkNBRkVfSUQiLCJhcnRpY2xlSWQiOjczMzkyNzQsImlzc3VlZEF0IjoxNzg4MjMzMTE4MzU2LCJjYWZlSWQiOjI0MDAwMjU0fQ.9jDyOI2Pe7HPbwaGhZsU_XFOa08R2y_xwXVuD_Hpu00&page=1,JKS
대구맘365,24000254,13,청결,대구산후도우미업체 참사랑어머니회 이용 후기-솔직&담백 100% 후기^^,2026.06.25. 23:01,"첫째에 이어 둘째도 함께 한 '참사랑어머니회' ~~~^--^
- 2년 전 고민 끝에 지인 추천으로 처음 이용하게 된 '참사랑어머니회' !!! 둘째도 고민 없이 선택했어요~:) 이맘 때쯤 대구에서 불미스러운 일이 있었던 터라 산후도우미를 아예 이용하지 말아야 하나 고민을 참 많이 했는데요ㅠㅠ 해당 사건이 현장에서 열심히, 또 예쁘게 아기를 케어하고 있는 분들을 대표하는 것은 아니라는 믿음과 첫째 때의 좋은 경험으로 다시 이용을 결심하게 됐어요~~~:)
- 참사랑어머니회 업체에 대한 확신은 가지고 있어서 곧바로 전화드렸더니 이전에 이용한 경험이 있어서 바로 알고 계시더라고요~^^ 첫째 때 너무 좋아서 연락드렸다고 하니 가능하면 똑같은 관리사님을 배정해주고 일정이 안 되면 다른 분이 배치될 수도 있다고 하셨어요~ 저는 첫째 아이 등원 이슈로 08:30까지 출근이 가능한 분을 요청드렸고 다른 분이 배치됐지만 관리사님이 가지고 있는 팁들이 다 달라서 또 다른 방면으로 많은 도움을 받았습니다!!^^ 관리사님 배정까지 따로 말하지 않아도 척척!!! 여전히 체계적이고 친절한 '참사랑어머니회' 이용 후기 들려드릴게요~:)
​
1. 산모의 요구 반영&체계적인 시스템&친절함과 빠른 업무 처리
- 저는 경산모라 경험이 있어서 괜찮았는데 초산모 때는 막연한 두려움이 있었던 것 같아요~ 어느 분이 배치될지, 나랑 성향은 맞을지... 09:00~18:00까지 한 집에 있어야 하는데 산모도 산후도우미도 처음에는 서로 부담스럽기 마찬가지잖아요~^^ 이용하고 싶다고 전화를 하면
이용 경험이 있는지, 원하는 서비스 스타일(ex: 산모 중심VS신생아 중심, 관리사님 연령 및 경력 등)
등을 꼼꼼하게 물어봐 주셔서 더욱 믿음이 갔어요~:)
- 예약 후 안내사항이 상세하게 적힌 링크도 보내주셔서
서비스 전에 준비해야 할 것이랑 주의사항
을 세심하게 파악할 수 있었고 서비스 이용 첫날 안내문과 이용계약서 등을 카톡으로 보내주셔서 간편하게 처리할 수 있었습니다.
- 첫만남이용권 금액으로 다시 결제를 원하니 새 결제가 가능한 링크를 보내주셔서 간편하게 결제할 수 있었고 이전에 결제한 금액은 당일 바로 입금돼 업무 처리가 엄청 빨랐어요!!!
2. 신생아 케어 - 우쭈쭈 '예쁜 공주님'이 된 저희 아기
- 둘째라서 좀 수월할 줄 알았는데 유난히 목청도 크고 움직임이 많은 아기여서 힘들었어요. 자주 깨고 수유도 조금 하고 자버려서 어떻게 해야할지 막막했는데 관리사님이 움직임이 많은 아기를 케어하는 방법과 잠에 들지 않고 수유할 수 있는 자세를 교정해주셔서 훨씬 수월했어요~:) 무엇보다 관리사님이 안 계시더라도 제가
아이를 혼자 케어하기에 편한 팁(ex: 아이가 선호하는 자세, 움직임을 최소화하는 방법, 혼자 잘 놀고 잘 수 있는 방법 등)
을 한가득 알려주셔서 너무 감사했답니다~
- 관리사님은 첫 날부터 저희 아기에게 ""우리 공주님~"", ""우쭈쭈 공주님~ 아유 예뻐~ 아유 예뻐~""하며 늘 애정과 관심을 쏟아주셨어요~ 목욕할 때도, 수유할 때도 눈과 목소리에서 꿀이 뚝뚝 떨어지는 목소리로 아기를 봐주셨는데 거짓말 조금 더 보태서 저보다 더 예뻐하셨던... 것 같아요~
15일의 짧은 시간이지만 아기에게도 너무 따뜻하고 행복한 시간이었을 것 같습니다~
3. 산모 케어 - 따뜻함과 배려가 한가득이었던 시간
- 저는 첫째가 있던터라 산모 케어는 2순위로 두고 신생아 케어를 우선으로 해달라고 요청드렸고 큰아이 부가서비스도 신청하지 않았어요. 그래서 관리사님이 계신 주간 시간대에 아이 유아식 준비, 어른 및 첫째 빨래, 등&하원을 해야 했는데요. 그럼에도 불구하고 관리사님이 시간 날 때마다 부종 관리도 해주시고 제가 수유할 때 큰 아이와 신나게 놀아주셔서 아기에게 집중할 수 있었어요.
- 2살 터울이라 너무 정신없고 힘든 시간이었는데 요리할 때 큰아이도 함께 먹을 수 있는 식단을 만들어주셨고 큰아이 씻기고 나면 욕조도 항상 깨끗하게 정리해주셔서 감사했어요~ 아이 씻기고 밥 먹이고 놀아주고 하는 게 가장 큰 일인데 이런 부분까지 신경써주시니
제가 쉴 수 있는 시간이 조금 더 확보되고 휴식을 취할 수 있었어요~
- 아기가 밤에만 등센서가 발휘되는 탓에 며칠 간 힘들었는데 관리사님이 수면 팁도 알려주시고 수유할 때 제 멘탈도 꼭 붙잡고 곁에서 다독여주셔서 완모를 향해 다시 힘을 낼 수 있었습니다!!! 관리사님의 경험이 듬뿍 녹아든 입면 팁과 수유 팁은 앞으로 두고두고 유용하게 사용할 수 있을 것 같아요~ 특히
수면 교육 팁은 당일 바로 효과를 발휘해서 간만에 남편&첫 아이와 평화로운 저녁 식사를 할 수 있었어요~^--^
- 아이가 많이 움직이고 태열이 심해서 손싸개를 생각보다 일찍 하게 됐는데 손싸개가 너무 커서 계속 손이 빠져나오더라고요...;;; 그걸 본 관리사님이 모든 손싸개를 일일이 수선해주셔서 앞으로도 손이 나올 일 없이 편하게 사용할 수 있을 것 같아요~:)
4. 가사 - 행복한 점심 시간&깨끗하고 청결한 집
- 밥을 안치는 스타일, 그릇 정리하는 스타일, 쓰레기 및 분리수거 처리 등 먼저 말씀드리지 않아도 ""산모님~ 이거 어떻게 할까요?""라고 항상 물어봐주셨어요.
덕분에 사소해서 말씀드리기 주저되는 부분도 기존 제 방식대로 편하게 할 수 있었어요~
사실 친정어머니가 와도 정리하는 스타일이 다르거나 음식 스타일이 다르면 다시 손을 타야 하는데 관리사님은 제 스타일 그대로 정리하고 음식 간도 맞춰주셔서 너무 좋았습니다.
- 1가지를 하더라도
뭐든 산모에게 맞춰드리자
는 관리사님의 마음이 15일 내내 느껴졌어요~ 기존에 냉장고에 있던 재료 위주로 음식을 해주셔서 그동안 묵혀 있던 재료도 깔끔하고 맛있게 소진했답니다~ 정말 매일 매일 점심 시간이 가장 기다려지는 거 있죠?!!
- 서비스 종료 마지막날 미역국도 두 솥 가~~~득 끊여주셨는데 나중에 음식하는 노력과 시간을 최대한 덜어주고자 하는 배려가 느껴졌습니다~ 당일 먹을 분량이 아니라 이후에도
산모가 편하길 바라는 관리사님의 마음이 너무 감사했어요ㅠㅠㅠㅠ
- 15일 표준으로 서비스 등록해서 더 연장할 수 없다는 게 너~무 아쉬웠어요...ㅠㅠ 정든 관리사님과 이별해야 한다고 생각하니 너무 슬프네요... 어떻게든 산모가 쉴 수 있도록 하나부터 열까지 배려해주셔서 바쁜 와중에도 낮잠 자고 체력 보충하며 예쁜 아가를 돌볼 수 있는 힘을 얻었습니다~:)
-
지구별에 도착해서 원가족을 제외하고 가장 많은 시간을 보낸 관리사님이기에 저에게도 참 감사하고 소중한 인연인데요~ 앞으로도 잊지 못할 것 같아요~ㅠㅠㅠㅠ
- 참사랑어머니회와도 두 번째 인연이네요~ 확신을 가지고 연락한 곳이기는 하지만
""역시는 역시다!!""
엄지척입니다~:)
서비스 이용 전&중&후 불편한 점은 없는지 꼼꼼하게 확인하는 점
이 가장 마음에 들었던 것 같아요~ 다음에 셋째(...?!)가 있을지는 모르겠지만 그 때는 좀 더 긴 시간을 함께하면 좋겠다는 생각이 드네요~^^",,0,https://cafe.naver.com/f-e/cafes/24000254/articles/7331184?boardtype=L&userDisplay=50&menuid=13&referrerAllArticles=false&inCafeSearch=true&query=%EC%B2%AD%EA%B2%B0&art=aW50ZXJuYWwtY2FmZS1hcnRpY2xlLXJlYWQtaW5DYWZlLXNlYXJjaC1saXN0.eyJ0eXAiOiJKV1QiLCJhbGciOiJIUzI1NiJ9.eyJjYWZlVHlwZSI6IkNBRkVfSUQiLCJhcnRpY2xlSWQiOjczMzExODQsImlzc3VlZEF0IjoxNzg4MjMzMTE4MzU2LCJjYWZlSWQiOjI0MDAwMjU0fQ.lxTmd7ib3DknHuHnGPNsqASPvkd_bnPloiM6JlGHHFQ&page=1,JKS
대구맘365,24000254,13,청결,초산맘 김혜정 산후조리원 수성점 8박9일 후기,2026.05.06. 09:20,"​
모유수유와 식사를 중심으로 조리원을 알아보던 중, 집에서도 가깝도 조건에 맞는 조리원을 찾아 6주차? 쯤에 전화를 드렸는데 마지막 한자리 남았다고 하셔서 부랴부랴 예약했었어요!
​
아가가 1달 일찍 태어나는 바람에 퇴원직후는 방이 없어서 아기만 먼저 들어가고 저는 이틀 뒤에 들어가게 되었어요!
​
들어와서보니 아기케어 해주시는 선생님들 너무너무 친절하시구
​
마사지 5층에 박00선생님 너무 좋으시고.... 방도 마사지실 바로 옆이라 좋았구요
​
수유실도 항상 청결하게 관리해주시고 여러 꿀팁들도 많이 주셔서 완모 할 수 있을 것 같아요!!
​
그리도 무엇보다 식사....! 최고입니다. 미역국 리필해먹는 산모 저밖에 없었을거예요....너무 맛있어서 두세그릇씩 리필해먹었네용ㅋㅋㅋㅋ
​
뒤에 지정한 산후도우미님 일정때문에 2주을 못채우고 퇴소하는데 너무 아쉽네용ㅋㅋㅋㅋㅋ
​
둘째를 낳으면 또 올려구요 호홓
​
궁금하신거 잇으시면 댓글 남겨주세용
​
마지막으로 식사사진 첨부합니당
​",저도 둘째낳으면 다시 김혜정으로 오려고 생각중이에요 ㅎㅎ | 저도 여기 가고싶었는데ㅜ | 👍,3,https://cafe.naver.com/f-e/cafes/24000254/articles/7295066?boardtype=L&userDisplay=50&menuid=13&referrerAllArticles=false&inCafeSearch=true&query=%EC%B2%AD%EA%B2%B0&art=aW50ZXJuYWwtY2FmZS1hcnRpY2xlLXJlYWQtaW5DYWZlLXNlYXJjaC1saXN0.eyJ0eXAiOiJKV1QiLCJhbGciOiJIUzI1NiJ9.eyJjYWZlVHlwZSI6IkNBRkVfSUQiLCJhcnRpY2xlSWQiOjcyOTUwNjYsImlzc3VlZEF0IjoxNzg4MjMzMTE4MzU2LCJjYWZlSWQiOjI0MDAwMjU0fQ.M9QwrKvnmZpT7C3t-1z9VRahyXM3UbpLolwGnISvz0o&page=1,JKS
대구맘365,24000254,13,청결,대구산후도우미업체 참사랑 어머니회 추천 합니다!!,2026.03.30. 21:27,"안녕하세요^^ 대구산후도우미업체 참사랑 어머니회 추천 하기 위해서 글을 작성 합니다!
​
먼저 임신 기간중.. 산후도우미업체를 어디로 해야할지 정말 고민이 많았습니다!
아는 지인분께서 참사랑을 정말 추천하더라고요! 그래서 믿고 2주를 신청했습니다~
제일 큰 이유는 업체가 큰 것도 있고 지인도 경험과 블로그, 맘카페 후기를 봤을때도 다들 추천해서 믿음이 가더라구용 ㅎㅎㅎㅎ!
​
첫날 방문전에 먼저 배정 받으신 도우미 선생님께서 전화가 오셔서 방문시간과 잘지내보자는 이야기와 함께 통화를 1-2분 정도 짧게 합니당! ㅎㅎㅎㅎ 전화상으로 너무 친절함이 느껴져서 좋았습니다
​
첫날 아침 8시 20분경 집으로 오셔서 짧게 오리엔테이션으로 일정 설명과 산모 니즈에 맞추어서 아기와 산모, 집안일을 케어해주십니다 ㅎㅎ
​
제가 느낀 산후도우미 업체 참사랑의 장점을 적어볼게요~
​
1. 초산모라서 모르는 부분이 참~ 많았는데 목욕하는 방법, 분유 먹이는 자세, 배꼽 소독하는 방법, 트름 자세 등등 정말 섬세하게 알려주세요~ 그리고 일하시는 동안 하루 일정과 산모가 더 잘 케어하기 위해서 해야할 일 등을 적어주세요! 저는 정말 글이 도움이 많이 되었습니다
하루 일정 및 교육글
2. 섬세하게 느낀 것 중에 하나는 복장입니다
두건, 미끄럼 방지 신발, 마스크, 앞치마 완벽하게 복장을 착용하시고 아이를 케어해주세요ㅎㅎ
목욕하면서 애기가 도우미님 바지에 응가를 싼적이 있는데...ㅠㅠ 옷 여유분도 여러벌 들고오셔서 금방 또 갈아입고 케어를 도와주시고 정말 청결면에서도 감동 받았습니당..ㅎㅎㅎ
수유하시는 복장
3. 맛있는 식사 준비
아침, 점심, 저녁 식사를 산모의 잠자는 시간에 맞추어 식사 준비를 해주십니다!
음식 솜씨도 정말 좋으시고! 제가 한식을 많이 안좋아하는데 브런치식으로 맞추어서 준비 해주셨어요 ㅎㅎ
그리고 다이어트를 하고 싶다고 말씀 드리니.. 지금은 몸조리 해야한다고 단백질 식단 위주로 맛있게 음식을 해주십니니다 ㅎㅎㅎㅎ 밥먹고 싶어서 깰.. 정도로 ㅋㅋㅋㅋ 맛있었어요
산모 니즈에 맞춘 식사
4. 믿음가는 청결
처음에는 저는 그냥 아기와 산모 케어만 해주실줄 알았는데.. 첫날부터 화장실 청소하시는 모습을 보고 놀랐습니당!
세탁기 건조기 쓰시고 안에 먼지까지 싹 제거 및 필터 청소까지 해주시고 항상 안보이는 곳 까지 깨끗하게 청소해주셔서 도우미 선생님이 퇴근하시면 제가 집안일을 하나도 건들지 않을 정도로 완벽하세요 ㅎㅎ
5. 완벽한 목욕 교육
목욕 하기 세시간 전부터 안방에 보일러를 26도로 맞추시고 방이 아기 온도에 맞춰서 따듯하질때 목욕을 시작하십니당~ 보통 수유하고 트름하고 30-1시간 뒤에 아기가 기분이 최상일때 시작하세요~ 목욕하시면서 어떻게 하면 되는지 뭐가 중요한지에 대해서 꼼꼼히 알려주시고 동영상도 찍어서 나중에 주말에 없을때 참고하라고 하세요! 아기가 원래는 정말 많이 우는데 도우미 선생님이 목욕을 하실때는 빵긋 웃으면서 엄청 좋아하더라구요!
그리고 저희집에 작은 물뜨는 다라이가 없었는데 다음날 필요할 거 같다고 직접 사서 오셨더라구용.. 정말 감사했습니당!! 지금도 잘쓰고 있어요 ㅎㅎㅎ  김채연 도우미 선생님 최고! 입니당
​
6. 예방접종 동행
아기가  집밖을 처음 나가는 날이기도 하고.. 예방 접종 후에는 열도 날수 있고 혹시나 감기라도 걸릴까봐 정말 긴장 많이 한 아침이에요! 하지만~ 도우미 선생님의 완벽한 준비 덕에 열도 안나고 아기가 안힘들어 하고 잘 넘어 갔습니당!
그리고 아기가 조금의 바람도 안들어가게 얇은 겉싸게로 푹 덮고 감싸서 병원까지 동행 해주세요~
이렇게 가방을 드리면 분유, 보온병, 쪽쪽이, 아기수첩, 기저귀, 물티슈 등 완벽하게 준비 해주십니당!
​
7. 터미 타임 및 놀이 교육
항상 아기한테 이쁘다 똑똑하다 등등 긍정적인 말로 많이 아기와 대화를 해주시고 터미 타임 등 아기와 놀이를 하실때 엄마가 쉬는동안 귀여운 모습과 성장하는 과정을 모시라고 사진 몇장을 문자로 보내주세요! ㅎㅎㅎ 덕분에 우리 아기 첫 터미타임을 볼 수 있어서 좋았습니다
​
아! 그리고.. 제가 7일차에 몸살이 심하게 와서.. 저녁 6시에 선생님 퇴근시간인데.. 병원을 급하게 가야해서 어떻하지.. 하며 발을 동동 거릴때 김채연 도우미 선생님께서 천천히 병원 갔다 오시라고 자기는 늦게 퇴근해도 되니깐 수액이랑 진료 보고 오라고 해주셔서 수액도 맞고 올 수 있었습니다.. 그날 선생님께서 7시 넘어서 퇴근해서 정말 죄송하면서도 감사했던 기억이 있습니당..!! 감동 감동했습니당...^^ㅎㅎㅎ 심지어 다음날 산모가 아플까봐 8시 20분쯤 일찍 출근하셔서 산모를 케어 해주셔서 더 감동했어요..!!!!
​
2주간 대구산후도우미업체 참사랑 어머니회 김채연 도우미 선생님께서 아기와 산모를 케어 잘 해주셔서 너무 좋았습니당! 저는 2주동안 정말 너무 좋았고 3주 등록 할껄.. 후회했습니다 ㅋㅋㅋㅋㅋㅋㅋ 예미맘들도 산후도우미업체 선정에 도움이 되면 좋겠어요! 참사랑 정말로~~~~완전~~~추천 합니당!!",이모님 성함이 궁금해요! | 김채연 관리사님 입니당!,2,https://cafe.naver.com/f-e/cafes/24000254/articles/7269725?boardtype=L&userDisplay=50&menuid=13&referrerAllArticles=false&inCafeSearch=true&query=%EC%B2%AD%EA%B2%B0&art=aW50ZXJuYWwtY2FmZS1hcnRpY2xlLXJlYWQtaW5DYWZlLXNlYXJjaC1saXN0.eyJ0eXAiOiJKV1QiLCJhbGciOiJIUzI1NiJ9.eyJjYWZlVHlwZSI6IkNBRkVfSUQiLCJhcnRpY2xlSWQiOjcyNjk3MjUsImlzc3VlZEF0IjoxNzg4MjMzMTE4MzU2LCJjYWZlSWQiOjI0MDAwMjU0fQ.KHgZZcAS16ro4PF-pX5h9IbzpcUx9EM2-x7nhiP_rGg&page=1,JKS
대구맘365,24000254,13,청결,조은맘 산후도우미 [노분열]관리사님 추천합니다~,2026.03.16. 14:56,"안녕하세요,
​
조리원 퇴소 이후에 조은맘 산후도우미 3주간 이용했습니다.
첫 출산이라 걱정도 많이되고 회복도 중요하여 산후도우미가 필요했는데,
노분열 관리사님꼐서 너무나 잘해주셨습니다~
​
첫 번째로, 산모에게 필요한 건강식을 해주셨습니다.
제가 먹고싶다고 말만 하면 알아서 척척 해주셨습니다. 노분열 관리사님 덕분에 3주 동안
먹고 싶은 음식은 실컷 먹었습니다. 그리고 건강한 집밥으로 먹으니 회복도 빨리 되었습니다.
​
두 번째로, 아이를 너무나 잘 돌봐주세요.
아이가 생활패턴을 정확하게 파악하시고 미리 예측을 하세요. 제가 봤을 때는 울기만 하던 아이가,
관리사님께서 안으시면 금방 그치네요. 그리고 저한테도 상황별로 어떻게 육아를 해야 되는지
팁도 많이 주셨어요. 덕분에 지금도 유용하게 잘 써먹고 있습니다.
마지막으로 너무 친절하세요.
멀리서 오셔서 힘드시고 육아하는 게 보통 일이 아닌데.... 항상 친절하게 저와 아이를 대해주셔서 너무 감사했습니다.
요즘 산후도우미 이슈도 많고 걱정도 조금 했었는데, 친정엄마처럼 케어해주셔서 3주 동안 잘 지냈어요.
+청소/빨래도 너무 잘해주셔서 청결유지도 수월했습니다.
​
노분열 관리사님 추천합니다~~
​
​
​
​",,0,https://cafe.naver.com/f-e/cafes/24000254/articles/7260411?boardtype=L&userDisplay=50&menuid=13&referrerAllArticles=false&inCafeSearch=true&query=%EC%B2%AD%EA%B2%B0&art=aW50ZXJuYWwtY2FmZS1hcnRpY2xlLXJlYWQtaW5DYWZlLXNlYXJjaC1saXN0.eyJ0eXAiOiJKV1QiLCJhbGciOiJIUzI1NiJ9.eyJjYWZlVHlwZSI6IkNBRkVfSUQiLCJhcnRpY2xlSWQiOjcyNjA0MTEsImlzc3VlZEF0IjoxNzg4MjMzMTE4MzU2LCJjYWZlSWQiOjI0MDAwMjU0fQ.DNN0bbRf0Tx1-PEuiTQI00gaNBjJInzVmWqXvRiLLfc&page=1,JKS
대구맘365,24000254,13,청결,여성메디파크 산후조리원 vip실 13박 14일 후기,2026.03.14. 11:45,"여성메디파크 산후조리원 vip실 후기입니다.
​
저는 처음 분만병원을 정할 때 산부인과, 소아과, 산후조리원이 한 건물에 있다는 장점이 너무 마음에 들어 여성메디파크로 결정했습니다.
분만 후 병원에서 퇴원하고 바로 엘리베이터로 한 층 올라와서 조리원에 입소했습니다. 아기는 계속 3층 신생아실에서 케어해주셨어요. 따로 신경쓰지 않아도 되서 편했습니다.
​
1. 룸
vip실은 침대가 있는 공간이 분리 되어 있어요. 넓어서 2주 머무는 동안 전혀 답답함을 못느꼈고, 정말 편하고 집처럼 아늑한 분위기라 남편과 푹 잘 쉬었습니다. 이불 촉감이 너무 부들부들 했어요! 또 자연분만을 해서 좌욕을 자주 해야하는 상황이었는데 방에 좌욕기가 있어서 편하게 이용했어요.
​
방에 시밀레 유축기가 구비되어 있어서 원할 때마다 편하게 유축했어요. 유축 깔때기는 사용할 때마다 조리원에서 깨끗이 씻고 소독까지 해서 주셔서 엄청 편했습니다. 깔때기 3~4개가 있어서 여유롭게 사용했어요.
​
방은 매일 청소해주셔서 늘 청결하게 지낼 수 있었습니다.
​
2. 식사
매 끼니가 다양한 메뉴로 구성되어 있고 미역국도 여러 종류로 나와서 전혀 물리지 않고 맛있게 먹었습니다. 제 입맛에는 잘 맞아서 따로 배달 음식이 생각나지 않았습니다ㅎㅎ 월요일은 격주로 빕스데이가 운영되는데 뷔페 형식으로 원하는 만큼 담아 먹을 수 있었어요. 또 간식도 하루에 3번씩 과일, 만두, 씨리얼, 호빵 등등 다양하게 나왔습니다.
​
3. 휴게실
휴게실에서는 모유차, 안마의자를 이용할 수 있어요. 모유수유 때문에 물을 자주 마셔야 하는데 모유차가 도움 많이 됐어요. 휴게실에서 쪽쪽이 스트랩, 초점책 만들기 등 프로그램도 진행되는데 컨디션에 따라 자유롭게 참여 가능했습니다.
​
4. 마사지
vip실은 가슴마사지 1회, 아로마 마사지 1회를 서비스로 제공 해주셨어요. 저는 마유마사지를 추천받아 몇회 추가해서 받았는데 정말 좋았어요.
분만 후 2~3주 안에 붓기를 빼는 게 효과적이라고 하더라구요. 마사지를 꾸준히 받았더니 일주일도 안되는 기간 안에 복숭아뼈와 발목이 다시 나타났어요 ㅋㅋ
또 모유수유 도전 중인데 마사지 덕분에 유축량이 1주일 사이에 100ml까지 늘었어요. 마사지 선생님께서 현재 제 가슴 상태를 알려주시고 막힌 유선을 뚫어주셔서 도움이 되었던 것 같아요. 또 유축할 때 팁을 알려주셔서 좋았습니다.
마사지 전
​
마사지 4회 후
5. 신생아실(3층)
여성메디파크 산후조리원의 가장 큰 장점 중 하나가 신생아실이라고 생각합니다! 신생아 케어를 정말 전문적으로 잘 해주시는 것 같았어요. 소아과 원장님께서 매일 회진하시고, 간호사 선생님들께서 정성껏 아기들 돌봐주시며 예뻐해주셔서 너무너무 감사했어요. 아기 피부가 좀 건조했었는데 제가 드린 보습 크림을 잘 발라주셔서 많이 좋아졌어요.
여기는 모자동실 시간이 없지만 제 몸이 회복할 시간도 충분히 주어지고 수유콜을 주실 때마다 내려가서 아기를 봤더니 아쉬움이 없었습니다. 새벽 수유콜은 없고 보통 7-22시 사에이 콜을 주셨어요. 원하면 더 일찍, 더 늦게도 연락 주실 수 있다고 하셨어요.
아기 목욕, 기저귀 갈이, 모유수유법 등도 잘 교육해주셔서 좋았어요.
신생아 면회는 오후 2~3시 목욕시간을 제외하면 유리창 너머로 언제든지 가능합니다. 항상 아기 머리를 2:8로 쌱쌱 빗어 주셨는데 너무너무 귀여웠어요ㅋㅋㅋ
​
만족스럽게 2주를 보낸 여성메디파크 산후조리원 적극 추천합니다!",,0,https://cafe.naver.com/f-e/cafes/24000254/articles/7259245?boardtype=L&userDisplay=50&menuid=13&referrerAllArticles=false&inCafeSearch=true&query=%EC%B2%AD%EA%B2%B0&art=aW50ZXJuYWwtY2FmZS1hcnRpY2xlLXJlYWQtaW5DYWZlLXNlYXJjaC1saXN0.eyJ0eXAiOiJKV1QiLCJhbGciOiJIUzI1NiJ9.eyJjYWZlVHlwZSI6IkNBRkVfSUQiLCJhcnRpY2xlSWQiOjcyNTkyNDUsImlzc3VlZEF0IjoxNzg4MjMzMTE4MzU2LCJjYWZlSWQiOjI0MDAwMjU0fQ.5eh18pgZ04eAhm9mAbHrOxtGeJNpmi-6R6UcuaojOHU&page=1,JKS
대구맘365,24000254,13,청결,대구몽베베산후도우미 추천해요!,2026.03.09. 23:38,"저는 1월 27일에 둘째를 출산한 엄마에요ㅎㅎ
첫째가 작년 1월31일생으로 완전 연년생이거든요
게다가 신랑 직업상 출산휴가도 없구요ㅠㅠ
그래서 애초부터 조리원은 못 가겠다 마음을 내려놓고 집에서 산후도우미 4주와 출장마사지로 몸조리 하기로 결정했어요😂 처음엔 산모교실을 다니면서 거기 홍보나온 타 산모도우미업체에 계약을 했으나 지인분의 추천으로 몽베베업체를 알게 되고 바꾸게 되었는데요, 너무 잘한 선택이었죠!
​
둘째가 예정일보다 4일 일찍 태어난 관계로 3일간은 조리원 간호사이셨던 다른 관리사님께서 도와주셨고 4일차부터 강♡숙 관리사님과 함께 했는데요, 너무너무 만족했어요~♡
​
1. 산모와 아이를 진심으로 대해주시는 마음이 느껴졌어요. 아이에게 다정하게 말도 계속 걸어주시고 ""우리 도련님~"" ""아구 이뻐라~~""하시는 말을 계속 달고 사셨어요😍😍 목욕할때도 처음 관리사님 오시기 전 주말에 저희가 시켰을 땐 그토록 자지러지게 울던 아기가 관리사님 오시고서부터는 목욕을 어찌나 편하게 잘 했는지요ㅎㅎ
저도 관리사님과 이런저런 이야기를 나누며 즐거웠어요. 공감도 잘 해주셔서 위로를 받았네요~
2. 식사를 정말정말 맛있고 다양하게 잘 챙겨주셔요! 관리사님 손맛이 진짜 좋으실 뿐만 아니라, 재료 활용을 참 잘 하셔서 다양한 메뉴로 골고루 잘 챙겨먹을 수 있었어요~! 원래 자극적인 음식 좋아하는 사람인데 관리사님 음식 덕분에 외부음식 생각도 안 났네요.. 젊은 산모분들이 어떤 입맛인지 딱 알고 계신달까요.. 아기가 잘 누워 있어줄 땐 간식까지 챙겨주실때도 있었어요. 늘 줄지 않던 식재료들이 관리사님 다녀가신 후로 텅텅이네요ㅋㅋ
특히 이 브런치토스트는 제 최애~♡
3. 위생, 청결을 잘 지키세요! 사실 첫째때는 젖병열탕소독도 안 해주시고 젖병소독기만 돌려주셨는데 매일 열탕소독 꼭꼭 해주셨고 주방 기름때, 물때 하나없이 늘 깨끗이 청소해주셨어요. 바닥도 한번이 아니라 머리카락이나 먼지 보일때마다 청소해주셨어요.. (물론 저희 아기가 잘 누워있어줘서
가능하셨을거 같긴 해요~! ㅎㅎㅎ )
​
🩵산후출장마사지 추천_나혜경마사지
몽베베에서 제휴하는 출장마사지도 받았어요.
마사지용 베드를 집에 계속 보관했다가 마사지 오실 때마다 펴서 그 위에서 받았는데요, 저는 90분(10회 110만원) 마사지로 받았는데..(120분짜리 있는줄 모르고.. 120분은 135만원으로 금액차이 얼마 안 나니 120분 하는게 더 좋을 것 같아용.)
90분을 정말 알차게 꽉꽉 채워 전신마사지 해주시더라구요! 처음 시작 전에 집중 관리 받고 싶은 부위, 몸상태 등을 늘 물어보시고 말씀드린대로 참고하셔서 그 부분을 더 신경써주셨어요.
편안하게 휴식하도록 음악도 틀어주시고 시작해요.
1.엎드린채로 건식마사지 하고
2. 엎드린채로 오일마사지 하는데 마사지 안 받는 부위엔 돔을 올려 열찜질을 해주셔요.
3. 앞으로 바로 누워서 마사지 하는데 호흡법을 알려주셨어요. 호흡하고나면 확실히 늘어난 복직근이 닫힌게 느껴지더라구요. 그리고 배 위에 머드팩? 같은걸 올려서 찜질 또 해주셔요.
​
마사지 받고나면 온 몸에 땀이 줄줄 나는데 열관리 제대로 한 느낌이었어요. 관리 받고서 체중도 둘째 임신전 무게로 줄었구요.. 바디라인도 정리가 되었어요.
​
연년생육아라 주말과 설연휴엔 몸조리는 커녕 육아전쟁이었는데 다행히 몽베베와의 소중한 인연으로 몸 잘 회복한거 같아요. 벌써 그리워지네요ㅜㅜ
지금 생각해보면 너무 꿈같았던 시간이었습니다😂😅🥲",연년생이라니 얼마나 힘드실지정성스러운 음식 드시고 기운 내세요 육아는 체력이 제일 중요하니까요ㅠㅠ | 넹..ㅠㅠ 근데 관리사님 안 오시니 제 밥 차려먹을 시간도 없네요..ㅠㅠㅠ 첫째가 이제 막 유아식 시작단계라 첫째 식단 챙겨주기 바쁘고.. 요새 자다가 엄마가 옆에 없음 깨서 울어서 재워놓고 뭘 할수도 없구요..ㅜ,2,https://cafe.naver.com/f-e/cafes/24000254/articles/7255985?boardtype=L&userDisplay=50&menuid=13&referrerAllArticles=false&inCafeSearch=true&query=%EC%B2%AD%EA%B2%B0&art=aW50ZXJuYWwtY2FmZS1hcnRpY2xlLXJlYWQtaW5DYWZlLXNlYXJjaC1saXN0.eyJ0eXAiOiJKV1QiLCJhbGciOiJIUzI1NiJ9.eyJjYWZlVHlwZSI6IkNBRkVfSUQiLCJhcnRpY2xlSWQiOjcyNTU5ODUsImlzc3VlZEF0IjoxNzg4MjMzMTE4MzU2LCJjYWZlSWQiOjI0MDAwMjU0fQ.ruUEbgijWY08plW7jLRwtAcgSWPBIS8sh_yUznsfrDI&page=1,JKS
대구맘365,24000254,13,청결,여성메디파크병원 수성점 산후조리원 VIP방 후기입니당~,2026.03.02. 14:24,"대구 수성구에 위치한 여성메디파크 산후조리원 VIP룸 610호에서 지내며 전반적으로 매우 만족스러운 시간을 보냈습니다. 방은 넓고 깔끔하게 관리되어 있어 첫인상부터 편안함이 느껴졌고, 침대와 소파 공간이 분리되어 있어 휴식과 수유, 생활 동선이 여유로웠습니다. 북향이라 강한 햇살이 직접 들어오지는 않지만, 오히려 눈부심 없이 은은하고 안정적인 밝기가 유지되어 산후 회복기에 편안하게 쉬기 좋은 환경이었습니다. 외부 시선이나 소음 걱정도 적어 전체적으로 프라이빗하고 차분한 분위기였습니다.무엇보다 좋았던 점은 식사와 간식 서비스였습니다. 정해진 시간마다 식사와 간식이 모두 방으로 직접 제공되어, 이동할 필요 없이 아기 돌봄과 휴식에만 집중할 수 있었습니다. 메뉴도 영양 균형을 잘 고려해 구성되어 있고 맛도 좋아 매 끼니가 기다려질 정도였어요. 프라이빗하게 식사를 할 수 있다는 점도 산모 입장에서는 큰 장점이었습니다.침구와 실내 컨디션도 항상 청결하게 유지되었고, 필요한 부분은 직원분들이 빠르게 도움을 주셔서 지내는 동안 불편함이 거의 없었습니다. 직원분들 역시 친절하고 세심하게 케어해 주셔서 초보 엄마로서 심리적으로도 많은 안정감을 느낄 수 있었습니다.다른 후기에서 만족도가 높은 이유를 직접 경험해 보니 충분히 공감이 되었고, 조용하고 편안한 환경에서 몸과 마음을 충분히 회복할 수 있었던 소중한 시간이었습니다. 프라이빗한 공간에서 안정적으로 산후조리를 하고 싶으신 분들께 자신 있게 추천드리고 싶은 곳입니다.
​
1.소아과 의료진의 매일 아침 회진
2.산부인과 진료 24시간 가능
3.쾌적한 환경, 매일 방청소
4.프라이빗한 식사
5.친절하신 간호사 선생님들
6.목욕,수유교육 등 전문적이고 재미있는 교육
7.전신마사지,가슴마사지 너무 좋음 붓기 싹빠짐
8.매일 혈압,열측정 산모상태 관찰해주심
9.목욕시간 제외 면회상시가능
​",방이 엄청 넓군요! 정말 편하게 있을수 있을것 같아요,1,https://cafe.naver.com/f-e/cafes/24000254/articles/7250718?boardtype=L&userDisplay=50&menuid=13&referrerAllArticles=false&inCafeSearch=true&query=%EC%B2%AD%EA%B2%B0&art=aW50ZXJuYWwtY2FmZS1hcnRpY2xlLXJlYWQtaW5DYWZlLXNlYXJjaC1saXN0.eyJ0eXAiOiJKV1QiLCJhbGciOiJIUzI1NiJ9.eyJjYWZlVHlwZSI6IkNBRkVfSUQiLCJhcnRpY2xlSWQiOjcyNTA3MTgsImlzc3VlZEF0IjoxNzg4MjMzMTE4MzU2LCJjYWZlSWQiOjI0MDAwMjU0fQ.1S71kO767kTRX1SlrqZxCspZlRJ1PfswrXSU5I9e9ww&page=1,JKS
대구맘365,24000254,13,청결,,,,,0,https://cafe.naver.com/f-e/cafes/24000254/articles/7244546?boardtype=L&userDisplay=50&menuid=13&referrerAllArticles=false&inCafeSearch=true&query=%EC%B2%AD%EA%B2%B0&art=aW50ZXJuYWwtY2FmZS1hcnRpY2xlLXJlYWQtaW5DYWZlLXNlYXJjaC1saXN0.eyJ0eXAiOiJKV1QiLCJhbGciOiJIUzI1NiJ9.eyJjYWZlVHlwZSI6IkNBRkVfSUQiLCJhcnRpY2xlSWQiOjcyNDQ1NDYsImlzc3VlZEF0IjoxNzg4MjMzMTE4MzU2LCJjYWZlSWQiOjI0MDAwMjU0fQ.24ZORXxUqzOxTtgGiSPaWNinBWkvuGD6zt6Md3EOEzE&page=1,JKS
대구맘365,24000254,13,청결,여성메디파크병원 디럭스 후기,2026.02.03. 07:13,"🔸출산후기 내용은 ""출산 성공 바이러스""
에 게시글 작성해 주시기 바랍니다.
​
🔸""예비맘정보공유"" 게시판에 위 게시글 작성시
활동정지 및 무통보 삭제됨을 알려드립니다.
​
효성병원에서 출산 후 여성메디파크병원 조리원을 이용했는데, 효성병원과 조리원이 가까워 출산 직후 이동 시간이 짧았고, 산모 컨디션에 부담이 적은 동선이라 만족스러웠어요. 입실 시 기본 오리엔테이션이 잘 되어 있고, 산모 건강 체크와 신생아 관리 시스템이 체계적으로 운영되는 느낌을 받았습니다.
신생아 조리원 입소시 소아과 전문의선생님께 진료받고 입소할수있어서 좋았어요
​
​
조리원 내부는 전체적으로 깔끔하고 조용한 편이며, 산모실 컨디션도 안정적으로 유지됩니다
​
​
그중에서도 신생아 관리가 특히 만족스러웠어요. 신생아실 관리가 체계적으로 이루어지고 있어 초산모인 저도 안심이 됐습니다.아기수 대비 선생님들이 꽤 많은편이에요. 특히 수유방법이나 아기상태를 잘모르는 초산모에게 큰 도움이 됬어요
출산한지 얼마 안되서 눈이 내렸는데 수간호사님이 오늘 애기들 태어나서 첫눈구경시켜주셨다고 해서 호로몬 만땅인 산모는 눈물찔끔했네요
아기 상태를 수시로 체크해 주시고, 수유나 분유량 관련해서도 산모 입장에서 이해하기 쉽게 설명해 주셨어요.
특히 수유 방식에 대해 강요 없이 산모 선택을 존중해 주는 점이 인상적이었고, 아기 컨디션 변화가 있을 때 바로 안내해 주셔서 신뢰가 갔습니다. 신생아실도 청결하게 관리되는 느낌이었고, 전반적으로 아기를 믿고 맡길 수 있다는 안정감이 커서 산후 회복에 더 집중할 수 있었어요. 효성병원 출산 후 조리원을 고민 중이라면 신생아 관리 측면에서 여성메디파크병원 조리원은 충분히 만족스러운 선택이라고 생각합니다.
​
조리원식사도 빼놓을수없는 부분이라 사진으로 대체해요
​
​",저도 여기 예약했는데 기대되네요 ㅎㅎ,1,https://cafe.naver.com/f-e/cafes/24000254/articles/7232174?boardtype=L&userDisplay=50&menuid=13&referrerAllArticles=false&inCafeSearch=true&query=%EC%B2%AD%EA%B2%B0&art=aW50ZXJuYWwtY2FmZS1hcnRpY2xlLXJlYWQtaW5DYWZlLXNlYXJjaC1saXN0.eyJ0eXAiOiJKV1QiLCJhbGciOiJIUzI1NiJ9.eyJjYWZlVHlwZSI6IkNBRkVfSUQiLCJhcnRpY2xlSWQiOjcyMzIxNzQsImlzc3VlZEF0IjoxNzg4MjMzMTE4MzU2LCJjYWZlSWQiOjI0MDAwMjU0fQ.YXmWNUrY2QXcPqr2lTrv6L2huRPHpZQECcDNmjADGJE&page=1,JKS
대구맘365,24000254,13,청결,지온산후조리원 이용후기,2026.01.04. 08:46,"​
안녕하세요 지온산후조리원 후기입니다
급하게 조리원 알아보고 운좋게 지온 예약하고 자리가 나서 2주동안 지냈는데요
너무너무 만족해서 후기 남깁니다🥰
​
​
밥이 맛있다는 얘기를 많이 들어서 기대하고 갔는데
기대만큼 정갈하고 맛있었어요
보호자 식사도 함께 할수있어서 좋았어요 :)
매일 나오는 간식들도 맛있었어요!!
​
​
그리고 매일 청소, 세탁해주시는 것도 👍🏻👍🏻
방역, 청결에 꼼꼼한 부분이 아주 마음에 들었어요ㅎㅎ
교육 프로그램들도 도움이 많이 됐구요
매일 받는 경혈 마사지도 너무 좋았습니다
맛있는 밥도 밥이지만
마사지해주시는 원장님들, 신생아실 선생님들 직원분들 모두 너무 친절하셔서 편하게 쉬고 갑니다😊😊
둘째가 생긴다면 또 이용하고 싶어요
​
🔸출산후기 내용은 ""출산 성공 바이러스""
에 게시글 작성해 주시기 바랍니다.
​
🔸""예비맘정보공유"" 게시판에 위 게시글 작성시
활동정지 및 무통보 삭제됨을 알려드립니다.","저도 지온 예약했는데 밥이 기대되요! | 와 밥 잘나오네요~~ | 혹시 보호자 식대 추가있나요??ㅎㅎ | 보호자 식대 한끼 만원이었습니당ㅎㅎ | 저두 지온가요 ㅎㅎ 혹시 마사지 회당 시간이 어떻게 되는지 공유 가능 하실까요. ? | 회당 50분?정도 였던거같아요! 저는 너무 만족스러워서 퇴소때까지 매일 받았어요ㅎㅎ | 오우 첫째때 마사지 효과 많이 봤어서여기서도 과연 효과가 있을란지기대되네요 ㅎㅎ | 안녕하세요!혹시 지온 마사지 받으시고 퇴소때 몸무게랑 붓기 얼마나빠지셨나요?ㅠㅠ | 안녕하세요 답이 너무 늦었네요ㅠㅠ 저는 15키로 빠지고 허리, 다리라인도 꽤나 돌아왔어요~! 매일 받는거 완전 추천드려용 | 마사지 효과는 괜찮으셨나욥...?? | 넵 1회만 받고 너무 만족스러워서 매일 받았더니 15키로 빠지고 부기도 싹 빠지고 라인도 꽤 돌아왔습니다ㅎㅎ 물론 밥 쪼금먹고 간식도 거의 남편이 먹긴했기만😅 혹시 생각있으시면 매일 받는거 추천드려요 | 👍 | 혹시 마사지 어떻게 받으셨어용? 패키지랑 그냥 단독중에 어떤걸 해야할쥐 ㅠㅠ | 저는 그냥 단독으로 받고 조리원이 아닌 마사지샵에서 따로 결제했어요ㅎㅎㅎ마사지만 한번 받아보시고 패키지할지말지 정해도될거예요! 마사지할때 가슴, 얼굴 다 해주시긴합니당ㅎㅎㅎ",14,https://cafe.naver.com/f-e/cafes/24000254/articles/7211366?boardtype=L&userDisplay=50&menuid=13&referrerAllArticles=false&inCafeSearch=true&query=%EC%B2%AD%EA%B2%B0&art=aW50ZXJuYWwtY2FmZS1hcnRpY2xlLXJlYWQtaW5DYWZlLXNlYXJjaC1saXN0.eyJ0eXAiOiJKV1QiLCJhbGciOiJIUzI1NiJ9.eyJjYWZlVHlwZSI6IkNBRkVfSUQiLCJhcnRpY2xlSWQiOjcyMTEzNjYsImlzc3VlZEF0IjoxNzg4MjMzMTE4MzU2LCJjYWZlSWQiOjI0MDAwMjU0fQ.GKF6HpEeReSbL9x84bICVOQ5RvKV3Maxogc5bcNLzcs&page=1,JKS
대구맘365,24000254,13,청소,대구 늘봄산후도우미 추천 후기,2026.08.31. 15:45,"안녕하세요
​
둘째 출산 후
산후도우미는 필수다! 라고 생각해서
첫째때 이용했던 업체를 예약하려다가
첫째때 관리사님이 예약이 안되길래 다른업체를 이용했다가 만족스럽지않아서
3일만에 바로 다시 늘봄을 찾았습니다
​
이번에도 역시 대만족이였어요
왜 다른곳을 이용했었는지ㅜㅜㅜㅜ
​
둘째때에는 ㅁㅁㅎ관리사님이 와주셨는데
너무너무 좋았어요!!
​
요리도 매일 해주시고
빨래며 집안청소며 너무 잘해주시고
무엇보다 아기를 너무 예뻐해주시는게 보여서
매일 맘편하게 쉬었어요
​
이번에 태어난 둘째는 물론이고
첫째 이름도 매일 다정하게 불러주시고
말 걸어주셔서
첫째도 매일 아침만 되면 이모~~ 하며 찾아요
​
대구 늘봄업체도 강추
ㅁㅁㅎ 관리사님도 강추입니다 👍",안녕하세요:) 혹시 도우미분 성함 알 수 있을까요?,1,https://cafe.naver.com/f-e/cafes/24000254/articles/7381142?boardtype=L&userDisplay=50&menuid=13&referrerAllArticles=false&inCafeSearch=true&query=%EC%B2%AD%EC%86%8C&art=aW50ZXJuYWwtY2FmZS1hcnRpY2xlLXJlYWQtaW5DYWZlLXNlYXJjaC1saXN0.eyJ0eXAiOiJKV1QiLCJhbGciOiJIUzI1NiJ9.eyJjYWZlVHlwZSI6IkNBRkVfSUQiLCJhcnRpY2xlSWQiOjczODExNDIsImlzc3VlZEF0IjoxNzg4MjMzMTMwNjE0LCJjYWZlSWQiOjI0MDAwMjU0fQ.RGkHWHmKFh_unbPO3KmI_q9HLbtpqXd0o0OiuVTzKxY&page=1,JKS
대구맘365,24000254,13,청소,칠곡 정 산후조리원 2주 후기,2026.08.28. 23:35,"칠곡 정 산후조리원 2주 후기
​
8월 11일 제왕절개로 둘째 출산 후 정 산후조리원에서 조리원 생활을 하였습니다. 임신하면서 조리원을 알아볼 때 여러 곳을 비교해봤는데, 최종 정 산후조리원으로 결정한 이유는?
​
1. 첫째 면회가 가능한가?
키즈룸이 따로 마련이 되어 있어 첫째가 오면 같이 시간을 보낼 수 있었습니다. 단, 첫째는 동생을 볼 수 없습니다. 어린이집 다니고 있어서 아무래도 신생아에게 간염의 위험이 있으니...
2. 원장님,팀장님,선생님들께서 아기 너무 잘 케어 해 주시고 친절하시다는 이야기를 정말 많이 들었습니다. 귀찮을 정도로 질문을 드려도 늘 친절히 대답해 주시고, 수유실에서 아기 울음 소리가 들리면 달려 오셔서 살펴 봐 주십니다~
3. 23시간 신생아실을 볼 수 있습니다~~ 목욕시간 제외하고 신생아실을 볼 수 있습니다. 우리 아기 잘 자고 있나~어찌 놀고 있나 잘 보입니다.
전반적으로 모두 만족스러웠던 조리원에서 2주 생활
무엇보다 출산 직후라 몸도 많이 아프고 , 정신이 없었는데, 조리원에 있으면서 몸 회복에 집중할 수 있어서 좋았습니다. 아기 돌보는 것도 하나하나 알려주시고, 궁금한 게 있을 때 물어보면 편하게  대답해 주시고,(둘째지만 다시 신생아를 케어 해야 한다고 생각하니 잘 기억이 안 나요 ㅋㅋ) 선생님들 모두 너무 친절하시고 아기도 늘 따뜻하게 진심으로 예뻐해주시고 아껴주시는게 느껴져서 너무 감사했습니다.(울 아기 머리 이쁘게 빗어 주시고 자랑하시는 선생님 너무 귀여우심~~^^)
​
3번의 식사와 2번의 간식도 잘 챙겨주시고 너무너무 잘 먹고, 조리원에 있는 동안에는 정말 먹고 쉬고 아기보고 하면서 푹 쉬었던 것 같습니다~(식사와 간식은 방에서 먹어요) 방 청소와 빨래도 매일 해 주십니다. 그리고 제왕절개라 며칠은 움직이는 것도 불편하고 몸이 완전히 회복되지 않은 상태였는데, 시간이 지나면서 몸이 조금씩 좋아지는 걸 느끼니까 '아, 조리원 오길 잘했다' 생각이 듭니다.(첫째 때문에 조리원 오는 걸 고민했어요)
입점 되어있는 라마망마사지도 추천드립니다. 2주 예약한 산모에게는 하체 케어 해주시는데 사전 상담에서 목이랑 어깨도 불편하다 하니 같이 만져주셔서  싹 풀리면서 그날 정말 편안히 잘자고~ 이건 받아야 되겠다! 생각에 총3회 더 받았습니다. 마사지까지 받으니 진짜 조리원에서 '잘~ 쉬고있구나' 생각이 들었습니다.
조리원 주변 인프라가 잘 되어 있어서 필요하신게 있다면 외출하시면 됩니다. 대신 외출 후 아기는 2시간 이후에 볼 수 있어요~외출이 가능하다는 점도 최고의 장점~~처음에는 2주가 길게 느껴질 것 같았는데 막상 지내다 보니 시간이 정말 빨리 지나갔습니다.
이제 집에 가서 첫째랑 둘째 함께 지낼 생각에 설레면서도 살짝 걱정되지만, 조리원에서 쉬면서 체력도 조금 회복하고 아기 돌보는 것도 배워서 다행이라는 생각이 듭니다.칠곡 쪽에서 산후조리원 결정을 고민하시는 산모님들께 조금이나마 도움이 되었으면 해서 후기 남겨봅니다~ 여기는 영덕, 안동, 경주에서 오시는 산모님들도 많으시네요~내 생애 마지막 조리원 생횔2주간 잘 지내고 갑니다~~^^",,0,https://cafe.naver.com/f-e/cafes/24000254/articles/7379532?boardtype=L&userDisplay=50&menuid=13&referrerAllArticles=false&inCafeSearch=true&query=%EC%B2%AD%EC%86%8C&art=aW50ZXJuYWwtY2FmZS1hcnRpY2xlLXJlYWQtaW5DYWZlLXNlYXJjaC1saXN0.eyJ0eXAiOiJKV1QiLCJhbGciOiJIUzI1NiJ9.eyJjYWZlVHlwZSI6IkNBRkVfSUQiLCJhcnRpY2xlSWQiOjczNzk1MzIsImlzc3VlZEF0IjoxNzg4MjMzMTMwNjE0LCJjYWZlSWQiOjI0MDAwMjU0fQ.c2hGpKHFgbIqxENuFlgTVO5b566Rc9U7QsFSDbq8J48&page=1,JKS
대구맘365,24000254,13,청소,김혜정조리원 수성점 2번 이용한 찐후기!,2026.08.19. 19:54,"저는 첫째때 김혜정조리원을 이용하고 넘 만족해서 둘째가 생긴다면 다시 와야겠다고 생각했어요
​
둘째임신 확인하자마자 전화로 예약문의를 했고 이미 예약이 다 찬 상태라 대기했다가 다행히 자리가 나서 입실했습니다
​
임신 극초기에 전화했는데도 자리가 없다고해서 깜짝놀랐어요 그만큼 산모들이 많이 찾는 조리원이라는 말이겠죠ㅎㅎ
​
[시설]
Previous image
Next image
6층: 안내데스크, 신생아실, 수유실, 유방관리실, 휴게실
사진에서도 보이겠지만 신생아실은 24시간 오픈되어있어서 언제든 아기를 볼 수 있어요
남편이나 첫째아이가 면회왔을 때도 원하면 언제든지 아기를 볼 수 있다는게 큰 장점이에요!
신생아실 안쪽으로 수유실과 유방관리실이 있어요 여기는 산모만 출입할 수 있습니다
5층: 반신욕기, 골반교정기, 마사지실
반신욕기는 땀빼는데 아주 좋아요👍 이용하는 산모들이 많아서 시간대를 잘 맞춰가야 비어있습니다 ㅎㅎ
5층 복도에서는 요가, 디즈니 등 프로그램도 진행됩니다
7층: 건식족욕기, 마사지실
건식족욕기는 아침 청소시간에 나와서 하기 딱좋아요!
띠뜻하면서 땀도 적당히 나서 부담없이 할 수 있어요
​
​
[식사]
식당은 8층에 있어요
아침 8:30 / 점심 12:30 / 저녁 17:30
간식 15:00 / 야식 20:00
아침식사, 주말은 뷔페식,
그외에는 한상차림으로 준비됩니다
김혜정조리원 밥 맛있어요!ㅎㅎ
다먹으면 엄청 배부르답니다
보호자 식사도 미리 말씀드리면 제공됩니다~!
​
​
[면회, 모자동실]
조리원에서 지내는 동안 둘째맘들이 많았어요
아마 첫째면회가 가능한게 가장 큰 이유가 아닐까싶어요
첫째아이가 엄마가 지내는 방까지 올 수 있습니다
대신 면회한 다음날 오후 4시까지 수유, 모자동실은 제한되어요
​
모자동실은 매일 오후1시~4시(신생아실 소독시간)에 자율적으로 선택하면 됩니다 ㅎㅎ
강요하는 분위기 전~혀 아니고 컨디션에 맞춰서 하시면 되요 모자동실 안해도 신생아실 선생님들께서 아주 잘 봐주십니다~~
​
​
[프로그램]
프로그램이 있는 날은 시간맞춰 방송으로 알려주세요
원하는 프로그램에 자율적으로 참여하시면 됩니다ㅎㅎ
월요일마다 있는 원장님 특강은 매주 다른 내용으로 진행되어서 특히 참여도가 높았어요
원장님이 질문도 최대한 다 받아주셔서 유익한 시간이었습니다 ㅎㅎ
​
​
[마사지]
조리원 입실하면 아이통곡마사지와 전신마사지를 1회 서비스받을 수 있어요
가슴마사지 받고 나면 뭉쳐있는 가슴이 정말 시원하게 풀어져요 ㅠㅠ 또 오전타임에는 수유실에서 모유수유자세도 잡아주신답니다👍
​
전신마사지는 사실 큰 기대안했는데 너무 좋았어요
돔안에 들어가서 순환마사지받으며 땀을 쫙 빼니까 확실히 붓기가 많이 빠지더라구요
저는 마사지추가해서 2주동안 잘 받았습니다
수유하면 어깨도 많이뭉치고 다리도 잘 붓는데 틈틈히 마사지 받으니 정말 좋았어요!
​
​
사실 둘째 임신기간동안 조리원을 갈지말지 참 고민이 많았어요
그치만 내가 빨리 회복해야 앞으로의 육아에 더 전념할 수 있다 생각하고 입실을 결정했답니다
​
저는 2주 지내는동안 건강한 식단에 몸도 많이 회복하고 신생아실 선생님들도 항상 친절하게 알려주셔서 잊고있던 아기케어방법도 많이 배우고왔어요
​
조리원 고민하고 계시는 예비맘님들~ 빠른 회복을 위해서라도 조리원 꼭 이용하세요ㅜㅠ!!","아빠는 괜찮고 첫째아이 만났읕때만 다음날 4시까지 수유,모자동실 금지인가요? | 네네맞아요 남편출입은 자유로워요 첫째면회시에만 4시까지 금지되더라구요!",2,https://cafe.naver.com/f-e/cafes/24000254/articles/7372436?boardtype=L&userDisplay=50&menuid=13&referrerAllArticles=false&inCafeSearch=true&query=%EC%B2%AD%EC%86%8C&art=aW50ZXJuYWwtY2FmZS1hcnRpY2xlLXJlYWQtaW5DYWZlLXNlYXJjaC1saXN0.eyJ0eXAiOiJKV1QiLCJhbGciOiJIUzI1NiJ9.eyJjYWZlVHlwZSI6IkNBRkVfSUQiLCJhcnRpY2xlSWQiOjczNzI0MzYsImlzc3VlZEF0IjoxNzg4MjMzMTMwNjE0LCJjYWZlSWQiOjI0MDAwMjU0fQ.GEfCKBrJErX4nRFARNtGaShSQ6OkyN3--5tfWVCejUg&page=1,JKS
대구맘365,24000254,13,청소,닥터안 산후조리원 후기,2026.08.19. 16:06,"저는 임신후 8주차쯤 되자마자 산후조리원 부터 알아보고 여러 고민끝에 닥터안으로 예약했어요
결정하게된 이유는 모자동실이 가능하고 남편 출입 자유롭고 산모 본인의 출입도 자유로운편이라 좋다고 생각했어요 게다가 병원까지 함께있어 안전하다고 느꼈어요! 저는 13박14일로 예약했고 일반실 이용했습니다!
​
방은 우선 깔끔하고 생각보다 넓은 편이었어요 또 방에 직접 밥을 갖다주시고 간식까지 잘 나왔어요 다양한 메뉴에 맛도 좋았어요 그리고 청소이모님이 진짜 친절하시고 잘 챙겨주셔서 너무 고마웠어요
​
그리고 남편 출입이 자유롭고 산모 본인의 외출도 자유로워서 지내기에 편했어요 외롭거나 우울할 틈없이 낮엔 유축과 모자동실, 수유콜 등으로 보내다가 남편퇴근후엔 같이 있을수 있었고 나갔다오면 당일은 아기를 못보는데 낮에 실컷 보다가 저녁에 외출하고 외식하고 들어오니 하루가 기분좋게 마무리 되어 좋았어요!
​
모자동실도 너무 추천해요 하고싶은 시간 아무때나 방에서 전화해서 신청하면 선생님들께서 기저귀, 물티슈, 보충수유 등 챙겨서 침대 통째로 방까지 챙겨와주세요 기본3시간이상 해야되고 돌보다 문제가 생기거나? 궁금하거 있으면 전화드리면 직접 올라오시거나 바로  알려주셨어요 바로 대처가 된다고 생각하니 마음편히 아기보는 연습을 할수있었고 세시간도 잘 지나가서 나중엔 더 오래도 보게 되더라구요! 적극 추천합니다!
​
무엇보다 신생아실 선생님들이 정말 최고였어요
신생아케어 해주시는 선생님들이 다들 너무 친절하시고 아기를 진심으로 좋아서 이 일을 하시는것 같았어요 항상 아기한테 이쁜말 걸어주시고 엄마들 편하게 해주시는 말한마디한마디가 좋았어요 덕분에 아기 잘 케어해서 퇴실합니다
​
이건 다른 분께 들은 이야기인데 5-6년전에 첫째아기를 처음으로 오셔서 벌써 세번째 오셨다는 산모님이 그때랑 지금이랑 선생님들이 거의 바뀌지않고 계속 근무하신다는 말을듣고 더더욱 신뢰가 갔어요 늘 친절하셨고 또 오래 일하시는만큼 아이들한테도 더 잘해주실거라고 생각이 들어 저도 둘째를 낳게되면 닥터안으로 올 것 같아요! 정말 너무 빠르게 흘러가서 아쉬울정도로 좋았던 닥터안 산후조리원 정말 추천합니다! 덕분네  잘회복하고 갑니다 감사합니다~
​",,0,https://cafe.naver.com/f-e/cafes/24000254/articles/7372258?boardtype=L&userDisplay=50&menuid=13&referrerAllArticles=false&inCafeSearch=true&query=%EC%B2%AD%EC%86%8C&art=aW50ZXJuYWwtY2FmZS1hcnRpY2xlLXJlYWQtaW5DYWZlLXNlYXJjaC1saXN0.eyJ0eXAiOiJKV1QiLCJhbGciOiJIUzI1NiJ9.eyJjYWZlVHlwZSI6IkNBRkVfSUQiLCJhcnRpY2xlSWQiOjczNzIyNTgsImlzc3VlZEF0IjoxNzg4MjMzMTMwNjE0LCJjYWZlSWQiOjI0MDAwMjU0fQ.ZyH473YdaV-e90VtbvWIJ21Lzimrv7nFE-trNGnGO_Q&page=1,JKS
대구맘365,24000254,13,청소,,,,,0,https://cafe.naver.com/f-e/cafes/24000254/articles/7371666?boardtype=L&userDisplay=50&menuid=13&referrerAllArticles=false&inCafeSearch=true&query=%EC%B2%AD%EC%86%8C&art=aW50ZXJuYWwtY2FmZS1hcnRpY2xlLXJlYWQtaW5DYWZlLXNlYXJjaC1saXN0.eyJ0eXAiOiJKV1QiLCJhbGciOiJIUzI1NiJ9.eyJjYWZlVHlwZSI6IkNBRkVfSUQiLCJhcnRpY2xlSWQiOjczNzE2NjYsImlzc3VlZEF0IjoxNzg4MjMzMTMwNjE0LCJjYWZlSWQiOjI0MDAwMjU0fQ.8fssga5VPJlPz28HL3fM20esemsfbBX1aHijzOwgCq0&page=1,JKS
대구맘365,24000254,13,청소,테무 쿠폰 쇼핑 할인코드 담아본 목록 공개,2026.08.17. 01:03,"파트너스 활동으로 수수료를 받습니다.
가을에 식을 올리기로 하고 집부터 구했는데, 큰 가구랑 가전을 넣고 나니 예산이 거의 남지 않았어요.
그런데 살림을 시작하려니 자잘한 게 끝없이 필요하더라구요.
수건걸이며 휴지통이며 하나하나는 얼마 안 하는데 목록을 적어보니 백 개가 넘었습니다.
예비 신부 카페에서 다들 어떻게 하나 봤더니 소소한 건 직구로 채운다는 분들이 많더라구요.
그때 테무 쿠폰 이야기를 알게 됐어요.
들어가 보니 정말 없는 게 없었습니다.
이런 것까지 파나 싶은 것들이 계속 나와서 목록을 옆에 놓고 하나씩 찾아 담았어요.
>> 테무 쿠폰 정보 확인하러 가기
링크 접속 후
테무 앱 검색창
에 코드를 검색하세요
검색할 코드 :
ale940298
신규 회원과 기존 회원 모두 적용됩니다~
검색하지 않으면 반영되지 않으니 꼭 확인하세요
저는 욕실 쪽부터 시작했습니다. 칫솔꽂이랑 선반, 수건걸이, 배수구 거름망까지 한 번에 담았어요.
그다음이 주방이었는데 여기가 제일 많았습니다.
수저통이랑 조미료 통, 서랍 칸막이, 행주걸이까지 넣으니 목록이 확 줄더라구요.
혼수 목록을 엑셀로 정리했는데 자잘한 것만 따로 시트를 만들었어요. 그렇게 하니 빠뜨리는 게 없더라구요.
코드는 링크 타고 들어간 다음에 앱 검색창에 넣는 방식인데 처음엔 몰라서 결제 화면에서 한참 찾았어요.
고를 때는 색을 두 가지로 정해두고 그 안에서만 골랐습니다.
살림이 제각각이면 나중에 정리해도 어수선해 보인다고 하셔서요.
크기는 줄자로 재고 담았어요. 서랍 안쪽이나 선반 폭은 몇 센티만 어긋나도 못 쓰니까 이건 꼭 확인했습니다.
코드를 넣고 나서 금액이 바뀌는 걸 보고 결제했어요. 확인하고 넘어가야 마음이 놓이더라구요.
붙이는 방식인지 걸어두는 방식인지도 봤어요.
새집이라 벽에 구멍 내기가 망설여져서 붙이는 걸로 골랐는데, 타일 재질에 따라 안 붙을 수 있다길래 후기를 여러 개 읽었습니다.
실제로 집에 놓아둔 사진이 올라온 후기가 많아서 그걸 보고 정했어요.
상품 사진만 봐서는 크기 감이 전혀 안 잡히더라구요.
예신 카페에 목록을 올렸더니 빠진 것들을 알려주시더라구요.
먼저 해보신 분들이라 그런지 제가 생각 못 한 게 많았습니다.
배송은 이 주쯤 걸렸는데 입주까지 시간이 있어서 신경 쓰이지 않았습니다.
나눠서 오길래 하나씩 정리해두기도 편했어요.
입주가 아직이라 받는 걸 친정으로 해뒀습니다. 상자가 쌓이니까 엄마가 뭐가 이렇게 오냐고 하시더라구요.
받아보니 아주 튼튼한 재질은 아니지만 매일 험하게 쓰는 것들이 아니라 충분하다 싶었습니다.
테무 쿠폰 챙겨서 채우고 나니 목록에 남은 게 몇 개 안 됐어요.
남은 예산으로 침구를 조금 더 좋은 걸로 바꿀 수 있게 됐습니다.
받은 것들은 방마다 나눠서 상자에 넣어뒀습니다. 입주하면 그대로 옮기기만 하면 되니까요.
신랑은 이런 걸 잘 모르니까 제가 다 고르게 됐는데 오히려 그게 나았어요. 취향이 갈리면 더 오래 걸렸을 것 같습니다.
비슷하게 준비하시는 분들은 자잘한 것부터 목록을 만들어보세요. 생각보다 개수가 많아서 놀라실 겁니다~
비슷하게 준비하시는 분들은 자잘한 것부터 목록을 만들어보세요. 생각보다 개수가 많아서 놀라실 겁니다~
입주 청소 끝나고 하나씩 놓아보니 그제야 집 같아 보이더라구요.
현관이랑 베란다 쪽은 아직 못 채웠어요. 살아보면서 필요한 게 나올 것 같아서 나중에 담으려고 합니다.
준비하면서 제일 크게 배운 건 큰 것보다 작은 게 더 많이 든다는 점이었습니다.
신랑이 상자를 보더니 이게 다 뭐냐고 놀라더라구요.
​",큰 가구 넣고 나면 예산이 안 남는 게 맞더라구요 테무 쿠폰 확인하고 저도 자잘한 것부터 채워봐야겠습니다 좋은 정보 고맙습니다 | 목록을 적어보니 백 개가 넘었다는 말에 놀랐네요 테무 쿠폰 챙기면서 저도 먼저 적어봐야 할 것 같습니다 참고 많이 되었습니다 | 색을 두 가지로 정해두고 고르셨다는 게 참고가 됩니다 테무 쿠폰 담을 때 저도 그렇게 해봐야 하겠습니다 잘 읽고 갑니다 감사합니다 저장해둘게요 | 새집에 구멍 내기 망설여지는 것도 공감돼요 테무 쿠폰 확인하면서 저도 붙이는 방식으로 찾아봐야겠습니다 덕분에 잘 배우고 갑니다 | 집에 놓아둔 사진 후기를 보고 정하셨다니 좋은 방법이네요 테무 쿠폰 담기 전에 저도 읽어봐야 하겠습니다 오늘 도움 많이 받았어요 | 남은 예산으로 침구를 바꾸셨다는 게 부럽습니다 테무 쿠폰 챙겨서 저도 그렇게 정리해보려고 생각합니다 좋은 정보 고맙습니다,6,https://cafe.naver.com/f-e/cafes/24000254/articles/7370296?boardtype=L&userDisplay=50&menuid=13&referrerAllArticles=false&inCafeSearch=true&query=%EC%B2%AD%EC%86%8C&art=aW50ZXJuYWwtY2FmZS1hcnRpY2xlLXJlYWQtaW5DYWZlLXNlYXJjaC1saXN0.eyJ0eXAiOiJKV1QiLCJhbGciOiJIUzI1NiJ9.eyJjYWZlVHlwZSI6IkNBRkVfSUQiLCJhcnRpY2xlSWQiOjczNzAyOTYsImlzc3VlZEF0IjoxNzg4MjMzMTMwNjE0LCJjYWZlSWQiOjI0MDAwMjU0fQ.fFxz1HFRawLnsR14O4eAX8HwmCkvs1FCkPAZvGbLvMg&page=1,JKS
대구맘365,24000254,13,청소,대구 산후도우미 봄소리 추천 합니다,2026.08.12. 12:59,"중구 수창동에 거주하고 있는 둘째맘입니다
첫째때 도우미 업체가 너무 맘에 안들어서 이번에 친구랑
산모교실 갔다가 봄소리라는 업체를 알게 되었는데
친절하게 설명도 해주시고 너무 마음에 들었습니다!
어제까지만 하시고 이모님께서 가셨는데 눈물이..
애기 케어도 잘해주시고 무엇보다 집안 청소를 정말
잘해주셨고 모르는거 물어보면 다 답변해주시더라구요^^
역시 오래된 경력자이신거 같았어요!
체크리스트에도 잘체크해주시고 자장가도 불러주시고
책도 읽어주시더라구요~ㅎㅎ 항상 애기한테 붙어있었습니다!
첫째가 하필 방학이여서 민폐는 아니인가 했는데
오히려 첫째도 이뻐해주고 잘봐주시고 음식도 해주셨어요
첫째도 선생님~선생님~하면서 잘 따르더라구요^^
봄소리 동대구점 추천 합니다 !
도우미 이모님 궁금하신분들은 쪽지주시면 알려드릴께요~
​
​",언제부터 신청해야할까요.. | 안그래도 알아보고있어었는데 정보감사해요! | 글 잘읽었어요~ 혹시 이모님 성함 알수있을까요..? ☺️,3,https://cafe.naver.com/f-e/cafes/24000254/articles/7366999?boardtype=L&userDisplay=50&menuid=13&referrerAllArticles=false&inCafeSearch=true&query=%EC%B2%AD%EC%86%8C&art=aW50ZXJuYWwtY2FmZS1hcnRpY2xlLXJlYWQtaW5DYWZlLXNlYXJjaC1saXN0.eyJ0eXAiOiJKV1QiLCJhbGciOiJIUzI1NiJ9.eyJjYWZlVHlwZSI6IkNBRkVfSUQiLCJhcnRpY2xlSWQiOjczNjY5OTksImlzc3VlZEF0IjoxNzg4MjMzMTMwNjE0LCJjYWZlSWQiOjI0MDAwMjU0fQ.Q4guSWVmQMij6ozg5ozhkxXudPqvNBAjAVe9bqLsNKU&page=1,JKS
대구맘365,24000254,13,청소,장원매트 시공 후기,2026.08.11. 15:09,"안녕하세요
몇달동안 고민하다가 장원매트에서 매트시공을 했습니다
​
장원매트는 지인이 추천해줘서 알게되었는데 여러가지 회사와 비교해보고 고심끝에 시공하게되었습니다
​
온라인견적도 가능하고 오프라인방문 견적을 했을때 장수는 크게 차이나지 않았어요 견적이 궁금하시면 온라인견적 받아보시는것도 나쁘지 않을거 같아요
​
매트종류는 클라셰와 프라임이 있어요
클라쎄가 프리미엄버전이고 가격대가 더 높습니다 대신에 더 오래사용할수있고 내구성이 더 좋다네요
저희도 사실 클라쎄를 깔려고 했는데 실제로 프라임을 봤을때 프라임도 충분히 좋아서 프라임을 택했답니다
견적봐주시는 사장님도 프라임을 추천해주신거에 더 솔깃한것도 있어요
매트 시공에서 중요한 점은 바닥을 들어내고 청소를 잘 못하기 때문에 사이 틈 시공을 얼마나 꼼꼼히 잘하냐인데,, 정말 물을 흘려도 안스며들게 꽉꽉 잘 시공해주셔서 너무 만족입니다
사진상 떠보있는 느낌은 온도에따라(계절에따라) 수축팽창해서 시간이 지나면 괜찮아진다고 하네요
​
색상은 화이트 마블이에요 마블모양이 사실 조금 제 취향은 아니었지만 막상 깔고나니 은은해서 오히려 쌩 화이트보다 나은거 같더라구요 고급진느낌이라서 좋았습니다
​
소파나 식탁도 안눌리게 잘 시공해주셨어요
​
​
팬트리문도 잘 열리게끔 해주셨고 단차가 없도록 시공해주신점이 마음에 들었어요
​
​
​
시공 후 그냥바닥을 걸어다니는것보다 훨씬 무리가 안가서 아기 어릴때 혹은 임신했을때부터 시공하는거 강력추천합니다. 특히 임신후기되면 발도붓고 관절에 무리도 가서 힘든데 그때부터 시공했으면 어땠을까 조금 아쉬움이 들었어요ㅎㅎ
​
시공매트 고민하시는 분 있으시다면 제 글이 도움이 되었으면 좋겠습니다
​
#장원매트대구 #층간소음매트 #장원매트시공 #시공매트후기 #장원매트(대구)",,0,https://cafe.naver.com/f-e/cafes/24000254/articles/7366267?boardtype=L&userDisplay=50&menuid=13&referrerAllArticles=false&inCafeSearch=true&query=%EC%B2%AD%EC%86%8C&art=aW50ZXJuYWwtY2FmZS1hcnRpY2xlLXJlYWQtaW5DYWZlLXNlYXJjaC1saXN0.eyJ0eXAiOiJKV1QiLCJhbGciOiJIUzI1NiJ9.eyJjYWZlVHlwZSI6IkNBRkVfSUQiLCJhcnRpY2xlSWQiOjczNjYyNjcsImlzc3VlZEF0IjoxNzg4MjMzMTMwNjE0LCJjYWZlSWQiOjI0MDAwMjU0fQ.jswzudhMYahCFnjl2ejQB6RUd0IUn4hLA4rPsf_04lQ&page=1,JKS
대구맘365,24000254,13,청소,매트 구매 정말 고민되네요.,2026.08.10. 11:44,"저는 둘째 준비중인 육아맘이예요.
첫아이때 알집매트로 거실이랑 놀이방 깔았는데 둘째 준비하면서 매트 더 필요하더라고요. 첫애가 뛰어다니니.. 복도랑 작은방이랑 서재랑 2~3개 더 필요할듯요.
첨엔 브랜드 매트 많이 알아봤는데 층간소음방지에는 별 차이 없다는 충격적인 글들을 많이 보고는 중저가 가성비 높은 매트 알아보기 시작했어요. 근데 선택장애가 많네요. 어떤건 배송받고 냄새가 난다고 하고, 어떤건 매트 겉감 소재때문에 밀림현상 있다고 소리도 난다고 하고... 가성비 높은 매트 추천부탁해요. 그리고 매트볼때 젤먼저 멀 봐야하는지도 꼭 조언부탁해요.",바니하우스매트 가성비 좋고 밀림없고 청소도 간편하게 할수있어서 좋더라구요 !,1,https://cafe.naver.com/f-e/cafes/24000254/articles/7365218?boardtype=L&userDisplay=50&menuid=13&referrerAllArticles=false&inCafeSearch=true&query=%EC%B2%AD%EC%86%8C&art=aW50ZXJuYWwtY2FmZS1hcnRpY2xlLXJlYWQtaW5DYWZlLXNlYXJjaC1saXN0.eyJ0eXAiOiJKV1QiLCJhbGciOiJIUzI1NiJ9.eyJjYWZlVHlwZSI6IkNBRkVfSUQiLCJhcnRpY2xlSWQiOjczNjUyMTgsImlzc3VlZEF0IjoxNzg4MjMzMTMwNjE0LCJjYWZlSWQiOjI0MDAwMjU0fQ.6p3cJBWQ3ec0k6QU0vvyVl_8h5z9uhY4pEu05TUe1Is&page=1,JKS
대구맘365,24000254,13,청소,리엘 산후조리원 후기 !,2026.08.08. 15:02,"제왕절개 후 미리 예약해둔 리엘 산후조리원으로 왔습니다!
한 9주차(?)쯤 예약했는데 하마터면 못들어올뻔했어요ㅠ
산후조리원은 원하는 곳 있으시다면 5주차? 아니면 임신 확인 되시자마자 예약 하시는게 좋은거 같아요!
​
** 방
저는 vip룸으로 했구요! 모션베드에 냉장고 소파 화장실도 넓어서 좋았습니다!
방에 유축기랑 있구요 깔대기는 따로 구매했어요!
청소는 아침식사 간 사이 매일 청소 해주시구요 일요일만 쓰레기통 앞에 나둬주시면 비워주시고 옷 따로 챙겨주세요
주말에는 푹 잘 수 있게 배려해쥬시는 거 같아 전 좋았습니다!!!:)
​
** 식사
리엘은 식사로 유명한거 아시죠~?
저는 무조건 밥 맛있게 먹으려고 리엘 예약한 것도 있어요!!
목요일은 간식데이도 있어서 과일이랑 과자 등 먹을 수 있고, 나머지 날짜에는 방 근처에 트레이에 15시마다 간식을 나둬주세요!:)
저녁간식도 있는데 보통 죽 종류들 나오더라구요!
​
**모자동실
​
방에 보면 카트가 하나 있어요!
모자동실 안되는 조리원도 많았는데 리엘은 카트만 끌고가면 11-14:20분 정도 신생아실 청소하는 시간 빼고 모자동실 가능하답니다
주말에는 남편도 숙박 가능해서 애기랑 함께 시간 보낼 수 있는 것도 좋아요
남편과 같이 가면 남편이 안아서 델고와서 카트를 가져갈 필요 없어요!! 참고하세용~~~~
저는 처음 온 날 애기보려고 모자동실하고 그 후는 남편 왔울 때만 했어요!!!ㅎㅎ
​
** 교육
교육도 있었는데 원장님 교육은 꼭 들으시는 거 추천드려요!
완전 유익했어요~~~ 그거 말고는 들으러 잘 안갔어요..
유축에 수유콜에 그것만해도 바빳거든요....ㅎㅎ
​
2주간 리엘에 있으면서 편하게 쉬면서 갑니다!!
더 연장하고 싶운 마음이에요
이제 일상으로 애기랑 돌아가야하는데 신생아실 선생님들 모셔서 델꼬 가고싶네요ㅠㅠ
저희 아기 이쁘게 돌봐주시고 많이 알려주셔서 감사합니다
대구에서 조리원 고민중이시라면 리엘로 추천드립니다!!!
50m
© NAVER Corp.
더보기
/OpenStreetMap
지도 데이터
x
© NAVER Corp.
/OpenStreetMap
지도 컨트롤러 범례
부동산
거리
읍,면,동
시,군,구
시,도
국가
리엘산후조리원
대구광역시 달서구 월배로 58 HCL 빌딩 7층",,0,https://cafe.naver.com/f-e/cafes/24000254/articles/7364054?boardtype=L&userDisplay=50&menuid=13&referrerAllArticles=false&inCafeSearch=true&query=%EC%B2%AD%EC%86%8C&art=aW50ZXJuYWwtY2FmZS1hcnRpY2xlLXJlYWQtaW5DYWZlLXNlYXJjaC1saXN0.eyJ0eXAiOiJKV1QiLCJhbGciOiJIUzI1NiJ9.eyJjYWZlVHlwZSI6IkNBRkVfSUQiLCJhcnRpY2xlSWQiOjczNjQwNTQsImlzc3VlZEF0IjoxNzg4MjMzMTMwNjE0LCJjYWZlSWQiOjI0MDAwMjU0fQ.hG6xyLWDwOWT0VuymN_fHO_zvMCnzqSNEDPRyB9pouU&page=1,JKS
대구맘365,24000254,13,청소,[대구 산후조리원 추천] 닥터안 산후조리원 2주후기!,2026.08.04. 02:12,"안녕하세요!
7월 22일, 대구 여성아이병원에서 무사히 자연분만으로 우리 구름이를 만나고 예약해 두었던닥터안 산후조리원'에
입소해 케어받고 있는 구름가족 초보맘입니다~~!!
임신했을 때부터 산후조리원이란 조리원은 다 검색해 보고, 남편이랑 상담도 정말 꼼꼼하게 받아봤었는데요.
고민 끝에 최종 결정한 곳이 바로 여기
닥터안 산후조리원
이었어요!
남편과 처음 상담하러 왔을 때부터 상담을 너무 친절하게 잘 해주셨고, 무엇보다 큰 창으로 신생아실이 시원하게 바로 보여서 안심이 되더라고요. 게다가
남편 직장이랑 집에서도 가까운 위치
에,
보호자 남편은 시간 제한 없이 자유롭게 외출 가능
하다는 점이 큰 메리트였어요! (은근 이 조건 맞는 곳 찾기가 어렵더라고요 ㅎㅎ) 참고로 조리원으로 택배나 배달 음식 이용도 가능한데, 1층에 내려가서 직접 수령하면 되어서 너무 편리했답니다.
​
건물 구성도 동선이 정말 잘 되어 있어서 2주 동안 지내면서 너무 편했는데요! 간단하게 층별 소개를 해드릴게요.
1층:
신생아실, 모유수유실, 허그룸(아빠와 엄마, 아기가 함께 볼 수 있는 공간!), 안마의자, 다리 마사지기, 혈압 측정기, 파라핀기, 상담실
2층:
아세아 연합의원(산부인과, 내과, 성형외과, 피부과, 마사지
(★병원이 같은 건물에 있어서 외출할 필요 없이 바로 진료나 진찰을 받을 수 있다는 게 최고 장점이에요!)
3층:
조리원 객실, 요가실(교육실)
4층:
조리원 객실, 족욕실, 찜질방
5층:
조리원 객실, 주방
복도마다 정수기, 전자레인지, 다리 마사지기가 기본으로 갖춰져 있어서 동선이 정말 좋습니다! 저는 텀블러에 따뜻한 물 가득 담아두고 틈틈이 계속 마셨고요, 수유콜 받고 다녀오거나 교육 들으러 다녀오느라 혹시 식사가 약간 식었을 때, 또는 남편이 야식 사 왔을 때 전자레인지로 따끈하게 데워먹으니 아주 좋더라고요 ㅎㅎ
​
저는 4층 방으로 배정받았어요!
들어오자마자 짐 풀고 신생아실 선생님께 아기에게 필요한 물품들을 먼저 챙겨드렸습니다.
자 그럼 방 구경해볼까요??
무엇보다
부대시설 이용
이 너무 만족스러웠는데요! 유축 마치고 신생아실 냉장고에 보관해 두고 나면 아무래도 어깨랑 뭉친 곳이 넘넘 아픈데ㅜㅜ... 1층 내려가서 안마의자랑 다리 마사지기로 시원하게 풀고! 파라핀 치료기까지 마치고 나면 손이 정말 보들보들해지고 피로가 싹 가시는 기분이었어요!!! 틈틈이 4층에 있는 족욕실도 이용하면서 제대로 힐링 타임을 가졌답니다.
4층 찜질방+족욕실
다쓰면 1층에서 말씀드리면 주시니 족욕도 열심히 ~
많은 분들이 제일 궁금해하실 식사! 🍽️
각 방마다 이모님께서 직접 식사를 가져다주셔요. 정말 친절하시고 따뜻하게 챙겨주십니다.
아침:
08:00
점심:
12:00
간식:
14:00
저녁:
17:00
야식:
19:00
정말 알차죠? 영양가 높고 맛있게 잘 나와서 질릴 틈이 없었어요!
그리고 매일 청소해 주시는 이모님께서도 지내는 동안 편하게 몸 회복하라고 따뜻한 덕담과 응원 말씀을 늘 건네주셔서 마음까지 힐링되었어요ㅜㅜㅜ 수건이나 휴지 같은 생필품도 부족함 없이 넉넉하게 채워주신답니다.
빨래 역시 각 방마다 마련된 빨래망에 넣어서 내놓으면 수거해 가셨다가, 오후에 보송보송하게 다 세탁해서 각 호실
번호가 적힌 사물함에 넣어주세요. 찾아오기만 하면 끝이라 정말 편했습니다!
1층 상담 데스크에 보면 월별 프로그램 일정이 나와 있어요. 시간 맞춰서 3층 교육실로 가면 신생아 케어 강의들을
들을 수 있습니다!
그리고 가장 감동이었던 건 바로
수유 케어
였어요. ❤️
수유콜을 받고 1층 모유수유실로 내려가면, 정말 베테랑이신 선생님들께서 올바른 수유 자세부터 수유 후 트림시키는 법, 우리 아기 피부나 변 상태 등 건강 상태까지 하나하나 꼼꼼하게 다 가르쳐주세요!
저는 초보 맘이라 아는 것도 없고, 처음에 아기를 안으면 자세가 너무 엉성하고 어정쩡했거든요 ㅠㅠ
그래서 모르는 게 생길 때마다 선생님들께 무조건 여쭤봤는데, 언제나 매번 정말 친절하고 다정하게 알려주셔서
큰 용기와 자신감을 얻었습니다! 선생님들 정말정말 최고.......ㅜㅜㅜㅜㅜㅜ!!!!
어느덧 2주라는 시간이 이렇게 순식간에 지나가버렸네요...
이제 퇴소가 딱 4일밖에 남지 않았다는 사실이 너무 아쉽고 믿기지 않아요. 이렇게 마지막 날이 다가오는 게 아쉬울 정도로,
전 닥터안 산후조리원에서의 생활 200% 만족
스러웠습니다!!!!
대구에서 출산 앞두고 계시거나, 친절하고 케어 잘해주는 산후조리원 찾고 계신 임산부 분들께
'닥터안 산후조리원'
정말 정말 적극 추천해요!!
귀여운 우리 아기 구름이 발 사진으로 이상 닥터안 산후조리원 2주 후기입니다!!
50m
© NAVER Corp.
더보기
/OpenStreetMap
지도 데이터
x
© NAVER Corp.
/OpenStreetMap
지도 컨트롤러 범례
부동산
거리
읍,면,동
시,군,구
시,도
국가
닥터안산후조리원
대구광역시 서구 서대구로 49 닥터안산후조리원
​",조리원 고민중이었는데 여기도 괜찮네요 | 전 만족만족이였습니다👍🏻👍🏻👍🏻용앤똥맘님 조리원 여기저기 상담 받아보셔요☺️ | 소아과의사쌤 회진은있을까용ㅠ? | 소아과원장님께서 직접 회진하셔요! 2층에경피용 BCG예약하게 되면 1층 신생아실에 내려오셔서 맞는거 볼수있다네요?(전 BCG는 피내용할거라) 울 아기는 제대탈락할때 배꼽 밑에부분에 고름이 좀 있다고 하셔서 선생님께서 직접 오셔서 소독하고 약 발라주는거 통유리로 봤습니다! 다행히 잘 아물었구요~~ㅎㅎ | 감사합니다~~~~좋은밤되세요~~ | 네ㅎㅎ 즐거운 주말보내세요☺️,6,https://cafe.naver.com/f-e/cafes/24000254/articles/7360133?boardtype=L&userDisplay=50&menuid=13&referrerAllArticles=false&inCafeSearch=true&query=%EC%B2%AD%EC%86%8C&art=aW50ZXJuYWwtY2FmZS1hcnRpY2xlLXJlYWQtaW5DYWZlLXNlYXJjaC1saXN0.eyJ0eXAiOiJKV1QiLCJhbGciOiJIUzI1NiJ9.eyJjYWZlVHlwZSI6IkNBRkVfSUQiLCJhcnRpY2xlSWQiOjczNjAxMzMsImlzc3VlZEF0IjoxNzg4MjMzMTMwNjE0LCJjYWZlSWQiOjI0MDAwMjU0fQ.7YFQSNFWK7PqtOaeIGEg0-sV9WQM6F_VnCg-0b08n_8&page=1,JKS
대구맘365,24000254,13,청소,,,,,0,https://cafe.naver.com/f-e/cafes/24000254/articles/7358559?boardtype=L&userDisplay=50&menuid=13&referrerAllArticles=false&inCafeSearch=true&query=%EC%B2%AD%EC%86%8C&art=aW50ZXJuYWwtY2FmZS1hcnRpY2xlLXJlYWQtaW5DYWZlLXNlYXJjaC1saXN0.eyJ0eXAiOiJKV1QiLCJhbGciOiJIUzI1NiJ9.eyJjYWZlVHlwZSI6IkNBRkVfSUQiLCJhcnRpY2xlSWQiOjczNTg1NTksImlzc3VlZEF0IjoxNzg4MjMzMTMwNjE0LCJjYWZlSWQiOjI0MDAwMjU0fQ.w6f5fB1s9lFSca0kZ_jfL-rAQmUQ69Gg8vFV4EzFlto&page=1,JKS
대구맘365,24000254,13,청소,산후조리원 꼭 가야할까요?,2026.07.27. 15:11,"안녕하세요☺️
내년 1월 예정인 예비맘입니다.
​
산후조리원에 대해서 고민이 생겨 글 남겨봅니다!
육아 선배님들 많은 조언 부탁드려요🙏🏻
​
일단 제가 생각하는 산후조리원의 메리트는
(삼시세끼 챙겨주는 것, 안마 해주는 것, 육아 교육프로그램) 이라고 생각하는데 산후조리원 비용(350-400) 만만치가 않더라고요..
​
이 이야기를 친정에 했더니 산모는 좀 쉬어야하는데 교육프로그램 들으랴 제대로 쉬지도 못하더라 애기도 가까이서 봐야하는데 보는 시간도 정해져 있더라 등 이야기해주시면서 친정엄마와 외할머니께서 집으로 오셔서 같이 케어해주신다 하세요 물론 용돈을 좀 드리긴 해야겠지만..
​
그리고 사실 제가 어디 여행가면 낯선 침구에서는 잠을 잘 못자는 편이라 집이 젤 편하긴 해요ㅎ..
아파트가 대단지라 산책로도 많구요..
​
안마는 요즘 산모 출장마사지도 많던데 집으로 비용 내고 부를까 싶습니다
​
이렇게 등등 따져보면 산후조리원을 안가고 집에서 케어하는것도 괜찮은 방법이다 생각하는데 혹시 몰라 산후 조리원 예약은 해둔 상태입니다.
​
산후조리원 안가는거 어떻게 생각하시나요?","조리원 퇴소하고 도우미도 썼지만 조리원은 꼭 가야 한다 생각해요~~ 저도 엄청 예민하고 그런데 시간 금방 지나갔어요 | 길게 썼다가 짧게 줄이고 갑니다^^님이랑 똑같이 생각했다가출산하고 집에 와서 이튿날 급하게빈곳있는 조리원으로 들어갔어요.가셔야 할꺼에요...... | 혹시 집에서 케어하는거랑 조리원에서 케어하는거 확실히 다른 점이 뭐가 있을까요?! | 교육프로그램은 안 가면 되고, 수유나 모자동실도 원할 때만 하시면 될거에요. 어머님과 외할머니가 24시간 내내 케어가 가능하신건가요? 아침점심저녁 챙겨주시고 집안일 다 해주시고 애기 밥, 새벽수유에 애기목욕까지. 산모가 신경 안 쓰게 다 도맡아 해주신다면 조리원 굳이 안 가셔도 돼요. 조리원이 비싸지만 그만큼 이유가 있는거라고 생각해요. 전 2주했는데 집와서 3주할 걸 후회했어요. | 네가려구요 | 마지막 여유라던데 가는 게 좋지 않을까요?ㅎㅎ | 전 안갔어요 ㅎㅎ 초산모였고 ~~ 모유수유 하려고 안갔어요 ! 자분이라 회복도 빠르고 새벽수유도 힘들지 않았어서 안가길 잘 했다고 생각하지만 제왕절개라면 회복이 어떨지 모르겠어서 모르겠네요 ㅠㅠ | 안그래도 제왕은 회복이 더디다던데 어떻게 될지 몰라 예약은 해둔 상태에요! | 저는 너무좋았네요~^^마지막 천국인데 .. 다시돌아가고싶네요~^^ | 1-2주도 된다면 짧게라도 가시는 편을 추천드려요!! 물론 조리원에서도 수유하랴 유축하랴 편하진 않지만그래도 밤이랑 새벽콜 안받는다고 말씀드리면 잠이라도 좀 푹잘수있어서ㅎㅎ 그때라도 체력회복하시고아가랑 집 가시는걸 추천해용 | 엄마는 회복하고 아이는 케어받고그렇게 생각해서 조리원 가시는걸추천드립니다~ | 저는 첫째때는 다들 간다길래 아무생각없이 갔구요둘째때는 안갔는데, 안간게 훨씬좋아요!대신 남편이 출산휴가썼고근처에 친정이 있어서 친정엄마께서 반찬,국 해주셨습니다!^^신생아는 사실 잠을 엄청 자구요먹고 자고 싸고,,이게 다거든요 😁😁저는 완전 모유수유를 원해서 계속 젖을 물리고 그랬어요그래서 조리원 가는 게 의미가 없었죠~몸은 좀 힘들긴 했지만아이를 남 손에 맡기는 것보다 제가 보는게 더 좋고요~ 걱정도 되고, 조리원에 있으면 아기가 24시간 밝은 조명 아래 바스켓 안에 누워있는 것도 싫고!!! 그렇습니다조리원퇴소하면 집에와서 아기가 또 적응을 해야하구요~~ 저는 집에바로와서 아기가 집환경에 일찍 적응을 했어요!!^^집이 더 넓어서 자유롭고요~ ㅎㅎ 밖에 산책도, 다녀오고 그랬어요 자유롭게^^그리고 첫째낳고 부종이 심하게 왔는데 조리원마사지 받아도  잘안빠졌는데, 둘째낳고 집에 와서 많이 움직이고 걸어서 그런가 부종 하나도 없었어요 신기하게도😄😄 | 전안갔는데 후회없어요 | 저는 강경 자분파였다가 응급제왕한 케이스인데..제왕절개 하고 바로 퇴원하면 아마 회복이 덜 된 상태에서 아기 케어해야해서 많이 버거우실 수도 있을 것 같아요 | 저도 고민많이했는데 가는걸로 정했어요 | 전 첫째 제왕인데 조리원 반나절만에 퇴소했고..가족이 3주봐주시고 도우미이모님 4주오셨어요.마사지도 불러서 했어요.전 괜찮았어요 | 전 안가고 지금 집 온지 4일차에요.산후도우미 신청했다가 불편해서 하루만에 취소했구,지금 아주 잘 육아+조리 중입니다.몸 편한거도 중요하지만 전 마음이 편한게 더 중요한지라..아 출장 마사지는 불러놨어용제 육아가 미숙할 순 있지만내 아기 커가는거 하루 하루 매 시간마다 내 눈으로 확인 할 수 있어서 너무 좋아요조리원 가냐 안가냐는 결국 엄마 마음에 달린거에용다른 사람 말 너무 신경쓰지마시고 마음 가는대로 하셔용 | 전 첫째때 조리원에서 나쁘진 않았지만 넘 답답하더라구요 글구 제 아기를 대할때 제가 너무 자연스럽게 수동적으로 대하게 되더라구요 그래서 둘째땐 안가려고 했는데 집안 사정으로 갔다왔네요 가셔도 나쁘진 않지만 안가고 온전히 아기와 함께하시는것도 좋은거 같아요~~ | 안그래도 답답하다는 이야기를 많이들어서 걱정이네요~~ 제 지인은 제왕 후 조리원 갔다보니 병원+조리원 있느라 한달정도 집에 못와서 너무 오고싶었다고… 일주일은 짧고 2주는 긴거 같아 9박10일 할까  고민이에요🥹 | 조리원에서 신생아실쌤들께 많이 배우네요! 짧게라도 가시는거 추천드려요ㅠ | 유축하고 모유수유한다고 힘들긴 하지만 그래도 집에서 집안일 식사준비 청소 하면서 유축하는것 보단 나아요~  이모님 연장하는 것도 방법이긴 한데 이모님 타니까 조리원 추천해요! | 조리원 꼭가세요. 마사지 1일1마사지 받으시구요~  그때 몸조리 잘해놔야 집가서도 그힘으로 아기천사 케어할수있어요.굳이 모자동실. 직수콜 안하고싶다고하면 조리원에서도 강요는 안해요.^^ | 제왕은.......너무아플거에요 ;;안가고안되실듯 | 조리원 꼭가요ㅠㅠㅠㅠ | 꼭 가세요. 저도 처음엔 답답하고 했는데, 지금은 좀 아쉬어요.",25,https://cafe.naver.com/f-e/cafes/24000254/articles/7354378?boardtype=L&userDisplay=50&menuid=13&referrerAllArticles=false&inCafeSearch=true&query=%EC%B2%AD%EC%86%8C&art=aW50ZXJuYWwtY2FmZS1hcnRpY2xlLXJlYWQtaW5DYWZlLXNlYXJjaC1saXN0.eyJ0eXAiOiJKV1QiLCJhbGciOiJIUzI1NiJ9.eyJjYWZlVHlwZSI6IkNBRkVfSUQiLCJhcnRpY2xlSWQiOjczNTQzNzgsImlzc3VlZEF0IjoxNzg4MjMzMTMwNjE0LCJjYWZlSWQiOjI0MDAwMjU0fQ.LkVQPwnlqjXR7QOdOlaCwiYWvukKoUZzBcZKTEJ4F6g&page=1,JKS
대구맘365,24000254,13,청소,알리익스프레스 할인코드 7월 쿠폰 코너 선반이 완전 신세계네요,2026.07.26. 15:08,"파트너스 활동으로 수수료를 받습니다.
장마철 지나고 욕실 문을 열 때마다
곰팡이랑 물때 냄새에 한숨부터 나왔어요.
락스로 아무리 문질러도
며칠 지나면 도로 올라오길래
청소보다 구조를 바꿔야겠다는 결론에 이르렀습니다.
바닥에 물건을 두니까 물이 고이고
거기서 곰팡이가 다시 피는 거였어요.
그래서 수납이랑 도구를 통째로 갈기로 했고
알리익스프레스 할인코드 열린 김에
욕실용품을 한 번에 주문했습니다.
이번에 산 목록부터 볼게요.
벽 부착식 칫솔 거치대, 물 빠지는 비누 받침,
샤워기 헤드 필터, 코너 선반 3단,
그리고 배수구 머리카락 거름망 대용량.
링크 타고 들어가면 할인이 자동 적용돼요 코드 입력 필요 없어요
알리익스프레스 바로가기
할인 : 자동 적용
전부 합쳐서 18,000원 나왔어요.
마트에서 코너 선반 하나 살 값에
욕실 정리가 통째로 끝났습니다.
알리익스프레스 할인코드 적용가로 보면
하나같이 국내 최저가 절반 수준이었어요.
코너 선반이 이번 최고 만족템이에요.
구멍을 안 뚫고 압축식으로 세우는 구조라
전셋집에서도 부담이 없고
바닥에 두던 샴푸며 세제가 다 위로 올라가니까
물이 안 고여서 곰팡이 자체가 덜 생기더라구요.
청소 횟수가 확 줄었습니다.
물 빠지는 비누 받침도 작지만 효자예요.
비누 밑이 항상 무르던 게
받침 하나 바꿨다고 뽀송하게 유지됩니다.
샤워기 헤드 필터는 반신반의했는데
필터에 이물질이 걸러진 게 눈으로 보이니까
쓰면서 안심이 되구요.
필터만 갈면 되는 구조라 유지비도 적습니다.
칫솔 거치대도 벽에 붙이는 방식으로 골랐어요.
세면대에 세워두면 밑에 물이 고여서
금방 지저분해지는데
벽에 띄워두니 물기가 안 남아서 위생적입니다.
거름망은 소모품이니까
대용량으로 사두면 막힐 때마다
아껴 쓰던 스트레스가 사라져요.
이런 욕실용품을 직구로 살 때는
플라스틱이나 실리콘처럼 물에 강한 재질을 고르세요.
가볍고 깨질 걱정이 없어서 실패가 드뭅니다.
부착식 제품은 접착 방식을 잘 보셔야 해요.
습기 많은 욕실에서는 흡착판보다
접착 테이프형이 더 오래 버티는 편이었습니다.
후기에 떨어졌다는 언급이 있는지만 확인하면 됩니다.
참고로 이번 혜택은 코드를 넣는 방식이 아니에요.
링크로 접속하면 뜨는 가격이 이미 할인가라
쿠폰 번호를 찾아 입력할 필요가 없습니다.
알리익스프레스 할인코드가 자동으로 붙어서
소액만 담아도 그대로 적용되니 편했어요.
배송은 9일 걸렸습니다.
곰팡이랑 물때로 스트레스 받으시는 분들은
알리익스프레스 할인코드 열려 있을 때
욕실용품부터 바꿔보세요.
2만원이 안 되는 돈으로
욕실 들어갈 때 기분이 달라집니다.",알리익스프레스 할인코드 코너 선반 저도 담았어요 곰팡이 잡아야죠 | 구멍 안 뚫는 압축식이라니 알리익스프레스 할인코드 감사합니다 | 알리익스프레스 할인코드 자동 적용 확인했어요 결제했습니다 | 샤워기 필터 궁금했는데 알리익스프레스 할인코드로 사봐야겠어요 | 알리익스프레스 할인코드로 거름망 대용량 샀어요 잘 쓸게요 | 접착 테이프형이 낫다는 팁 유용하네요 감사합니다,6,https://cafe.naver.com/f-e/cafes/24000254/articles/7353654?boardtype=L&userDisplay=50&menuid=13&referrerAllArticles=false&inCafeSearch=true&query=%EC%B2%AD%EC%86%8C&art=aW50ZXJuYWwtY2FmZS1hcnRpY2xlLXJlYWQtaW5DYWZlLXNlYXJjaC1saXN0.eyJ0eXAiOiJKV1QiLCJhbGciOiJIUzI1NiJ9.eyJjYWZlVHlwZSI6IkNBRkVfSUQiLCJhcnRpY2xlSWQiOjczNTM2NTQsImlzc3VlZEF0IjoxNzg4MjMzMTMwNjE0LCJjYWZlSWQiOjI0MDAwMjU0fQ.O1kl6wJRZRJIBOwDyqoQownoMu68s7A3joA9Rzy1cYY&page=1,JKS
대구맘365,24000254,13,청소,대구북구 정산후조리원 후기,2026.07.11. 11:29,"안녕하세요~!대구 정산후조리원 2주 vvip룸
후기입니다! 로0마리에서 가까운 조리원이 3군데 있었는데 그중에 지인분이 추천해줘서 정산후조리원에 등록하게되었습니다!
​
1. 시설
-우선 제가 머물렀던 vvip룸은 넒고 깨끗했어요! 스탠바이미, 마사지기 등 잘 구비되어있고, 매일매일 청소를 깨끗하게해줘서 조리원있는동안 쾌적하게 생활했습니다!
​
-전체적인 조리원 시설도 깨끗하고 청결했으며, 소독 관리시스템이 잘 되어있어 걱정이 없었습니다!
​
-산모들이 쉴 수 있는 휴게공간, 교육공간, 수유공간이 잘 나누어져있습니다! 그리고 건물에 한 층 전체가 조리원이라 외부사람을 볼 일이없는것도 좋았어요!
​
2. 식사
-정말 제일 좋았던 점이에요!  밥 종류도 다양해서 맛있어요!  간식도 잘 나오고 조리원에있는동안 건강챙기면서 다이어트도 됩니당!
​
3. 신생아 관리 및 모자동
-제가 지인분께 추천받았을때 다른 조리원보다 신생아 관리부분에서 잘 신경써주신다하셔서, 정산후조리원을 선택했어요! 우선 신생아실은 24시간 개방이라 지나가며 볼 수 있는 점이 좋았어요! 안에 계신 신생아 관리해주시는 선생님들도 잘 케어해주셨습니다! 무엇보다도 원장님과 팀장님이 오며가며 산후관리도 해주시고, 모유수유방법 등 잘 알려주셔서 도움이 많이 되었어요!
​
전반적으로 정산후조리원에 2주머물면서
시설이나 음식, 신생아 및 산모케어에 진심인 것 같아 만족스러웠습니다!
대구 북구쪽이나 경북에서도 많이오시고, 무엇보다 접근성이 좋아요!  주위에 칠곡경대병원, 소아과, 내과 등 병원이나 먹거리도 많이 팔아서 잠깐 급할때 외출다녀오기에도 좋아요!
​",참고할게요! | 공유 감사해요~ | 저도 정산후조리원 너무 좋았어요 ~!,3,https://cafe.naver.com/f-e/cafes/24000254/articles/7343038?boardtype=L&userDisplay=50&menuid=13&referrerAllArticles=false&inCafeSearch=true&query=%EC%B2%AD%EC%86%8C&art=aW50ZXJuYWwtY2FmZS1hcnRpY2xlLXJlYWQtaW5DYWZlLXNlYXJjaC1saXN0.eyJ0eXAiOiJKV1QiLCJhbGciOiJIUzI1NiJ9.eyJjYWZlVHlwZSI6IkNBRkVfSUQiLCJhcnRpY2xlSWQiOjczNDMwMzgsImlzc3VlZEF0IjoxNzg4MjMzMTMwNjE0LCJjYWZlSWQiOjI0MDAwMjU0fQ.O44XY5Q-zqV88DZH_Kw4SkvbnhCdnD4S3AIQTEZtkmg&page=1,JKS
대구맘365,24000254,13,청소,로즈마리병원 제왕절개 후기,2026.07.09. 05:04,"길고길었던 임신생활이 끝나고 드디어 출산을 했습니다
칠곡 로즈마리병원에서 제왕절개로 낳았는데 도움이 될까하여 후기남겨봅니다
7월3일 오후3시 수술로 예약되어있어서 11시까지 병원으로 갔어요 가서 바로 입원설명을 해주시고 입원실을 선택합니다
입원실은 1인실 17만원 20만원 22만원 27만원짜리가 있고 3인실 4인실이 있어요
1인실은 보호자 침대에 따라 가격이 다른거 같았고 저는 보호자침대가 간이침대인 17만원 방으로 결정했습니다
설명을 다듣고나면 보호자와 함께 코로나 검사를 합니다 다행히 둘다 통과!
코로나 검사 통과하면 입원실이 있는 7층으로 가서 입실설명을 들어요 일자별로 정리되어있는 종이를 주셔서 한눈에 볼수있어 너무 좋은것 같아요
설명 듣고 마지막 태동검사와 항생제테스트 링겔바늘을 꼽아요 수술바늘은 굵어서 그런지 너무 아팠어요ㅠㅠ
검사받는동안 남편이 세팅해놓은 침대ㅎㅎ 첫째때 허리가 너무 아파서 이번엔 두툼한이불 챙겨와서 깔았더니 허리가 덜 아팠어요! 화장실도 너무 깨끗하고 변기가 자동으로 내려가는거라 수술후에 쓰기도 너무 편했어요
그리고 청소도 매일 해주셔서 매일 깨끗하게 쓸수 있었어요
준비를 마치고 수술대기실로 이동했습니다 대기실 너무 좋은거 아니에요? 안떨렸었는데 대기실오니 떨리더라구요ㅠㅠ
​
전 척추마취하고 수면마취를 했는데 첫째땐 누워서 척추마취했는데 이번엔 앉아서 마취를 하더라구요? 앉아서 하니까 더 떨리고 무서웠는데 선생님들이 계속 안심시켜주셔서 무사히 마취하고 출산 했습니다
로즈마리병원에서 제일 장점으로 생각되는부분이 바로 출산후에 바로 사진을 찍어주신답니다! 엄마랑 아기도 찍어주시고 남편이 탯줄자르는 모습도 다 찍어주셔서 너무 좋아요
병실로 와서 미리신청해둔 붓기빠지는 마사지기?를 해줍니다 붓기 빨리 빼고 싶어서 정말 자주 했어요
다음날 오전 면회가려고 일어났는데 처음 일어날때 너무 아팠어요 헝헝
그래도 아기보러가려고 힘내서 걸었어요 복도가 커서 걷기운동하기도 너무 좋았어요
면회시간은 층마다 달라서 시간에 맞춰서 가면 되고 첫째아이나 지인은 면회불가능이고 조부모님까지만 면회가 되요
3일째날 오전에 꼽혀있던 링겔 무통 전부 제거하고 먹는약을 받았어요
가슴이 슬슬 뭉치기 시작할때 유축교육을 해준다고 하셔서 자판기에서 깔데기구매해서 갔습니다 7층에 자판기가 있는데 여기서 복대도 구입하고 산모패드도 구입하면 됩니다
너무 귀여운 유축양ㅎㅎ 유축하자마자 신생아실에 갖다드리면 되요
퇴원 하루전날은 퇴원교육을 해줍니다 언제 병원에 와야하고 아기 예방접종은 언제해야하는지 다 설명해주셔서 많은 도움이 되었어요
드디어 퇴원날 아기 손가락발가락 특이사항 확인해주시고 퇴원선물도 받았답니다
첫째딴 다른가방이였는데 가방이 변경되었나봐요 곰돌이 가방 너무 귀여워요ㅎㅎ
그리고 너무 맛있었던 로즈마리병원 밥! 수술다음날 먹은 미음마저 왜 그렇게 맛있던지ㅎㅎ
이렇게 5박6일의 입원생활 끝!!",사진찍어주는거 정말 너무좋은거같아요!!,1,https://cafe.naver.com/f-e/cafes/24000254/articles/7341208?boardtype=L&userDisplay=50&menuid=13&referrerAllArticles=false&inCafeSearch=true&query=%EC%B2%AD%EC%86%8C&art=aW50ZXJuYWwtY2FmZS1hcnRpY2xlLXJlYWQtaW5DYWZlLXNlYXJjaC1saXN0.eyJ0eXAiOiJKV1QiLCJhbGciOiJIUzI1NiJ9.eyJjYWZlVHlwZSI6IkNBRkVfSUQiLCJhcnRpY2xlSWQiOjczNDEyMDgsImlzc3VlZEF0IjoxNzg4MjMzMTMwNjE0LCJjYWZlSWQiOjI0MDAwMjU0fQ.j3_OZ6tZHGc29pU4aGWzxXctOd8p0VPETTySqq4c4cU&page=1,JKS
대구맘365,24000254,13,청소,로즈마리병원 산후조리원 후기입니다.,2026.07.06. 16:59,"안녕하세요.
둘째 라서 병원 생활
한주간 병동생활을 무사히 마치고
2주간의 조리원 생활까지 무사히 마치며 감사한 마음으로 후기를 남깁니다.
재이용을 해보니 그만큼 첫째 때의 기억이 좋았고, 실제로 재이용을 했던 경험 으로 그 기대를 저버리지 않았습니다.
병동 관련 생활과 조리원 선택을 고민하시는 분들, 특히 재 이용을 고민하시는 분들께 도움이 되길 바라는 마음으로 후기글 남겨봅니다.
게시물 작성자가 AI 활용 표시 설정
AI 기술을 활용하여 콘텐츠의 이미지, 영상 또는 소리를 변형하였거나 새로이 생성하였을 수 있습니다.
자세히 보기
AI 활용
​
먼저 첫번째 호텔처럼 깔끔하고 쾌적한 객실입니다.
입실하자마자 가장 먼저 든 생각은 “정말 깨끗하다.“였어요.
매일 청소가 꼼꼼하게 이루어지고 침구도 항상 포근하게 관리되어 있어서 산모가 편안하게 쉬기에 정말 좋은 환경이었습니다.
출산 후에는 몸이 생각보다 많이 지쳐있는데, 조용하고 아늑한 객실 덕분에 회복하는 데 큰 도움이 되었어요.
두번째는요.철저한 위생 관리 입니다.
신생아와 함께 생활하는 공간인 만큼 가장 중요하게 생각했던 부분이 위생이었는데요.
공용공간은 물론 신생아실까지 항상 청결하게 관리되고 있었고,
직원분들도 손소독과 위생수칙을 철저하게 지켜주셔서 안심이 되었습니다.
초보 부모 입장에서는 이런 부분이 정말 큰 신뢰로 다가오더라고요.
세번째는 믿을수 있는 신생아 케어가 잘 되어있어요.
재이용을 결심한 가장 큰 이유 중 하나는 역시 신생아 케어였습니다.
첫째 때도 느꼈지만, 아기들을 진심으로 예뻐해주시는 선생님들의 모습은 이번에도 변함이 없었어요.
아가들 다정하게 말을 건네 주시는 모습에 저도 덩달아 맘이 푸근해지곤 했습니다.
24시간 신생아실이 개방되어 있어 언제든 아기 얼굴을 볼 수 있다는 점도 여전히 큰 안심이 되었습니다.
둘째라 조금은 익숙하다고 생각했지만,
모유수유는 아이마다 다르더라고요.
수유실에 타임별로 모유수유 담당 선생님이 항상 계셔서 언제든 도움을 받을 수 있는 것도 엄청 큰 장점이라고 생각해요.
혼자 끙끙 앓지 않고 바로바로 피드백을 받을 수 있으니 정말 든든했습니다.
그리고 이번에는 첫째 아이 면회가 가능하다는 점도 재이용을 결정한 중요한 이유였습니다.
첫째가 동생을 처음 만나는 순간을 조리원 안에서 함께할 수 있어서 정말 소중한 시간이 되었어요.
마지막으로 다양한 산후 관리둘째로그램이 잘 짜여져 있어요.
마사지, 모유수유 교육, 신생아 케어 교육 등 다양한 프로그램이 준비되어 있어서 단순히 쉬기만 하는 공간이 아니라 육아를 배우는 시간이 되었습니다.
특히 모유수유 자세나 트림시키는 방법처럼 집에 가서 바로 활용할 수 있는 내용들이 많아서 정말 유익했어요.
처음에는 조리원이 꼭 필요할까 고민도 했지만 직접 생활해보니 그 시간이 얼마나 소중한지 알게 되었습니다.
​
그리고 아주 아주 맛있는 산모식이 식단이 잘 나와요.
​",저도 로즈에서 산모식이 너무 맛있었던 기억이 ㅎㅎ | 공유 감사해요 로즈마리 좋네요 !!,2,https://cafe.naver.com/f-e/cafes/24000254/articles/7339274?boardtype=L&userDisplay=50&menuid=13&referrerAllArticles=false&inCafeSearch=true&query=%EC%B2%AD%EC%86%8C&art=aW50ZXJuYWwtY2FmZS1hcnRpY2xlLXJlYWQtaW5DYWZlLXNlYXJjaC1saXN0.eyJ0eXAiOiJKV1QiLCJhbGciOiJIUzI1NiJ9.eyJjYWZlVHlwZSI6IkNBRkVfSUQiLCJhcnRpY2xlSWQiOjczMzkyNzQsImlzc3VlZEF0IjoxNzg4MjMzMTMwNjE0LCJjYWZlSWQiOjI0MDAwMjU0fQ.1te1DJt2KYj_mg3Jhii8U4O1zaPg2UieMk2YVvdva9o&page=1,JKS
대구맘365,24000254,13,청소,여성메디파크병원 조리원 VIP룸 2주>3주 연장한 후기,2026.07.04. 13:22,"저는 첫째를 낳고 여성메디파크병원 VIP룸 13박 14일을 예약했는데요~
​
임신 초기부터 바로 알아보고 결정한 곳이에요.
​
그러다 예정일보다 2주 정도 자연분만으로 출산하게 됐는데 다행히 조리원에 자리가 있어서 퇴원하는 시점에 맞춰 입실을 잘하게 됐습니다~
​
지내다보니 여러가지가 편하고 생각했던 것보다도 만족도가 높아서 2주에서 3주로 연장하기도 했습니다.
​
그 이유들에 대해 후기를 남겨보고자 합니다!
​
1. 넓고 쾌적한 환경
​
​
VIP룸은 조리원에서 출퇴근하는 배우자와 함께 지내기 정말 좋았어요~
​
공간이 분리돼있기도 하고, 침대도 퀸사이즈로 넉넉했습니다
​
공간뿐 아니라 산모 몸조리와 회복에 필요한 여러 구성들도 좋았습니다
​
수유패드 찜질팩 성인용패드 등 실용적인 웰컴키트부터 회음부 회복이 중요한 자연분만 산모에게 넘 필요한 버블좌욕기, 중간에 간식을 먹는데 활용하기 좋은 냉장고 전자레인지 커피포트, 500ml 생수병 2 묶음 등등... 알차고 편리한 구성에 만족했습니다.
​
또 매일 오전 10시 넘어서 청소아주머니께서 오셔서쓰레기통 비워주시고 바닥 화장실도 꼼꼼히 청소해주세요~
​
2. 삼시세끼 식사와 간식
​
식사도 CJ직영점에서 관리하기에 넘 맛있었는데요
​
하루 전날 보호자 식사도 상황에 따라 신청할 수 있었어요
​
다른 조리원들은 보호자 식사 추가시 별도 비용 발생하는 경우가 많던데 여기는 무료여서 좋았네요
​
신랑이 근무 안하는 주말에는 삼시세끼 함께 할 수 있어 좋았어요~
​
또 식사 시간 한두시간 뒤에 간식도 나와서 수유 하며 떨어진 당보충도 했습니다
​
3. 애정듬뿍 신생아실
​
신생아실은 아이들을 정말 사랑으로 케어해주시는 간호사쌤들이 계세요!
​
특히 평일 낮시간대에는 수간호사쌤이 오셔서 수유나 육아 관련 여러 질문들 받아주시고, 애들에 대한 설명도 해주셔서 좋았어요
​
수유콜 받으러 갈때마다 에어소독기 거치고 손닦고 또 전자파 차단을 위해 핸드폰도 반납하고..
​
아이들의 위생과 건강 위해 철저한 관리를 하는게 느껴져 좋았습니다
​
면회는 목욕시간(오후 2~3시)를 제외하고는 언제든지 가능해서 정말 좋았어요!
​
병원에서는 면회 시간이 정해져있고 다른 사람들과 시간을 나눠서 봐야하는 것때문에 아쉽고 불편했는데
​
조리원 와서는 야근한 신랑하고도 편하게 볼수 있고, 직접 오지 못하는 양가 어르신들께 영상통화로 맘껏 보여드릴수 있어 좋았어요
​
선생님들이 우리 애기 예뻐해주시고 관심기울여주시는 모습도 감사했습니다!
​
또 아침마다 병원 소아과 선생님이 오셔서 애들 상태 확인해주세요 저희 애기도 처음에 황달끼가 좀있었는데 매일 세심하게 체크해주시고 또 필요하면 상담도 해주셔서 좋았네요
​
탯줄 떨어지면 선물도 해주시고, 수간호사쌤께 목욕 교육도 받아볼 수 있습니다!
​
4. 마사지
​
개인적으로 가장 만족했던 건 마사지 인데요!
​
임신 기간 동안 앞자리수가 3번 바꼈던 저로서는.. 마사지에 대한 기대가 컸습니다.
​
입소 첫날 관리사 선생님께서 전화주시고 다음날 바로 받아봤어요.
​
2주 기준 가슴마사지 1회, 아로마 마사지 1회 무료여서 무료 마사지부터 체험해봤는데
​
너무 시원하고 받고 나서 몸도 가벼워지길래 퇴소하는 날까지 매일 받는 걸로 결정했습니다
​
받고나니 임신 중 발이랑 다리가 붓기가 심해서 가장 속상했는데 하체 라인부터 돌아오고, 전체적인 몸의 붓기가 빠지는게 느껴졌어요
​
마사지 5번 이상 받는 날부터는 발이 임신 전 사이즈로 돌아오고 배도 정말 많이 들어갔네요!
​
또 선생님이 마사지 하면서 모유수유나 육아 관련 꿀팁도 나눠주시고 매일 가슴상태로 세심하게 체크해주셔서 정말 좋았어요 ㅎㅎ
​
마사지는 꼭 받아보시길 추천합니다~
​
﻿
1. VIP룸 내부
​
2. 식사 후기
​
3. 신생아실",식사도 잘나오고 방도 좋아보이네여!!!!!저도 빨리 조리원 예약해야하는데 ㅠ 고르는거 넘 어려워용 흑 | 혹시 비용은 어느정도 들었어요?,2,https://cafe.naver.com/f-e/cafes/24000254/articles/7337768?boardtype=L&userDisplay=50&menuid=13&referrerAllArticles=false&inCafeSearch=true&query=%EC%B2%AD%EC%86%8C&art=aW50ZXJuYWwtY2FmZS1hcnRpY2xlLXJlYWQtaW5DYWZlLXNlYXJjaC1saXN0.eyJ0eXAiOiJKV1QiLCJhbGciOiJIUzI1NiJ9.eyJjYWZlVHlwZSI6IkNBRkVfSUQiLCJhcnRpY2xlSWQiOjczMzc3NjgsImlzc3VlZEF0IjoxNzg4MjMzMTMwNjE0LCJjYWZlSWQiOjI0MDAwMjU0fQ.9bo8GTcryZcukkvw8hmkmRypFOD2CaJqnamt30b_orQ&page=1,JKS
대구맘365,24000254,13,청소,대구산후도우미업체 참사랑어머니회 정혜정관리사님 강력추천 찐후기,2026.07.03. 16:22,"​
안녕하세요 :)
예비맘이면 누구나 고민하실 산후도우미업체 찐 후기 들려드릴께요!
​
사실 25주차 이후되면 산후도우미 미리 예약 하라고 다들 신신당부하며 말했는데,
저는 미리 예약 하지 않았어요 ^^;
​
누가 내 집에서 내 살림을 건드는거 자체가 싫었던 사람이라 산후 도우미 신청 할 생각을 전혀 하지 않고 있었어요..
이런 부분 싫은 분들 많지 않나요..? 😢
또 제일 큰 걱정은 내 아이에게 나쁜짓을 할까봐 그것도 너무나 걱정이라, 생각자체를 안하고 있었어요!
​
그런데 수술로 아기를 낳고 병원에 있는동안 몸이 생각보다 빨리 회복이 되는것 같지 않더라구요..ㅠㅜ
조리원 생활 2주 후 산후도우미가 필요할것 같아 급하게 병원에 입원해있는동안 신청했답니다 ^^!
저처럼 급하게 하시는분 또 계실까요..?ㅎㅎ
​
급하지만 그래도 A등급 받은 업체에서 예약하고 싶어 꼼꼼하게 찾아본 후 예약했답니다 ..!
대구 산후도우미 A등급 업체 중 이용자 수가 가장 많은  “이레아이맘“ 과 ”참사랑어머니회“ 중
저는 참사랑어머니회로 예약을 했답니다
​
저는 다행히 관리사 분이 계셔서 예약이 되었지만 미리미리 하시는거 추천드릴께요 😊
​
서비스 시작일 하루 전날 이용안내문과 함께 배정된 관리사님이 누군지 문자로 알려주시는데요,
저는 “정혜정관리사님”으로 배정되었답니다!
(정말…강력추천드립니다…)
​
서비스 시작 전날까지도  관리사님이 나랑 안맞으면 어쩌지 …하는 불안한 마음을 가지고 있었어요 ㅜㅠ
​
6월 2일 서비스 시작날 ..! 보건증과 백일해접종한서류 ,마약중독진단서 등 서류를 보여주시고 제 성향 파악을 해주셨습니다!
저는 마사지, 산모빨래 이런거 다 필요없고 아기케어 중점으로 부탁드렸어요!
육아하는 팁도 많이 알려달라고 부탁드렸답니다.
​
사실 너무 걱정되서 출근한 남편한테도 홈캠 한번씩 보라고 했었는데 ……저 관리사님 오신 첫날 두시간 만에 방에 들어가서 잤답니다 ^-^
관리사님 오신 두번째 날에는 아기 두고 외출하고 왔답니다 !!^^
정말 홈캠 단 한번도 본적이 없어요 ㅋㅋㅋㅋ!!!
​
오신 첫날 청소부터 깨끗하게 다 해주시고  기갈대 정리까지 …👏🏻😆
첫출산이면 모르는거 투성인데 물어볼때마다 하나하나 다 알려주시고 꿀팁 많이 얻었답니다!
​
그리고 대박인건 수유텀도 잡아주셨어요 ..!!수유텀 잡아주신게 정말 너무너무너무 감사했어요 ㅜㅜ!
그건 아직까지도 유지중이랍니다
​
그리고 대박인건… 재료만 사다두면 제가 먹고싶어하는 음식을 뚝딱하고 해주신답니다💗
​
사실 집에 엄마랑 시어머니께서 반찬이랑 국같은걸 많이 가져다 주시기도 했고,
제가 입맛이 없어서 먹고싶은거 말씀을 잘 안드렸는데도
과일 좋아한다고 했더니 직접 곶감을 가져오셔서 만들어주신 곶감말이…🧡
부침개 좋아한다 했더니 부침개재료 준비해 오셔서  해물부추전까지 구워주셨답니다
​
관리사님 마지막날에는 이제 외출을 잘 못할것 같다는 생각에 친구도 만나고 저희이모집 강아지도 보고 왔답니다 ㅠㅠ!!🤎
외출하는 중에도 홈캠은 단한번도 본적이 없음………시간지나고 돌려본 적도 없음……
​
가시는데 눈물이 날뻔 했지만 혼자 꾹 참았어요🥲 저희 아기 너무 예뻐해 주셔서 정말 감사했습니다
​
⭐️찐후기⭐️
전 대구사람도 아니라 누구 추천받고 예약한것도 아니고 제가 직접 하나하나 찾아서 예약한 업체입니다 !
전 정말 쓸때없는 걱정 많이 하는 사람인데, 믿고 맡겨도 될만큼 진짜 참사랑어머니회 강력추천드려요!!!!!
특히 “정혜정관리사님“ !!! (지정된다면 지정하시는것도  좋을것 같아요 저 믿고!!!!)
​
​",저도 주변에 참사랑 추천받아서 예약했는데너무 만족스러웠어요 !!!,1,https://cafe.naver.com/f-e/cafes/24000254/articles/7337210?boardtype=L&userDisplay=50&menuid=13&referrerAllArticles=false&inCafeSearch=true&query=%EC%B2%AD%EC%86%8C&art=aW50ZXJuYWwtY2FmZS1hcnRpY2xlLXJlYWQtaW5DYWZlLXNlYXJjaC1saXN0.eyJ0eXAiOiJKV1QiLCJhbGciOiJIUzI1NiJ9.eyJjYWZlVHlwZSI6IkNBRkVfSUQiLCJhcnRpY2xlSWQiOjczMzcyMTAsImlzc3VlZEF0IjoxNzg4MjMzMTMwNjE0LCJjYWZlSWQiOjI0MDAwMjU0fQ.NH-IDATiQC5tJWiuIiUweI18BfSID23gcaqc8Q0diQU&page=1,JKS
대구맘365,24000254,13,청소,크림하우스 프리2 샀어요~,2026.06.29. 22:04,"대구 베키 가서 매트 보고 고민하다가 맘픽베이비페어 가서 구매했어요
설명도 잘 해주시고 2~3주 걸린다고 했는데 생각보다 빨리 왔어요
매트에 폼 넣는게 좀 힘들었지만 다하고 나니까 깔끔하고 뿌듯합니다!!
사이즈 280X210 하니까 34평 거실에 딱이예요
​
쉽게 반 접을 수 있어서 청소하기도 좋아요~
뒷면 색상도 마음에 듭니다(저는 아보카도 했어요)
​
로청 올라가라고 슬라이드바도 추가 구매 했는데 아주 마음에 듭니다
매트 밟아보니 탄탄해서 애기도 잘 놀 것 같아요~",,0,https://cafe.naver.com/f-e/cafes/24000254/articles/7333912?boardtype=L&userDisplay=50&menuid=13&referrerAllArticles=false&inCafeSearch=true&query=%EC%B2%AD%EC%86%8C&art=aW50ZXJuYWwtY2FmZS1hcnRpY2xlLXJlYWQtaW5DYWZlLXNlYXJjaC1saXN0.eyJ0eXAiOiJKV1QiLCJhbGciOiJIUzI1NiJ9.eyJjYWZlVHlwZSI6IkNBRkVfSUQiLCJhcnRpY2xlSWQiOjczMzM5MTIsImlzc3VlZEF0IjoxNzg4MjMzMTMwNjE0LCJjYWZlSWQiOjI0MDAwMjU0fQ._taZidaSEoFxcB4EC_qEzSZ58Gxg40qFl_VnDD5lZF4&page=1,JKS
대구맘365,24000254,13,청소,대구산후도우미업체 참사랑어머니회 강추!!!!!!!진짜강추!!!!!!!!!,2026.06.26. 15:56,"둘째맘 산후도우미 후기입니다!!
저는 산후도우미 첫째때 실패해서...산후도우미가 오는거 자체를 고민했거든요(첫째때 업체는 여기가 아닙니다^^)
제가 이 글을 쓴 이유는 저같은 성격의 산모가 있을거라 생각하여 고민마시고 쓰시라고 글을 남깁니다^^
​
저는 남이있으면 불편하고, 또 밥도 같이먹는것도 불편하고, 요리도 안해서 뭐 사야되는지 생각하는것도 스트레스고, 그냥 누가 집에잇는거 자체가 불편해서 산후도우미릉 쓸까 말까 고민했어요..
​
그런데 제왕이라 집와서도 아직 배가 아팠고 첫째가 있어서 더더욱...첫째 하원후,등원, 등등 걸리는게 많더라구여ㅠㅠ그래서 2주만 신청했어요..
선샌님니 이렇게 좋으실줄 알았으면 4주하고싶었는데...
​
이 참사랑 관리사 선생님은
1. 애기 보실때 하루종일 애기에게 말을 걸어주십니다ㅠㅠ
2.청소 위생 정말 철저하십니다
3. 식단이 알아서 해주시고 예술입니다
4. 애기가 선샌님 덕분에 잘먹고 잘 잡니다
​
제가원래 사람도 잘못믿어 홈캠도보고 외출도 안하는데
이 관리사님 계실땐 외출도 믿고했답니다..
​
첫째때 못느꼇던 선생님 마지막날 눈물이 광광광....
선생님 정어어어어어엉말 좋고...진짜 2주감 행복햇습니다ㅠㅠㅠㅠㅠㅠㅠㅠ
​
우리 선생님 식단 맨날 못찍엇는데...존맛...❤️
​
참사랑 선택하길 잘했어요!!!!
첫째이신분도 꼭 참사랑
둘째인데 첫째때 실패햐셨스면 참사랑 강추입니자!!!
​",도우미 성함이...어떻게 될까용?😁,1,https://cafe.naver.com/f-e/cafes/24000254/articles/7331685?boardtype=L&userDisplay=50&menuid=13&referrerAllArticles=false&inCafeSearch=true&query=%EC%B2%AD%EC%86%8C&art=aW50ZXJuYWwtY2FmZS1hcnRpY2xlLXJlYWQtaW5DYWZlLXNlYXJjaC1saXN0.eyJ0eXAiOiJKV1QiLCJhbGciOiJIUzI1NiJ9.eyJjYWZlVHlwZSI6IkNBRkVfSUQiLCJhcnRpY2xlSWQiOjczMzE2ODUsImlzc3VlZEF0IjoxNzg4MjMzMTMwNjE0LCJjYWZlSWQiOjI0MDAwMjU0fQ.U5KXANXM9TzsfxExrLTZkcDPYWUb9MZmMSGoImcQQ3s&page=1,JKS
대구맘365,24000254,13,청소,김혜정 산후조리원 수성점 후기,2026.06.18. 09:56,"김혜정 산후조리원 수성점 후기
둘째 출산 후 지내게 된 김혜정 산후조리원 수성점. 조리원을 알아볼 때 고민을 많이 했는데, 실제로 지내보니 만족스러운 부분도 있었고 아쉬운 부분도 있었습니다. 입소를 고민하시는 분들께 도움이 되었으면 하는 마음으로 솔직하게 후기를 남겨볼게요 :)
1. 방
저는 스위트룸을 이용했는데 전체적으로 산모가 생활하기 편하게 구성되어 있다는 느낌을 받았어요.
방 안에는 냉온정수기가 있어서 밤중에도 따뜻한 물을 바로 마실 수 있었고, 퀸 사이즈 모션베드가 있어 수유하거나 몸을 일으킬 때 굉장히 편했습니다. 출산 후엔 작은 움직임도 힘든데 모션베드가 생각보다 정말 유용하더라고요.
또 하나 좋았던 점은 좌욕이 가능한 비데가 설치되어 있다는 것! 자연분만 산모라면 특히 만족도가 높을 것 같아요.
개인적으로 가장 편리했던 건 세면대가 화장실 밖에 있다는 점이었어요. 남편이 화장실을 사용하는 동안에도 세수하거나 양치할 수 있어서 은근히 편했습니다.
2. 식사
조리원에서 가장 기대했던 부분 중 하나가 식사였는데, 결론부터 말하면 만족!
매 끼니마다 5~6가지 반찬이 제공되고 한식 위주의 집밥 스타일이라 질리지 않았어요. 무엇보다 냉동식품류가 많지 않아서 개인적으로 정말 좋았습니다. 출산 후엔 자극적인 음식보다 속 편한 집밥이 더 당기더라고요.
식사 시간은 아래와 같아요.
아침 : 8:30
점심 : 12:30
간식 : 15:00
저녁 : 17:30
야식 : 20:00
간식을 제외한 식사와 야식은 모두 8층 식당에서 제공됩니다.
간식은 15시에 각 층 사물함 선반 위에 올려주시는데, 지나가다가 챙겨오면 돼서 편했어요.
남편 식사도 신청할 수 있어요.
아침 : 오전 7~8시 토스트와 음료 무료제공
점심 : 오후 1시~1시 30분 (오전 10시까지 주문)
저녁 : 오후 6시~6시 30분 (오후 2시까지 주문)
비용은 한 끼당 1만원입니다.
2주에 한 번 수요일 저녁마다 있는 디저트데이에는 정말 맛있는 음식들이 한가득 나와요~ 건강식만 먹다가 속세의 음식을 잔뜩 맛볼 수 있어서 그또한 즐거웠구요ㅋㅋ 산모들끼리 대화도 많이 하는 분위기라서 조동 만들기도 좋아요!
3. 마사지
마사지 만족도가 꽤 높았어요.
특이한 점은 돔 형태의 기구를 사용하는데, 상반신 마사지 시에는 하반신을, 하반신 마사지 시에는 상반신을 덮어주는 방식이에요.
이게 마치 사우나처럼 온실효과를 내서 땀 배출이 정말 잘 됩니다.
저는 등에 땀이 고일 정도로 땀을 많이 흘렸는데, 출산 후 부어 있던 몸이 한결 가벼워지는 느낌이 들었어요.
출산 후 붓기 때문에 고생하시는 분이라면 만족하실 것 같습니다.
4. 수유
김혜정 산후조리원이 모유수유로 유명하다는 이야기를 많이 들었는데, 막상 와보니
전혀 강요하는 분위기가 아니었어요.
단유 계획이 있다고 말씀드리면 최대한 그 방향에 맞춰주시고, 직수가 너무 오래 지속되면 ""이제 보충할 테니 들어가서 쉬세요.""라고 말씀해주십니다.
무조건 모유수유를 해야 한다는 압박, 전혀 없었어요.
오히려 밤 10시부터 오전 7시까지는 수유콜이 없습니다.
이 부분은 호불호가 있을 수 있을 것 같아요.
첫째 때 이용했던 조리원은 산모가 원하면 새벽에도 수유콜을 주셨거든요. 물론 아기와 빨리 합을 맞추는 데는 도움이 될 수 있지만, 몸이 회복되지 않은 상태에서 새벽 수유를 반복하는 건 정말 힘들었습니다.
반면 김혜정은 밤에는 확실히 쉬게 해주는 시스템이에요.
개인적으로는 지금도 손목과 손가락이 아플 정도라 밤과 새벽에는 푹 쉬는 게 훨씬 좋았습니다.
다만 완모를 목표로 아주 초반부터 적극적으로 직수를 원하시는 분이라면 이 부분은 미리 고려해보셔도 좋을 것 같아요.
결국 산모마다 원하는 방향이 다르니까요 :)
5. 그 외 시설들
5층에는 반신욕기 2대와 골반교정기 2대가 있고,
7층에는 족욕기 2대가 있습니다.
반신욕이나 족욕을 하고 나면 몸이 따뜻해지고 땀이 나면서 기운이 도는 느낌이라 저는 자주 이용했어요.
또 층마다 전자레인지와 음식물쓰레기통이 있어서 남편이 사온 간단한 음식을 데워 먹기에도 편리했습니다.
작은 부분이지만 생활하면서 은근히 유용한 시설이에요.
6. 세탁물
세탁 시스템도 꽤 편리한 편입니다.
방 앞 사물함에 세탁물을 넣어두면 오전 6~7시쯤 수거해가시고, 당일 점심 이후 8층에서 찾아갈 수 있어요.
빨래망에 넣은 세탁물은 탈수만 해서 당일 돌려주시기 때문에 방 안 미니 건조대에 직접 널어야 합니다.
반대로 빨래망에 넣지 않고 맡기면 건조까지 해주시는데, 보통 다음 날쯤 받을 수 있어요.
다만 건조된 세탁물은 다른 분들과 함께 바구니에 담겨 있으니 자기 옷을 잘 찾아가야 합니다.
7. 청소
화장실과 방 청소, 쓰레기통 비우기는 매일 해주세요.
청소도 꽤 꼼꼼하게 해주셔서 지내는 동안 불편함이 없었습니다.
다만 주말에는 쓰레기통만 비워주십니다.
여사님들도 주말엔 쉬셔야 하니까요 :)
8. 주차
이 부분은 조금 아쉬웠어요.
건물 지하는 타워주차장인데 무료 주차 시간이 1시간 30분까지만 제공됩니다.
이후에는 10분당 추가 요금이 발생해요.
그래서 주변 도로변에 주차하시는 분들도 꽤 많았습니다.
다행히 입소일과 퇴소일에는 주차장 이용료가 무료라 짐 옮길 때는 부담이 없었어요.
9. 면회
개인적으로 정말 좋았던 부분!
대부분의 조리원은 남편만 면회가 가능한 경우가 많은데, 김혜정 산후조리원 수성점은
첫째 아이 면회가 가능합니다.
그래서인지 둘째 맘들이 정말 많더라고요.
다만 첫째 아이가 면회하고 가면 감염 예방 차원에서 다음 날 오후 4시까지 직수와 모자동실은 불가능합니다. 신생아들의 안전을 위한 조치이니 충분히 이해가 되는 부분이었어요.
총평
✔️ 집밥 스타일의 맛있는 식사
✔️ 모유수유 강요 없는 분위기
✔️ 마사지 만족도 높음
✔️ 첫째 아이 면회 가능
✔️ 반신욕·족욕 등 부대시설 만족
❗ 주차는 다소 아쉬움
❗ 밤 수유콜이 없어 호불호가 있을 수 있음
저는 전반적으로
""산모를 충분히 쉬게 해주는 조리원""
이라는 인상을 받았습니다.
특히 둘째 출산 후 몸 회복에 집중하고 싶은 산모라면 만족도가 높을 것 같아요. 제 개인적인 경험을 바탕으로 작성한 후기이니, 조리원 선택에 참고가 되었으면 좋겠습니다 :)",,0,https://cafe.naver.com/f-e/cafes/24000254/articles/7325532?boardtype=L&userDisplay=50&menuid=13&referrerAllArticles=false&inCafeSearch=true&query=%EC%B2%AD%EC%86%8C&art=aW50ZXJuYWwtY2FmZS1hcnRpY2xlLXJlYWQtaW5DYWZlLXNlYXJjaC1saXN0.eyJ0eXAiOiJKV1QiLCJhbGciOiJIUzI1NiJ9.eyJjYWZlVHlwZSI6IkNBRkVfSUQiLCJhcnRpY2xlSWQiOjczMjU1MzIsImlzc3VlZEF0IjoxNzg4MjMzMTMwNjE0LCJjYWZlSWQiOjI0MDAwMjU0fQ.5-HZs2gSiepKIHtUFFqK2Nm6M9ozsddD-e_nFYWpL6U&page=1,JKS
대구맘365,24000254,13,청소,리엘 산후조리원 스위트룸 사용 후기,2026.06.17. 18:41,"안녕하세요!
​
올해 6월 첫주에 출산하고 리엘 산후조리원에서 아기는 13박14일 저는 11박12일 이용했어요~
​
조리원은 7층에서 9층에 있으며, 9층에서 상담과 입실 안내를 해주세요.
퇴원시 바로 방이 없어서 아기만 먼저 들어가고 전 2일 정도 집에서 지내고 들어갔어요.
​
​
스위트룸 706호로 배정 받았어요.
​
방 컨디션은 이렇습니다.
퇴실 준비하면서 찍어둔 사진이랍니다.
​
입실할 때 산모 원피스와 수건 2개가 제공되며, 원피스 경우는 매일 세탁 후 방으로 가져다주신답니다.
​
청소도 휴일을 제외한 매일 오전 8시 중 청소를 진행해주세요.
세탁도 세탁망에 넣어서 세탁 바구니에 오전 8시까지 넣어두면 오후4시 세탁완료 서랍에 넣어주신답니다.
​
​
입실을 오전 11시 이후로 진행되다보니 첫날부터 점심 식사를 먹었어요.
점심은 거의 매일 특식 같고, 아침 저녁으로는 미역국과 매번 다른 반찬들이 나온답니다.
​
9층 식당에 들어가서 반찬만 덜어서 자리에 앉으면 밥과 국은 자리로 가져다주신답니다.
​
음식들이 너무 맛있어서 진짜 살 빼서 돌아가기 힘들더라구요..ㅎㅎ
​
식당에 주전자 옆에 텀블러 놓고 밥먹으면 텀블러 안에 보리차 담아주시더라구요.
리엘 산후조리원 보리차 물! 다른 후기들 보면 꼭 나오더라구요.
​
​
​
교육실도 따로 있고, 각 층마다 전자레인지랑 정수기가 있어요.
​
그리고 각 복도에 간식 트레이가 있어서 간식 시간에 맞춰서 간식 챙겨서 방에서 먹으면 되더라구요.
​
​
간식들도 너무 맛있게 먹었어요.
​
​
​
매주 목요일은 간식데이로 오후 3시에 식당으로 가면 과일, 떡, 과자, 요플레 등 많아서 먹을만큼 먹을 수 있더라구요.
​
​
​
아무도 없을 때 찍은 수유실인데, 수유실에 쿠션들도 매번 세탁하고 수유실도 매번 소독하다보니 항상 깨끗한 환경에서 아기를 수유할 수 있었어요.
​
그리고 선생님들이 정말 옆에서 잘 가르쳐주시더라구요.
초산이라 하나도 모르고 아무것도 못하는데 퇴실할 때 되니 많이 배우고 익혀져서 그런지 좀 익숙해진 것 같아요ㅎ
​
​
친절하고 좋은 선생님들 덕분에 정말 편하게 쉬고 많이 배워서 가는 것 같아요.
​
이상 리엘 산후조리원 실제 내돈내산 후기랍니다.",둘째는 리엘이용해봐야겠아요!,1,https://cafe.naver.com/f-e/cafes/24000254/articles/7325210?boardtype=L&userDisplay=50&menuid=13&referrerAllArticles=false&inCafeSearch=true&query=%EC%B2%AD%EC%86%8C&art=aW50ZXJuYWwtY2FmZS1hcnRpY2xlLXJlYWQtaW5DYWZlLXNlYXJjaC1saXN0.eyJ0eXAiOiJKV1QiLCJhbGciOiJIUzI1NiJ9.eyJjYWZlVHlwZSI6IkNBRkVfSUQiLCJhcnRpY2xlSWQiOjczMjUyMTAsImlzc3VlZEF0IjoxNzg4MjMzMTMwNjE0LCJjYWZlSWQiOjI0MDAwMjU0fQ._Fc3MkNn_M9tq0cO0UYcgHuIJWrjd0sKtDmImnUQYUI&page=1,JKS
대구맘365,24000254,13,청소,대구 달서구 리엘산후조리원 vip룸 2주 후기,2026.06.15. 14:34,"안녕하세요! 얼마 전 출산하고 대구 달서구 리엘산후조리원에서 천국 같은 2주를 보내고 퇴소한 맘입니다.
조리원 라이프가 너무 만족스러워서 다른 산모님들께 도움이 될까 싶어 생생한 내돈내산 후기를 남겨봐요. 🥰
​
🛏️ 712호 VIP룸 객실 (모션베드 & 테라스)
계약은 vip로 했지만 방이 없어서 처음 이틀은 디럭스룸에서 묵었습니다.
그 이후에 전실한 방은 712호 VIP룸이었어요.
방에 들어서자마자 깔끔하고 아늑해서 마음에 쏙 들었는데, 무엇보다 모션베드가 신의 한 수였습니다!
출산하고 나면 뼈마디가 다 늘어나서 침대에서 일어날 때마다 허리랑 배에 무리가 많이 가잖아요? 모션베드 덕분에 리모컨 하나로 상체 각도 조절해가며 편하게 일어날 수 있어서 회복에 정말 큰 도움을 받았어요.
게다가 방에 개별 테라스가 딸려 있어서, 답답할 때마다 창밖 보며 바깥공기 마시기에도 최고였답니다.
VIP룸 강추해요!
참고로 남편 입실은 주말만 가능하고,
토요일 오전 10시부터 일요일 오후 8시까지입니다.
모자동실은 매일 11:40~14:30 시간을 제외하고 자유롭게 가능하구요.
저는 평일에는 혼자 모자동실할 자신이 없어서 수유콜 때마다 아기를 보러 가고, 주말에 남편이 왔을 때 모자동실을 했어요 !
​
🍲 소문대로 역시 '밥 맛집' & 목요일 간식데이
리엘 후기 찾아볼 때 다들 밥이 맛있다는 칭찬 일색이던데, 직접 먹어보니 왜 그런지 백번 이해가 가더라고요. 매일 삼시 세끼 균형 잡힌 영양식으로 정말 정갈하고 맛있게 나와요.
그리고 매일 나오는 간식 퀄리티도 훌륭한데, 특히 목요일 간식데이는 사랑입니다...❤️
목요일에는 9층 식당가에 다 같이 올라가서 간식을 먹는데, 준비해 주시는 과일이 진짜 당도 높고 너무 맛있어서 매주 목요일만 기다렸던 기억이 나네요.
특히 수박이랑 키위 너무 맛있었어요,,🤤
저녁 8시에는 야식으로 죽도 나오는데요. 야채죽, 호박죽, 흑임자죽 돌아가며 나오는 듯 해요 !
한 두번 먹으러가고 그 후엔 귀찮아서 패스하고 방에서 쉬었네요 ㅎㅎ
​
👶 천사 같으신 신생아실 선생님들
초보 맘이라 아기 케어에 대해 걱정이 정말 많았는데, 신생아실 선생님들이 아기를 진심으로 예뻐해 주시는 게 눈에 보여서 안심하고 푹 쉴 수 있었어요. 언제나 친절하게 질문에 답해주시고 케어 팁도 많이 알려주셔서 큰 위로가 되었습니다.
궁금한 점 있으면 잘 알려주셔요 !!
​
🍼 프리미엄 아기용품 사용
- 분유 : 루비락
- 기저귀 : 르소메, 리베로
- 아기로션 : 로하스베베
- 아기 세제 : 베베르엘
리엘을 선택하길 정말 잘했다고 느낀 점 중 하나는 아기들이 쓰는 용품을 전부 최고급 제품으로만 엄선해서 사용한다는 거였어요.
​
🧹 완벽한 룸케어
조리원에서는 정말 '쉬는 것'에만 집중할 수 있게 시스템이 잘 되어 있어요. 매일매일 방 청소 꼼꼼하게 해주시고, 매일 새 산모복 지급은 물론이고 개인 빨래까지 싹 세탁해서 가져다주십니다. 손가락 하나 까딱 안 하고 대접받는 기분이라 진짜 조리원 천국을 제대로 실감했어요.
​
💆‍♀️ 유명한 리엘 마사지 (추가 결제 추천 !)
리엘 하면 마사지 유명한 거 아시죠?
저도 입소할 때 서비스로 무료 유방 마사지랑 전신 마사지를 받았는데, 와... 진짜 신세계를 경험했습니다. 임신 기간 내내 뭉쳤던 근육과 출산 오로, 붓기가 싹 가시는 느낌으로 너무 시원하더라고요. 이 손맛은 놓치면 안 되겠다 싶어서 바로 7회 추가 결제해서 받았어요. 덕분에 조리원 나갈 때 몸무게도 많이 줄고 몸이 훨씬 가벼워졌답니다. 부종도 많이 빠지고 마사지 받으니까 화장실도 잘 가더라구요. 조리원에서 총 10kg감량했습니다. 마사지는 무조건 추가하시길 추천드려요!
​
📸 소소하지만 확실한 행복 (셀픽 / 베베캠)
또 하나 저의 활력소였던 공간!
9층에 하루에 한 장씩 무료로 아기 사진을 인화할 수 있는 셀픽 기계가 있어요.
매일 핸드폰으로 찍은 우리 아기 심쿵 사진을 골라서 한 장씩 인화하는 게 제 하루의 유일한 낙이자 힐링 타임이었답니다. 퇴소할 때 인화된 사진 모아보니 괜히 뿌듯하고 좋은 추억이 되었어요.
그리고 실시간으로 아기모습 볼 수 있는 베베캠 !
앱 설치 후 가입하면 하루 2번 정해진 시간(10:40~11:00 / 16:00~16:20)에 신생아실에 있는 아기 모습을 볼 수 있어요🥰
​
✨ 총평 ✨
원장님을 비롯해 신생아실 선생님들, 마사지 실장님, 청소해주시는 이모님들까지 모두 너무 친절하셔서 머무는 내내 심적으로도 육체적으로도 완벽하게 힐링하고 갑니다.
시설, 위생(세스코 관리라 안심!), 식사, 케어 어느 하나 빠지는 것 없이 대만족이었던 리엘산후조리원!
둘째가 생긴다면(먼 미래지만요ㅎㅎ) 망설임 없이 또 리엘로 올 것 같아요. 달서구 조리원 고민 중이신 예비맘들이 계신다면 강력 추천합니다! 👍
​
​
​",,0,https://cafe.naver.com/f-e/cafes/24000254/articles/7323297?boardtype=L&userDisplay=50&menuid=13&referrerAllArticles=false&inCafeSearch=true&query=%EC%B2%AD%EC%86%8C&art=aW50ZXJuYWwtY2FmZS1hcnRpY2xlLXJlYWQtaW5DYWZlLXNlYXJjaC1saXN0.eyJ0eXAiOiJKV1QiLCJhbGciOiJIUzI1NiJ9.eyJjYWZlVHlwZSI6IkNBRkVfSUQiLCJhcnRpY2xlSWQiOjczMjMyOTcsImlzc3VlZEF0IjoxNzg4MjMzMTMwNjE0LCJjYWZlSWQiOjI0MDAwMjU0fQ.MEa6-XEOBFOsJtYu8wlQwkJhZKFrdblGsUfveNTUkII&page=1,JKS
대구맘365,24000254,13,청소,대구 더블유여성병원 조리원 내돈내산 후기,2026.06.15. 10:46,"안녕하세요 13박14일 내돈내산 후기 알려드릴께요.
​
대구 W 여성병원 에서 출산을 하고 바로 위에 있는 여성병원 조리원을 이용했어요.
​
우선은 다른 곳으로 이동 할 필요 없이 엘리베이터만 타고 바로 조리원으로 올라올 수 있어서 걱정 없이 이동할 수 있었어요.
​
저는 일요일날 입소라서 금요일 날에 입소 교육을 듣고  일요일 날에 입소하기 전 남편과 코로나 검사를 하고 입소을 했어요. 조리원에 있는 동안 저는 한 번만 검사를 했고 남편은 3일에 한번씩 코로나 검사가 필요해요
​
저는 임신 8주차에 조리원을 VVIP로 예약을 했었는데 남편이 자고 갈 수 없다고 해서 25주가 넘었을 때 일반실 3.5 평 으로 변경 하여서 611호를 사용했어요
​
위치가 엘레베이터 바로 앞이라서 시끄러울까봐 걱정했는데 크게 시끄럽지도 않았고 바로 앞에 식당이 있어서 밥 먹으러 갈 때 수월 했어요. 그리고 6층에 수유실,신생아실,혈압 및 체온  측정 하는 곳,식당,사우나실 이 있어서 일반실로 바꾸길 잘했다는 생각이 들었어요. 물론 방의 크기가 조금 작고 화장실이 많이 좁아서 씻기 불편한점은 있었지만 그래도 생활 하는데 있어서 큰 지장은 없었어요
​
아침은 매일 아침 8시 10분에 방앞으로 가져다 주세요. 다먹은 뒤엔 복도에 놔두는 곳이 있어서 그쪽으로 두시면 되세요
​
방청소는 일요일 빼고 다 해주시는데 10시 20분 이후부터 해주세요 엄청 깨끗하게 해주시는건 아닌것 같았어요 아무래도 많은 방을 치워야 해서 그런지 보통 1~2분이면 끝나더라구요
청소를 원치 않는 날에는 방문 앞에 쓰레기통을 두면 쓰레기통만 비워주세요
​
복도 가운데에 개인빨래와 조리원복을 세탁해주시는 곳이 있는데 개인빨래는 방안에 준비되어있는 세탁망에 넣어서 개인 세탁함에 넣고 세탁물 수거 명단에 작성해주시면 보통 다음날 11시쯤 세탁되어서 나와요
​
하루에 보통 슈유콜은 4번정도 오는데 수유 시간을 좀더 늘리겠다고 하면 더 자주 불러주세요
밥을 먹거나 마사지 휴식등을 취하고 있을때는 다음 수유때 갈께요 라고 하면 알겠다고 해주시니 수유 안간다고 할때도 불편함 없었어요 저는 아기가 제가 밥먹을때 수유콜이 오면 제가 갈때까지 기다려야 하니까 그냥 선생님이 먹여 달라고 부탁 드리고 다음 수유때 갔어요
​
수유할때 궁금한점 있을때마다 선생님들께 물어보면 친절하게 다들 가르쳐주셔서 부담 없이 선생님들께 물어볼수 있어요.
​
점심,간식,저녁,야식은 식당에가서 이용을 하면 되는데요 점심,저녁은 뷔페식으로 원하는 많큼 떠서 드시면 되고 간식은 1인당 먹는양으로 준비되어 있어서 들고 식당에서 먹으면 되요
저는 야식은 항상 죽과 미역국이 나와서 저는 한번도 안먹었네요
​
식당 안쪽으로 들어가면 아기 사진을 뽑을수 있는곳이 있어요 매일 한장씩 뽑을수 있어서 저는 밥먹고 항상 뽑았어요
​
7층에는 마사지실이 있어서 마사지를 받으면서 관리 받을수 있는데요 마유는 1회에 11만원 (1시간20분)아로마는 1회에 8만원(50분) 이예요 일반실을 이용하면 아로마 1회 서비스를 받을수 있었는데 저는 마유 6회를 추가로 받았아요 마사지를 받고나면 땀도 나고 뭉쳐있는 가슴도 잘 풀어주셔서 엄청 시원해서 마사지 받는걸 추천 드려요.
​
퇴원후 조리원에 있는동안 외래진료를 3번정도 받았는데 같은 건물에 있다보니 엘레베이터만 타고 바로 진료를 볼수있어서 좋았고 아기들도 진료를 봐야할때에 바로 볼수 있어서 좋았어요
​
조리원에 있는동안에 밥도 잘먹고 잠도 잘자고 모른것 투성이 였는데 많을걸 배울수 있어서 좋았어요 더블유 여성병원에서 아기 낳는분들이 계시면 바로 위에 있는 조리원 추천드려요~
​
​
​
​
입실 설명할때 주시는 유인물
식당에서 원하는 만큼 떠서 먹으면 돼요
매일 아침 방으로 주시는 아침밥
혈압 및 체온 측정 하는곳(옆에 체중계도 있음)
​
매일 1장씩 뽑을수 있어요~
​",,0,https://cafe.naver.com/f-e/cafes/24000254/articles/7323106?boardtype=L&userDisplay=50&menuid=13&referrerAllArticles=false&inCafeSearch=true&query=%EC%B2%AD%EC%86%8C&art=aW50ZXJuYWwtY2FmZS1hcnRpY2xlLXJlYWQtaW5DYWZlLXNlYXJjaC1saXN0.eyJ0eXAiOiJKV1QiLCJhbGciOiJIUzI1NiJ9.eyJjYWZlVHlwZSI6IkNBRkVfSUQiLCJhcnRpY2xlSWQiOjczMjMxMDYsImlzc3VlZEF0IjoxNzg4MjMzMTMwNjE0LCJjYWZlSWQiOjI0MDAwMjU0fQ.CpcbU_WRfs_-edkieLLx-5oIUPObEvsYvOVu8RyJqHc&page=1,JKS
대구맘365,24000254,13,청소,[육아템리뷰]4개월 아기 매트 추천: 베베끌레르 4cm 항균 매트 34평 거실 설치 찐후기,2026.06.11. 12:08,"안녕하세요
​
​
어느덧 저희 집 천사가 태어난 지 4개월 차에
접어들었어요.
요즘 한창 뒤집기 지옥(?)과 뒤집기 천국을 오가며
온몸으로 성장판을 자극하고 있는 에너제틱한
남자아기를 키우고 있답니다.
​
​
​
아이가 뒤집기를 시작하니까 매일 바닥에 머리를
쿵 하지는 않을까,
침을 흘리는데 위생은 괜찮을까 하루하루가
걱정의 연속이더라고요.
​
게다가 앞으로 배밀이하고 기어 다닐 걸 생각하니
'아기 매트'는 더 이상 미룰 수 없는 숙제였습니다.
선택 아닌 필수죠 아기매트는!
​
​
시공매트와 놀이매트중에 고민이 되더라구요.
저희는 일년내 이사를 앞두고 있기도하고,
주위 육아선배들 조언에 따르면
시공매트는 최~대한 나중에 까는게 좋다더라구요
​
아무래도 아기가 기거나 걷기전에 깔면
어른들이 밟게되고
오염이나 변색이 더 빨라지니 그러한 이유에서요!
​
​
브랜드부터 두께, 성분까지 눈이 침침해질 때까지
비교 분석한 끝에
제 마음에 쏙 들어온 제품! 바로
“✨베베끌레르 4cm 바닥 항균 매트✨” 입니다.
​
저는 240*140cm 사이즈로 총 2장을 구매해서
하나는 거실에, 하나는 아이방에 각각 깔아주었는데요.
​
한 달 가까이 사용해 보며 느낀 장점들을 일목요연하게 정리해 드릴게요🙌
​
고심끝에 고민한 거실 아기매트
베베끌레르로 선택한 후
내돈내산 34평 설치
한 후기 입니다 :)
​
​
1. 4개월 뒤집기 시기, 왜 '4cm 두께'여야 할까요?
​
지금 4개월 아기들에게 가장 필요한 건 뭐니뭐니 해도 **'안전'**이죠.
베베끌레르 매트는 무려 4cm의 두께감을 자랑합니다.
​
너무 푹신하면 아기 척추에 무리가 가거나 뒤집었을 때 코가 묻혀 위험할 수 있고,
너무 딱딱하면 충격 흡수가 안 되잖아요?
​
그런데 이 제품은 밟았을 때 쫀득하면서도 탄탄하게 받쳐주는 느낌이에요.
아기가 뒤집다가 힘이 빠져서 머리를 쿵! 해도 매트가
충격을 부드럽게 흡수해 주니까 엄마 마음이 한결 편해지죠.
​
​
나중에 아기가 잡고 서고, 걸음마 배우다 넘어질 때도
이 정도 두께라면
다칠 걱정은 전혀 안 해도 될 것 같아요.
게다가 발걸음 소리나 장난감 떨어뜨리는 소리도
완벽하게 잡아줘서 층간소음 또한 안심할 수 있어요.
​
​
​
​
2. 240*140cm 사이즈 2장으로 거실아이방 완벽커버
​
매트 살 때 사이즈 고민 정말 많이 하시죠?
​
저도 거실 전체를 다 채워야 하나 고민했는데,
240*140cm 사이즈 두 장 조합이 신의 한 수였어요!!!
​
​
거실: 소파 앞 공간에 깔아두니 인테리어를 해치지 않고 맞춘 것처럼 딱 떨어져요.
온 가족이 거실에서 아기와 함께 뒹굴며 소통하기에 아주 넉넉한 공간이 나옵니다.
240*140 1장 깔았을때 입니다.
아이방: 아기 침대 아래나 놀이존 공간에 배치했더니,
방이 좁아 보이지 않으면서도 아기만의 안전한 독립 놀이 공간이 예쁘게 완성되더라고요.
​
​
​
매트 디자인과 컬러가 워낙 모던하고 깔끔하게 나와서,
알록달록한 육아 용품들 사이에서 중심을 딱 잡아주니
집안이 훨씬 넓고 환해 보이는 효과까지 덤으로 얻을 수 있어요!
​
아직은 아이가 어려서 아기방보다는 거실에서 보내는
시간이 많아 매트 두장 모두 거실에 깔아두었어요.
​
84제곱미터 국민평형 거실이면 제일 큰 사이즈 두장 깔면 웬만하게 커버가 되어요!
240*140 2장 모두 깔았을때입니다. 롤베이비 원형러그와 사이즈비교해주세요 :)
​
​
​
​
3. 면역력 약한 아기를 위한 안심 '항균 기능'
사실 아직 면역력이 약한 4개월 아기라 매트의 소재를 가장 깐깐하게 체크했어요.
​
특히 남자아이라 그런지 열도 많고 땀도 많아서
매트 위에 누워있는 시간이 길어질수록
위생이 걱정되더라고요.
​
베베끌레르는 철저한 항균 인증을 받은 제품이라 눈에 보이지 않는 세균이나 진드기 걱정없어요
아기가 혹시나 매트에 대고 뺨을 부비거나 침을 흘려도 안심하고 놔둘 수 있는 이유예요.
소중한 우리아기가 사용하기에 더욱 꼼꼼히 체크!
​
그리고
처음 배송받았을 때 특유의 지독한 화학 냄새가 나면
어쩌나 걱정했는데,
냄새가 거의 나지 않아서 가볍게 닦아낸 뒤 바로 사용할 수 있었던 점도 대만족 포인트였습니다.
​
정말 냄새가 거의 나지않아요.
이부분 신생아아기있는 집에서 제일 중요한 부분인데
그래서 베베끌레르매트가 더 만족스러웠어요.
​
​
​
​
4. 엄마의 손목을 지켜주는 쉬운 청소와 관리법
육아하면서 청소까지 힘들면 정말 지치잖아요.
베베끌레르 매트는 생활 방수 기능이 탁월해요.
아기가 분유를 게우거나 침을 흘려도 스며들지 않고 겉 표면에 맺혀 있어서,
물티슈나 마른 천으로 쓱- 닦아주면 청소 끝입니다.
매일 사용하는 매트인데
청소도 간편한게 잘 되는지 체크필수죠
살살 문질러도 깔끔하게 잘 닦여요!
가장 만족한점. 매트가 접히는틈새가 거의 없어요.
보통 폴더 매트는 접히는 틈새 사이로 먼지나
과자 부스러기, 머리카락이
끼어서 매번 접어가며 청소해야 하잖아요?
이 제품은 청소기 헤드가 부드럽게 넘어가며
먼지를 쏙쏙 빨아들이니까
데일리 청소 시간이 절반으로 줄었습니다.
가뜩이나 아기보느라 고생많은 엄마들의 소중한 손목과
시간을 지켜주는 효자템이에요.
​
​
시공매트처럼 분리가 어려운게 아니라
매트를 반 접은 뒤 매트아래 마루바닥도 원할때마다 쉽게 청소가능하고
매트윗부분 또한 청소가 용이해 매우 만족했어요.
​
​
​
​
💡 총평: 이런 분들께 추천해요!
이제 막 뒤집기를 시작해 바닥 안전이 시급한
4~5개월 아기 부모님
​
층간소음과 아기 안전을 모두 잡을 수 있는 탄탄한
4cm 매트를 찾으시는 분
​
인테리어를 해치지 않는
깔끔하고 화사한 매트를 원하시는 분
​
위생적인 항균 소재와 쉬운 청소 방법을 선호하시는 분
​
​
​
체험단 아니고 정말 꼼꼼하게 비교해서 구매한
내돈내산 제품인데,
쓰면 쓸수록 돈이 아깝지 않다는 생각이 드는
육아템입니다.
아기 매트 고민 중이신 이웃님들이 계신다면
눈여겨보셔도 좋을 것 같아요!
​
개인적으로
시공매트 깔기전 놀이매트 필요하신 분들께
베베끌레르 매트 강추드립니다.
출산전, 여유있게 미리 준비해두시면
좋을 것같아요.
​
본 포스팅은 직접 제품을 구매하여 사용해 본 후 작성한 주관적인 후기입니다.
​",,0,https://cafe.naver.com/f-e/cafes/24000254/articles/7320443?boardtype=L&userDisplay=50&menuid=13&referrerAllArticles=false&inCafeSearch=true&query=%EC%B2%AD%EC%86%8C&art=aW50ZXJuYWwtY2FmZS1hcnRpY2xlLXJlYWQtaW5DYWZlLXNlYXJjaC1saXN0.eyJ0eXAiOiJKV1QiLCJhbGciOiJIUzI1NiJ9.eyJjYWZlVHlwZSI6IkNBRkVfSUQiLCJhcnRpY2xlSWQiOjczMjA0NDMsImlzc3VlZEF0IjoxNzg4MjMzMTMwNjE0LCJjYWZlSWQiOjI0MDAwMjU0fQ.Fknms6hKZCrI7N1qwQ8YVTyWbhLmYekV-cBgK1czHY4&page=1,JKS
대구맘365,24000254,13,청소,[ 김혜정산후조리원 달서점 ] 8박9일의 후기 !,2026.06.03. 18:33,"​
저는 둘째 출산이라 길게는 못있고 8박9일로 예약했어요! 도로변으로 방을 배정받았는데 시끄러울거라 예상했지만 이중샷시로 되어있어서 소음은 그닥 없었고 트인뷰라 오히려 답답하지 않고 좋았던거같아요 !
​
침대는 모션베드라 너무 편했고 깔끔하게 다 갖춰있어서 8박 9일 내내 편하게 있었어요
​
매일 아침시간에 청소도해주시고 쓰레기도 직접 비워주셨답니다
​
​
2층 마사지실 & 방
3층 카운터 & 신생아실 수유실 & 방
4층 식당 & 방 으로 되어있고
​
곳곳에 마사지기계나 파라핀기계 좌욕기도 있어서
시간날때마다 해보니 피로 풀어주고 너무 좋았어요
​
​
​
​
​
​
여기를 선택했던것 중 하나가
신생아실이 오픈되어있다는거였어요!
첫째때는 미래여성병원조리원으로 갔는데
신생아실 항상 커튼으로 막아두셨거든요 ㅠㅠ
오픈되어있으니 지나갈때 한번씩 볼수도 있고
안심되더라구요 ~
​
신생아실 바로 옆에 수유실이 있고
선생님들께서 수유방법 트름방법 등등
아주 상세하고 친절히 잘 가르쳐주셨어요
​
​
​
​
​
마지막으로 조리원에서 꼭 해줘야하는 마!사!지
첫째때도 하루도 빠짐없이 마사지를 받았고
마사지효과를 엄청 많이 봤었어요 ~
1회 60분 전신마사지 서비스로 해주시는데
받아보니 너무너무 마음에 들어서
8박 중 7번을 받게 되었어요 !
​
세기도 적당하고 온몸에 피로감을 쫙 풀어주는
그리고 임신 중 늘어났던 셀룰라이트를
녹이는 느낌이라 너무 좋았어요
마사지를 받으니 살도 부종도 더 잘빠지는 느낌이라
산후 다이어트 생각하신다면
마사지는 꼭 꼭 받으세요 ^_^ ~
209호 앞 손미경 선생님 너무 잘하시구 친절하시구
마음 편하게 해주셔서 너무 잘받았습니다
​
이상 ! 김혜정 산후조리원의 후기였고
다음이 없어야하지만 또 오게 된다면 (?)
여기 조리원으로 무조건 ! 올거같아요
​
예약이 많이 차있다고하니
미리미리 예약하시는걸 추천드립니다
​",,0,https://cafe.naver.com/f-e/cafes/24000254/articles/7314746?boardtype=L&userDisplay=50&menuid=13&referrerAllArticles=false&inCafeSearch=true&query=%EC%B2%AD%EC%86%8C&art=aW50ZXJuYWwtY2FmZS1hcnRpY2xlLXJlYWQtaW5DYWZlLXNlYXJjaC1saXN0.eyJ0eXAiOiJKV1QiLCJhbGciOiJIUzI1NiJ9.eyJjYWZlVHlwZSI6IkNBRkVfSUQiLCJhcnRpY2xlSWQiOjczMTQ3NDYsImlzc3VlZEF0IjoxNzg4MjMzMTMwNjE0LCJjYWZlSWQiOjI0MDAwMjU0fQ.PDku6Wcvnq9J0rpuPJbB24HIfmw2y4bx7NIDZi487wY&page=1,JKS
대구맘365,24000254,13,청소,아가넬매트 시공 후기,2026.06.01. 23:00,"매트 시공 전에는 거실에만 폴더매트를 깔았고, 아기가 기어다니기 시작하면서부터 거실에만 두는 게 답답해보여 시공매트를 고민하게 되었습니다. 그러다 주변 지인들의 권유로 아기가 걷거나 뛰게되면 층간소음 문제가 발생할 수 있고, 폴더매트 외 바닥에서 넘어져서 다칠 수 있다는 것을 듣게 되어 시공매트를 알아보게 되었습니다.
0초
0초
100%
광고 후 계속됩니다.
다음 동영상
subject
author
취소
재생
7
재생 (space/k)
재생
00:12
0:00:00
재생 (space/k)
재생
음소거 (m)
음소거
00:00
/
00:12
실시간
설정
전체 화면 (f)
해상도
자동 (480p)
자막
사용 안함
재생 속도
1.0x (기본)
해상도
자동 (480p)
1080p
HD
720p
HD
480p
270p
자막
자막 추가
설정
사용 안함
자막 설정
글자 크기
배경색
재생 속도
0.5x
1.0x (기본)
1.5x
2.0x
죄송합니다. 문제가 발생했습니다. 다시 시도해 주세요.
도움말
음소거 상태입니다.
도움말
라이선스
디버그 정보 다운로드
고화질 재생이 가능한 영상입니다.
설정에서 해상도를 변경해보세요.
더 알아보기
00:00
아가넬매트 시공 후기
시공 후 사진 및 영상입니다. 시공은 두 분이서 와서 진행해주셨고, 시간은 약 4시간정도 소요되었 던 것 같습니다. 시공할 때 내 집처럼 꼼꼼하게 설치를 해주셨고, 황변 등 궁금해할만한 사항에 대해 미리 알려주셔서 매우 만족스러웠습니다.
아가넬매트를 고르게 된 이유는 가장 큰 장점은 가성비가 좋습니다. 제가 6개 이상의 시공매트 브랜드와 가격비교를 해 보았을 때 아가넬매트의 가격이 가장 만족스러웠고, 가격이 저렴한 매트들은 대부분 매트의 크기가 작았지만, 아가넬 매트는 700*700의 크기 또한 만족스러웠습니다. 또한 온누리상품권 사용이 가능해 더 저렴하게 시공할 수 있었습니다.
두 번째 장점은 뛰어난 쿠션감입니다. 아이가 걷기 연습을 하다가 넘어지거나 장난감을 떨어뜨려도 충격을 효과적으로 흡수해 주어 안심이 됩니다. 오래 앉아 있거나 누워 있어도 편안해서 아이뿐만 아니라 부모도 만족스럽게 사용하고 있습니다.
세 번째 장점은 관리의 편리함입니다. 생활 오염이 생겨도 물티슈로 간단하게 닦을 수 있어 청소 부담이 적습니다. 음식물을 흘리거나 음료를 쏟아도 빠르게 정리할 수 있어 육아 중 매우 유용하게 느껴집니다.
네 번째 장점은 깔끔한 디자인과 인테리어 효과입니다. 기존 바닥색깔이 그레이 계통이라 문그레이색상이 매트가 안 깔린 부분과 잘 어울려 만족감이 더욱 높았습니다.
​
저처럼 가격 때문에 매트시공을 망설이시는 분들이 많을 것 같은데 아가넬매트 상담을 먼저 받아보실 것을 추천합니다.",,0,https://cafe.naver.com/f-e/cafes/24000254/articles/7313461?boardtype=L&userDisplay=50&menuid=13&referrerAllArticles=false&inCafeSearch=true&query=%EC%B2%AD%EC%86%8C&art=aW50ZXJuYWwtY2FmZS1hcnRpY2xlLXJlYWQtaW5DYWZlLXNlYXJjaC1saXN0.eyJ0eXAiOiJKV1QiLCJhbGciOiJIUzI1NiJ9.eyJjYWZlVHlwZSI6IkNBRkVfSUQiLCJhcnRpY2xlSWQiOjczMTM0NjEsImlzc3VlZEF0IjoxNzg4MjMzMTMwNjE0LCJjYWZlSWQiOjI0MDAwMjU0fQ.oomNXbnnR0lcPr-dBjDwxv-zDA9nMTFrGVn3dha4fFo&page=1,JKS
대구맘365,24000254,13,청소,조은맘 산후도우미 후기,2026.05.19. 14:35,"출산 전 베이비키즈페어에 갔다가 여러 업체 상담을 받아본 뒤 최종적으로 선택한 곳이 조은맘 산후도우미 였어요. 상담할 때부터 체계적으로 관리해주는 느낌이 들어 믿음이 갔고, 실제 이용하면서도 만족도가 정말 높았어요.
​
사실 가장 걱정했던 부분은 어떤 이모님을 만나게 될지였는데, 너무 좋은 분을 만나서 3주 동안 편안하게 지낼 수 있었어요.
무엇보다 가장 만족했던 건 아기를 정말 예뻐해주시고 진심으로 대해주셨다는 점이에요.
청소나 음식도 물론 중요하지만 저는 아기를 대하는 태도를 가장 우선으로 생각했거든요. 그런 부분에서 정말 큰 만족을 느꼈어요.
​
아기 목욕이나 케어도 능숙하게 잘해주시고, 배 마사지도 시원하게 잘해주셨어요.
아기에게 말도 많이 걸어주시고 예뻐해주셔서 옆에서 보는 저까지 마음이 놓였답니다.
아침마다 일찍 오셔서 환기부터 빨래 개기, 청소기 밀기까지 깔끔하게 하루를 시작해주신 점도 정말 좋았어요.
​
식사는 시어머님께서 반찬을 많이 챙겨주셔서 시어머님 반찬위주로 꺼내먹어서 이모님 음식을 많이먹어본건 아니지만, 가끔 해주셨던 음식들은 정말 맛있어서 더 못 먹어본 게 아쉬울 정도였어요ㅎㅎ그래서 늘 국은 새로 해주셨습니다:)
​
3주 계약했는데 시간이 정말 순식간에 지나갔고, 오늘이 마지막 날이라 아쉬운 마음에 이렇게 후기를 남겨봅니다.
산후조리 기간 동안 큰 도움 받았고 정말 만족스러운 시간이었어요^ㅇ^",,0,https://cafe.naver.com/f-e/cafes/24000254/articles/7304400?boardtype=L&userDisplay=50&menuid=13&referrerAllArticles=false&inCafeSearch=true&query=%EC%B2%AD%EC%86%8C&art=aW50ZXJuYWwtY2FmZS1hcnRpY2xlLXJlYWQtaW5DYWZlLXNlYXJjaC1saXN0.eyJ0eXAiOiJKV1QiLCJhbGciOiJIUzI1NiJ9.eyJjYWZlVHlwZSI6IkNBRkVfSUQiLCJhcnRpY2xlSWQiOjczMDQ0MDAsImlzc3VlZEF0IjoxNzg4MjMzMTMwNjE0LCJjYWZlSWQiOjI0MDAwMjU0fQ.E_NsCyVfHGw7eZOBtov-_3ukVEbSrIiWEZ8sc5-eHCE&page=1,JKS
대구맘365,24000254,13,청소,제왕절개 + 모유수유 산모의 산후도우미 내돈내산 강력추천 후기(대구산후도우미업체 참사랑어머니회),2026.05.18. 14:03,"(임신부 여러분, 특히 제왕절개 예정이시거나 모유수유 고민 중이시라면 꼭 읽어주세요!)
안녕하세요, 지금 막 산후 40일을 넘긴 30중후 초산모 엄마입니다.
이번이 첫아이인데, 아이 몸무게가 3.8키로에 개인적인 사유로 제왕절개로 출산했어요. 솔직히 수술 후 통증도 통증이지만, 모유수유 하면서 몸 회복까지 신경 쓰다 보니 “도대체 어떻게 버티지?” 싶을 정도로 막막하더라고요. 그래서 산후도우미를 3주간 모시기로 결정했는데… 정말 인생 선택이었다고 말하고 싶어요.!!
(조리원보다 천국이라고 감히 말합니다!!)
제가 모신 산후도우미님은 진짜 ‘산모 중심’ 이 무엇인지 ‘참사랑’을 담은 케어를 제대로 보여주신 분입니다.
1. 산모한테 절대 부담 주지 않는 조언 + 세심한 배려
많은 도우미님들이 “이렇게 해야 해요”, “저렇게 해야 해요” 하면서 산모를 압박하시는데, 이 분은 전혀 그러지 않으셨어요.
제가 모유수유 때문에 고민할 때마다 “산모님 지금 컨디션이 제일 중요하니, 제가 있을 때 충분히 쉬고 잘 챙겨드세요. 제가 이렇게 도와드릴게요” 하시면서 부담 없이 자연스럽게 조언을 주셨어요.
그 한마디가 얼마나 큰 위로가 되는지… 모유수유와 유축의 힘듦으로 우울감도 살짝 있었는데, 매일 “산모님 오늘도 정말 잘하고 계세요”라는 말이 진짜 약이 됐습니다.
2. 오직 산모와 아기만
3주 내내 핸드폰을 손에 든 적이 거의 없으셨어요.
반찬 만들고, 청소하고, 빨래하고, 아기 기저귀 갈고, 아기랑 놀아주고, 산모 마사지까지…
“하나라도 더 해드리겠다”는 마음이 정말 느껴졌어요.
특히 아기랑 놀아주실 때 그 미소가… 저보다 더 행복해 보이실 정도였어요. 제가 쉬는 동안 아기가 울면 바로 달려가서 달래주시고, 제가 수유 중일 때는 조용히 주변 정리만 해주셨죠.
3. 영양식, 모유수유 엄마를 위한 진짜 ‘맛집’ 요리
모유수유 하다 보면 “이거 먹어도 되나?” 고민이 끝이 없잖아요.
이 분은 사놓은 재료만 보고도 모유에 부담 없는 메뉴를 착착 만들어주셨어요.
원하는 음식 있으면 바로 “네, 만들어 드릴게요!” 하시고, 요리 솜씨가 진짜 좋으세요. 집밥맛 ㅠㅠ
산모 보양식 + 모유수유에 좋은 재료들로 가득한 한 상을 차려주셨어요.
“산모님이 잘 먹어야 된다. 모유수유하고 육아하면 힘이 많이 드니 잘 먹는 게 중요하다” 하시면서 항상 따뜻하게 챙겨주셨습니다.
4. 위생과 존중, 기본 중의 기본을 완벽하게
• 손씻기 + 마스크 착용은 기본 중의 기본
• 요리할 때는 반드시 앞치마 착용
• 아기 볼 때는 손소독까지 철저히
• 산모가 35살 젊은데, 본인보다 나이가 많으심에도 말씀이나 행동이 100% 존중 그 자체
이런 부분들이 모이는 순간, “아, 이 분은 진짜 믿고 맡겨도 되겠다” 라는 안심이 딱 들더라고요. 제왕절개 후 면역이 약해진 상태라 위생이 제일 걱정이었는데, 그 부분에서 스트레스 하나도 받지 않았어요.
솔직 후기 한 줄 요약
친구에 참사랑어머니회 추천받아서 이용하게 되었고, 업체에서 추천해주신 분으로 매칭되었는데 정말 ‘참사랑’이 왜 붙었는지 알게될정도로 만족스러웠습니다. 조리원도 좋았지만 제왕절개 모유수유 유축 쓰리콤보의 어려움에도 집에서 행복하게 육아할 수 있음은 선생님 덕분이라고 할정도입니다..
(육아해보신 분은 알겠지만 정말 핸드폰 볼 시간이 없어서 리뷰남기기도 어려움. 근데 너무 만족해서 진짜 올립니다)
“산후도우미를 부르는 이유가 ‘집안일 도움’만이 아니라, ‘마음의 안정과 몸의 회복’ 이라는 걸 제대로 알려주신 분입니다.”
임신부 여러분, 특히
• 제왕절개 예정이시거나
• 모유수유를 꼭 하고 싶은데 걱정이 많으신 분
• 고위험 산모라 더 신경이 쓰이시는 분
이런 분들께 강력 추천 드려요.
저처럼 “아, 이 분이 와주셔서 다행이다”라고 매일 생각하게 되는 산후도우미님을 만나실 수 있기를 진심으로 바랍니다.
산후도우미님, 정말 감사했습니다.
덕분에 몸도 마음도 많이 회복됐어요.
다음에 또 기회가 된다면 꼭 다시 모시고 싶습니다 ❤️
둘째때는 조리원 1주 도우미님 한달 이상은 하고 싶네요!!
(임신부님들, 산후 우울·통증·모유 고민으로 힘드시면 댓글로 이야기 나눠요. 서로 응원하면서 이겨내요!)",이수정관리사님이신데 동구만 하고계신대요! | 조리원은 아예 안가신건가요??,2,https://cafe.naver.com/f-e/cafes/24000254/articles/7303568?boardtype=L&userDisplay=50&menuid=13&referrerAllArticles=false&inCafeSearch=true&query=%EC%B2%AD%EC%86%8C&art=aW50ZXJuYWwtY2FmZS1hcnRpY2xlLXJlYWQtaW5DYWZlLXNlYXJjaC1saXN0.eyJ0eXAiOiJKV1QiLCJhbGciOiJIUzI1NiJ9.eyJjYWZlVHlwZSI6IkNBRkVfSUQiLCJhcnRpY2xlSWQiOjczMDM1NjgsImlzc3VlZEF0IjoxNzg4MjMzMTMwNjE0LCJjYWZlSWQiOjI0MDAwMjU0fQ.ixecFWUikuDhTQWUk13RC1OIwedBu2l9BRfTna5vtjM&page=1,JKS
대구맘365,24000254,13,청소,대구 더블유여성병원 산후조리원 이용 후기!,2026.05.15. 09:32,"서울 토박이에 당시 임신 초기여서 작년 10월 이사왔을때 제일 중요하게 생각하고 열심히 알아봤던 게 믿고 출산할 수 있는 산부인과와 조리원이었습니다. 사실 조리원을 다른 3곳과 예약금까지 걸어두고 출산직전까지 고민 많이 했는데 최종적으로 더블유여성병원 조리원을 선택했습니다. 병원 연계, 가격, 친절함 등의 이유로 선택을 하게 되었는데 13박 14일동안 후회없이 잘 지내다 온 것 같습니다ㅎㅎ
저처럼 병원과 조리원이 궁금해서 검색해보시는 분들을 위해! 자세하고 솔직하게 후기를 작성하려 합니다☺️
​
저는 7층 특실 2주 계약을 했고 711호를 이용했어요.
​
6층, 7층이 조리원인데 대표적으로 6층에는 식당, 수유실, 신생아실이 있고 7층엔 마사지를 받을 수 있는 건강관리실이 있어요.
일단 조리원에 들어와서 진료를 한두번정도 더 본 것 같은데 엘베 타고 내려가면 바로 진료 볼 수 있어서 밖에 안 나가도 되니까 너무 편했어요. 근데 이게 장점이자 단점인 것 같아요. 맞은편에 엘베가 하나 더 있긴한데 둘다 1층부터 8층까지 운행하다보니 오래 기다려야 하는 불편함이.. 그래서 저는 대부분 운동과 회복의 이유로 계단을 이용했는데 아직 완벽히 몸 회복이 된 상태가 아니다보니 간혹 발 접질리거나 떨어질까봐 무섭더라고요ㅜㅜ 병원 또는 조리원 층만 이용 가능하거나 아니면 상하층 나눠서 운행하는 엘베가 있었으면 더 좋았겠다 싶었어요. 첫째때 다니던 산부인과 병원연계 조리원은 그렇게 운행해서 참 편했거든요.
완모 예정에 직수 유축 자주 하시며 계단 왔다갔다 하는 거 불편하다 싶으시면 무조건 6층으로 가세요..! 6층은 모두 일반실인데 7층처럼 도어락이 아니라서 열쇠를 가지고 다녀야 하지만 크게 불편해보이진 않았어요.
​
조리원 이용하면서 불편한점이나 몸에 문제가 있는 경우 7층 상담 데스크나 신생아실에 문의하면 되는데 전 애기 수유하면서, 유축한 거 가져다놓으면서 신생아실에 궁금한 거 있으면 바로바로 여쭤봤어요. 여쭤보면 다른 후기들에서 보고 들었던 것처럼 친절하게 자세히 설명해주시고 또 궁금한 거 있으면 언제든 얘기해달라 하셨는데 너무 든든했어요🥹
엄마들이 소중한 아가 믿고 맡기는만큼 신생아실에 계신 모든 분들이 신생아 케어에 굉장히 신경을 많이 쓰셨어요. 작은 거 하나하나 놓치지 않고 체크하시며 엄마에게 전부 이야기를 해주셨고 그래서 더욱 믿음이 갔어요.
​
여기는 감염예방 관리에 다른 조리원보다 신경을 많이 쓰고 있어요. 수유실이 좁아 안 그래도 덩치 큰 사람들은 서로 부딪힐 것 같은데 산모들 수유하는 텀이 다들 비슷하다보니 처음 수유콜 와서 수유하러 갔을때 사람들이 꽉 차있어 정말 놀랐어요..! 개인적으로, 산모들이 수유하고 있을때 저 사이를 왔다갔다 해야할때면 수유하고 있는 아기를 다리로 칠까봐 무서웠습니다ㅜㅜ
​
6층에는 식당과 식당 안쪽으로 들어가면 프로그램실도 있는데요, 후기들을 쭉 둘러봤을때 다들 음식이 엄청 맛있다고 하셔서 기대를 많이 해서 그런가😅 저는 막 그렇게까지 맛있고 특별하진 않았고 그냥저냥 먹을만했어요! 근데 모든 식사 메뉴를 영양가 있게 구성에 맞게 신경을 많이 쓰셨구나 라는 생각은 매일 했습니다. 덕분에 힘내서 애기 영양가 있는 젖도 물리고 아주 좋았습니다☺️👍🏻
​
식당 안쪽으로 문을 열고 들어가면 프로그램실이 있고 입구쪽에 사진 인화기가 있는데 사진 인화기 이용 시간이 9시부터 18시까지로 정해져있더라구요.!😲 하루 1장씩 인화할 수 있는데 시간이 정해져 있는 줄 몰라서 첫날은 못 뽑았어요😭 보통 식사 후 한장씩 뽑아가는데 저는 첫째가 있다보니 첫째에 대한 그리움을 매일 사진 한장씩 인화해서 보는 걸로 마음을 달랬습니다🥲
프로그램실 안에서는 산후요가, 파노라마북만들기, 이유식교육, 명상(싱잉볼) 등의 수업을 진행하는데 수업 시간이 길지 않고 대부분 기본 30분정도로 짧게짧게 진행되어서 궁금하시면 잠깐 수업 들어보시는 것도 나쁘진 않을 것 같아요.
특히 명상(싱잉볼)시간은 꼭 들어보시는 거 추천합니다!!!
​
*저는 건식사우나 이용을 안 해봐서 잘은 모르겠지만 프로그램실 안에 있고 이용 20분전에 7층 데스크실로 전화후 이용해야 해요~
​
*6층과 7층 모두 다용도실이 있고 이렇게 정수기, 빨래 보관함이 있어요.
대부분 6층에 자주 이용하는 곳들이 몰려있다보니 7층은 마사지를 매일 이용하시는 분들 아니라면 잘 안 오실 것 같아요.
7층은 상담 데스크실과 건강관리실이 있어요.
​
저는 방을 좀 더 크게 쓰고 싶어 7층 특실로 예약했는데 몇가지 불편한 점이 있었어요.
입실하기 전 청소를 해주신 걸로 알고 있는데 틈새 사이사이 먼지가 너무 잘 보이고 전체적으로 청소가 제대로 된 것 같아 보이진 않았어요. 그냥 눈에 보이는 것만 청소해주신 느낌.? 그래서 모자동실 할때 굉장히 신경쓰이긴 했어요ㅠ (이런경우 오전시간 방 청소 요청할때 구체적으로 말씀드리면 됩니다.) 그리고 화장실 작은건 여러 후기들에서 이미 보고 온거라 괜찮았는데 한번 샤워하고 나오면 화장실 문 밑으로 물이 다 새서 방바닥이 전부 물바다가 돼요.. 맨날 말씀드린다는 게 깜빡해서 퇴소할때라도 말하려고요..ㅎ 난리부르스 치며 샤워하는 것도 아닌데 이건 얼른 수리를 해주셔야 할 것 같아요.
그리고 711호는 도어락 문이 잠길때까지 잡고 있어야 문이 닫혀서 문 열고닫고 할때 불편했어요. (다른 방은 어떤지 잘 모르겠지만 뽑기 운인 것 같아요🥲)
*방음 잘 안 되고 비누와 휴지 및 화장실에 슬리퍼 없는 거 생각하고 미리 챙겨오셔야 합니다!(2주기준 두루마리 휴지 4~5개정도 가지고 오시면 될 것 같습니다.)
​
상담 데스크실은 보통 조리원 비용 결제할때나 문의할게 있으면 올라오세요. 저는 조리원 비용 첫만남 바우처 나오면 결제하려 했는데 조리원 오자마자 다 결제해야 한다고 하셔서 J인 저로서는 어떻게 결제할지 미리 계획을 다 짜놨는데 조금 당황스러웠어요. 대부분, 일부는 바우처로 결제 희망하실텐데.. 라고 여쭤보니 일부는 오늘결제하고 나머지는 다른날 결제 이런식으로 분할결제도 안되고 다들 바우처로 결제 안 하신다 하셔서 그렇구나.. 퇴소할때 결제하는 게 아닌 입실하자마자 결제하는 거로 미리 생각해두시고 가셔야 저처럼 당황하지 않으실 것 같아요🥹
그래도 상담 데스크실 계신 선생님 친절하시고 마주칠때마다 항상 웃어주셨어요. 필요한게 있거나 요청사항이 있을땐 전부 바로바로 해결해주셨구요ㅎㅎ
​
상담 데스크실 옆엔 건강관리실이 있는데 여기서 마사지를 받아요. 특실 2주 기준 아로마 마사지 1회 무료로 들어가 있는데 한번 받아보니 시원해요!👍🏻 근데 저는 마사지보다 유축, 잠이 더 중요했던 사람이라.. 시간나면 마사지 받아야지 생각했는데 너무 피곤해서ㅜㅋㅋㅋ 결국 기본 1회로 끝나고 말았어요.. 마사지 관련해서는 다른분 후기 보셔야 할 것 같아요🥹
​
이외에도 보호자 아침 식사인지 간식인지 빵이랑 커피가 나온다는데 저는 이용을 안 해봐서 잘 모르겠어요.!
아 그리고 식사는 간식, 야식 포함하면 하루 5끼인데 자기전 식사하면 속이 더부룩해서 야식은 잘 안 먹게 되더라구요. 그래서 그런지 다른 분들도 야식 드시러 오시는 거 잘 못 봤어요.
나머지 이용시설 안내사항 궁금한 거는 입실전 오티때 안내 용지를 미리 주시는데 거기에 다 나와있어서 그거 참고해주시면 될 것 같아요☺️
한줄로 간략하게 말하면 기본에 충실한 조리원이다! 라고 말할 수 있겠네요🥰
2주 너무 긴거 아니야.? 생각했는데 전혀요.. 퇴실하고 집가서 아기와 맞이할 시간들이 설레기도 하고 무섭기도 합니닼ㅋㅋㅋㅋ🥲👶🏻❤️
조리원에 계신 모든 분들이 세심하게 신경써주신만큼 만족하고 잘 쉬다 갈 수 있었어요. 고민마시고 얼른 더블유여성병원 산후조리원 예약하세요~!😆🌸",저도 더블유 조리원 예약 해뒀는데 너무 유익한 정보네요. 좋은정보 알고 갑니다!! | 더블유 저도 고려중인데 좋은 정보 감사합니다 | 좋은 정보 감사합니다,3,https://cafe.naver.com/f-e/cafes/24000254/articles/7301564?boardtype=L&userDisplay=50&menuid=13&referrerAllArticles=false&inCafeSearch=true&query=%EC%B2%AD%EC%86%8C&art=aW50ZXJuYWwtY2FmZS1hcnRpY2xlLXJlYWQtaW5DYWZlLXNlYXJjaC1saXN0.eyJ0eXAiOiJKV1QiLCJhbGciOiJIUzI1NiJ9.eyJjYWZlVHlwZSI6IkNBRkVfSUQiLCJhcnRpY2xlSWQiOjczMDE1NjQsImlzc3VlZEF0IjoxNzg4MjMzMTMwNjE0LCJjYWZlSWQiOjI0MDAwMjU0fQ.5KWBg7L1swue0ynCctD8FduF6fAerJbT2VHpR2qiI20&page=1,JKS
대구맘365,24000254,13,청소,맑은숨오일로 새집증후군 싹 잡히네요ㅎㅎ,2026.05.01. 08:10,"갓난아기를 키우고 있어요ㅠㅠ
새집이다보니까 새집냄새랑, 새집증후군도 걱정이 많이 되더라고요..
​
영끌이라 사실 입주청소도 못할 뻔 했는데
청소는 도저히 감당이 안돼서....ㅎㅎ
근데 청소업체가 새집증후군까지 하라고 하더라고요ㅠㅠ
아기 때문에...
​
영끌이라 돈이 부족해서.. 괜찮다고 하면서
슬쩍 셀프로 하는 법 물어봤는데
​
맑은숨오일 추천해주셔서 이거 샀거든요?
근데 진짜 새집냄새가 많이 사라졌어요...!!
약간 소나무 숲에 있는 것 같더라구요ㅋㅋㅋㅋ
​
혹시 저처럼 새집증후군 셀프로 하시는 분들은
한번 맑은숨오일 이거 써보세용
편백수 보다 훨씬 강하네요
​
단점은 계속 청소업체 통해서 구매해야된대요ㅠㅠ
따로 판매는 안하시나봐요....",혹시 입xx하x 업체 아닌가욤??ㅋㅋㅋ저희도 새집증후군 잡으려고 이것저것 알아봤는데맑은숨오일 써보라고 하시던데 | 저희는 청소xx장 여기였는데 맑은숨오일이 청소업체들도 많이 쓴다고해여따로 판매는 안하시는 것 같더라고요! | 검색해보니까 파는데여?? | 그러네요 이제 온라인으로도 판매하시나봐요!! 감사해요!! | 인정ㅋㅋ 저희도 방분탄 이런거 효과 없어서 맑은숨오일 쓰고 잡음요!!bbb | 방분탄 효과 없죠....ㅠㅠㅠㅠ저희도 계속 쓰고 있어요ㅋㅋ,6,https://cafe.naver.com/f-e/cafes/24000254/articles/7292145?boardtype=L&userDisplay=50&menuid=13&referrerAllArticles=false&inCafeSearch=true&query=%EC%B2%AD%EC%86%8C&art=aW50ZXJuYWwtY2FmZS1hcnRpY2xlLXJlYWQtaW5DYWZlLXNlYXJjaC1saXN0.eyJ0eXAiOiJKV1QiLCJhbGciOiJIUzI1NiJ9.eyJjYWZlVHlwZSI6IkNBRkVfSUQiLCJhcnRpY2xlSWQiOjcyOTIxNDUsImlzc3VlZEF0IjoxNzg4MjMzMTMwNjE0LCJjYWZlSWQiOjI0MDAwMjU0fQ.txxF1P6xKQKdBzGmvWis5KqcgR25srRFBaTPie9isUA&page=1,JKS
대구맘365,24000254,13,청소,입주청소 업체 추천 부탁드려요,2026.04.28. 11:01,"인테리어 시공 후 이사 들어가기 전에 입주청소하려해요
시공 한 뒤 청소 잘 해야한다는 이야기가 많더라구요ㅠ
20개월 아기가 있어 더 신경 쓰이고 만삭임산부라
제가 따로 청소를 더 하긴 힘든 상황이여서
꼼꼼하게 잘 해주시는 업체 추천 해주시면 감사하겠습니다🙏😊",,0,https://cafe.naver.com/f-e/cafes/24000254/articles/7289831?boardtype=L&userDisplay=50&menuid=13&referrerAllArticles=false&inCafeSearch=true&query=%EC%B2%AD%EC%86%8C&art=aW50ZXJuYWwtY2FmZS1hcnRpY2xlLXJlYWQtaW5DYWZlLXNlYXJjaC1saXN0.eyJ0eXAiOiJKV1QiLCJhbGciOiJIUzI1NiJ9.eyJjYWZlVHlwZSI6IkNBRkVfSUQiLCJhcnRpY2xlSWQiOjcyODk4MzEsImlzc3VlZEF0IjoxNzg4MjMzMTMwNjE0LCJjYWZlSWQiOjI0MDAwMjU0fQ.3KD46_mb6M0r10Bn4uZrP9AzzqzQ3riEsYjfaSxeCE4&page=1,JKS
대구맘365,24000254,13,청소,닥터안 산후조리원 9박10일 후기,2026.04.01. 15:55,"이번이 두 번째 출산이었기 때문에 조리원과 산후도우미 사이에서 고민을 많이 했어요. 고민 끝에 집 가까운 곳에서 푹 쉬며 몸조리를 하고 돌아오는 게 좋겠다고 생각해서 조리원을 선택하게 되었답니다.
​
처음에는 출산 병원과 연계된 조리원을 알아봤는데, 모자동실이 안 되고 아이를 자유롭게 볼 수 없는 점이 마음에 걸려서 선택하지 않게 되었어요.
​
제가 조리원을 고를 때 중요하게 생각했던 조건은
✔ 집과 가까울 것
✔ 첫째가 있어 산모 외출이 자유로울 것
✔ 남편이 편하게 자주 방문해 아기를 볼 수 있을 것
​
이 세 가지였는데, 이 조건에 딱 맞는 곳이 바로 닥터안 산후조리원이었어요. 그래서 고민 없이 바로 예약했습니다.
​
가성비 좋은 조리원이라는 이야기를 많이 들어서 기대를 했는데, 실제로 입실해보니 방 컨디션이 다른 조리원들에 비해 훨씬 좋고 전반적으로 깔끔하고 조용해서 정말 푹 쉴 수 있는 환경이었어요.
​
특히 일반실도 다른 곳보다 넓어서 전혀 답답하지 않았고, 가격 대비 만족도가 정말 높았어요.
​
식사는 하루 3번(조식 8시, 중식 12시, 석식 17시), 간식은 하루 2번(14시, 19시) 제공되고,
매일 오전 9시쯤 빨래 수거와 방 청소(수건 2장, 산모복 1벌 리필)가 진행됩니다.
​
무엇보다 식사와 간식을 방으로 가져다 주셔서 수유 시간과 겹쳐도 편하게 먹을 수 있었던 점이 정말 좋았어요.
​
1층에는 신생아실, 수유실, 허그룸이 있는데요.
다른 조리원은 모자동실이 아니면 남편이 아기를 안아보기 어려운 경우가 많은데, 이곳은 허그룸이 있어서 남편도 언제든 방문해서 아기를 안아볼 수 있어 좋았어요.
​
신생아실은 소독 시간과 저녁 7시 이후부터 다음날 오전 9시까지는 블라인드가 내려오지만, 그 외 시간에는 자유롭게 오가며 창문을 통해 아기를 볼 수 있고, 아침/저녁 8시~8시 40분에는 베베캠으로도 확인할 수 있어요.
​
​
모자동실은 오전 9시부터 저녁 9시까지 원하는 시간에 가능하고(최소 3시간), 요청하면 아기를 방으로 데려다 주시고 다시 데리고 가주셔서 편리했어요.
​
* 산모가 외출한 날에는 수유 및 모자동실이 불가*
* 4층 찜질방,족욕실
*입소선물(손수건세트,아기모자,손싸개,족욕소금)
​
​
같은 건물 2층에 아세아연합의원이 있어서 퇴소 전에 BCG 접종을 할 수 있어, 신생아를 데리고 따로 외출할 필요가 없다(신생아실로 원장님께서 오셔서 접종진행) 는 점도 큰 장점이었어요. RSV접종도 할인된 가격으로 할수있어요!
​
​
아직 3일 정도 남았지만 신생아실 선생님들도 아기를 정말 잘 돌봐주시고, 도와주시는 여사님들도 모두 친절하셔서 몸도 마음도 편안하게 지내다 돌아갈거 같아요 🧡","저도 곧 가는데요! 첫째가있어서 궁금했는데 외출에 시간제한? 같은건 없나욧 ㅜ 주말에는 중간에 집에와서 첫째좀보고 집정리좀 할까해서요~ | 네 시간 제한은 없었어요😊다만 외출후 당일은 수유실,허그룸 다 이용이 안되는거말고는 제한 없었어요, | 같은곳 예약한 예비맘인데 떨리네요..!",3,https://cafe.naver.com/f-e/cafes/24000254/articles/7271103?boardtype=L&userDisplay=50&menuid=13&referrerAllArticles=false&inCafeSearch=true&query=%EC%B2%AD%EC%86%8C&art=aW50ZXJuYWwtY2FmZS1hcnRpY2xlLXJlYWQtaW5DYWZlLXNlYXJjaC1saXN0.eyJ0eXAiOiJKV1QiLCJhbGciOiJIUzI1NiJ9.eyJjYWZlVHlwZSI6IkNBRkVfSUQiLCJhcnRpY2xlSWQiOjcyNzExMDMsImlzc3VlZEF0IjoxNzg4MjMzMTMwNjE0LCJjYWZlSWQiOjI0MDAwMjU0fQ.WvvPkIUQxxoO_TykonF019zDT7_oogsCvB46hNKFb5w&page=1,JKS
대구맘365,24000254,13,청소,대구산후도우미업체 참사랑 어머니회 추천 합니다!!,2026.03.30. 21:27,"안녕하세요^^ 대구산후도우미업체 참사랑 어머니회 추천 하기 위해서 글을 작성 합니다!
​
먼저 임신 기간중.. 산후도우미업체를 어디로 해야할지 정말 고민이 많았습니다!
아는 지인분께서 참사랑을 정말 추천하더라고요! 그래서 믿고 2주를 신청했습니다~
제일 큰 이유는 업체가 큰 것도 있고 지인도 경험과 블로그, 맘카페 후기를 봤을때도 다들 추천해서 믿음이 가더라구용 ㅎㅎㅎㅎ!
​
첫날 방문전에 먼저 배정 받으신 도우미 선생님께서 전화가 오셔서 방문시간과 잘지내보자는 이야기와 함께 통화를 1-2분 정도 짧게 합니당! ㅎㅎㅎㅎ 전화상으로 너무 친절함이 느껴져서 좋았습니다
​
첫날 아침 8시 20분경 집으로 오셔서 짧게 오리엔테이션으로 일정 설명과 산모 니즈에 맞추어서 아기와 산모, 집안일을 케어해주십니다 ㅎㅎ
​
제가 느낀 산후도우미 업체 참사랑의 장점을 적어볼게요~
​
1. 초산모라서 모르는 부분이 참~ 많았는데 목욕하는 방법, 분유 먹이는 자세, 배꼽 소독하는 방법, 트름 자세 등등 정말 섬세하게 알려주세요~ 그리고 일하시는 동안 하루 일정과 산모가 더 잘 케어하기 위해서 해야할 일 등을 적어주세요! 저는 정말 글이 도움이 많이 되었습니다
하루 일정 및 교육글
2. 섬세하게 느낀 것 중에 하나는 복장입니다
두건, 미끄럼 방지 신발, 마스크, 앞치마 완벽하게 복장을 착용하시고 아이를 케어해주세요ㅎㅎ
목욕하면서 애기가 도우미님 바지에 응가를 싼적이 있는데...ㅠㅠ 옷 여유분도 여러벌 들고오셔서 금방 또 갈아입고 케어를 도와주시고 정말 청결면에서도 감동 받았습니당..ㅎㅎㅎ
수유하시는 복장
3. 맛있는 식사 준비
아침, 점심, 저녁 식사를 산모의 잠자는 시간에 맞추어 식사 준비를 해주십니다!
음식 솜씨도 정말 좋으시고! 제가 한식을 많이 안좋아하는데 브런치식으로 맞추어서 준비 해주셨어요 ㅎㅎ
그리고 다이어트를 하고 싶다고 말씀 드리니.. 지금은 몸조리 해야한다고 단백질 식단 위주로 맛있게 음식을 해주십니니다 ㅎㅎㅎㅎ 밥먹고 싶어서 깰.. 정도로 ㅋㅋㅋㅋ 맛있었어요
산모 니즈에 맞춘 식사
4. 믿음가는 청결
처음에는 저는 그냥 아기와 산모 케어만 해주실줄 알았는데.. 첫날부터 화장실 청소하시는 모습을 보고 놀랐습니당!
세탁기 건조기 쓰시고 안에 먼지까지 싹 제거 및 필터 청소까지 해주시고 항상 안보이는 곳 까지 깨끗하게 청소해주셔서 도우미 선생님이 퇴근하시면 제가 집안일을 하나도 건들지 않을 정도로 완벽하세요 ㅎㅎ
5. 완벽한 목욕 교육
목욕 하기 세시간 전부터 안방에 보일러를 26도로 맞추시고 방이 아기 온도에 맞춰서 따듯하질때 목욕을 시작하십니당~ 보통 수유하고 트름하고 30-1시간 뒤에 아기가 기분이 최상일때 시작하세요~ 목욕하시면서 어떻게 하면 되는지 뭐가 중요한지에 대해서 꼼꼼히 알려주시고 동영상도 찍어서 나중에 주말에 없을때 참고하라고 하세요! 아기가 원래는 정말 많이 우는데 도우미 선생님이 목욕을 하실때는 빵긋 웃으면서 엄청 좋아하더라구요!
그리고 저희집에 작은 물뜨는 다라이가 없었는데 다음날 필요할 거 같다고 직접 사서 오셨더라구용.. 정말 감사했습니당!! 지금도 잘쓰고 있어요 ㅎㅎㅎ  김채연 도우미 선생님 최고! 입니당
​
6. 예방접종 동행
아기가  집밖을 처음 나가는 날이기도 하고.. 예방 접종 후에는 열도 날수 있고 혹시나 감기라도 걸릴까봐 정말 긴장 많이 한 아침이에요! 하지만~ 도우미 선생님의 완벽한 준비 덕에 열도 안나고 아기가 안힘들어 하고 잘 넘어 갔습니당!
그리고 아기가 조금의 바람도 안들어가게 얇은 겉싸게로 푹 덮고 감싸서 병원까지 동행 해주세요~
이렇게 가방을 드리면 분유, 보온병, 쪽쪽이, 아기수첩, 기저귀, 물티슈 등 완벽하게 준비 해주십니당!
​
7. 터미 타임 및 놀이 교육
항상 아기한테 이쁘다 똑똑하다 등등 긍정적인 말로 많이 아기와 대화를 해주시고 터미 타임 등 아기와 놀이를 하실때 엄마가 쉬는동안 귀여운 모습과 성장하는 과정을 모시라고 사진 몇장을 문자로 보내주세요! ㅎㅎㅎ 덕분에 우리 아기 첫 터미타임을 볼 수 있어서 좋았습니다
​
아! 그리고.. 제가 7일차에 몸살이 심하게 와서.. 저녁 6시에 선생님 퇴근시간인데.. 병원을 급하게 가야해서 어떻하지.. 하며 발을 동동 거릴때 김채연 도우미 선생님께서 천천히 병원 갔다 오시라고 자기는 늦게 퇴근해도 되니깐 수액이랑 진료 보고 오라고 해주셔서 수액도 맞고 올 수 있었습니다.. 그날 선생님께서 7시 넘어서 퇴근해서 정말 죄송하면서도 감사했던 기억이 있습니당..!! 감동 감동했습니당...^^ㅎㅎㅎ 심지어 다음날 산모가 아플까봐 8시 20분쯤 일찍 출근하셔서 산모를 케어 해주셔서 더 감동했어요..!!!!
​
2주간 대구산후도우미업체 참사랑 어머니회 김채연 도우미 선생님께서 아기와 산모를 케어 잘 해주셔서 너무 좋았습니당! 저는 2주동안 정말 너무 좋았고 3주 등록 할껄.. 후회했습니다 ㅋㅋㅋㅋㅋㅋㅋ 예미맘들도 산후도우미업체 선정에 도움이 되면 좋겠어요! 참사랑 정말로~~~~완전~~~추천 합니당!!",이모님 성함이 궁금해요! | 김채연 관리사님 입니당!,2,https://cafe.naver.com/f-e/cafes/24000254/articles/7269725?boardtype=L&userDisplay=50&menuid=13&referrerAllArticles=false&inCafeSearch=true&query=%EC%B2%AD%EC%86%8C&art=aW50ZXJuYWwtY2FmZS1hcnRpY2xlLXJlYWQtaW5DYWZlLXNlYXJjaC1saXN0.eyJ0eXAiOiJKV1QiLCJhbGciOiJIUzI1NiJ9.eyJjYWZlVHlwZSI6IkNBRkVfSUQiLCJhcnRpY2xlSWQiOjcyNjk3MjUsImlzc3VlZEF0IjoxNzg4MjMzMTMwNjE0LCJjYWZlSWQiOjI0MDAwMjU0fQ.Rrq_edeCl2IfSQe55qMKm095hLWII34d6YqaJiNm1g0&page=1,JKS
대구맘365,24000254,13,청소,닥터안산후조리원 후기에요,2026.03.26. 18:54,"산후조리원 고민고민하다가 정한
닥터안 산후조리원
만족후기입니다!
입구 들어가시면 또 다른 자동문이 있어요
들어가자마자 바로 왼쪽편에는 모유수유실, 허그실이 있답니다
손을 씻고 모유수유실 들어가면 유축한 모유를 먹이셔도 되고 분유를 먹이셔도 되고 모유수유를 하셔도 되요! 자유롭게 하시면 되요 수유자세가 서투르면 자세 잡아주시고ㅠㅠ
허그실는 아빠와의 캥거루케어를 위한 곳이라고 생각하시면 되요!
안쪽으로 더 들어가시면 신생아실이 보여요
신생아실 오픈시간은
오전9시-오후1시, 오후3시-오후7시
오후1시-오루3시는 신생아실 소독시간이에요!
소독은 매일매일 하신다고 해요
​
1층 내려갈때마다 마사지도 하고 파라핀도 하고 마사지기계들은 다 매일매일 했던거같아요
전신마사지기계 강추!
​
아래에 있는 입실안내문 보시면 자세하게 설명되어있어요!
조리원에 있다가 불편한부분이 있으면 2층에 바로 진료를 볼수있어서 좋았어요!!
​
아! 2층에 산후마사지 받는곳이 있는데
조리원이용시 기본서비스 40분짜리가 들어가는데 저는 추가금+2만원 내고 스톤베이직60분짜리로 받았어요!
확실히 스톤이라 몸이 따뜻해져서 붓기가 더 잘 풀리는 느낌이였어요 그래서 몇회 더 결제해서 받기로 했답니다..
조리원나가면 못받을듯하여….
4층에는 족욕실 찜질방이 있어서 매일 족욕하며
붓기빼기에 좋습니다
입소때 족욕 소금을 챙겨주셔요
부족하면 더 주시니까 족욕 많이 하세요!!
​
밥도 아침점심저녁 이외에  간식 야식까지도 나와서 너무 좋았어요
든든하게 먹어야 몸 회복도 빨리 되니까요!
요리해주시는 이모님도 좋으시고
청소해주시는 이모님도 필요한거있으면 바로 말하니 챙겨주시고 좋으셔요
​
둘째라 아쉽게도 일주일밖에 이용 못했지만
닥터안 산후조리원 추천드려요!!!",저도 여기 예약했는데..  기대되네용 | 저도 여기서 조리했눈데 조리원퇴소한지 5개월이됐네영ㅎㅎ | 저도 이곳 생각중인데 지금 임신초기에요 언제쯤 예약하는게 나을까요? | 마사지비용 1회당 얼마인지 알수있을까요?,4,https://cafe.naver.com/f-e/cafes/24000254/articles/7267361?boardtype=L&userDisplay=50&menuid=13&referrerAllArticles=false&inCafeSearch=true&query=%EC%B2%AD%EC%86%8C&art=aW50ZXJuYWwtY2FmZS1hcnRpY2xlLXJlYWQtaW5DYWZlLXNlYXJjaC1saXN0.eyJ0eXAiOiJKV1QiLCJhbGciOiJIUzI1NiJ9.eyJjYWZlVHlwZSI6IkNBRkVfSUQiLCJhcnRpY2xlSWQiOjcyNjczNjEsImlzc3VlZEF0IjoxNzg4MjMzMTMwNjE0LCJjYWZlSWQiOjI0MDAwMjU0fQ.hQQL0xdwpq-8I9fbw0uR-7qO2BqxmiQWrtrh7_gq4bI&page=1,JKS
대구맘365,24000254,13,청소,대구 참사랑어머니회 산후도우미 후기,2026.03.23. 16:25,"초산맘입니다
산후도우미에 대해 요즘 이슈도종종 있다보니
개인적으로 사실 큰기대가 없었어요
낯선분이 집에오신다는것도 아기를 잘봐주실까등등
걱정이많이되더라구요
여러 후기와 업체를 알아보고 정한곳이 참사랑 어머니회였습니다
상담부터 엄청 친절하셨고 제가 걱정되는부분및
특히 원하는부분을 잘말씀드렸어요
​
걱정되는부분이 많았던것만큼
아기터치시 위생에 철저하신분
아기 조심스럽게 대해주실분(가장 중요)
주관이 너무 쎄지않으신분
사적인 말씀 많지않으신분
요청드렸습니다>< (요청드리면서도 큰기대는없었어요
그저 무난하신분이 오시기만 기다렸죠)
​
조리원연장했다가 취소하고 집으로 일찍오는바람에 기존 날짜가아닌 날짜변경을 급히 요청드렸는데 이틀뒤에 바로와주셨어요!
​
오시자마자 환복하시고 마스크끼고 손깨끗이씻고
아기를 바로안아주셔서
위생적으로 신경써주시는모습에 첫인상이 너무너무좋았어요
​
저는 산모방청소패스하고 거실.주방 동선위주로만
간단 청소해주시면되고
요리나 청소보다는 아기케어중심 위주로 봐달 라고 부탁드렸어요.
​
이모님이오시고 아기를대하는 모습을보고
저의 걱정들이 눈녹듯 사라졌어요
아기한테 계속대화거시면서 예뻐해주시고 아기와 교감을 많이해주시는분이라 진짜 감동ㅜ ㅜ
아기의 울음. 작은찡얼거림 등 작은반응에도 즉각 반응하여 안아주시고 대화해주시는부분이
제일 만족스럽고 감사했어요
​
임신하고 주방에 거의 신경을못써서
겉만깨끗한상태?였는데 이모님이 배수구.가스레인지 등
묵은때까지 다벗겨내주셨더라구요
이모님오시고 집이 반질반질해졌어요ㅎ ㅎ
청소기와 돌돌이로 먼지하나없이 구석구석 아기이불및 거실매트. 식탁밑등 깔끔하게 청소해주십니다 최고!
새벽수유하느라 쌓인젖병은 늘그대로 모아두라고하시며
아침에오셔서 열탕소독 말끔히해주셔요~
그리구 일하시는시간에 핸드폰을 아에안보시더라구요
업무시간에 최선을 다하시는게 느껴졌어요
​
조리원퇴소후 집와서 정신없이 아기보다보니
입맛도없고 장도 거의안봐놓았는데
지금잘먹어야한다며 장볼 목록 간단히 알려주시고
건강식으로 맛있게 매번차려주셨어요
​
초산이고 잘모르는게많았는데 분유량. 아기소화속도.트림자세.분유사출막는법등 알려주셔서
도움이많이됬어요!
아기를 볼때도 꿀이뚝뚝떨어지는 이모님 ^^
​
저희집아기가 얌전한편인데 며칠전부터 갑자기 울거나보채는일이 늘어나 원인을찾으려고 걱정이엄청 많았는데. .
이모님께 얘기하니 아기는 열안나고 잘먹고 대변잘보면
아무문제 없이 잘크고있는거다라고 말해주셔서
마음을 좀내려놓고 육아할수있었어요><
그뒤로 아기가 보채는일도줄고 알아서잘자고 놀기도하고
때론울기도하지만 과민반응하지않고 잘지켜보고
육아하고있어요^^
아기가 이제 커가면서 먹놀잠패턴과 엄마아빠가 해줘야할일등도 알려주고가셔서 많은도움이됬어요
좋은이모님을 만나 정말 주위에도 추천하고 있습니다
​
신체적뿐만아니라 심리적으로도 케어받는 느낌이라
참사랑 어머니회에서 산후도우미를 신청한게
너무잘한일이라고 생각합니다!
좋은분만나 산후조리잘할수있어서 너무감사합니다
​",저도 참사랑 어머니회 했어요 아기를 예뻐해주셔서 엄청 좋았어요 | 좋은 분 정말 잘 만나셨네요 ㅠㅠ 저는 지각하고 계란찜도 할 줄 모르시는 분이 오셔가지구..🥹 | 참사랑에서요?? | 네 ㅠㅠㅠㅠㅠㅠ,4,https://cafe.naver.com/f-e/cafes/24000254/articles/7265063?boardtype=L&userDisplay=50&menuid=13&referrerAllArticles=false&inCafeSearch=true&query=%EC%B2%AD%EC%86%8C&art=aW50ZXJuYWwtY2FmZS1hcnRpY2xlLXJlYWQtaW5DYWZlLXNlYXJjaC1saXN0.eyJ0eXAiOiJKV1QiLCJhbGciOiJIUzI1NiJ9.eyJjYWZlVHlwZSI6IkNBRkVfSUQiLCJhcnRpY2xlSWQiOjcyNjUwNjMsImlzc3VlZEF0IjoxNzg4MjMzMTMwNjE0LCJjYWZlSWQiOjI0MDAwMjU0fQ.a-Qh1X5ocqNc41MV3Dn5EPm5FTKPCZILmgEo1Ud5QqA&page=1,JKS
대구맘365,24000254,13,청소,리엘산후조리원 스위트룸 2주 후기,2026.03.20. 19:54,"제왕 수술을 끝내고 예약해둔 리엘로 들어오게 되었습니다~
밥부터 워낙 좋은 후기들이 많아 기대가 많이 되었는데 예상처럼 꽤 만족스러웠어요!!
​
1. 방
스위트룸에 묵었는데 딱 좋았어요! 저는 방 가격 아껴 마사지에 더 투자하자 주의라서 스위트룸 선택했는데 생각보다 더 괜찮았던거 같아요~
그리구 매일 아침 청소도 깔끔히 해주시구요!!
​
2. 밥
밥과 간식 야식 모두 부족함 없이 너무 좋았어요! 특히 친절하신 주방 이모님들~ 항상 부족한거 없냐 물어봐주시고 해서 기분좋게 식사한거 같아요!!>_<
​
3. 교육
정해진 교육 프로그램 외에도 원장님 특강? 같은 것도 꽤 유익했던것 같아요!! 피곤해서 다 참여하지는 못했지만 산모님들 개인의 선택에 따라서 자유롭게 참여하시면 좋을것 같네요~
​
초산모라 여러 걱정이 많았는데 직원분들 모두 친절하셔서 편안한 2주 보낸거 같습니다!
이글을 보시는 예비맘들에게 조금이나마 도움이 되었으면 좋겠네요!!🫶",여긴.. 남편 출입이 안되서 너무 싫어요 ㅠ | 후기 잘 봤습니다!! | 잘읽었어용 | 와 좋네요👍 | 정보감사합니다 | 정보감사해요,6,https://cafe.naver.com/f-e/cafes/24000254/articles/7263521?boardtype=L&userDisplay=50&menuid=13&referrerAllArticles=false&inCafeSearch=true&query=%EC%B2%AD%EC%86%8C&art=aW50ZXJuYWwtY2FmZS1hcnRpY2xlLXJlYWQtaW5DYWZlLXNlYXJjaC1saXN0.eyJ0eXAiOiJKV1QiLCJhbGciOiJIUzI1NiJ9.eyJjYWZlVHlwZSI6IkNBRkVfSUQiLCJhcnRpY2xlSWQiOjcyNjM1MjEsImlzc3VlZEF0IjoxNzg4MjMzMTMwNjE0LCJjYWZlSWQiOjI0MDAwMjU0fQ.6Bt-_vq1RGSI44QdTYloceLVEslMsmXQx3B3M5FlWg0&page=1,JKS
대구맘365,24000254,13,청소,조은맘 산후도우미 [노분열]관리사님 추천합니다~,2026.03.16. 14:56,"안녕하세요,
​
조리원 퇴소 이후에 조은맘 산후도우미 3주간 이용했습니다.
첫 출산이라 걱정도 많이되고 회복도 중요하여 산후도우미가 필요했는데,
노분열 관리사님꼐서 너무나 잘해주셨습니다~
​
첫 번째로, 산모에게 필요한 건강식을 해주셨습니다.
제가 먹고싶다고 말만 하면 알아서 척척 해주셨습니다. 노분열 관리사님 덕분에 3주 동안
먹고 싶은 음식은 실컷 먹었습니다. 그리고 건강한 집밥으로 먹으니 회복도 빨리 되었습니다.
​
두 번째로, 아이를 너무나 잘 돌봐주세요.
아이가 생활패턴을 정확하게 파악하시고 미리 예측을 하세요. 제가 봤을 때는 울기만 하던 아이가,
관리사님께서 안으시면 금방 그치네요. 그리고 저한테도 상황별로 어떻게 육아를 해야 되는지
팁도 많이 주셨어요. 덕분에 지금도 유용하게 잘 써먹고 있습니다.
마지막으로 너무 친절하세요.
멀리서 오셔서 힘드시고 육아하는 게 보통 일이 아닌데.... 항상 친절하게 저와 아이를 대해주셔서 너무 감사했습니다.
요즘 산후도우미 이슈도 많고 걱정도 조금 했었는데, 친정엄마처럼 케어해주셔서 3주 동안 잘 지냈어요.
+청소/빨래도 너무 잘해주셔서 청결유지도 수월했습니다.
​
노분열 관리사님 추천합니다~~
​
​
​
​",,0,https://cafe.naver.com/f-e/cafes/24000254/articles/7260411?boardtype=L&userDisplay=50&menuid=13&referrerAllArticles=false&inCafeSearch=true&query=%EC%B2%AD%EC%86%8C&art=aW50ZXJuYWwtY2FmZS1hcnRpY2xlLXJlYWQtaW5DYWZlLXNlYXJjaC1saXN0.eyJ0eXAiOiJKV1QiLCJhbGciOiJIUzI1NiJ9.eyJjYWZlVHlwZSI6IkNBRkVfSUQiLCJhcnRpY2xlSWQiOjcyNjA0MTEsImlzc3VlZEF0IjoxNzg4MjMzMTMwNjE0LCJjYWZlSWQiOjI0MDAwMjU0fQ.QYB_pkt2Nz1VaNSAU7Oxh2WAyHbKjuD0PQ5IvnD74yQ&page=1,JKS
대구맘365,24000254,13,청소,여성메디파크 산후조리원 vip실 13박 14일 후기,2026.03.14. 11:45,"여성메디파크 산후조리원 vip실 후기입니다.
​
저는 처음 분만병원을 정할 때 산부인과, 소아과, 산후조리원이 한 건물에 있다는 장점이 너무 마음에 들어 여성메디파크로 결정했습니다.
분만 후 병원에서 퇴원하고 바로 엘리베이터로 한 층 올라와서 조리원에 입소했습니다. 아기는 계속 3층 신생아실에서 케어해주셨어요. 따로 신경쓰지 않아도 되서 편했습니다.
​
1. 룸
vip실은 침대가 있는 공간이 분리 되어 있어요. 넓어서 2주 머무는 동안 전혀 답답함을 못느꼈고, 정말 편하고 집처럼 아늑한 분위기라 남편과 푹 잘 쉬었습니다. 이불 촉감이 너무 부들부들 했어요! 또 자연분만을 해서 좌욕을 자주 해야하는 상황이었는데 방에 좌욕기가 있어서 편하게 이용했어요.
​
방에 시밀레 유축기가 구비되어 있어서 원할 때마다 편하게 유축했어요. 유축 깔때기는 사용할 때마다 조리원에서 깨끗이 씻고 소독까지 해서 주셔서 엄청 편했습니다. 깔때기 3~4개가 있어서 여유롭게 사용했어요.
​
방은 매일 청소해주셔서 늘 청결하게 지낼 수 있었습니다.
​
2. 식사
매 끼니가 다양한 메뉴로 구성되어 있고 미역국도 여러 종류로 나와서 전혀 물리지 않고 맛있게 먹었습니다. 제 입맛에는 잘 맞아서 따로 배달 음식이 생각나지 않았습니다ㅎㅎ 월요일은 격주로 빕스데이가 운영되는데 뷔페 형식으로 원하는 만큼 담아 먹을 수 있었어요. 또 간식도 하루에 3번씩 과일, 만두, 씨리얼, 호빵 등등 다양하게 나왔습니다.
​
3. 휴게실
휴게실에서는 모유차, 안마의자를 이용할 수 있어요. 모유수유 때문에 물을 자주 마셔야 하는데 모유차가 도움 많이 됐어요. 휴게실에서 쪽쪽이 스트랩, 초점책 만들기 등 프로그램도 진행되는데 컨디션에 따라 자유롭게 참여 가능했습니다.
​
4. 마사지
vip실은 가슴마사지 1회, 아로마 마사지 1회를 서비스로 제공 해주셨어요. 저는 마유마사지를 추천받아 몇회 추가해서 받았는데 정말 좋았어요.
분만 후 2~3주 안에 붓기를 빼는 게 효과적이라고 하더라구요. 마사지를 꾸준히 받았더니 일주일도 안되는 기간 안에 복숭아뼈와 발목이 다시 나타났어요 ㅋㅋ
또 모유수유 도전 중인데 마사지 덕분에 유축량이 1주일 사이에 100ml까지 늘었어요. 마사지 선생님께서 현재 제 가슴 상태를 알려주시고 막힌 유선을 뚫어주셔서 도움이 되었던 것 같아요. 또 유축할 때 팁을 알려주셔서 좋았습니다.
마사지 전
​
마사지 4회 후
5. 신생아실(3층)
여성메디파크 산후조리원의 가장 큰 장점 중 하나가 신생아실이라고 생각합니다! 신생아 케어를 정말 전문적으로 잘 해주시는 것 같았어요. 소아과 원장님께서 매일 회진하시고, 간호사 선생님들께서 정성껏 아기들 돌봐주시며 예뻐해주셔서 너무너무 감사했어요. 아기 피부가 좀 건조했었는데 제가 드린 보습 크림을 잘 발라주셔서 많이 좋아졌어요.
여기는 모자동실 시간이 없지만 제 몸이 회복할 시간도 충분히 주어지고 수유콜을 주실 때마다 내려가서 아기를 봤더니 아쉬움이 없었습니다. 새벽 수유콜은 없고 보통 7-22시 사에이 콜을 주셨어요. 원하면 더 일찍, 더 늦게도 연락 주실 수 있다고 하셨어요.
아기 목욕, 기저귀 갈이, 모유수유법 등도 잘 교육해주셔서 좋았어요.
신생아 면회는 오후 2~3시 목욕시간을 제외하면 유리창 너머로 언제든지 가능합니다. 항상 아기 머리를 2:8로 쌱쌱 빗어 주셨는데 너무너무 귀여웠어요ㅋㅋㅋ
​
만족스럽게 2주를 보낸 여성메디파크 산후조리원 적극 추천합니다!",,0,https://cafe.naver.com/f-e/cafes/24000254/articles/7259245?boardtype=L&userDisplay=50&menuid=13&referrerAllArticles=false&inCafeSearch=true&query=%EC%B2%AD%EC%86%8C&art=aW50ZXJuYWwtY2FmZS1hcnRpY2xlLXJlYWQtaW5DYWZlLXNlYXJjaC1saXN0.eyJ0eXAiOiJKV1QiLCJhbGciOiJIUzI1NiJ9.eyJjYWZlVHlwZSI6IkNBRkVfSUQiLCJhcnRpY2xlSWQiOjcyNTkyNDUsImlzc3VlZEF0IjoxNzg4MjMzMTMwNjE0LCJjYWZlSWQiOjI0MDAwMjU0fQ.mHQPFdUCQBYPfcSz2k6BtAvOh0XacM1ItjlmdH-n628&page=1,JKS
대구맘365,24000254,13,청소,해피케어 대구 최태영 베스트 관리사님 추천해요!,2026.03.10. 13:16,"​
첫째 아기라 조리원 퇴소하고 나서 신생아 육아가 너무 막막해서 대구 산후도우미 업체를 알아보게 되었어요. 아무래도 처음이다 보니 믿고 맡길 수 있는 분을 찾는 게 가장 중요하더라고요
.
맘카페랑 후기들을 꽤 많이 찾아보다가 해피케어 이야기가 많이 보여서 알아보게 되었고, 최태영 베스트 관리사님으로 배정받게 되었답니다.
처음에는 낯설지 않을까 조금 걱정했는데 막상 오시고 나니 왜 후기가 좋은지 알겠더라고요. 아기 케어가 정말 능숙하셔서 신생아를 다루는 모습 자체가 굉장히 안정적이었어요. 저희 아기가 초기에 발진이 조금 있었는데 관리사님이 오실 때마다 깨끗하게 목욕도 시켜주시고 보습도 꼼꼼하게 해주셔서 어느 순간 많이 좋아졌어요.
또 터미타임이랑 베이비 마사지도 신경 써서 해주셨는데 아기가 점점 잘 따라주는 모습도 보이더라고요. 수유 텀도 적당하게 잡아주셔서 육아가 훨씬 수월해졌고, 아기가 먹고 나서 게워내는 이유 같은 것도 설명해주시면서 해결 방법도 알려주셔서 정말 도움이 많이 되었어요.
​
​
아기 케어뿐만 아니라 청소나 빨래, 설거지 같은 집안일도 꼼꼼하게 해주셔서 생활 자체가 훨씬 편해졌어요. 먹고 싶은 메뉴 말씀드리면 집밥도 뚝딱 만들어주셔서 출산 후에도 식사를 잘 챙겨 먹을 수 있었답니다.
며칠 함께 지내다 보니 분위기도 친정엄마처럼 편안해서 마음이 놓였고, 아기를 정말 예뻐해 주시는 게 느껴져서 믿고 맡길 수 있었어요. 조리원 퇴소 후 막막했던 시기에 개인적으로 큰 도움이 되었던 것 같아요.
혹시 대구 산후도우미 알아보고 계신 분들 계시면 해피케어도 한 번 비교해보셔도 괜찮을 것 같아요. ♥
​
50m
© NAVER Corp.
더보기
/OpenStreetMap
지도 데이터
x
© NAVER Corp.
/OpenStreetMap
지도 컨트롤러 범례
부동산
거리
읍,면,동
시,군,구
시,도
국가
해피케어 대구지점
대구광역시 수성구 청수로36길 70-23 1층
​",,0,https://cafe.naver.com/f-e/cafes/24000254/articles/7256308?boardtype=L&userDisplay=50&menuid=13&referrerAllArticles=false&inCafeSearch=true&query=%EC%B2%AD%EC%86%8C&art=aW50ZXJuYWwtY2FmZS1hcnRpY2xlLXJlYWQtaW5DYWZlLXNlYXJjaC1saXN0.eyJ0eXAiOiJKV1QiLCJhbGciOiJIUzI1NiJ9.eyJjYWZlVHlwZSI6IkNBRkVfSUQiLCJhcnRpY2xlSWQiOjcyNTYzMDgsImlzc3VlZEF0IjoxNzg4MjMzMTMwNjE0LCJjYWZlSWQiOjI0MDAwMjU0fQ.MJln9oStmuGTqukAMUfgkk-vAgcDI2AdJHOy53KnFyI&page=1,JKS
대구맘365,24000254,13,청소,대구몽베베산후도우미 추천해요!,2026.03.09. 23:38,"저는 1월 27일에 둘째를 출산한 엄마에요ㅎㅎ
첫째가 작년 1월31일생으로 완전 연년생이거든요
게다가 신랑 직업상 출산휴가도 없구요ㅠㅠ
그래서 애초부터 조리원은 못 가겠다 마음을 내려놓고 집에서 산후도우미 4주와 출장마사지로 몸조리 하기로 결정했어요😂 처음엔 산모교실을 다니면서 거기 홍보나온 타 산모도우미업체에 계약을 했으나 지인분의 추천으로 몽베베업체를 알게 되고 바꾸게 되었는데요, 너무 잘한 선택이었죠!
​
둘째가 예정일보다 4일 일찍 태어난 관계로 3일간은 조리원 간호사이셨던 다른 관리사님께서 도와주셨고 4일차부터 강♡숙 관리사님과 함께 했는데요, 너무너무 만족했어요~♡
​
1. 산모와 아이를 진심으로 대해주시는 마음이 느껴졌어요. 아이에게 다정하게 말도 계속 걸어주시고 ""우리 도련님~"" ""아구 이뻐라~~""하시는 말을 계속 달고 사셨어요😍😍 목욕할때도 처음 관리사님 오시기 전 주말에 저희가 시켰을 땐 그토록 자지러지게 울던 아기가 관리사님 오시고서부터는 목욕을 어찌나 편하게 잘 했는지요ㅎㅎ
저도 관리사님과 이런저런 이야기를 나누며 즐거웠어요. 공감도 잘 해주셔서 위로를 받았네요~
2. 식사를 정말정말 맛있고 다양하게 잘 챙겨주셔요! 관리사님 손맛이 진짜 좋으실 뿐만 아니라, 재료 활용을 참 잘 하셔서 다양한 메뉴로 골고루 잘 챙겨먹을 수 있었어요~! 원래 자극적인 음식 좋아하는 사람인데 관리사님 음식 덕분에 외부음식 생각도 안 났네요.. 젊은 산모분들이 어떤 입맛인지 딱 알고 계신달까요.. 아기가 잘 누워 있어줄 땐 간식까지 챙겨주실때도 있었어요. 늘 줄지 않던 식재료들이 관리사님 다녀가신 후로 텅텅이네요ㅋㅋ
특히 이 브런치토스트는 제 최애~♡
3. 위생, 청결을 잘 지키세요! 사실 첫째때는 젖병열탕소독도 안 해주시고 젖병소독기만 돌려주셨는데 매일 열탕소독 꼭꼭 해주셨고 주방 기름때, 물때 하나없이 늘 깨끗이 청소해주셨어요. 바닥도 한번이 아니라 머리카락이나 먼지 보일때마다 청소해주셨어요.. (물론 저희 아기가 잘 누워있어줘서
가능하셨을거 같긴 해요~! ㅎㅎㅎ )
​
🩵산후출장마사지 추천_나혜경마사지
몽베베에서 제휴하는 출장마사지도 받았어요.
마사지용 베드를 집에 계속 보관했다가 마사지 오실 때마다 펴서 그 위에서 받았는데요, 저는 90분(10회 110만원) 마사지로 받았는데..(120분짜리 있는줄 모르고.. 120분은 135만원으로 금액차이 얼마 안 나니 120분 하는게 더 좋을 것 같아용.)
90분을 정말 알차게 꽉꽉 채워 전신마사지 해주시더라구요! 처음 시작 전에 집중 관리 받고 싶은 부위, 몸상태 등을 늘 물어보시고 말씀드린대로 참고하셔서 그 부분을 더 신경써주셨어요.
편안하게 휴식하도록 음악도 틀어주시고 시작해요.
1.엎드린채로 건식마사지 하고
2. 엎드린채로 오일마사지 하는데 마사지 안 받는 부위엔 돔을 올려 열찜질을 해주셔요.
3. 앞으로 바로 누워서 마사지 하는데 호흡법을 알려주셨어요. 호흡하고나면 확실히 늘어난 복직근이 닫힌게 느껴지더라구요. 그리고 배 위에 머드팩? 같은걸 올려서 찜질 또 해주셔요.
​
마사지 받고나면 온 몸에 땀이 줄줄 나는데 열관리 제대로 한 느낌이었어요. 관리 받고서 체중도 둘째 임신전 무게로 줄었구요.. 바디라인도 정리가 되었어요.
​
연년생육아라 주말과 설연휴엔 몸조리는 커녕 육아전쟁이었는데 다행히 몽베베와의 소중한 인연으로 몸 잘 회복한거 같아요. 벌써 그리워지네요ㅜㅜ
지금 생각해보면 너무 꿈같았던 시간이었습니다😂😅🥲",연년생이라니 얼마나 힘드실지정성스러운 음식 드시고 기운 내세요 육아는 체력이 제일 중요하니까요ㅠㅠ | 넹..ㅠㅠ 근데 관리사님 안 오시니 제 밥 차려먹을 시간도 없네요..ㅠㅠㅠ 첫째가 이제 막 유아식 시작단계라 첫째 식단 챙겨주기 바쁘고.. 요새 자다가 엄마가 옆에 없음 깨서 울어서 재워놓고 뭘 할수도 없구요..ㅜ,2,https://cafe.naver.com/f-e/cafes/24000254/articles/7255985?boardtype=L&userDisplay=50&menuid=13&referrerAllArticles=false&inCafeSearch=true&query=%EC%B2%AD%EC%86%8C&art=aW50ZXJuYWwtY2FmZS1hcnRpY2xlLXJlYWQtaW5DYWZlLXNlYXJjaC1saXN0.eyJ0eXAiOiJKV1QiLCJhbGciOiJIUzI1NiJ9.eyJjYWZlVHlwZSI6IkNBRkVfSUQiLCJhcnRpY2xlSWQiOjcyNTU5ODUsImlzc3VlZEF0IjoxNzg4MjMzMTMwNjE0LCJjYWZlSWQiOjI0MDAwMjU0fQ.9UQmvNRmuOKuW-9zfpQXXM2pDmctJ3QiBjRmbWrvjKw&page=1,JKS
대구맘365,24000254,13,청소,꿈담 산후 조리원 vvip 이용 후기,2026.03.08. 15:19,"50m
© NAVER Corp.
더보기
/OpenStreetMap
지도 데이터
x
© NAVER Corp.
/OpenStreetMap
지도 컨트롤러 범례
부동산
거리
읍,면,동
시,군,구
시,도
국가
꿈담산후조리원
대구광역시 달서구 이곡서로 11 2, 3, 7층
엄청 만족했던 후기 입니다~~
효성병원에서 제왕절개로 출산한 뒤 6박7일 입원을 거쳐 꿈담산후조리원으로 오게 되었어요~
​
특히 우리집은 효성병원 근처라 다른 조리원도 많았지만… 남편 출입이 자유롭지 않고 모자동실 통제도 심하고 외출이나 배달음식도 불편하게 한다는 후기가 많았어요~
​
조리원 비용도 올해 더 비싸져 부르는게 값인가 싶더라구요~
​
​
그런데 꿈담 조리원은 비용도 합리적이고
남편과 함께 생활 할 수 있고
모자동실 & 배우자동실 가능하고
외출 배달음식에 대해 자유로운 편이며
신생아실은 철저하게 관리해주신다하여
꿈담조리원을 오게 되었어요!!
​
Vip실 260만원
Vvip실 290만원
아래에 요금표를 확인하시면 좋을거같아요~
​
​
​
​
제가 묵었던 Vvip룸입니다~
컨디션도 좋고 보시다시피 깨끗하고 화장대,식탁,옷장,유축기,건조기,아기침대,수납장,냉장고,정수기,싱크대 등등 전부 다 구비되어 있어요~
​
​
​
​
꿈담조리원은 2,3층으로 되어있고 2,3층을 오가는 계단이 중앙에 있어요~
​
​
​
​
아침,점심,간식,저녁식사가 식탁에 차려져요
밥은 밖에서 사먹거나 배달하는 음식이 아니라 집밥으로 나와요. 너무 맛있어요😉👍🏻👍🏻👍🏻👍🏻👍🏻
​
몸과 마음이 정말 힘들었던 퇴원날부터 푹자고 쉬고 먹고 해서 점점 컨디션이 돌아왔어요~!
아기케어교육도 원할때 물어볼수 있고 모유수유 억지로 시키시지 않고 콜 안주시고 유축도 편한대로 해주시니 너무 좋더라구요~
​
​
휴대폰 사진을 즉석 인화할 수 있는 기계가 있어 하루에 한장씩 사진 인화 하는 재미도 있구요
​
​
​
우리 아가 집에서 잘 키우기 위해 많이 여쭤봤는데
신생아실 선생님들 청소이모님 밥이모님 원장님까지
모두 항상 친절하게 알려주시고 아기도 너무 예뻐해주셔서 너무너무 감사했어요🥺💙💙💙💙💙
​
더욱더 번창 하세요~~~
​",혹시 여기 방음은 괜찮으셧을까요~? 지나가면서 봣는데 생각보다 번화가더라구요~ | 네~주변에 식당 카페 술집도 있었는데요~ 불경기라 사람이 없네요! 조용했어요! 너무 걱정마셔요~ 오히려 남편은 주변에 먹을거 많다고 먹고싶은거 사다주기 편하다고 (본인도 많이 먹구요) 좋아하던데요ㅋㅋ | 우와 식단이.... 너무 맛나보이는데요??? 특히 쭈꾸미!!^^ 고생많으셧어요~ | 감사합니다^^ 쭈꾸미도 생물로 직접 만드시던데욥ㅋㅋㅋ | 마사지는 어때요? 방금 예약했어요!! | 전신마사지 받았는데 붓기 빠지고 괜찮아요!그런데 저는 효성병원 근처에서 미리 5회 예약 해놓은 곳이 있어서 효성병원 진료때마다 받고 있어요~ ^^ | 13주인데 아직 조리원 예약을  안했는데 전화 하고 찾아가면 되는건가요? 밥도 룸으로 가져다주고 모자동실과 남편도 같이 있을 수 있다고해서 완전 맘에 드네요 사람들이랑 마주치는게 시러서 안갈까 했다가 후기보고 맘이 바꼈어요! 이런 후기 너무 좋네요~!!!!!!!!! | 전화해보시고 궁금하시면 방보러 가보셔요사람들과 최대한 안 마주칠수 있어요!출산 후에 몸과 마음이 둘다 너무 힘든데 조리원에서 조금이라도 회복 하시는거 추천 드려요ㅠㅠㅠㅠ여기 원장님 20년 넘은 베테랑 이셔서 잘 알려주시고 아기들도 엄청 이뻐해요ㅠㅜ | 정보 너무 감사합니다 ~ 😊 | 오 좋은 정보 넘 감사합니당ㅎㅎ,10,https://cafe.naver.com/f-e/cafes/24000254/articles/7255010?boardtype=L&userDisplay=50&menuid=13&referrerAllArticles=false&inCafeSearch=true&query=%EC%B2%AD%EC%86%8C&art=aW50ZXJuYWwtY2FmZS1hcnRpY2xlLXJlYWQtaW5DYWZlLXNlYXJjaC1saXN0.eyJ0eXAiOiJKV1QiLCJhbGciOiJIUzI1NiJ9.eyJjYWZlVHlwZSI6IkNBRkVfSUQiLCJhcnRpY2xlSWQiOjcyNTUwMTAsImlzc3VlZEF0IjoxNzg4MjMzMTMwNjE0LCJjYWZlSWQiOjI0MDAwMjU0fQ.-RfBDHevqMimYDDgZPvVdhL-_sDzZHhiJHiOI9imbN0&page=1,JKS
대구맘365,24000254,13,청소,시공매트 까르온 시공후기,2026.03.07. 13:37,"아들둘 키우는 맘이에요. 아들둘이라 층간소음때문에 항상 주의를 주어도, 막 걷고 뛰기 시작한 둘째에게는 잔소리가 무용지물이더라구요. 한창 걷고 뛰어야할 시기에 매번 조심시키는 것도 아닌거 같기도 하고ㅠ 무엇보다 엄마아빠가 가장 스트레스라 이번에 큰맘 먹고 시공하였어요.
급히 시공이 필요했는데 본사에서 직접 나와주셔서 더욱 꼼꼼하게 시공해주셨습니다.
쉬지 않고 아침부터 꼬박 4시간 넘게 시공해주셨네요.
시공매트를 하여도 저녁늦게는 주의시키긴 하지만, 아이들이 낮에라도 맘껏 즐겁게 놀 수 있어 마음이 한결 편안해졌어요.^^ 그리고 한가지 더불어 인테리어 효과까지 있더라구요. 다들 저희집 시공한거 보고 새집됬다며...😆
무엇보다 세세한 부분까지 꼼꼼히 설명해주시고 시공후 청소, 가구아래 아크릴받침까지! 가격과 더불어 몹시 만족스러웠습니다.
주위에 널리널리 소개할게요~
​",,0,https://cafe.naver.com/f-e/cafes/24000254/articles/7254504?boardtype=L&userDisplay=50&menuid=13&referrerAllArticles=false&inCafeSearch=true&query=%EC%B2%AD%EC%86%8C&art=aW50ZXJuYWwtY2FmZS1hcnRpY2xlLXJlYWQtaW5DYWZlLXNlYXJjaC1saXN0.eyJ0eXAiOiJKV1QiLCJhbGciOiJIUzI1NiJ9.eyJjYWZlVHlwZSI6IkNBRkVfSUQiLCJhcnRpY2xlSWQiOjcyNTQ1MDQsImlzc3VlZEF0IjoxNzg4MjMzMTMwNjE0LCJjYWZlSWQiOjI0MDAwMjU0fQ.cLcrSoDBM-IAV8wMAvXcaMvSeTHKWVrmD0znshjY2JI&page=1,JKS
대구맘365,24000254,13,청소,닥터안 산후조리원 후기,2026.03.02. 18:35,"닥터안산후조리원 2주 이용 후기!!
​
들어가자 마자 보이는 깔끔한 공간!!
닥터안산후조리원은 건물 전체가 산후조리원과 아세아병원으로 통째로 다 조리원 건물이예요!! 그래서 너무 마음에 들었어요!
​
1층은 신생아실과 상담실 허그룸과 수유실로 이루어져있구요
2층은 아세아병원
3층~5층은 산후조리원이에요 ㅎㅎ
​
3층에는 요가실이 있어서 거기서 다양한 프로그램이 이뤄지구
4층에는 족욕실과 찜질방이있어요
초록의자에 앉아서 남편이랑 처음 상담을 받았었지요~
요샌 조리원 자리가 빨리차서 임신 알고 바로 예약 걸어야해요!!
1층에는 안마의자 다리마사지기 발마시지기 파라핀기계 자동혈압계 체중계가 구비되어 있구요 남편분들도 같이 사용 할수 있어요~ 저희남편은 안마의자를 좋아했고 저는 파라핀 기계를 잘 썼답니당ㅎㅎ
​
신생아실은 이렇게 통유리로 되어있어서 애기들을 볼수있구요!
애기 가까이서 보고싶다고 말씀드리면 제일 앞자리로 데려와서 잘보이게 해주셔요 ㅎㅎ
​
가까이서 우리애기 배냇짓과 다양한 표정도 볼수있답니다 ㅎㅎ
​
여기는 수유실과 허그룸이구요
​
수유실은 수유콜 받고 내려와서 수유하는공간!!🍼
​
허그룸은 아빠와 애기가 만날수 있는공간이예요~🧑❤️👶
​
엄마도 외출하고오면 애기 수유랑 모자동실 안되는데 일정시간 지나고 아픈증상 없고하면 허그룸에서 애기 볼수있어요!
​
그래서 병원다녀오거나 밖에 잠시 다녀올때도 맘편히 다녀올수 있었답니다~!
​
허그룸과 수유실은 마스크 필수!!!😷
​
엄마는 수유실이고 모자동실이고 하면서 애기 그래도 자주 보지만
아빠들은 늦게까지 일하고 오는경우가 많아서 애기 잘못볼까 걱정했는데 12시까지 애기를 볼수있게 해주신데요!!
(허그룸이 하나라 미리 전화하고 가면 안겹치게 사용가능!!)
닥터안산후조리원 진짜 센스짱아닌가요!?👍👍👍
​
🍥모자동실은 오후 9시까지라 늦어도 6시엔 신청해야돼요🍥
(모자동실은 한번에 3시간이상 )
저는 4층 VVIP방을 이용했구요
바로 옆에 족욕실이 있어서 자주가서 족욕했더니 발 부은게 빨리 회복됐어요!! 족욕 소금도 넉넉하게 챙겨주셔서 자주 애용했답니당~☺️
족욕소금!! 색깔도 이뿌네요😆
족욕실과 찜찔방은 산모만 사용가능!!!
족욕실이 생각보다 작아서 꽉차서 족욕 못하고 허탕치고 오면 어떻하지했는데 사용하시는분들이 많이 없으신지 겹쳐서 한적은없고 맨날 혼자 조용히 하고왔어요ㅋㅋㅋㅋ
벽면에 족욕하는법 자세히 적혀있어서 족욕 초보자도 쌉가능!!!
찜질방은 온돌처럼 뜨끈뜨끈!! 저는 천식이있어서 Pass!!
오전 오후 8시~8시40분 캠도 볼수있어요ㅎㅎ
​
저는 우리애기 잘있나 보면서 유축했어요😃
평소에 잘 못보던 다양한표정 짓는거 다 저장해놔서 사진첩이 아주 많이 찼답니당!🥰🥰🥰
​
저는 VVIP실 사용해서 방이 진짜 컸구요
수유의자 애기침대도 있어서 모자동실할때 진짜 좋았어요!
소파랑 리프트탁자도 커서 좋았구요
다른방에 비해 티비도 짱크고 냉장고도 짱크고 옷장도 짱크곸ㅋㅋㅋㅋ
화장실도 커요!! 거기다가 의료기기 적외선 온열 비데도 있어서 자궁과 항문관리두 할수있어요 ㅎㅎ 괜히 VVIP가 아니군요!!
​
방안에 정수기까지 따로있어서 무겁게 텀블러 안들고 다녀서 너무 좋았어요 ㅎㅎ 방안에 있는 정수기 최고!!!!
원장님이 신생아실 회진도 직접 도시구 예방주사도 직접 놔주셔서
RSV 예방접종도 했어요! 조리원 이용객은 5만원할인까지!!
​
🍥참고로 BCG는 경피용(도장형)만 가능해요🍥
​
밖에 안나가서 좋고 의사선생님이 직접 주사 놔줘서 더 좋았어요!! 그리고 애기 황달이나 기저귀 발진도 잘봐주셔서 조리원 오자마자 기저귀 발진도 사라졌어요!!
신생아실로 애기 보이게 해서 주사 놔주시구
애기 주사 맞고나서 허그룸에서 안아주라 하셔서 안아서 달래주고 왔어용 기특한게 아파하면서 품에 안으니까 바로 새끈새끈 자는거있죠🥺🥺
​
닥터안 산후조리원 선생님들이 애기를 진짜 사랑으로 보살펴주시는게 눈에 보여서 너무 기분이 좋았어요 ㅎㅎ
항상 우리애기 이쁘다고 해주시구 힘드실텐데 계속 안아주시구 모르는거 물어보면 친절하게 답해주시구 뭐 하나라도 더 알려주시려구 하시구ㅜㅜ 바쁘신거 뻔히 보이는데... 이런거에 감동 받았어요😭😭 너무감사해요 선생님들😊😊😊
​
매일 청소도 해주시구 항상 필요한거 없냐 불편한거 없냐 물어봐
주시고 누가 들어오든 편하게 있으라고 일어나지말라며 조리 잘하고 나가야한다고 말씀해주시는 따뜻한 청소여사님까지!!☺️
​
정말 정많구 따뜻한 곳이예요🥰🥰🥰🥰🥰
​
거기다 중요한 밥과 간식!!! 같은거 여러번 못먹는 스타일인데
너무 미역국만 나오지도않고 반찬도 다양하고 맛있게 먹었어요!
미역국만 준다해서 어쩌나 했는데 예상보다 미역국 종류도 다양하고 국도 다양하게 나왔어요😋
밥도 방안에 넣어주시구 반찬이랑 밥 많이 달라하면 더 많이주셔서 좋아요!! 그릇이 사기 그릇이라 전자렌지 데워먹기 좋구요~밥 시간맞줘서 안먹어도 되서 너무 좋았어요
먹는시간이 자유로운대신 내놓은건 각자가 해야된다는거!!
그릇이 무거워서 카트 끌고와서 내거나 남편한테 그릇내달라고 해야돼요!! 생각보다 무거우니 손목조심!!! 남편찬스 쓰세요!😁
​
빨래도 다해주셔서 짱편해요!!👏👏👏 (산모빨래만 가능)
방안에 빨래통에 벗어두면 아침에 수거해가시고 새수건과 새옷도 주고 가시구요 개인빨래는 복도에 사물함에 넣어두시니
왔다갔다하다가 생각날때 집어오면 돼요~~ㅎㅎ
​
개인생활하기 좋은대신에 조리원동기 만드는건 조금 힘들거 같아요 ㅎㅎ 다들 방안에서만 지내시다보니 수유할때 말곤 마주칠일이 잘없어서요 그래도 전 운좋게 몇몇 좋은분 만나서 연락처 주고받았네요😆😆
​
둘째를 낳을진 모르겠지만 혹시나 낳게 된다면 또 닥터안 산후조리원으로 올거에요!! 잘 쉬다가 갑니다 ㅎㅎ
선생님들 너무 너무 감사했어요~~~☺️☺️☺️
​",,0,https://cafe.naver.com/f-e/cafes/24000254/articles/7250874?boardtype=L&userDisplay=50&menuid=13&referrerAllArticles=false&inCafeSearch=true&query=%EC%B2%AD%EC%86%8C&art=aW50ZXJuYWwtY2FmZS1hcnRpY2xlLXJlYWQtaW5DYWZlLXNlYXJjaC1saXN0.eyJ0eXAiOiJKV1QiLCJhbGciOiJIUzI1NiJ9.eyJjYWZlVHlwZSI6IkNBRkVfSUQiLCJhcnRpY2xlSWQiOjcyNTA4NzQsImlzc3VlZEF0IjoxNzg4MjMzMTMwNjE0LCJjYWZlSWQiOjI0MDAwMjU0fQ.9nAkcLW4S4-678ybbubwQBEoly_CFETl74l39nrZiTg&page=1,JKS
대구맘365,24000254,13,청소,베베루미아 산후도우미 3주 이용 후기,2026.03.02. 16:48,"예약할때나 지금이나 이 업체에 대한 후기가 많지 않아서
어느업체를 골라야할지 고민이 됐던 , 저같은 예비산모분들에게 이 후기가 도움이 될수있을까하여 올려보아용
​
50m
© NAVER Corp.
더보기
/OpenStreetMap
지도 데이터
x
© NAVER Corp.
/OpenStreetMap
지도 컨트롤러 범례
부동산
거리
읍,면,동
시,군,구
시,도
국가
베베루미아 대구점
대구광역시 중구 명륜로 39 1층 베베루미아 산후도우미
​
​
저는 총 3주 이용하고 넘 만족스러워 남겨보는 후기에요!
​
우선 제가 업체 선정시 가장 중요하게 생각했던 부분은 알아서 아기케어나 집안일을 유도리있게 잘 챙겨 주시는 부분이었고 저는 나이가 너무 많은신분들은 제가 조금 불편할것같아서 미리 말씀드렸어요(통화하는데 대표님이 젊으셔서인지 요런 소통이 잘되는점도 일단 좋았습니다)
​
총 세군데 전화를 돌렸는데 결론적으론 여기가 제가 원하는 이모님에 대해서도 제일 잘 맞춰 주실거 같았고 대표님두 친절하셔서 혹시나 문제가 생겨도 소통이 잘될거같아서 여기로 결정했어요!!
그리고 대부분은 그냥 넘어가는 서비스에 대해서도 한번더 꼼꼼하게 알려주셨구용ㅎㅎ
​
그래도 혹시나 저랑 안맞을까해서 걱정했는데 인상도 너무 좋으시고 유쾌한 이모님이 오셔서 걱정할 필요가 없었네용ㅋㅋ
​
우선 아기를 너무 예뻐해주셨고 넘 잘봐주셨는데 음식솜씨도 좋으셔서 진짜 배불리 먹었고 각종 밑반찬부터 신경써서 정말 많이 챙겨주셨어요(친정엄마가 와보시곤 놀라실 정도였습니다ㅋㅋ)
​
또 저한테나 남편에게도 혹시나 불편한건 없는지 여쭤봐주셨고 아기가 잠잘때면 알아서 청소나 빨래, 젖병 소독 등등 착착 다해주셔서 진짜 편하게 집에서 쉴 수 있었어요!
​
아기에게도 늘 예쁘다 사랑스럽다고 노래불러주시고 안보이는데서도 사랑을 많이 주시는게 느껴져서 4일째쯤 부터는 아예 마음을 놓고 쉬었던거 같아요 ㅎㅎ
(요즘 이런저런 이슈가 많아서 사실 좀 걱정이 됐었거든요ㅜㅜ)
남편도 육휴중이라 집에있는데 늘 다정하게 말걸어주시고 너무 정답게 챙겨주셔서 진짜 감동이었숩니당...
​
사실 그냥 일하러왔다 생각하고 아기만 보고 딱 가실거라 생각했었는데 그런게 아니라 정말 마음으로 아기를 대해주시고 이 일을 좋아하시는게 느껴져서 너무 좋았어용ㅎㅎ
​
퇴근전까지도 여유가 있으면 대충 시간 떼우시는게 아니라 뭐라도 더 하시려고 저한테 여쭤봐주시구 조금이라도 더 도움주려하셔서 마지막날까지도 넘 감사했어용,,
​
지금 이모님 가시고나서야 그동안 얼마나 많은 도움을 주셨었는지 그리고 그 덕분에 얼마나 수월한 육아를 할 수 있었는지 알게되었습니다,,ㅜㅜ
지금도 남편과 육아하면서 이모님 얘기를 할정도로 많이 기억이 나요!! 하나의 추억이 됐달까요...?ㅋㅋ
그래서 남편이랑 혹시나 둘째를 낳게된다면 어김없이 이 이모님을 찾기로했어용ㅋㅋ
이만 저의 후기가 도움이 되셨길 바라며, 모두 육아 화이팅입니당~
​
#베베루미아 #산후도우미후기 #대구산후도우미
마지막으로 울 기요미 사진투척🤍",저는 여기 베페가서 신청했었는데 후기보니 더 믿음이 가네요 ~ 이모님 정보 부탁드려도 될까요? | 네 쪽지드릴게요!! | 저두 이모님 정보좀 부탁드려용 | 댓글확인이 늦었네요ㅠㅠ 쪽지 드릴게요~~!,4,https://cafe.naver.com/f-e/cafes/24000254/articles/7250808?boardtype=L&userDisplay=50&menuid=13&referrerAllArticles=false&inCafeSearch=true&query=%EC%B2%AD%EC%86%8C&art=aW50ZXJuYWwtY2FmZS1hcnRpY2xlLXJlYWQtaW5DYWZlLXNlYXJjaC1saXN0.eyJ0eXAiOiJKV1QiLCJhbGciOiJIUzI1NiJ9.eyJjYWZlVHlwZSI6IkNBRkVfSUQiLCJhcnRpY2xlSWQiOjcyNTA4MDgsImlzc3VlZEF0IjoxNzg4MjMzMTMwNjE0LCJjYWZlSWQiOjI0MDAwMjU0fQ.1as47DxCBPTJbxZtajrxRCf08OUT0CSNy8CMsau77Rc&page=1,JKS
대구맘365,24000254,13,청소,여성메디파크병원 수성점 산후조리원 VIP방 후기입니당~,2026.03.02. 14:24,"대구 수성구에 위치한 여성메디파크 산후조리원 VIP룸 610호에서 지내며 전반적으로 매우 만족스러운 시간을 보냈습니다. 방은 넓고 깔끔하게 관리되어 있어 첫인상부터 편안함이 느껴졌고, 침대와 소파 공간이 분리되어 있어 휴식과 수유, 생활 동선이 여유로웠습니다. 북향이라 강한 햇살이 직접 들어오지는 않지만, 오히려 눈부심 없이 은은하고 안정적인 밝기가 유지되어 산후 회복기에 편안하게 쉬기 좋은 환경이었습니다. 외부 시선이나 소음 걱정도 적어 전체적으로 프라이빗하고 차분한 분위기였습니다.무엇보다 좋았던 점은 식사와 간식 서비스였습니다. 정해진 시간마다 식사와 간식이 모두 방으로 직접 제공되어, 이동할 필요 없이 아기 돌봄과 휴식에만 집중할 수 있었습니다. 메뉴도 영양 균형을 잘 고려해 구성되어 있고 맛도 좋아 매 끼니가 기다려질 정도였어요. 프라이빗하게 식사를 할 수 있다는 점도 산모 입장에서는 큰 장점이었습니다.침구와 실내 컨디션도 항상 청결하게 유지되었고, 필요한 부분은 직원분들이 빠르게 도움을 주셔서 지내는 동안 불편함이 거의 없었습니다. 직원분들 역시 친절하고 세심하게 케어해 주셔서 초보 엄마로서 심리적으로도 많은 안정감을 느낄 수 있었습니다.다른 후기에서 만족도가 높은 이유를 직접 경험해 보니 충분히 공감이 되었고, 조용하고 편안한 환경에서 몸과 마음을 충분히 회복할 수 있었던 소중한 시간이었습니다. 프라이빗한 공간에서 안정적으로 산후조리를 하고 싶으신 분들께 자신 있게 추천드리고 싶은 곳입니다.
​
1.소아과 의료진의 매일 아침 회진
2.산부인과 진료 24시간 가능
3.쾌적한 환경, 매일 방청소
4.프라이빗한 식사
5.친절하신 간호사 선생님들
6.목욕,수유교육 등 전문적이고 재미있는 교육
7.전신마사지,가슴마사지 너무 좋음 붓기 싹빠짐
8.매일 혈압,열측정 산모상태 관찰해주심
9.목욕시간 제외 면회상시가능
​",방이 엄청 넓군요! 정말 편하게 있을수 있을것 같아요,1,https://cafe.naver.com/f-e/cafes/24000254/articles/7250718?boardtype=L&userDisplay=50&menuid=13&referrerAllArticles=false&inCafeSearch=true&query=%EC%B2%AD%EC%86%8C&art=aW50ZXJuYWwtY2FmZS1hcnRpY2xlLXJlYWQtaW5DYWZlLXNlYXJjaC1saXN0.eyJ0eXAiOiJKV1QiLCJhbGciOiJIUzI1NiJ9.eyJjYWZlVHlwZSI6IkNBRkVfSUQiLCJhcnRpY2xlSWQiOjcyNTA3MTgsImlzc3VlZEF0IjoxNzg4MjMzMTMwNjE0LCJjYWZlSWQiOjI0MDAwMjU0fQ.9h_K7MLEyETx42HRrwFe6zJQ8U4r4lqv69jtfxc2D0U&page=1,JKS
대구맘365,24000254,13,청소,출산을 앞두고 산후도우미 고민중이에요..,2026.02.13. 11:39,"사는 곳은 북구구요...
남편이랑 산후도우미 안 쓰기로 했었는데..하두 뉴스에 많이 나오다보니 시어머니랑 친정엄마 찬스를 쓰려구 했는데...
갑자기 남편이 산후도우미 알아보자고 해서요ㅜㅜ
어느 업체가 좋을까요??
그리고 산후도우미 쓰려면 해야하는 절차나 그런게 따로 있나요??","한번 알아봐야겠어요ㅜㅜ 감사합니다~ | 최근 기사때문에 많이 불안하시겠어요ㅜㅜ 그래도 이슈화되서.. 업체에서 당분간 더 잘하려고 관리하지 않을까요? | 저는 해피케어에서 했어요~~~여기저기 알아보다가 아는분 추천받아서 했는데 좋았어요 | 불안해서 미루다 이제야 알아보려니 어떻게 해야하는지 모르겠네요ㅜㅜ 여러군데 알아봐야겠어요ㅜㅜ | 전 베스트맘에서 했어요~맛있는 반찬과 밥은 물론 청소와 빨래, 아기케어까지 너무나 깔끔하게 잘해주셔서 편하게 잘 지냈어요!! | 그렇군요!! 감사합니다~~ | 출산일기준 40일전부터 산후도우미 사용한다고 정부에 신청올려야해요! 업체 알아보시고 계약하시면 자세히 알려줍니다ㅎㅎ 지원금많아서 산후도우미 안쓰면 좀 아깝긴하죠 ㅠㅠ 밤낮없이 수유하면 아픈몸에 피곤하기도 하구요.. | 40일전....지금 예정일 기준 27일정도 남았는데..ㅜㅜ 문의해봐야겠어요ㅜㅜ | 그래도 쓰시는게ㅠㅠ몽베베 만족했구요전 그렇게 불편하시고 불안하시면 설거지,아기옷빨래,음식,청소 이런것만 도움 받아도 훨씬 키우시는데 편하실 거예요. | 보건소에 신청하셔야 돼요~ 그리고 업체에도 미리 연락해보세요 | 저도 부모님께 말씀드릴까 하다가 맘 편하게 휴맘 이용했는데 좋은분 만나서 편하게 조리 잘했어요 엄청 꼼꼼하시구 알아서 다 해주시니까 따로 말쓸드릴게 없더라구요 | 이용하세요ㅠㅠ밤,새벽에 못자요~!!몽베베 산후도우미 이용하구 만족했어요 | 밤수하면 오전에 적어도 2시간은 자줘야해요ㅠㅠ아님 엄마가 병나요보건소 신청하고 업체는 예정일 40일전에연락해서 계약하먄됩니다전 몽베베 이용했고 만족했어요진짜 도우미님 있고없고 차이 큽니다ㅜ",13,https://cafe.naver.com/f-e/cafes/24000254/articles/7239977?boardtype=L&userDisplay=50&menuid=13&referrerAllArticles=false&inCafeSearch=true&query=%EC%B2%AD%EC%86%8C&art=aW50ZXJuYWwtY2FmZS1hcnRpY2xlLXJlYWQtaW5DYWZlLXNlYXJjaC1saXN0.eyJ0eXAiOiJKV1QiLCJhbGciOiJIUzI1NiJ9.eyJjYWZlVHlwZSI6IkNBRkVfSUQiLCJhcnRpY2xlSWQiOjcyMzk5NzcsImlzc3VlZEF0IjoxNzg4MjMzMTMwNjE0LCJjYWZlSWQiOjI0MDAwMjU0fQ.gavsXels_XVslCY66gzvXVajims6AFItRkW6RBuVgws&page=1,JKS
대구맘365,24000254,13,청소,대구 아이사랑 산후도우미 후기입니다🥰,2026.01.30. 15:15,"🔸출산후기 내용은 ""출산 성공 바이러스""
에 게시글 작성해 주시기 바랍니다.
​
🔸""예비맘정보공유"" 게시판에 위 게시글 작성시
활동정지 및 무통보 삭제됨을 알려드립니다.
대구아이사랑 산후도우미업체를 대구베이비페어에서
알게되어, 이용하게되었습니다😀
관리사님들 보유도많으시다하구
저희는 경력있으신 아기케어잘해주시는 분으로
말씀드렸고, 친절히 상담도 해주시구
현장에서 예약을하게되었어요😉
​
이모님께서 청소도 너무깔끔히 잘해주시구
첫아기인지라 잘모르는부분을 정말 잘알려주셨어요☺️
음식도 매일매일 맛있게 잘만들어주셨어요!!
너무맛있어서 이모님 손맛이 지금도생각나요ㅠㅠㅠ..
저희 아기도 정말이뻐해주시구..
진심으로 대해주셔서 정말감사드렸어요
애기 낳기전에 워낙 산후도우미 이슈가많다보니
산후도우미를 할까말까 고민한 내가 반성됬어욬ㅋㅋ😅
후기가 어쩌다보니..청소사진뿐이긴한데,
산모님 편히 쉬시라고 말씀하시곤해서 뒤에서 청소하시는 사진만 찍었네요ㅎㅎㅎ😅
​
둘째가 생긴다면 같은이모님으로
대구 아이사랑 산후도우미 또 이용할생각입니다!ㅎ
3주동안 감사했습니다이모님❤️🥰
​
​",,0,https://cafe.naver.com/f-e/cafes/24000254/articles/7229747?boardtype=L&userDisplay=50&menuid=13&referrerAllArticles=false&inCafeSearch=true&query=%EC%B2%AD%EC%86%8C&art=aW50ZXJuYWwtY2FmZS1hcnRpY2xlLXJlYWQtaW5DYWZlLXNlYXJjaC1saXN0.eyJ0eXAiOiJKV1QiLCJhbGciOiJIUzI1NiJ9.eyJjYWZlVHlwZSI6IkNBRkVfSUQiLCJhcnRpY2xlSWQiOjcyMjk3NDcsImlzc3VlZEF0IjoxNzg4MjMzMTMwNjE0LCJjYWZlSWQiOjI0MDAwMjU0fQ._XhaFWQfBH1P-wfqW0wrpjAarDPFoR9FREiy76e7qlw&page=1,JKS
대구맘365,24000254,13,청소,둘째맘의 조은맘 산후도우미 4주 이용후기,2026.01.28. 13:55,"둘째 낳고 조은맘 산후도우미 서비스 이용했어요 :)
첫째까지 함께 돌봐야해서 총 4주동안 도움받았어요! 후기들을 찾아보니 조은맘 후기가 많고 평이 좋아서 선택했는데 지금 생각해도 4주가 어떻게 지나갔는지 모를정도로 정말 잘한 선택이었어요!
​
가장 중요하게 부탁드렸던부분이 아기케어부분이었는데 제 바람대로 아기 정말 세심하게 돌봐주셨어요!
이모님께서는 단순히 일만 하시는게 아니라 아기와 산모의 마음까지 같이 돌봐주셨는데 제가 조금이라도 더 편하게 쉴 수 있도록 계속 신경 써주셨어요. 수유시간 외에는 케어 전반적으로 맡아주셔서 편하게 쉴 수 있었고, 신생아케어 경험이 많으셔서 그런 지 아기 다루는 솜씨가 정말 능숙하셨어요!
제가 비록 둘째 엄마지만, 이모님께 배운 점이 정말 많았어요~
아기도 정말 예뻐해주시고, 기본적인 기저귀 갈기, 목욕 등 모든 걸 꼼꼼하게 챙겨주셨어요.
아기발달에 맞게 챙겨주시는데 역시 전문가는 다르구나 싶었어요!
​
먹고 싶은 음식을 매번 해달라고 부탁드리기 어려웠는데 알아서 매일 다른 메뉴로, 정성 가득하고 맛있는 음식을 해주셨는데 4주 내내 정말 맛있게 잘 먹고 기력 회복 제대로 했습니다ㅎㅎ 매끼 항상 정성스럽게 대접받는 기분이었고, 첫째 반찬까지도 입맛에 딱 맞게 잘 만들어주셔서 첫째도 매번 엄지척하더라구요!!👍🏻
​
평소엔 부엌 정리는 늘 뒷전이었는데, 아기케어부터 집안 청소까지 어느 하나 소홀함 없이 꼼꼼하게 챙겨주시고, 덕분에 첫째 둘째 모두 늘 쾌적하고 깨끗한 환경에서 평온하고 기분 좋은 시간을 보낼 수 있었어요.
​
제가 첫째때는 산후도우미 신청을 안했는데 이번엔 첫째도 있어서 용기내서 산후도우미 신청했는데 첫째때도 이모님을 만났더라면, 얼마나 좋았을까 생각이들만큼 믿음직하고 따뜻한분이셨어요!
​
이모님과 지내는 4주동안 온전히 제 몸회복에 힘쓸 수 있었던거같아요!
좋은 이모님과 함께해서 정말 좋았고!! 혹시 산후도우미 고민하시는 분이 있다면 이 글이 조금이나마 도움이 됐음 좋겠네요!!
​
🔸출산후기 내용은 ""출산 성공 바이러스""
에 게시글 작성해 주시기 바랍니다.
​
🔸""예비맘정보공유"" 게시판에 위 게시글 작성시
활동정지 및 무통보 삭제됨을 알려드립니다.",좋은 정보 감사해요^^,1,https://cafe.naver.com/f-e/cafes/24000254/articles/7228283?boardtype=L&userDisplay=50&menuid=13&referrerAllArticles=false&inCafeSearch=true&query=%EC%B2%AD%EC%86%8C&art=aW50ZXJuYWwtY2FmZS1hcnRpY2xlLXJlYWQtaW5DYWZlLXNlYXJjaC1saXN0.eyJ0eXAiOiJKV1QiLCJhbGciOiJIUzI1NiJ9.eyJjYWZlVHlwZSI6IkNBRkVfSUQiLCJhcnRpY2xlSWQiOjcyMjgyODMsImlzc3VlZEF0IjoxNzg4MjMzMTMwNjE0LCJjYWZlSWQiOjI0MDAwMjU0fQ.1PjPiZlodSPb0VjCDSz-RbrNdp8eABI0UTtl77jhDKY&page=1,JKS
대구맘365,24000254,13,청소,대구산후도우미업체 참사랑어머니회 이용 후기 나눔,2026.01.22. 20:01,"참사랑어머니회 대구지점 3주 이용한 후기 공유합니다.
​
출산 전 산후도우미 업체를 이용하기로 결정하고 주변 지인들의 적극적인 추천으로 참사랑어머니회로 예약하게 되었습니다.
​
먼저 가장 중요한 아기 케어는 대만족이었습니다. 무엇보다 아이를 정말 예뻐해주셨고 배꼽이나 변 상태를 꼼꼼하게 체크해주시고 중간에 분유와 젖꼭지를 바꿀 때도 잘 도와주셨습니다. 신생아는 목욕을 매일하지 않아도 된다고 하지만 관리사님이 계실 동안은 매일 씻겨주셨고 하나하나 단계별로 알려주셔서 저도 보고 배우며 큰 도움을 받았습니다. 아이가 잘 자지 않고 울며 보챌 때도 있었지만 아이를 안아서 달래주시는 게 항상 감사하고 믿음이 가 볼일이 있거나 산책 나갈 때 편하게 다녀올 수 있었습니다.
그리고 출산 후에 잘 먹어야한다며 매일 밥과 미역국, 2-3가지 반찬 등을 챙겨주셨습니다. 오전마다 저는 잠들어있었고 아기를 보면서 또 그새 음식을 뚝딱하셔서 맛있는 점심을 차려주셨어요. 솜씨가 너무 좋으셔서 이젠 못 먹는 게 너무 아쉬울 거 같아요. 매일 식사 후에 휴게시간도 다 못 챙기시고 환기에, 구석구석 청소와 이부자리 정리까지, 이 집에 살고 있는 저보다 더 깨끗하게 관리해주셨습니다. 덕분에 푹 쉬며 조리할 수 있었던 것 같아요.
​
""공주야 무럭무럭 잘 자라라~"" 하시며 마지막 인사를 나누었습니다. 짧다면 짧은 인연이지만 아이를 진심으로 아껴주신 게 느껴져 감사하고 아쉬운 마지막 날이 되었네요. 전옥란 관리사님 감사합니다. 대구산후조리원업체 참사랑어머니회 믿고 이용하세요~:D",참사랑이 규모가 큰 만큼 도우미분들이 많더라구요 | 참사랑 후기가 좋으네요! | 참사랑후기가 엄청 많네요 저도 산후도우미 업체 고민중인데 참사랑 믿고해도될까요?? | 네 좋았습니다~!,4,https://cafe.naver.com/f-e/cafes/24000254/articles/7224622?boardtype=L&userDisplay=50&menuid=13&referrerAllArticles=false&inCafeSearch=true&query=%EC%B2%AD%EC%86%8C&art=aW50ZXJuYWwtY2FmZS1hcnRpY2xlLXJlYWQtaW5DYWZlLXNlYXJjaC1saXN0.eyJ0eXAiOiJKV1QiLCJhbGciOiJIUzI1NiJ9.eyJjYWZlVHlwZSI6IkNBRkVfSUQiLCJhcnRpY2xlSWQiOjcyMjQ2MjIsImlzc3VlZEF0IjoxNzg4MjMzMTM0NjA0LCJjYWZlSWQiOjI0MDAwMjU0fQ.M1aMKVy8U3y6f_BsPzwk-2873aD9nYWfNarPcHuGgIA&page=2,JKS
대구맘365,24000254,13,청소,닥터안 산후조리원 이용 후기,2026.01.19. 13:20,"🔸출산후기 내용은 ""출산 성공 바이러스""
에 게시글 작성해 주시기 바랍니다.
​
🔸""예비맘정보공유"" 게시판에 위 게시글 작성시
활동정지 및 무통보 삭제됨을 알려드립니다.
​
산후조리원 고민하다가 집에서 가까운 곳에 닥터안 산후조리원이 있어서 이용하게 됐어요~
​
저는 일반실 이용했는데, 방 넓이도 혼자 또는 두명이서 지내기에 적당하고, 아늑하다는 느낌이었어요~ 지내는 내내 불편함 없이 이용했습니다~
​
신생아실이 하루 한 번 소독시간 1~3시 빼고는 9~21시동안 계속 오픈돼있어서 아기 보고싶을때 요청하면 유리창 앞으로 데려다 주셔요~
아기 모습 오전8시, 오후8시 하루 두번 40분씩 베베캠으로도 볼수 있었던게 또다른 재미였어요!
모유수유실은 수유콜 오면 내려가서 수유하실 수 있어요~ 허그실은 엄마아빠랑 아기랑 만나볼 수 있는 곳이에요!
​
찜질방, 족욕실도 언제든지 이용할 수 있었어요. 족욕할 때 쓰는 소금비누를 입소할 때 주시는데, 물에 풀어 쓰니 향도 좋고 매끄러워서 좋았어요!
​
밥은 8시,12시,5시에 나오고 간식은 2시,7시에 나와요! 밥 조금만 먹고 살 빼서 나가야지 했던 다짐과는 달리 밥이 너무 맛있어서 많이 못빼고 나갑니다ㅋㅋㅋ 방까지 직접 밥을 넣어주셔요!
산모실 청소는 아침 8:30~11시 사이에 이루어지고,  선물로 받은 빨래망에 빨래 담아두면 가져가셔서 당일 점심때쯤 주셔서 편했어요.
​
무엇보다도 실장님, 관리사님들이 친절하시고, 모르는거 질문하면 자세히 답해주셔서 편하게 이용할 수 있었습니다! 2층에서 병원도 운영하고 계시는데, 의사선생님께서 매일 아기들 회진도 도시는 것 같더라구요! 그래서 더욱 신뢰가 갔습니다~
​
산후에 최고로 편하게 쉬고싶다는 생각이었는데, 닥터안에서 푹 쉬었어요!",,0,https://cafe.naver.com/f-e/cafes/24000254/articles/7221991?boardtype=L&userDisplay=50&menuid=13&referrerAllArticles=false&inCafeSearch=true&query=%EC%B2%AD%EC%86%8C&art=aW50ZXJuYWwtY2FmZS1hcnRpY2xlLXJlYWQtaW5DYWZlLXNlYXJjaC1saXN0.eyJ0eXAiOiJKV1QiLCJhbGciOiJIUzI1NiJ9.eyJjYWZlVHlwZSI6IkNBRkVfSUQiLCJhcnRpY2xlSWQiOjcyMjE5OTEsImlzc3VlZEF0IjoxNzg4MjMzMTM0NjA0LCJjYWZlSWQiOjI0MDAwMjU0fQ.SHzBm5ldpZhckoWxelupuHeFZn35TimV9MvDvE9TCXw&page=2,JKS
대구맘365,24000254,13,청소,대구 ISFP의 산후조리원 추천! - 여성메디파크,2026.01.16. 20:08,"안녕하세요!  저는.. 1월 출산한 ISFP산모입니다.
​
처음에 산후조리원을 엄청나게 고민했었는데, 제 산후조리원 선택 기준은
1. 전문성 여부 (병원 여부)
2. 분위기
3. 쾌적함 였어요.
​
일단, 저는 신생아의 경우는 본인이 불편한 점을 말을 못하기때문에 그 점을 빠르게 파악할 수 있는 점이 제일 중요하다고 생각했습니다. 그래서 병원과 연계가 된 산후조리원들을 추려보고 방문을 했었습니다.
​
두번째로 저는 내향적인 성격으로 제 성격과 맞는 산후조리원을 찾고있었어요. 출산 후 피곤한데 식당을 가서 밥을 꼭 먹어야한다던가, 모유수유를 해야하는 분위기라던가, 모두 함께 동기를 만들어서 으쌰으쌰하는 분위기라면 휴식을 취할 수 없을거라 생각했어요.
​
세번째로는 저는 집순이기 때문에 너무 답답하지 않은 공간이 필요했습니다.
그래서 여러군데의 산후조리원을 방문했었는데, 여성메디파크는 방문하자마자 이곳이라는 느낌이 올 정도로 만족스러워서 바로 당일 예약했습니다.
​
첫번째로 쾌적함!
여기는 VVIP실 사진이에요.
제방은 정리를 못해서, 간호사선생님께 양해를 구하고 vvip실 사진을 찍을 수 있었습니다. 사진에서 볼 수 있다싶이 방 크기도 널찍하고 쾌적합니다.
​
​
저는 VIP실에서 머물렀는데 VIP실도 너무 좋았어요. 식사도 체계적으로 나와서 너무 만족스러웠습니다.
그리고 전반적인 분위기도 너무 좋았는데 그건 사진으로 담지 못해서 너무 아쉽습니다. 매일 청소해주시는 여사님, 식사를 방으로 가져다주시는 여사님께도 너무 감사하고 그분들 덕분에 푹 쉴수 있을수 있었습니다.
​
그리고 신생아실 간호사선생님들 너무 감사했어요. 신생아실 간호사선생님들이 애기들을 너무 예뻐해주시는 것들이 눈에 보였습니다. 수유를 하고 있으면 신생아실 선생님들께서 아이들에게 말도 걸어주고 예뻐해주시는 모습들이 눈에 보였습니다.
​
​
다들 감사했으며 덕분에 만족스런 조리원 라이프를 보낸것 같아요.
만약 제가 둘째 계획이 있다면 다시 여성메디파크 산후조리원 예약 계획입니다.
​
여성메디파크 산후조리원 추천합니다!",조리원 너무 좋네요 ^^ .. | 저도 완전 내향인이라 너뮤 좋은데요ㅎㅎ꼭 아기생겨서 가보고싶어요ㅠㅠ | 오! 내부가 궁금했는데 완전 좋은정보 감사합니다! | 저도 여기예약했는데 자세한 정보 감사드려요~! | 후기 궁금했는데 감사합니다!,5,https://cafe.naver.com/f-e/cafes/24000254/articles/7220528?boardtype=L&userDisplay=50&menuid=13&referrerAllArticles=false&inCafeSearch=true&query=%EC%B2%AD%EC%86%8C&art=aW50ZXJuYWwtY2FmZS1hcnRpY2xlLXJlYWQtaW5DYWZlLXNlYXJjaC1saXN0.eyJ0eXAiOiJKV1QiLCJhbGciOiJIUzI1NiJ9.eyJjYWZlVHlwZSI6IkNBRkVfSUQiLCJhcnRpY2xlSWQiOjcyMjA1MjgsImlzc3VlZEF0IjoxNzg4MjMzMTM0NjA0LCJjYWZlSWQiOjI0MDAwMjU0fQ.SbJtbrUMxpncoOKv9dKL-BRtrIylKyYovVtHXpdD3BI&page=2,JKS
대구맘365,24000254,13,청소,이레아이맘 산후도우미업체 솔직 후기,2026.01.16. 11:26,"이레아이맘 친한친구 2명에게 소개 받고
잘 모르던 임산부 시절 소개만 믿고 이레아이맘에 신청했어요
저의 요청 사항은
저의 식사와는 상관없이 오직 아기한테만 집중이였어요
이경희 관리사님이 오셨는데
정말 아기한테 진심으로 대해주셨어요
아기 이름도 계속 불러주시며, 동요도 계속 불러주셨어요
아기때부터 말을 걸어줘야 언어가 발달이된다하셨어요
정말정말정말 아기를 예뻐해주시고 진심으로 대해주셔서
저도 방 안에서 푹 쉴수 있었답니다
그리고 간단 청소도 얼마나 꼼꼼하게 해주시는지
남편이 역시 클라스가 다르다고 하네요
목욕시키는것도 잘 알려주셔서 동영상을 찍었어요
사진은 후기를 쓰려고 작정한게 아니였어서
제가 그동안 따로 찍은게 없네요
그래서 동영상 캡처본만 첨부해요
마지막에는 아기에게 덕담도 해주시고, 나중에 지나가다가 만나면 인사라도 해달라하시며 마무리했네요
주위에서도 출산을 앞두고 있는 친구들이 있어 벌써 업체를 알려달라해서 두명에게 소개해줬어요
이레아이맘 적극 추천입니다
🔸출산후기 내용은 ""출산 성공 바이러스""
에 게시글 작성해 주시기 바랍니다.
​
🔸""예비맘정보공유"" 게시판에 위 게시글 작성시
활동정지 및 무통보 삭제됨을 알려드립니다.",,0,https://cafe.naver.com/f-e/cafes/24000254/articles/7220103?boardtype=L&userDisplay=50&menuid=13&referrerAllArticles=false&inCafeSearch=true&query=%EC%B2%AD%EC%86%8C&art=aW50ZXJuYWwtY2FmZS1hcnRpY2xlLXJlYWQtaW5DYWZlLXNlYXJjaC1saXN0.eyJ0eXAiOiJKV1QiLCJhbGciOiJIUzI1NiJ9.eyJjYWZlVHlwZSI6IkNBRkVfSUQiLCJhcnRpY2xlSWQiOjcyMjAxMDMsImlzc3VlZEF0IjoxNzg4MjMzMTM0NjA0LCJjYWZlSWQiOjI0MDAwMjU0fQ.ZJYyPAZahwzUo9fDh2MIA5D4ugoEyqqOpfJGgTBnz34&page=2,JKS
대구맘365,24000254,13,청소,극P 예비맘의 임신 후기,2026.01.10. 13:49,"🔸출산후기 내용은 ""출산 성공 바이러스""
에 게시글 작성해 주시기 바랍니다.
​
🔸""예비맘정보공유"" 게시판에 위 게시글 작성시
활동정지 및 무통보 삭제됨을 알려드립니다.
​
벌써 임신 34주에 접어들었어요.
직업 특성상 주말 근무가 필수였는데, 33주에 들어서면서 평일에만 근무하게 되었어요. 이제 좀 쉬어도 되겠구나 싶었는데, 하루에 3시간 정도만 일하고 퇴근해도 생각보다 몸은 계속 바쁘더라구요. 일주일 내내 아기 용품 고르고, 세탁하고, 정리하고, 청소하다 보니 차라리 예전처럼 일하는 게 더 편하겠다는 생각까지 들 정도예요.
​
33주 정기검진으로 여성아이병원에도 다녀왔어요. 이제 임신 후반기라 그런지 병원 올 때마다 ‘진짜 얼마 안 남았구나’라는 생각이 더 실감 나더라구요. 혈압이랑 체중 재고, 초음파로 아기 상태도 확인했는데 다행히 아기는 잘 크고 있다고 하셨어요. 주수가 주수인지라 숨도 차고 몸도 무거워졌다고 말씀드리니, 무리하지 말고 충분히 쉬는 게 가장 중요하다고 다시 한 번 강조해 주셨어요. 예전에는 검진이 그냥 일정 중 하나였다면, 요즘은 병원 다녀오는 날마다 마음이 괜히 뭉클해지는 것 같아요.
​
집에 와서는 네이버 검색이랑 인스타를 보면서 배냇저고리 세탁 방법, 아기 옷 정리법 같은 걸 하나씩 따라 하며 준비하고 있어요. 다른 엄마들은 30주부터 준비를 다 끝냈다는 글을 보면 괜히 마음이 급해지기도 하더라구요. 저는 아직 세탁도 덜 했거든요. 출산 준비물도 미리 다 사기보다는 필요할 때 사자는 쪽으로 남편이랑 이야기했는데, ‘오늘만 특가’ 같은 문구를 보면 또 손이 먼저 가는 게 현실이네요.
​
인스타나 블로그를 보면 부지런하고 꼼꼼한 예비맘들이 너무 많아서 극P 성향인 저랑 자꾸 비교하게 되고, 내가 아기한테 잘 해줄 수 있을까 괜히 미안해질 때도 있어요. 남들과 비교하지 말자고 다짐해도 쉽지는 않지만, 각자 준비하는 속도와 방식이 다르다는 걸 요즘은 조금씩 받아들이는 중이에요. 지금은 완벽하게 준비하는 것보다, 무리하지 않고 잘 쉬는 것도 중요한 출산 준비의 한 과정이라고 믿어보려구요.
​","맞아용ㅋㅋ참고만 하되 내가 스트레스안받고 할 수 잇는 방법이면 됩니다!! | 화이팅팅~ | 여기 극 P 한 명 추가요~~저도 옷이랑 장난감 중에 꼭 필요한 것만 먼저 사고, 나머지는 지내면서 구매하려고 해요!옷 세탁이랑 정리는 아직 하나도 못 했네요 ㅎㅎ 이번 주말엔 정말 해야겠어요..미리 준비해도 또 부족한 건 생길 수밖에 없는 것 같아요. 그래도 극 P들… 그날 되면 또 신기하게 다 해냅니다 | 미리 준비해서 또 필요없는게 많이 생기기도 하는것 같아요~ 요즘은 쿠팡에 담날배송이니깐! 필요한건 그때그때 사도 될거에용ㅋㅋ | 뭐든 내가편해야 오래할수있더라구요~~육아는장기전!! | 오늘까지,특가,이런문구보면 또 못참죠...ㅎ어차피필요한거 사야겠다! 싶고 저도p성향인데 그렇게사다보니 어느새준비가다되어있더라구요..?그치만 우리에겐 로켓배송이있습니다! 그때그때준비해도 전혀늦지않을거에요 ㅎ",6,https://cafe.naver.com/f-e/cafes/24000254/articles/7216049?boardtype=L&userDisplay=50&menuid=13&referrerAllArticles=false&inCafeSearch=true&query=%EC%B2%AD%EC%86%8C&art=aW50ZXJuYWwtY2FmZS1hcnRpY2xlLXJlYWQtaW5DYWZlLXNlYXJjaC1saXN0.eyJ0eXAiOiJKV1QiLCJhbGciOiJIUzI1NiJ9.eyJjYWZlVHlwZSI6IkNBRkVfSUQiLCJhcnRpY2xlSWQiOjcyMTYwNDksImlzc3VlZEF0IjoxNzg4MjMzMTM0NjA0LCJjYWZlSWQiOjI0MDAwMjU0fQ.ged62kEIiyho4kY3aQVlM0ZYKJAEnx7Rw1h9FLr2z2g&page=2,JKS
대구맘365,24000254,13,청소,지온산후조리원 이용후기,2026.01.04. 08:46,"​
안녕하세요 지온산후조리원 후기입니다
급하게 조리원 알아보고 운좋게 지온 예약하고 자리가 나서 2주동안 지냈는데요
너무너무 만족해서 후기 남깁니다🥰
​
​
밥이 맛있다는 얘기를 많이 들어서 기대하고 갔는데
기대만큼 정갈하고 맛있었어요
보호자 식사도 함께 할수있어서 좋았어요 :)
매일 나오는 간식들도 맛있었어요!!
​
​
그리고 매일 청소, 세탁해주시는 것도 👍🏻👍🏻
방역, 청결에 꼼꼼한 부분이 아주 마음에 들었어요ㅎㅎ
교육 프로그램들도 도움이 많이 됐구요
매일 받는 경혈 마사지도 너무 좋았습니다
맛있는 밥도 밥이지만
마사지해주시는 원장님들, 신생아실 선생님들 직원분들 모두 너무 친절하셔서 편하게 쉬고 갑니다😊😊
둘째가 생긴다면 또 이용하고 싶어요
​
🔸출산후기 내용은 ""출산 성공 바이러스""
에 게시글 작성해 주시기 바랍니다.
​
🔸""예비맘정보공유"" 게시판에 위 게시글 작성시
활동정지 및 무통보 삭제됨을 알려드립니다.","저도 지온 예약했는데 밥이 기대되요! | 와 밥 잘나오네요~~ | 혹시 보호자 식대 추가있나요??ㅎㅎ | 보호자 식대 한끼 만원이었습니당ㅎㅎ | 저두 지온가요 ㅎㅎ 혹시 마사지 회당 시간이 어떻게 되는지 공유 가능 하실까요. ? | 회당 50분?정도 였던거같아요! 저는 너무 만족스러워서 퇴소때까지 매일 받았어요ㅎㅎ | 오우 첫째때 마사지 효과 많이 봤어서여기서도 과연 효과가 있을란지기대되네요 ㅎㅎ | 안녕하세요!혹시 지온 마사지 받으시고 퇴소때 몸무게랑 붓기 얼마나빠지셨나요?ㅠㅠ | 안녕하세요 답이 너무 늦었네요ㅠㅠ 저는 15키로 빠지고 허리, 다리라인도 꽤나 돌아왔어요~! 매일 받는거 완전 추천드려용 | 마사지 효과는 괜찮으셨나욥...?? | 넵 1회만 받고 너무 만족스러워서 매일 받았더니 15키로 빠지고 부기도 싹 빠지고 라인도 꽤 돌아왔습니다ㅎㅎ 물론 밥 쪼금먹고 간식도 거의 남편이 먹긴했기만😅 혹시 생각있으시면 매일 받는거 추천드려요 | 👍 | 혹시 마사지 어떻게 받으셨어용? 패키지랑 그냥 단독중에 어떤걸 해야할쥐 ㅠㅠ | 저는 그냥 단독으로 받고 조리원이 아닌 마사지샵에서 따로 결제했어요ㅎㅎㅎ마사지만 한번 받아보시고 패키지할지말지 정해도될거예요! 마사지할때 가슴, 얼굴 다 해주시긴합니당ㅎㅎㅎ",14,https://cafe.naver.com/f-e/cafes/24000254/articles/7211366?boardtype=L&userDisplay=50&menuid=13&referrerAllArticles=false&inCafeSearch=true&query=%EC%B2%AD%EC%86%8C&art=aW50ZXJuYWwtY2FmZS1hcnRpY2xlLXJlYWQtaW5DYWZlLXNlYXJjaC1saXN0.eyJ0eXAiOiJKV1QiLCJhbGciOiJIUzI1NiJ9.eyJjYWZlVHlwZSI6IkNBRkVfSUQiLCJhcnRpY2xlSWQiOjcyMTEzNjYsImlzc3VlZEF0IjoxNzg4MjMzMTM0NjA0LCJjYWZlSWQiOjI0MDAwMjU0fQ.jRMPL-acs_dUFFcumFHxS5swYjlbshOmOCZnMUfnIHk&page=2,JKS
대구맘365,24000254,13,청소,대구 리엘산후조리원 1주일후기,2026.01.03. 14:39,"🔸출산후기 내용은 ""출산 성공 바이러스""
에 게시글 작성해 주시기 바랍니다.
​
🔸""예비맘정보공유"" 게시판에 위 게시글 작성시
활동정지 및 무통보 삭제됨을 알려드립니다.
​
1월1일 예정이였는데 새복이는 27일에 일찍 세상으로 나왔다는..😭
12월생 너무 아쉬웟는데 4키로로 태어나서 좀 더 버텻으면 자연 실패했을지 몰랐다며 의사쌤이
위로아닌 위로를 해주셧다는...🥹
.
2박3일 병원입원 후 미리 예약 한 리엘산후조리원으로
1주일 산후조리 하러 들어왔어요!
.
후기도 좋고 마사지도 좋다고 해서 임신사실 알고 바로 예약했어요
.
25.11월부터 가격인상되었는데
미리 예약해서 인상전 금액으로 디럭스룸 1주일
지냈어요🙏🏻 남편은 첫째아이때메 자주 못올 예정이라
저렴한 방으로 예약!
​
​
식사는 하루3번 간식1번 야식 1번
목요일은 간식데이💛🧡
​
​
리엘산후조리원은 남편 면회날이
정해져있어요! 참고하세요!!
화/목  오전10시 - 오후8시
토-일 1박가능 오전10시 - 일욜 오후 8시
9층에 신생아실 식사하는곳이 있어
7층8층은 엘레베이터를 타고 이동해야 해서 조금 불편하지만 크게 힘들진않았어요!!
방은 깨끗하고 아늑!
이정도도 충분히 좋아서 저는 너무 만족했어요👻
디럭스는 창이 없는데 스위트는 창이 있는걸로 알고있어요!
수건은 첫날2장 주고 더 필요시 집에서 들고와야해요!!
옷은 하루 한벌 교체 해주세요🙏🏻
9층에 온돌찜질기 ,좌욕? 찜질방이 있는데
저는 따로 사용은 안했어요!
반찬은 먹고싶은만큼 담아서 가져가면 국이랑 밥 챙겨주세여👻
간식데이에 나온 어묵꼬치💛
점심엔 돈까스
양식데이인가요👻
.
다들 너무 친절하시고 아침마다
청소 해주셔서 너무 편하게 1주일 보냈어요
내일 퇴소인데 너무 그리울예정 ㅠㅠ
이제 현실육아지만 덕분에 1주일 몸조리
잘하고 나가서 힘내서 육아해보려구요!!
.
​","출산 축하드려요! 저도 리엘 산후조리원 예약했는데, 디럭스 방은 자세히 처음 보네요!가격 인상하기 전에 예약해서 다행이라는 생각도 들고 그러네요 ㅎㅎ네 가족 행복한 나날 보내시길 바라요~ | 축하드려요",2,https://cafe.naver.com/f-e/cafes/24000254/articles/7211046?boardtype=L&userDisplay=50&menuid=13&referrerAllArticles=false&inCafeSearch=true&query=%EC%B2%AD%EC%86%8C&art=aW50ZXJuYWwtY2FmZS1hcnRpY2xlLXJlYWQtaW5DYWZlLXNlYXJjaC1saXN0.eyJ0eXAiOiJKV1QiLCJhbGciOiJIUzI1NiJ9.eyJjYWZlVHlwZSI6IkNBRkVfSUQiLCJhcnRpY2xlSWQiOjcyMTEwNDYsImlzc3VlZEF0IjoxNzg4MjMzMTM0NjA0LCJjYWZlSWQiOjI0MDAwMjU0fQ.woxnJD7GOpIR1zZj-b5_QcFjfaDI7xbB7qTEf_jr3x4&page=2,JKS
대구맘365,24000254,13,청소,마마루 하이체어 내돈내산 후기 🌟,2025.12.26. 12:18,"🔸출산후기 내용은 ""출산 성공 바이러스""
에 게시글 작성해 주시기 바랍니다.
​
🔸""예비맘정보공유"" 게시판에 위 게시글 작성시
활동정지 및 무통보 삭제됨을 알려드립니다.
​
안녕하세요 사용해보니 좋은 가성비 하이체어 추천해요
​
양가부모님집에 애기데려갈때 마땅히 눕힐곳이없어서 고민하다 구매하게된 마마루 하이체어 후기 🌟
​
1. 안정성 & 디자인
• 5점식 안전벨트와 넓은 받침대로 아기가 흔들려도 넘어지지 않아요.  모던한 디자인이 어느곳 상관없이 인테리어와 잘 어울렸어요.
2. 편의성
• 높낮이 조절기능으로 아이와의 눈높이를 쉽게 맞출 수 있고, 트레이 분리가 간편해 청소가 편해요.
3. 조절 기능
• 높이 조절과 등받이 각도 조절이 가능해 신생아부터 유아기까지 오래 사용할 수 있어요.
4. 접이식 설계
• 사용하지 않을 때 접어 수납할 수 있어 공간 절약에 좋아요.
​
매우만족중
아기도 편한지 칭얼거림도 없어요👍
아직 3개월 애기👶 뉴본으로 활용하기도 좋습니당
보관도 접이식이라 너무좋아요 ㅋㅋ",정보 감사해요 ㅎㅎ,1,https://cafe.naver.com/f-e/cafes/24000254/articles/7205192?boardtype=L&userDisplay=50&menuid=13&referrerAllArticles=false&inCafeSearch=true&query=%EC%B2%AD%EC%86%8C&art=aW50ZXJuYWwtY2FmZS1hcnRpY2xlLXJlYWQtaW5DYWZlLXNlYXJjaC1saXN0.eyJ0eXAiOiJKV1QiLCJhbGciOiJIUzI1NiJ9.eyJjYWZlVHlwZSI6IkNBRkVfSUQiLCJhcnRpY2xlSWQiOjcyMDUxOTIsImlzc3VlZEF0IjoxNzg4MjMzMTM0NjA0LCJjYWZlSWQiOjI0MDAwMjU0fQ.bsH4TsIYRhNkzNkuw8SKbhsIU9rA3_H4-1G_a0D5JJc&page=2,JKS
대구맘365,24000254,13,청소,닥터안산후조리원 이용후기,2025.12.25. 23:21,"🔸출산후기 내용은 ""출산 성공 바이러스""
에 게시글 작성해 주시기 바랍니다.
​
🔸""예비맘정보공유"" 게시판에 위 게시글 작성시
활동정지 및 무통보 삭제됨을 알려드립니다.
​
임신하고 빠른시일내에 결정해야한다는 산후조리원!! 남편껌딱지인 저는 남편외출이 자유로운 조리원을 원했는데, 딱 적합한 곳을 집근처에서 찾아 바로 예약했어요 ㅎㅎ
병원에서 퇴원하고 덜덜떨며 아기데리고 이동해서 조리원에 도착하자마자 따뜻하게 맞이해주신 실장님^^ 아기부터 바로 신생아실에 안전히 받아주시고 ㅎㅎ 친절하고 자세한 설명과 함께 입소하게 됐어요!!
vip와 일반실 고민하다 일반실로 결정했는데 남편과 같이 머물기에도 괜찮았어요~ 침대도 퀸? 정도는 되는것같고, 제왕절개후에 사용하기에도 적당한 단단함으로 아주 편안히 잘 쉬었어요.
조리원근처에 마트, 편의점도 있고, 배달도 자유롭게 시켜먹음되서 남편식사도 걱정없었어요~
매일 청소해주시는 여사님, 식사시간마다 방안 테이블까지 배달해주시는 여사님, 신생아실 쌤들 모두모두 너무 친절하시고 아기도 예뻐해주셔서 너무 기분좋게 컨디션회복에 집중할수있었어요.
제왕절개하고 며칠간은 몸이 다 낫지않아 모자동실 조금씩 도전하다가 일주일부터는 4~5시간씩 점점 늘려서 아기와 있는 연습도 서서히 할수있었어요^^ 어려움 있을때마다 신생아실에 연락하면 친절하게 응대해주셔서 초보엄마가 성장하기 좋았습니다ㅠㅠ!
주변에 임신한 지인들에게 강력추천하고싶어요^^!!
​
​",출산 축하드려용!! 혹시 조리하신 일반실 리모델링한 층인가용?? | 네네 맞아요~ 그런데 제가 사용한 방은 창문이 작은방이에용🥲 | 축하드려요 | 축하드려요😄 혹시 대략적인 비용알수있나요? | 쪽지드렸습니다만 홈페이지에도 공개되어있을거에요~!,5,https://cafe.naver.com/f-e/cafes/24000254/articles/7204897?boardtype=L&userDisplay=50&menuid=13&referrerAllArticles=false&inCafeSearch=true&query=%EC%B2%AD%EC%86%8C&art=aW50ZXJuYWwtY2FmZS1hcnRpY2xlLXJlYWQtaW5DYWZlLXNlYXJjaC1saXN0.eyJ0eXAiOiJKV1QiLCJhbGciOiJIUzI1NiJ9.eyJjYWZlVHlwZSI6IkNBRkVfSUQiLCJhcnRpY2xlSWQiOjcyMDQ4OTcsImlzc3VlZEF0IjoxNzg4MjMzMTM0NjA0LCJjYWZlSWQiOjI0MDAwMjU0fQ.MWfxRnFBOX7MUQeXuCHpaZUGag95OXeBcnFQ_1ZVyzc&page=2,JKS
대구맘365,24000254,13,청소,"안전함, 편안함, 감성 다 잡은 매트~",2025.12.22. 02:46,"​
아이가 앉고 기어 다니기 시작하면서 뒤로 머리쿵을 많이 해서 걱정이 되더라구요ㅠ
​
적당한 폭신함과 탄탄함이 있는 매트를 찾다가 인기 많은 매트를 설치했는데
둘째가 뒤로 넘어져도 충격이 훨씬 줄어들었고
첫째가 발로 쿵쿵 뛰어 다녀도 층간소음 걱정 없답니다!
​
기능과 감성을 다 잡고
3초 폴딩으로 접어서 청소도 편하고
폭신, 탄탄, 양면사용 가능한
내구성까지 잡은 프리미엄 매트 크림하우스 프리2매트~
​
아이가 놀기 좋은 안전함 + 부모가 만족할 편의성 + 집 전체의 인테리어 조화
이 세 가지를 한 번에 해결할 수 있어서 만족합니다👏
​",,0,https://cafe.naver.com/f-e/cafes/24000254/articles/7201887?boardtype=L&userDisplay=50&menuid=13&referrerAllArticles=false&inCafeSearch=true&query=%EC%B2%AD%EC%86%8C&art=aW50ZXJuYWwtY2FmZS1hcnRpY2xlLXJlYWQtaW5DYWZlLXNlYXJjaC1saXN0.eyJ0eXAiOiJKV1QiLCJhbGciOiJIUzI1NiJ9.eyJjYWZlVHlwZSI6IkNBRkVfSUQiLCJhcnRpY2xlSWQiOjcyMDE4ODcsImlzc3VlZEF0IjoxNzg4MjMzMTM0NjA0LCJjYWZlSWQiOjI0MDAwMjU0fQ.qqxPIiJEsnFP-GtcIADz21WNulsfJk8WLGOcflcDn70&page=2,JKS
대구맘365,24000254,13,청소,대구 리엘산후조리원 후기😊,2025.12.20. 19:33,"❣️리엘조리원 스위트룸 13박 14일 이용 후기❣️
​
둘째 임신 후 여러 조리원 후기를 비교하며 선택한 리엘산후조리원😊
​
✔️스위트룸으로 13박 14일 이용. 자연분만을 해서 모션베드는 필요 없었고, 첫째 때문에 남편이 함께 자지 못하다보니 스위트룸이면 충분하였음.넓은 창이 있어 답답하지 않고 환기도 시킬 수 있어 좋았음. 침대도 편하고 깨끗함.
​
✔️방에 도넛방석, 유축기, 젖병소독기, 아기침대(모자동실때사용), 드라이기, 휴지 있음.
✔️화장실도 넓고 매일 아침식사 시간 때 쓰레기 비워주시고, 청소 해주심.
✔️입실 시 조리원복과 수건 2장 제공.
수건은 처음에만 제공되니 그 후엔 개인 수건을 챙겨야하며 조리원복은 매일 새걸로 제공됨.
✔️냉장고와 개인물품 보관을 위한 수납장롱이 있어 편리함.
✔️갠적으로 멀티탭을 들고와서 좀 더 편하게 이용함.
세면도구, 손씻는 세정제 들고 오세요ㅎㅎ
​
밥이 맛있다고 소문난 리엘산후조리원.
건강하고 맛있는 식사. 아침마다 샐러드가 나와서 좋았음. 반찬은 뷔페식이고 밥과 국은 여사님이 자리로 가져다주심. 식사 챙겨주시는 여사님들이 어찌나 친절하신지 항상 기분좋은 식사였고, 텀블러를 식사전에 입구 트레이에 올려놓으면 식사 후에 따끈한 보리차를 텀블러에 가득 채워주심. 텀블러 꼭 챙겨가세요ㅎㅎ
​
✔️9층 : 상담실 /식당/ 신생아실 / 수유실 / 유축한 모유랑 깔대기  / 체온 및 혈압측정 / 사진 인화기
✔️9층 입구에 셀픽 기계가 있는데 하루에 1장씩 인화가능.
✔️수유실에 가면 선생님들이 모유 수유하는 법, 트름시키는 방법, 어떤 자세로 먹이는지 여러번, 아주 친절하고 상세하게 알려주심. 그리고 우리 아가한테 특이사항이 있다면 바로바로 알려주시고, 제가 궁금하거나 염려되는 부분 여쭤봐도 친절하게 답변해주심. 아기들을 예뻐하시는 모습이 믿고 맡길 수 있었음^^
7층 : 찜질방(골반교정기 / 온열돔 ), 교육받는 곳
​
✔️8층에는 마사지실이 있음.
2주 계약시 전신+가슴 마사지 1회 무료고, 추가 마사지는 회차에 따라 금액이 다름.
붓기도 빠지고, 가슴 케어도 해주셔서 젖돌기 시작할 때 큰 도움됨.
✔️베베캠 하루에 2번 시청가능.
10시40분~11시, 16시~16시20분.
✔️모자동실  매일 가능
(12시~14시 30분 제외한 모든 시간 가능)
✔️남편면회는 화,목 11~20시
토,일 1박 가능 일요일 20시까지 가능.
✔️조리원 연계 스튜디오에서 무료 본아트촬영해줌
✔️ 기저귀 : 르소메,  분유: 루비락
❣️첫째 때는 다른 조리원을 이용했었는데(지금은 없어진) 전체적으로 매우 만족 만족👏👏👏
무엇보다 내 아기를 믿고 맡길 수 있어서 맘 편히 조리 할 수 있었음.
산후조리원 고민 중이신 분들께 리엘산후조리원 추천, 추천합니다😁👍","저도 리엘 산후조리원 예약했는데, 정말 깔끔하게 정리 잘해주셨네요! 감사합니다~남편 면회가 화, 목 밖에 안되는게 아쉽긴하지만 리엘 선택하길 잘 한 것 같아요 ㅎㅎ앞으로의 네 가족 화목하고 행복하게 지내시길 바라요~ | 후기정보가 많이 도움이 되었습니당 😀",2,https://cafe.naver.com/f-e/cafes/24000254/articles/7201242?boardtype=L&userDisplay=50&menuid=13&referrerAllArticles=false&inCafeSearch=true&query=%EC%B2%AD%EC%86%8C&art=aW50ZXJuYWwtY2FmZS1hcnRpY2xlLXJlYWQtaW5DYWZlLXNlYXJjaC1saXN0.eyJ0eXAiOiJKV1QiLCJhbGciOiJIUzI1NiJ9.eyJjYWZlVHlwZSI6IkNBRkVfSUQiLCJhcnRpY2xlSWQiOjcyMDEyNDIsImlzc3VlZEF0IjoxNzg4MjMzMTM0NjA0LCJjYWZlSWQiOjI0MDAwMjU0fQ.a0mEpTwECGCFke4jUMDGB47Q9yvAh8iQnL2qFdhSBio&page=2,JKS
대구맘365,24000254,13,청소,산후도우미 신청해야할까요..?,2025.12.17. 22:08,"안녕하세요 1월말 출산을 앞두고있는 33주차 예비맘입니다. 요즘 산후관리사님 신청을 할지말지때문에 고민이 많아요ㅠㅠ 제가 성격이 워낙 꼼꼼+위생철저+타인과 함께하는걸 선호하는 스타일이 아니라서 걱정이 많네요..
몸은 편할지언정 오히려 더 스트레스받을까 싶기도하구용..
​
남편이 출산휴가+육아휴직3개월정도 쓸꺼라 100일까진 같이 육아를 할 예정이기도 한데, 그래도 신청을 하는게 나을까요?🥹😭
​
저와 비슷한 고민을 하셨던분들 결정과 후기가 궁금합니당..!","저 역시 처음엔 망설였는데, 지인이 업체 이용하고 만족도가 정말 높다고 해서 여러 군데 비교하다가 예약 신청해뒀어요! 일단 상담 한 번 받아보는 것만으로도 판단에 도움이 되더라고요.😆 사실 출산 후엔 휴식이 제일 중요한데, 막상 육아 시작하면 몸도 마음도 너무 힘들어서 주변에서는 “그땐 무조건 도움 받는 게 낫다”라고 다들 추천하더라고요. 저도 아직 고민 중이지만, 미리 알아두는 건 손해 아닌 것 같아요. 같이 잘 결정해봐요❤️저도 받아보고 후기남겨볼게용. | 따듯한 말씀 너무 감사합니다..🥹🩵혹시 실례가 안된다면 어디에 예약하셨는지 업체정보 알수있을까요~~? | 베베루미아요! 여기 실장님이 대학병원 간호사 출신이셔서 상담이 꼼꼼했고, 개인적으로 만족스러웠어요. | 앗 저는 깔끔하지는 않지만 ㅋㅋ 제 성격상 누구랑 있으면 불편한 성격이라서 ㅋㅋ 조리원 2주갔다가 집에서 제가 했어요 ! ㅎㅎ 남편도 중간중간에 연차쓰고 지금은 70일정도됬구요 저는 안쓰기를 잘했다고 생각했어요 ㅋㅋ 저는 사람 있는거 좋아하지 않는 편이라서 더 그런거 같구요 ㅎㅎ 남편은 지금 출산휴가 쓰고 있거든요 ㅋㅋ 할만해요 저는 첫째 케어도 같이했는데 할만했어요 ㅋㅋ | 저는 친정 어머니께서 산후조리사 해주세요~ | 저도 약간 맘님이랑 비슷한 스타일이여서 이번에 쌍둥이 출산하고 산후 도우미 따로 안 불렀어요~남편분 출산휴가 + 육아휴직 3개월 이시면 제가 봤을때는 안 부르셔도 나쁘지 않을 것 같긴해용~다른사람 집에 오는게 오히려 저는 더 스트레스일 것 같고, 잘 못 쉴 것 같더라구요~애들이랑 집에서 그냥 편하게 쉬어서 전 좋았어요^^ | 그래도 계시면 집정리나 청소에 젖병 소독까지 해주시니 계시면 편할것 같아요제주변에보면 없어도 되겠다하고 급하게 부른지인들 꽤됩니다몽베베 산후도우미 추천드려요 | 저도 쓰니님과 같은상황인데 산후도우미분한테 배울것도 많다고해서 쓸예정이에요! 3주신청해놓긴했는데 2주로 줄일까는 고민중입니당 | 저는 안 하려 하다가 몸이 너무 안 좋아서 퇴원 하는 날 신청 해서 바로 했어요 ~~처음에 저도 굳이 .. 라는 생각으로 말성였는데 가족보다전문가의 손길이 조금이라도 더 나음을 알았고이모님한테 아기 맡겨 두고 잠깐씩 볼일 보러 다니니 엄청 좋았어요 ~~낮잠도 편안하게 잘 수 있어요 ~~생각보다 안 불편해요 !!!!! 신청 해보세여 ~~~참고로 저도 집에 신랑이랑 같이 있었어요 ㅎㅎ이모님이 아기 봐 주고 저는 출장 마사지도 받고신랑은 자고 ~ 편했어요 | 저도 걱정했던거랑 달리 안?! 불편하더라구요싱크대 정리도 해주시고 옷 세탁기 돌린거 정리해주시니 그것도 큰도움됐고 몽베베 추천드림돠 | 신청하세요저도 안 하려다가 산후 도우미 신청했는데 안에 쓰면 어쩔 뻔했나 싶더라고요세탁기 돌리고 옷 개어주시고 이런게 별거아닌것 같아도 애땜에 밤새도록 잠을 제대로 못 잔상태에서 집안을 까지 하려면 진짜 힘들더라고요특히 저는 모유수유 할거라 잠을 푹 자야 돼서 몽베베 산후도우미 여기 모유 수유 권장해 주시고 해서 도움 많이 받았네요 | 이용해보고 너무 불편하면 중단하셔도 될 꺼 같아요 | 전 해보니까 너무 좋았어요. 남편이 있다해도 사실 육아상식을 모르니까 좀 배우고 계시는동안은 쉰다는 느낌으로 만족해요..❤ | 저도 망설였는데!! 산후도우미 이모 필수인가 같아요!! | 저도 고민했는데 엄청 좋아요ㅠ궁금한것도 많이 여쭤보고 | 주변에서 모두 만족해하길래 저는 신청했어요 ㅠㅠㅠㅠ초보맘이기에 도움을 받을 수 있는 부분은 받는 것도 좋다고 생각해요!!! | 저는 첫째 는 혼자서 키웟는데 넘힘들엇어오 무조건 산후도우미신청하세요 추천!!!!! | 안했으면 어떻게 그시기를 보냇나 싶을정도로ㅠㅠ 도움도많이받고 힐링되는 시간이였어요!~ | 저두 불편할까봐 고민했는데잠깐이라도 쓰는게나을꺼같아요ㅠ남편있어도 산후도우미분 오셔서 이것저것가르쳐주시고, 새벽에 잠도 못자고 헬이에요ㅠ그리고 애기들이 초보인거아는것처럼 엄마.아빠랑있을때랑 완전 달라요ㅠㅠ | 저도 누가 오는거 싫었는데요.아우 잠을못잡니다 혼자 할려면요. 엄마힘들어요 저는 추천드립니다. 진짜 새벽수유하고 낮에도 수유하고 하면 잠을 못자요.저는 산후조리원퇴소하고 토,일 혼자 생으로 했는데 잠을못자 죽겠더라구요. 월요일에 오신 관리사님이 얼마나 반갑던지 | 저도 남편이랑같이 있었는데 안하면큰일날뻔했어요 꼭꼭하세유~ | 해도 후회 안해도 후회기 때문에 맘에 안드심 계약해지하더라도 이용해 보는게 좋지 않을까요? 저도 누구랑 있음 불편할꺼 같아 안하려고 했는데 생각보단 불편하지 않고 많이 도와주시니 감사하더라구요. | 걱정하시는거랑 달리 정말 깔끔하게 해주시고 젖병소독이나 아기관리 철저히 해주세요 ㅎㅎ 그리고 새벽수유...정말 쉽지않아요 ㅠㅠㅠ 이모님 오셨을때만이라도 잠시 주무셔야할거예요",23,https://cafe.naver.com/f-e/cafes/24000254/articles/7199151?boardtype=L&userDisplay=50&menuid=13&referrerAllArticles=false&inCafeSearch=true&query=%EC%B2%AD%EC%86%8C&art=aW50ZXJuYWwtY2FmZS1hcnRpY2xlLXJlYWQtaW5DYWZlLXNlYXJjaC1saXN0.eyJ0eXAiOiJKV1QiLCJhbGciOiJIUzI1NiJ9.eyJjYWZlVHlwZSI6IkNBRkVfSUQiLCJhcnRpY2xlSWQiOjcxOTkxNTEsImlzc3VlZEF0IjoxNzg4MjMzMTM0NjA0LCJjYWZlSWQiOjI0MDAwMjU0fQ.KhXtTWXPCGwZVUSeRezBa-MOxnfbAMU6qGj0XKYcSe4&page=2,JKS
대구맘365,24000254,13,청소,대구 미래산후조리원 후기 (미래여성병원),2025.11.24. 15:01,"🔸출산후기 내용은 ""출산 성공 바이러스""
에 게시글 작성해 주시기 바랍니다.
​
🔸""예비맘정보공유"" 게시판에 위 게시글 작성시
활동정지 및 무통보 삭제됨을 알려드립니다.
​
​
​
​
미래여성병원 퇴원 후 진료비 정산하고
환복없이 짐만 챙겨서 바로 조리원으로 올라갈 수 있어요
신생아랑 차 타고 가는게 부담스러웠는데
산부인과,소아과,내과,산후조리원까지
동선이 너무 좋아서 선택하게 된 곳 입니다 :)
​
​
✔️신생아 면회
남편 아기 면회는 수시로 되며,
당일 코로나 검사시 남편숙박 및 모자동실 가능합니다.
맞은편에 혈압기,체중계,파라핀베스 있어요
​
​
✔️객실
​
복도 넓어서 쾌적하고 바디프렌드 안마기 2대 있음 !
저는 일반실 사용했고, 다른 산모분 특실방에 놀러가보니 여기도 아주 좋더라구요!!
템퍼 모션베드인데 제왕절개 하신 분들은 훨씬 도움 되실거고, 침대에 누워서 티비볼때도 편했어요
매트리스가 쫀쫀해서 낮잠을 부릅니다😁
청소여사님께서 월~토 매일 청소기 돌려주시고,
수건1, 산모복1 올려주십니다
​
​
​
✔️입/퇴실 선물
​
가재손수건,생리대,파우치,마스크,티슈 등 챙겨주는데
특히나 저 파우치에 젖병이랑 깔대기 담는 용도로 잘 썼답니다
퇴실시에는 아가옷,턱받이,속싸개, 분유1캔 챙겨주심
​
​
​
​
​
✔️수유실
​
모유수유 잘 알려주시는데, 직수 강요하지 않으시고 산모컨디션에 잘 맞춰주셔요^^
​
​
​
✔️부대시설
세탁기3대,  전자레인지, 드라이기2개, 싱크대(세제,수세미 있음)
바디프렌드, 파라핀베스, 황토방, 다리 공기압마사지 등등
​
​
​
​
✔️마사지
2주계약시 부분마사지1회, 전신마사지1회 서비스.
저는 퇴소전날까지 마유마사지 꾸준히 받았는데요,
밥그릇 싹 비우고 간식 꼬박 챙겨먹었는데도 조리원에서 몸무게 6~7키로 추가 감량했답니다
다리붓기도 완전히 빠짐!
​
​
​
​
✔️식사
​
매일 보리차 끓여주시니 텀블러 꼭 챙겨가세요🥰
아침은 뷔페식 (밥과 국은 항상 갖다주심)
점심저녁은 늘 수저,물까지 상차림 해주십니다
맛있어서 매일 완밥했답니다 :)
유축하고나면 배고픈데 간식으로 떡, 빵,계란,과일 등 나오기 때문에 항상 배가 두둑해요
​
​
✔️아침 뷔페식
​
​
​
​
✔️점심/저녁
​
​
​
​
​
​
​
✔️간식 (오후3시, 8시)
​
조리원에 있으면서
산부인과, 내과진료, 소아과 진료 갈 일이 있었는데
남편이 바로 오지 못하는 상황이라
조리원선생님께서 소아과진료 대동해주시고 편했습니다
외부조리원이라면 남편이 몇번이나 더 왔어야 되는 상황인데 병원과 조리원이 붙어있으니 정말 편하더군요!
퇴소할때는 1층 소아과에서 bcg접종하실 수 있어요.
추천합니다👍","조아보여요 | 좋아보이네요 | 저 지금 미래여성병원에서 조리중인데 마사지도 진짜 잘하시더라구요!! 첨에 본느마망 예약했다가 응급 분만하는 바람에 미래산후조리원으로 오게되었는데 대만족합니다ㅎㅎ | 후기감사합니다!! 조리원 정할때 도움이될거같아용>,<",4,https://cafe.naver.com/f-e/cafes/24000254/articles/7180929?boardtype=L&userDisplay=50&menuid=13&referrerAllArticles=false&inCafeSearch=true&query=%EC%B2%AD%EC%86%8C&art=aW50ZXJuYWwtY2FmZS1hcnRpY2xlLXJlYWQtaW5DYWZlLXNlYXJjaC1saXN0.eyJ0eXAiOiJKV1QiLCJhbGciOiJIUzI1NiJ9.eyJjYWZlVHlwZSI6IkNBRkVfSUQiLCJhcnRpY2xlSWQiOjcxODA5MjksImlzc3VlZEF0IjoxNzg4MjMzMTM0NjA0LCJjYWZlSWQiOjI0MDAwMjU0fQ.jGcpMwJKbVEkRuO6syw9v0v87xkyf4RnfIB21cz0ciQ&page=2,JKS
대구맘365,24000254,13,청소,세탁기 분해청소 OR 통세척,2025.11.20. 12:09,"🔸출산후기 내용은 ""출산 성공 바이러스""
에 게시글 작성해 주시기 바랍니다.
​
🔸""예비맘정보공유"" 게시판에 위 게시글 작성시
활동정지 및 무통보 삭제됨을 알려드립니다.
​
세탁기, 건조기 3년정도 사용했는데요.
분해청소 해야하는지..
통세척도 주기적으로 하고있었구요.
​
안쪽에 청소솔로 문질러도 안나오긴했는데
찝찝해서요.
​
혹시 분해청소 해보신분이시거나
세탁조 관리 잘하시는분 계신가용?
​
(아기세탁기 별도구매 안할예정 입니다.)
​","저요! 지난 연말에 했었는데 만족.. 올해 또 하려고 합니다!부부 사업자 방문이라 혼자 있어도 괜찮구요,챗 주시면 업체 알려드릴께요~~",1,https://cafe.naver.com/f-e/cafes/24000254/articles/7178076?boardtype=L&userDisplay=50&menuid=13&referrerAllArticles=false&inCafeSearch=true&query=%EC%B2%AD%EC%86%8C&art=aW50ZXJuYWwtY2FmZS1hcnRpY2xlLXJlYWQtaW5DYWZlLXNlYXJjaC1saXN0.eyJ0eXAiOiJKV1QiLCJhbGciOiJIUzI1NiJ9.eyJjYWZlVHlwZSI6IkNBRkVfSUQiLCJhcnRpY2xlSWQiOjcxNzgwNzYsImlzc3VlZEF0IjoxNzg4MjMzMTM0NjA0LCJjYWZlSWQiOjI0MDAwMjU0fQ.qX2E8470UwZqYxQ2wxRZCTpf57-phcgCpOeiZhgnFX4&page=2,JKS
대구맘365,24000254,13,청소,여성메디파크 조리원,2025.11.13. 17:32,"효성네서 출산하고 메디파크 조리원으로 급하게 오게 된 산모입니다. 처음에 병원 연계 조리원을 임신 초기 아주 힘들게 예약했는데 출산 다음날 전화가 와서 병원 퇴원 후 5일을 더 병원에 대기한 후 조리원에 입소해야한다며 연락을 받았습니다.
2박 3일 병원에서 보내고 퇴원 당일 도저히 병원에 못 있겠어서 당일 입소 가능한 조리원을 알아보다가 맘카페에 메디파크 관련 좋은 후기가 많더라구요.
당장 전화해서 방이 있는지 여쭤봤고 일요일임에도 불구하고 친절하게 안내받고 퇴원하자마자 입소했습니다.
물론 큰 방을 하고 싶었지만..  저는 둘째 출산이라 남편이 올 수가 없을 것 같고 디럭스 방이라도 자리가 있다는 점에 너무 감사했습니다. 결론은 너무나도 만족스럽습니다.
첫째 때도 여기 조리원을 알았더라면 여기로 왔을거에요.
진심으로 만족 100% 입니다.
​
1. 마사지
신기하게도 첫째 때 타 조리원에서 관리해주신 분을
여기서 다시 만나서 신기했어요. 첫째 때 굉장히 만족스러웠거든요. 정성스럽게 관리해주시는데 힘도 좋으시고 안 좋은 부분도 척척 찾아주십니다. 출산하고 많이 부어 있었는데 세심한 관리 덕에 붓기 다 빠지고 조리원에 있는 기간동안 원래 몸무게로 돌아왔어요.
​
2. 밥
저에게 밥은 딱히 중요하진 않았는데
매끼 정말 다 맛있었습니다 !!!!!
틈틈이 나오는 간식도 빼먹지 않고 잘 챙겨먹었어요
​
3. 신생아실
진짜 신생아실 선생님들 최고입니다 .
수유 자세 잘 잡아주시고 아기를 사랑으로 케어하시는게 느껴집니다. 작은 부분까지 신경쓰시는게 보입니다.
배꼽도 소독약 보다는 자연건조로 깨끗하게 말려주시고
홀수 날 짝수 날 나눠서 아이 머리를 왼쪽 오른쪽 눕혀 예쁘게 두상 관리도 해주십니다 ㅎㅎ 클래식 음악도 틀어놓으셔요.
매일매일 소아과 선생님이 아침에 오셔서 아기들 건강 상태 체크해주시는 것 또한 큰 이점 같습니다.
​
4. 면회
신생아실 유리창 면회가 24시간 가능합니다
남편과 첫째 아이가 종종 왔다가서 얼굴도 보고 너무 좋았어요
​
그 외 조리원 로비에 상주해 계신 간호사 선생님이 매일매일 혈압과 열 체크를 해주십니다
​
매주 두 번 교육이 있는데 휴게실에서 진행되고 이니셜 고리 만들기 초점책 만들기 모빌 만들기 등 프로그램도 알차요.
휴게실에 모유차도 준비되어 있어서 따뜻하게 자주 마셨습니다.
​
모자동실 시간은 없지만
베베캠으로 하루 두 번 아기를 볼 수도 있어요^^
​
방 청소도 매일 해주시고 미니세탁기도 있습니다.
젖병, 유축 깔대기도 수시로 씻어서 소독해주시고 여러모로 산모가 편하게 조리하며 잘 쉴 수 있도록 배려 많이해주십니다
​
퇴소 며칠 안 남았는데 2주가 순식간에
지나가네요 덕분에 편하게 지내다 갑니다:)
​
​
​
​",넘 축하드리고 고생많으셧어요~^^ | 상세한 후기 감사합니다 ^^ | 혹시 마사지 관리사분 알 수 있을까요 ? ^^,3,https://cafe.naver.com/f-e/cafes/24000254/articles/7173203?boardtype=L&userDisplay=50&menuid=13&referrerAllArticles=false&inCafeSearch=true&query=%EC%B2%AD%EC%86%8C&art=aW50ZXJuYWwtY2FmZS1hcnRpY2xlLXJlYWQtaW5DYWZlLXNlYXJjaC1saXN0.eyJ0eXAiOiJKV1QiLCJhbGciOiJIUzI1NiJ9.eyJjYWZlVHlwZSI6IkNBRkVfSUQiLCJhcnRpY2xlSWQiOjcxNzMyMDMsImlzc3VlZEF0IjoxNzg4MjMzMTM0NjA0LCJjYWZlSWQiOjI0MDAwMjU0fQ.eJrR_ns1TegGFhpSHHXL6ZcgCyi34r4yRvCYjAou1Hc&page=2,JKS
대구맘365,24000254,13,청소,본베베 아기 매트,2025.11.06. 20:01,"🔸출산후기 내용은 ""출산 성공 바이러스""
에 게시글 작성해 주시기 바랍니다.
​
🔸""예비맘정보공유"" 게시판에 위 게시글 작성시
활동정지 및 무통보 삭제됨을 알려드립니다.
본베베  제로갭 매트
아기 매트 고민하다가 본베베 제로갭 매트 샀어요!
​
✔️ 여닫는 방식의 폴더 형식
✔️ 틈새 걱정 없음
✔️ 세련된 컬러로 깔끔한 인테리어 효과
✔️ 항균 보증
​
틈새 걱정 없어서 청소도 편하고, 매트가 깔끔하다보니 집 인테리어에도 잘 어울립니다!
​",좋아보이네용! | 오 저도 본베베 제로갭 고민중인데 괜찮아보이네용!!,2,https://cafe.naver.com/f-e/cafes/24000254/articles/7167980?boardtype=L&userDisplay=50&menuid=13&referrerAllArticles=false&inCafeSearch=true&query=%EC%B2%AD%EC%86%8C&art=aW50ZXJuYWwtY2FmZS1hcnRpY2xlLXJlYWQtaW5DYWZlLXNlYXJjaC1saXN0.eyJ0eXAiOiJKV1QiLCJhbGciOiJIUzI1NiJ9.eyJjYWZlVHlwZSI6IkNBRkVfSUQiLCJhcnRpY2xlSWQiOjcxNjc5ODAsImlzc3VlZEF0IjoxNzg4MjMzMTM0NjA0LCJjYWZlSWQiOjI0MDAwMjU0fQ.s7aafb4yu7DM1AsdpPMxMWVKVi0N_X4bBTNdia_VzfU&page=2,JKS
대구맘365,24000254,13,청소,조은맘 [김경미] 산후도우미님덕분에 행복했던 15일을 보냈어요!,2025.11.06. 05:14,"🔸출산후기 내용은 ""출산 성공 바이러스""
에 게시글 작성해 주시기 바랍니다.
​
🔸""예비맘정보공유"" 게시판에 위 게시글 작성시
활동정지 및 무통보 삭제됨을 알려드립니다.
​
​
첫째 탄생 이후 4년 만에 태어난 둘째와 함께, 조리원 퇴소 후 첫째와 감격의 상봉을 하고 우당탕탕 다시 시작된 신생아 육아.
우리 이쁜 둘째입니다 ㅎㅎ
‘둘째니까 잘할 수 있겠지’ 했던 기대는 몇일 만에 와장창 깨져버렸어요 😂
첫째를 돌보며 다시 신생아 육아를 하려니, 마치 모든 걸 다 까먹은 초보맘이 된 기분이었어요.
이 작은 신생아를 어떻게 씻기고 먹여야 하나 걱정만 가득하던 제게, 한줄기 햇살처럼 산후도우미님이 방문해주셨습니다.
​
처음엔 어떤 업체로 해야 할지 고민이 많았는데, 사회서비스 전자바우처에서 ‘산모신생아 건강관리지원’ 제공기관을 검색하다 반가운 이름을 발견했어요.
첫째 때 도움받았던 [조은맘]이었죠!
그땐 단순히 카페 후기만 보고 선택했었는데, 지금은 정부에서 이렇게 기관 정보를 제공해주니 참 신기하더라고요.
조은맘은 첫째 때도 A등급이었던거같은데, 오랜 시간이 지난 지금까지도 A등급을 유지하고 있어서 ‘역시 믿을 수 있겠다!’ 싶어 고민 없이 다시 신청했습니다.
​
원래 미리 신청했어야 했는데, 꾸물대다 조리원 이용 중에 급히 신청했거든요.
추석 연휴까지 껴 있어서 배정이 늦어질까 봐 조마조마했는데, 다행히 빠르게 배정받을 수 있었어요.
그리고 에이스 선생님을 배정해주신다는 말에 두근두근 기다리던 중,
드디어 만난 [김경미] 도우미님은 제 육아 전선의 든든한 보좌관이 되어주셨습니다 🥹
​
요즘 산후도우미 관련 무서운 뉴스들이 많아서 솔직히 걱정도 많았는데, 제 우려는 기우였어요.
도우미님은 제가 안심할 수 있도록 일부러 홈캠이 잘 보이는 자리에서 아기를 케어해주시고,
엄마인 저보다 더 섬세하고 부드럽게 아기를 예뻐해주셨어요.
왜 조은맘에서 ‘에이스’라고 하셨는지 바로 알겠더라고요.
수많은 산모님들을 도와주시며 쌓인 경험과 배려가, 제 모든 걱정을 날려주었어요.
세상에 내가 씻길땐 그렇게 울고불고 자지러지더니 ㅠ 저희 둘째의 저 편안한 모습좀 보세요 ㅜ 하... 엄마가 미안하다 ㅋㅋ
처음 며칠은 피곤하고 낯설어서 긴장했지만, 시간이 지날수록 ‘정말 믿을 만한 분이시구나’ 하는 확신이 들었어요.
덕분에 안심하고 외출도 하고, 낮잠도 편히 잘 수 있었답니다.
그 시간이 얼마나 꿀같던지요... ㅠ
잔뜩 미루고 미루던 청소기 청소도 대신 해주셨어요 ㅠ
집이 더러워서 죄송했었는데 매일 반짝반짝하게 청소하고 닦아주셨어요 전 저희집이 그렇게 깨끗해질수있었구나 처음알았네요🥲
아기 케어만으로도 감사한데, 제 식사와 가족의 식사, 집 청소, 세탁까지 세심하게 도와주셔서
15일 동안은 오롯이 아기와 제 회복에만 집중할 수 있었어요.
특히 제가 좋아하는 오므라이스, 유부초밥을 재료 떨어질 때까지 계속 만들어주셔서 얼마나 감사했는지 몰라요.
매 끼니마다 따끈따끈한 밥과 반찬을 챙겨주셔서 마음까지 따뜻해졌어요.
제가 케찹뿌렸어요.. 제가 솜씨가 좀 없었네요 ㅜ 이쁘게 뿌릴걸ㅋㅋ
만두의 튀김정도가 아주 이븐했습니다!
한끼한끼가 정성 가득해서 항상 깨끗히 싹싹 비웠어요. 너무 맛있었거든요.
친정이 멀어 도움을 받기 어려운 상황이라, 첫째 육아 때 절실히 느꼈어요.
‘누군가 차려주는 밥상, 대신 해주는 청소가 이렇게 고마운 일이구나’ 하고요.
그리고 아기가 어릴 때는 면역력이 약해 외출을 줄이게 되는데,
그 시기에 도우미님이 오셔서 도란도란 이야기 나누고 웃을 수 있었던 게 정말 큰 힘이 되었어요.
덕분에 둘째 때 산후우울증이 다시 올까봐 했던 걱정들이 저 멀리 달아난 것 같아요.
​
비용 문제로 15일만 신청했는데, 막상 끝이 다가오니 ‘왜 20일로 안 했을까’ 후회가 밀려왔어요 😭
가능하다면 꼭 최대 기간으로 이용해보시길 추천드려요.
첫째 때 경험해두고도 짧게 신청한 제가 이해가 안 될 정도예요 ㅠ
​
셋째는 없을 예정이지만,
혹시라도 다시 육아 도움을 받게 된다면 꼭 조은맘 [김경미] 도우미님을 다시 찾을 거예요.
이제 저는 다시 육아에 전념하러 갑니다.
아쉬움과 감사한 마음을 담아 이 후기를 남기며,
모두 평안한 밤 되시길 바랍니다. 읽어주셔서 감사합니다 🌙",산후도우미 알아보고 있었는데 도움이 되네요ㅎㅎ 감사합니다 | 도움이 되었다니 다행이에요! ^^!! | 요즘 뉴스에서 산후도우미 분들에 대한 안좋은 일들을 봐서 그런지 걱정이 많이 되던데 이렇게 좋으신 분을 만나다니!! 정말 좋으셨겠어요~ 추천감사합니다!! | 저도 연달아 뜨는 뉴스에 얼마나 가슴졸였던지.. 그래도 도움 안받으면 너무힘들걸 알기에 눈 딱감고 신청했어요. 나라에서 지원해주는걸 안받기도 그렇구요! 그래서 홈캠이라도 설치하면 좀 안심될까 했는데 걱정이 무색하네요 ㅎㅎ 정말 좋았어요ㅠㅠ 감사합니다!,4,https://cafe.naver.com/f-e/cafes/24000254/articles/7167276?boardtype=L&userDisplay=50&menuid=13&referrerAllArticles=false&inCafeSearch=true&query=%EC%B2%AD%EC%86%8C&art=aW50ZXJuYWwtY2FmZS1hcnRpY2xlLXJlYWQtaW5DYWZlLXNlYXJjaC1saXN0.eyJ0eXAiOiJKV1QiLCJhbGciOiJIUzI1NiJ9.eyJjYWZlVHlwZSI6IkNBRkVfSUQiLCJhcnRpY2xlSWQiOjcxNjcyNzYsImlzc3VlZEF0IjoxNzg4MjMzMTM0NjA0LCJjYWZlSWQiOjI0MDAwMjU0fQ.ZthPLMwmctqKWCRQM6zpUIdLhwGLuX0BGAaQ7hznuI4&page=2,JKS
대구맘365,24000254,13,청소,매트는 필수죠!,2025.11.04. 14:00,"어린 아이가 있는 집에 매트는 필수템이죠!
근데 매트라고 다 똑같진 않더라구요~
​
첫째때는 매트를 붙여 사용했더니 틈새로 먼지며 부스러기며 다 떨어지고 물도 흘러들어가서 관리하기가 힘들었는데
​
이번엔 매트 1위 제품 크림하우스 매트를 깔았더니
크고 도톰하면서 선이 이어져 있는 매트라 관리가 너무 편하네요
​
​
깔끔한 디자인과 부드러운 컬러가 인테리어와 찰떡궁합이에요.
​
논슬립 바닥, 먼지 잘 안 끼는 구조 덕분에 사용 후 청소도 한결 쉽더라고요
​
설치 시간? 생각보다 빠르고 간단해서 5분? 10분이면 뚝딱이에요~
​
설치하고 나니
공간이 환해지고, 아이 놀이터처럼 바뀌는 마법 같은 순간👍
​
“와, 이렇게 바닥 분위기가 바뀌네!”
너무 마음에 들어❤️
​",,0,https://cafe.naver.com/f-e/cafes/24000254/articles/7165889?boardtype=L&userDisplay=50&menuid=13&referrerAllArticles=false&inCafeSearch=true&query=%EC%B2%AD%EC%86%8C&art=aW50ZXJuYWwtY2FmZS1hcnRpY2xlLXJlYWQtaW5DYWZlLXNlYXJjaC1saXN0.eyJ0eXAiOiJKV1QiLCJhbGciOiJIUzI1NiJ9.eyJjYWZlVHlwZSI6IkNBRkVfSUQiLCJhcnRpY2xlSWQiOjcxNjU4ODksImlzc3VlZEF0IjoxNzg4MjMzMTM0NjA0LCJjYWZlSWQiOjI0MDAwMjU0fQ.jpavh-IJxHuKCFtSHtjuUJ7C7Rjg-8jXg1-_3gggXyI&page=2,JKS
대구맘365,24000254,13,청소,여성메디파크병원 산후조리원 디럭스 특실 후기,2025.10.23. 18:09,"산후조리원 고민하다 여성메디파크 산후조리원으로 예약했어요. 기간도 첫째때보다는 줄여서 9박10일 예약했고, 룸도 고민하다 둘째이다보니 혼자 있는 시간이 많을것 같아 가성비 디럭스룸으로 예약했어요
디억스 방에는 침실, 냉장고, 소파, 2인테이블, 티비, 유축기, 옷장, 빨래건조대, 드라이기 등 있어요
화장실에서 샴푸, 린스, 바디워시 구비되어있고 입실시 치약칫솔도 새걸로 주세요
개인이 챙겨야 할 짐이 많이 줄어들어서 좋습니다.
​
휴게실에는 안마의자, 모유차도 준비되어있어서 따뜻한 티타임 가질 수 있어요
​
청소도 평일 오전 10-12시 사이에 해주시고, 주말은 쓰레기통만 비워주십니다. 꼼꼼하게 잘 해주셔서 좋았습니다
조리원은 역시 밥심이죠
매일 미역국이 나오는건 당연하지만 아침점김저녁 3끼, 간식3번 모두 방으로 갖다주셔서 편하게 식사할 수 있어요
무엇보다 보호자 식사가 무료로 제공되는점이 최고의 장점인것 같아요
금요일마다 간식이벤트, 격주 월요일은 빕스데이도 제공됩니다
​
조리원은 6층, 신생아실은 3층인데 가족들이 오면 언제든 면회가 가능한 점이 좋았고, 수유는 아기 깨는 시간에 맞춰 방으로 콜이 오면 가서 수유하면 됩니다. 입구에 에어샤워가 있어 감염예방에 좋은것 같아요.
간호사 선생님들도 친절하게 잘 알려주시고, 아기도 케어 해주시는것 같아 안심이 되었습니다.
무엇보다 병원 조리원이다보니 소아과 진료도 가능하고 회진도 돌고 케어가 가능하니 마음이 더 놓였습니다.
​
둘째라서 조리원 고민했었는데 그래도 오길 잘한것 같아요👍🏻",,0,https://cafe.naver.com/f-e/cafes/24000254/articles/7157040?boardtype=L&userDisplay=50&menuid=13&referrerAllArticles=false&inCafeSearch=true&query=%EC%B2%AD%EC%86%8C&art=aW50ZXJuYWwtY2FmZS1hcnRpY2xlLXJlYWQtaW5DYWZlLXNlYXJjaC1saXN0.eyJ0eXAiOiJKV1QiLCJhbGciOiJIUzI1NiJ9.eyJjYWZlVHlwZSI6IkNBRkVfSUQiLCJhcnRpY2xlSWQiOjcxNTcwNDAsImlzc3VlZEF0IjoxNzg4MjMzMTM0NjA0LCJjYWZlSWQiOjI0MDAwMjU0fQ.M2YMnJwmUST52hoGCOV-MBQbjyOy1IhCors59ZBiZLA&page=2,JKS
대구맘365,24000254,13,청소,대구 여성메디파크 조리원 vip룸 후기,2025.10.18. 12:29,"🔸출산후기 내용은 ""출산 성공 바이러스""
에 게시글 작성해 주시기 바랍니다.
​
🔸""예비맘정보공유"" 게시판에 위 게시글 작성시
활동정지 및 무통보 삭제됨을 알려드립니다.
​
​
산후조리원을 찾던 중 지인의 추천을 통해 알게 된 여성메디파크 조리원!
조리원에 며칠 지내면서 제가 젤 먼저 느낀점은, 조리원 자체내에 시설이나 분위기가 차분하고 깔끔해서 만족스럽다 입니다!
딱딱한 병원 침대에서 지내다가 조리원에 와서 폭신한 침대와 침구덕분에 매일 편하게 잘 잘수있어서 너무 좋아요.
vip룸은 리모델링을 해서 남편과 둘이지내기 충분할 공간과 세련된 디자인! 거실과 침실공간으로 나뉘어져 있고 화장실도 샤워와
좌욕기가 있는 화장실, 세면대와 변기가 있는 화장실 2개로 너무 편하게 이용가능해요!
식사는 하루 3번 그리고 틈틈히 간식 3번까지 방으로 직접 가져다 주시는데 격주로 월욜은 빕스데이, 매주 금욜은 간식이벤트가 있어요!
또한 큰 장점으로는 보호자식이 무료로, 전날 신청할수있어요! 식사도 잘나와서 남편과 저 둘다 맛있게 잘 먹고 있답니다!
방에는 유축기,공기청정기, 냉장고, 전자레인지, 커피포트, 옷장, 기타 필요한 물품들이 다 있어 정말 개인적인 물건만
가지고 오면 되서 너무 편한거같아요! 청소도 매일 오전에 오셔서 깨끗이 해주셔서 너무 만족!!
​
제가 생각하는 제일 좋은 점은 병원에 있을때는 부모님이 아기를 보고싶어도 못보시니 아쉬웠는데
아기들 목욕시간(오후 2시에서 3시사이)을 제외하고 언제든지 아기를 면회 할수있고, 가족들도 언제든지 아기를
볼수 있다는 것이 가장 큰 장점인것 같습니당!  또한 신생아실에 계시는 선생님들 모두 친절하시고 아기를 정성으로
돌보는 모습을 느낄 수 있어서 저 또한 마음을 안심하고 조리원 생활을 누리고 있는것 같습니다.
​
조리원팀장님 또한 항상 친절하고 세심하게 챙겨주셔서 남은 시간도 맘편하게 잘 조리하고 퇴소할것 같습니다!",조리원도 여기저기 알아보고 있었는데 자세히 알려주셔서 너무 좋아요!출산 축하드려요~^^ | 시설 좋아보여요,2,https://cafe.naver.com/f-e/cafes/24000254/articles/7152863?boardtype=L&userDisplay=50&menuid=13&referrerAllArticles=false&inCafeSearch=true&query=%EC%B2%AD%EC%86%8C&art=aW50ZXJuYWwtY2FmZS1hcnRpY2xlLXJlYWQtaW5DYWZlLXNlYXJjaC1saXN0.eyJ0eXAiOiJKV1QiLCJhbGciOiJIUzI1NiJ9.eyJjYWZlVHlwZSI6IkNBRkVfSUQiLCJhcnRpY2xlSWQiOjcxNTI4NjMsImlzc3VlZEF0IjoxNzg4MjMzMTM0NjA0LCJjYWZlSWQiOjI0MDAwMjU0fQ.RR8mx7NuCwvCbXGDX54X4jQnQh7ITdUX5o9SNyD5Psk&page=2,JKS
대구맘365,24000254,13,청소,서구 닥터안 산후조리원 후기,2025.10.13. 18:26,"🔸출산후기 내용은 ""출산 성공 바이러스""
에 게시글 작성해 주시기 바랍니다.
​
🔸""예비맘정보공유"" 게시판에 위 게시글 작성시
활동정지 및 무통보 삭제됨을 알려드립니다.
​
​
​
둘째 출산 준비하면서 첫째때문이라도 집이랑 가깝고 외출이 가능한곳으로 찾아봤는데 거기가 바로 닥터안산후조리원이였습니다 ㅎㅎ
​
​
매일 깨끗하게 빨래를 정리해주시고
새로운옷과 수건을 제공해주십니다
​
​
정수기랑 가까운 방이라 더 편하고 좋았어요 ㅎㅎ
​
​
​
직원분들도 매우 친절하시고 신생아 관리해주시는 분들도 매우 친절하셔서 남편은 첫째 케어를 해야하였기에 혼자 지내면서도 불편함 없이 잘 지낼 수 있었습니다
​
​ 식사를 방으로 가져다 주시고 매일 깨끗하게 청소를 해주셔서 너무 편하게 잘 쉬었다 갑니다
저는 억지로 조동을 만들고 싶은 생각이 없어서 딱히 눈치 보지 않고 밥 시간도 자유롭게 먹을 수 있어서 더 좋은 거 같아요
​
​
​
족욕실 찜질방 등 편의시설도 이용해 보니 깨끗하게 관리가 잘 되어 있어 이용하는데 불편함이 없었어요
​
​
​
이 다음 셋째가 잇을지 모르겠지만
셋째가 생긴다해도 여기올꺼같아요
너무 편하게 잘 쉬었다 갑니다",,0,https://cafe.naver.com/f-e/cafes/24000254/articles/7148907?boardtype=L&userDisplay=50&menuid=13&referrerAllArticles=false&inCafeSearch=true&query=%EC%B2%AD%EC%86%8C&art=aW50ZXJuYWwtY2FmZS1hcnRpY2xlLXJlYWQtaW5DYWZlLXNlYXJjaC1saXN0.eyJ0eXAiOiJKV1QiLCJhbGciOiJIUzI1NiJ9.eyJjYWZlVHlwZSI6IkNBRkVfSUQiLCJhcnRpY2xlSWQiOjcxNDg5MDcsImlzc3VlZEF0IjoxNzg4MjMzMTM0NjA0LCJjYWZlSWQiOjI0MDAwMjU0fQ.H9NNF-4a1n7BAkDEHWsojX0LCds1YgseKlSXzDkLmT0&page=2,JKS
대구맘365,24000254,13,청소,본느마망 산후조리원 에어컨 상태,2025.10.07. 11:41,"🔸출산후기 내용은 ""출산 성공 바이러스""
에 게시글 작성해 주시기 바랍니다.
​
🔸""예비맘정보공유"" 게시판에 위 게시글 작성시
활동정지 및 무통보 삭제됨을 알려드립니다.
​
현재 본느마망 조리원 이용중인 산모입니다.
제가 지내고 있는 방의 에어컨 상태가 아래사진과 같은데 남는 방이 없고 추석이라 사람도 불러줄수없으니 에어컨 켜지말고 문을 열고만 지내라고 하시네요. 산모와 아이의 건강을 위해 최선을 다하겠다고 하더니 ㅜㅜ 관리가 너무 소홀한것 같아 너무 실망입니다.
나름 대구에서 유명하다해서 왔는데....
코로나 관리는 빡세게 해서 밖에도 못나가는데 에어컨 상태가 이러면 안되는거 아닐까요  😭 퇴실할때까지 일주일 남았는데 일주일동안 이렇게 지내래요... 그냥 문열어놓고 에어컨 켜지말고 지내시면 안되냐고 ...
제가봤을땐 에어컨에 곰팡이가 핀것 같은데 청소해주시는분은 스티커라고 지워지지않는거라고 하셨고
내부의 경우는 청소를 할수가 없어 업체를 불러야하는데 5월에 에어컨 켜기전에 업체를 불러서 청소를 했다고하네요...
그런데도 어떻게 저렇게 더러울까요... 아무생각없이 지내다가 일주일이 지난 후에 발견했는데 해줄수있는게 없으니 참고 지내라는 말에 기분이 나쁜데도 어떻게 할수가 없네요 ㅠㅠ",진짜 추석에 운영 엉망이에요···추석이라 병실 없다고 병실 대기 안되고 집에 갔다가 오라고 해서 애기랑 멀리 있어도 되냐고 물으니 애기 데리고 갈거냐 물어서 그냥 산모 혼자 퇴원하겠다 했더니 집에 가기 전에추석연휴라 병원 진료 없는 곳 많은데 심지어 효성 코로나 검사도 안 되는데 조리원에서는 효성 7층에 10시에 코로나 하고 오라고 안내받아서 그날 검사하나? 하고 생각하고 있다가 당일 아침 8시에 전화해서 갑자기 운영중인 병원 알아서 찾아서 코로나 검사 꼭 받고 오라고 하고요···추석이라 조리원비 수납도 오전밖에 안 되는데 그거 이야기 안 해주고 그냥 소아과 1층 원무과 가서 하면 된다고만 해서 오후에 갔다가 헛걸음했고요제 방의 세면대는 뭔가 물이 잘 안 내려가네요. 말해도 뚫어줄것 같진 않아서 그냥 가만히 있어요뭔가 직원이나 부서간 소통이 잘 안 되는거 같고 여러가지 변화 상황에 제대로 대처 못하는거 같아요. 좀 실망이에요··· | 저도 세면대 물 안내려가고 화장실 씻는곳도 물 고여있고 그래요 ㅠㅠ | 진짜 맞아요 ㅠㅠ 물 마르려면 정말 오래 환기 틀어야되는데 환기 너무 시끄러워요. 환기 틀어도 방이 습하고··· 습한데 에어컨까지 못 틀면 진짜 너무 끔찍한데요. 안그래도 지금 추석 내내 비오는데···.아니 근데 본문 지금 다시 제대로 봤는데비오는데 문열어놓고 지내라 했다고요??? 비가 오는데??? 비오는데 문열면 습도 70퍼센트 바로 넘는데··· | 저 기분탓인지ㅠ모르겠는데 방 에어컨 내부에 곰팡이 봤다고 한 이후로 공공시설에 있는 에어컨을 끈거같아요 내부 안보이도록 | ㅠㅠ 지금 날씨가 덜 더워서 꺼도 티가 안날 거 같아요. 너무 찝찝하네요. 사실 코로나나 감기도 문제이긴 하지만 에어컨 곰팡이도 호흡기 문제 일으킬 수 있는거 아닌가요···. 감염 때문이라며 보호자도 외출때마다 검사하고 물건 반입 배달 감시하고 산모도 외출 못하는데 시설 관리는 이렇게···. | 그러니까요 ㅠㅠ 코로나 관리하는 반만이라도 시설관리에 신경써주면 좋겠어요 😭 | 비오는데도 문열어두고 생활하라고 하셨어요... | 헐... 세상에나... 산모가 몸조리하는데... 곰팡이라니.. 이건 좀 아닌거 같아여...ㅠㅠ | 그쵸..... 에어컨을 안켤수도없고 찝찝한 상태로 지내고있어요 ㅠㅠ 😭 | 와….심각하네요 진짜…. 저도 본느마망 예약해둔 상태인데 취소해야하나 고민될 정도예요…. 산모랑 신생아 생활하는 공간인데 위생상태가 이건 좀 아닌 것 같아요ㅠㅠ 더이상 방 바꾸는 건 어려우신가요? 에어컨 못켜면 답답하고 힘드실것 같아요ㅠㅠ | 네 ㅠㅠ 방 바꾸는건 어렵데요 ㅠ 그리고 다른방상태도 비슷할거같기도해서 😔 휴... | 지금 본느마망 운영하고 있나요?전화 연결이 추석연휴 전 부터 열흘넘게안되고있네여… | 헉.. 한여름이었으면 진짜... 아찔하네요ㅠㅠ 관리를 안하는건가요..?? | 추석전날에 상담했는데요~~~~ | ㅜㅜㅜㅜ | 정말 심각하네요 저도 본느 예약해 둔 상태라 너무 화나네요... 연계된 장점 빼곤 없는데 상담할때는 최고로 케어해준다고 믿고 하라더니.. 위생상태부터가 안되어 있는데 정말 충격입니다 | 얘기했으니까 청소업체 불렀을수도있어요 저한텐 추석이라 부를수 없다했는데  추석 지나고 청소하지 않았을까요 ㅠ | 제가 전화해봤는데 상반기 5월인가 했고 하반기 곧 할거라고만 하더라구요??? 아직 안했다는 말이죠 그 팩트에 한번 더 충격입니다 그리고 산모님들이 창문을 열고 에어컨을 사용해서 곰팡이가 낀거라고 핑계 되시길래.. 저희도 집에서 1년 내내 사용해도 저렇게 곰팡이가 끼진 않는다 했어요 그리고 제가 여기만 예약해둔 상태인데 그럼 어떤 산모가 믿고 오겠냐 하니 하반기에 온다 그말만 하시고 전화도 먼저 끊으시려고 하더라구요 | ㅠㅠㅠ 저도 효성병원 연계라서 다른곳 알아보지도 않고 갔었는데 ... 항상 대기자가 있으니까 이런거에 크게 신경안쓰나봐요 ㅠㅠ | 사진으로 보니 걱정되네요. 지금은 다 정리되넜나요? | 저도 지금은 나와서 모르겠어요 ㅠㅠ 제가 나올땐  아무 조치도 없긴 했어요,21,https://cafe.naver.com/f-e/cafes/24000254/articles/7144704?boardtype=L&userDisplay=50&menuid=13&referrerAllArticles=false&inCafeSearch=true&query=%EC%B2%AD%EC%86%8C&art=aW50ZXJuYWwtY2FmZS1hcnRpY2xlLXJlYWQtaW5DYWZlLXNlYXJjaC1saXN0.eyJ0eXAiOiJKV1QiLCJhbGciOiJIUzI1NiJ9.eyJjYWZlVHlwZSI6IkNBRkVfSUQiLCJhcnRpY2xlSWQiOjcxNDQ3MDQsImlzc3VlZEF0IjoxNzg4MjMzMTM0NjA0LCJjYWZlSWQiOjI0MDAwMjU0fQ._YtyS1nneno36kF6K32kVjegkKQGuNPNWbXbLX1NM8E&page=2,JKS
대구맘365,24000254,13,청소,,,,,0,https://cafe.naver.com/f-e/cafes/24000254/articles/7134675?boardtype=L&userDisplay=50&menuid=13&referrerAllArticles=false&inCafeSearch=true&query=%EC%B2%AD%EC%86%8C&art=aW50ZXJuYWwtY2FmZS1hcnRpY2xlLXJlYWQtaW5DYWZlLXNlYXJjaC1saXN0.eyJ0eXAiOiJKV1QiLCJhbGciOiJIUzI1NiJ9.eyJjYWZlVHlwZSI6IkNBRkVfSUQiLCJhcnRpY2xlSWQiOjcxMzQ2NzUsImlzc3VlZEF0IjoxNzg4MjMzMTM0NjA0LCJjYWZlSWQiOjI0MDAwMjU0fQ.cvee0YhS6LPINZN0gM0Mh_W_rBlYuTBa2qIbo4e2U5U&page=2,JKS
대구맘365,24000254,13,청소,[후기] 시공매트 쿠키매트 누리 70 후기,2025.09.18. 09:37,"🔸출산후기 내용은 ""출산 성공 바이러스""
에 게시글 작성해 주시기 바랍니다.
​
🔸""예비맘정보공유"" 게시판에 위 게시글 작성시
활동정지 및 무통보 삭제됨을 알려드립니다.
​
Previous image
Next image
안녕하세요~ 아기 키우게 되면 누구나 고민하게 되는 매트 시공인데요!
저역시 작년에 출산 하게 되어 자연스럽게 매트를 고민하게 되었어요!
​
베페를 방문하여 다양한 브랜드를 비교하고 직접 밟고 소재도 만질 수 있고
가격 또한 가성비 세가지를 한번에 비교할 수 있어서 너무 좋았고
그중에 쿠키매트를 선택하게 된 가장 큰 이유는 많은 지인분들의 추천과
소재와 가성비 세가지를 다 합리적이었기 때문입니다.!!
​
로봇청소기도 쉽게 올라가며 청소 할 수 있고, 다양한 할인 이벤트도 하고 있어
다른 브랜드보다 매리트가 크다고 느낄 수 있었습니다..!!
​
매트시공하고 계신 분들께 단언컨 추천 드립니다~
정말 잘 사용하고 있습니다
​
감사합니다~
​",,0,https://cafe.naver.com/f-e/cafes/24000254/articles/7130671?boardtype=L&userDisplay=50&menuid=13&referrerAllArticles=false&inCafeSearch=true&query=%EC%B2%AD%EC%86%8C&art=aW50ZXJuYWwtY2FmZS1hcnRpY2xlLXJlYWQtaW5DYWZlLXNlYXJjaC1saXN0.eyJ0eXAiOiJKV1QiLCJhbGciOiJIUzI1NiJ9.eyJjYWZlVHlwZSI6IkNBRkVfSUQiLCJhcnRpY2xlSWQiOjcxMzA2NzEsImlzc3VlZEF0IjoxNzg4MjMzMTM0NjA0LCJjYWZlSWQiOjI0MDAwMjU0fQ.adWVB3-9ASslzPScLdOuPCMv1069eTU8WAwFifXjfwY&page=2,JKS
대구맘365,24000254,13,청소,달서구 산후도우미 추천해주실분 ㅠㅠ(밥 잘해주시는분 !!),2025.09.14. 07:06,"🔸출산후기 내용은 ""출산 성공 바이러스""
에 게시글 작성해 주시기 바랍니다.
​
🔸""예비맘정보공유"" 게시판에 위 게시글 작성시
활동정지 및 무통보 삭제됨을 알려드립니다.
​
​
​
둘째라 케어는 문제없고 청소도 로봇청소기가 다해요
밥 잘해주시는분 아시면 추천 부탁드려요🥹🥹
​
업체말고 도우미 이모님 추천해주세요
쪽지주세용!!🖤","해피케어요~~~전 첫째,둘째 다 했는데 애기케어도 잘 해주셨고 먹는것도 좋았어요. 깔끔하게 솜씨가 좋으시더라구요^^ 상담 받아보세요~~~ | 업체말고 도우미님 추천해주세요~ | 정미자이모님이요~~ | 전 지인추천으로 사임당이용했는데  좋았어요~ 음식 솜씨좋으셔서 ~ 진짜 잘먹었었네요^^ | 업체말고 도우미님 추천해주세요~ | 여성숙이모님이요~~ | 감사합니다🖤 북구이신가요?ㅠㅠ 달서구까지 와주실지 모르겟네요 ㅠㅠㅠ | 대구 여기저기 다니신다했어요!!!! | 몽베베 도경아님이용~~~ | 몽베베산후도우미 문인선 관리사님 좋아요상담 받아보세요인기있는분들은 미리전화예약 하는게 좋은것 같더라구요 | 몽베베 업체 만족해요! 김순득 이모님이요 | 둘째때도 베스트맘 이용했어요~ 아기 진짜 잘 봐주시고 잘 놀아주셨어요ㅎㅎ말 안해도 집안일 척척 다 해주시고~ 쪽지드려볼게요 | 저도 쪽지드려볼게요~조은마ㅁ 이모님 아이케어도 베테랑이셨고 요리솜씨도 좋았거든요!!",13,https://cafe.naver.com/f-e/cafes/24000254/articles/7127296?boardtype=L&userDisplay=50&menuid=13&referrerAllArticles=false&inCafeSearch=true&query=%EC%B2%AD%EC%86%8C&art=aW50ZXJuYWwtY2FmZS1hcnRpY2xlLXJlYWQtaW5DYWZlLXNlYXJjaC1saXN0.eyJ0eXAiOiJKV1QiLCJhbGciOiJIUzI1NiJ9.eyJjYWZlVHlwZSI6IkNBRkVfSUQiLCJhcnRpY2xlSWQiOjcxMjcyOTYsImlzc3VlZEF0IjoxNzg4MjMzMTM0NjA0LCJjYWZlSWQiOjI0MDAwMjU0fQ.fY6DKNo5KYK9yFJJOOM97wugSN7yHQ_CN0BCG4iosmU&page=2,JKS
대구맘365,24000254,13,청소,산후도우미는 조은맘산후도우미 추천해요,2025.08.25. 12:35,"산후도우미를 고민하고 있으실 예비맘들에게 도움될까하여 후기 적어봅니다 ㅎㅎ
성격상 내집에 누가오는 걸 부담스럽고, 신경쓰여서 첫째때는 도우미 없이 지냈고, 둘째때는 진짜 고민하다가
산전마사지 받으러 간 곳에서 산후도우미중 조은맘산후도우미를 추천받았었어요.
추천해주신 이유가 친절하고, 애기케어를 잘 해주고, 교육을 철저히 받으신 분들만 있으시다기에 참고하였고
출산 후 뒤늦게 신청하였지만 운이 좋았는지 원하는 날짜에 산후도우미님께서 와주셨습니다.
오시기 전엔 불안하고 걱정많았는데
웬걸, 하루만에 맘이 바뀌어서 믿음이 가더라구요
우선 아기상태를 넘 잘 아셔요
숨소리로 아기가 아직 소화가 덜 되었다며 바로 소화시켜주고
또 산모 불편하지 않게 쉬게 해주셔서 잠도 자고 휴식도 갖게 되었네요
반찬만 만들어주신다고 하셨는데 집에 재료가 없어서 이모님께서 직접 가져오셔서 반찬도 여러개 만들어주셨어요 첫째애기 좋아하는반찬도 만들어주셔서 넘 감사했어요 👍
매일 청소도 해주시고, 빨래도 애기꺼 외에도 해주시고
젖병도 항상 가시기 전까지 다 세척하고 가셔서 이모님 퇴근하고 나서도 할게 많이 없어서 좋았어요 ㅎㅎ
이모님 계시는 동안 병원진료도 잘 갔다올 수 있어서 좋았어요
고민하시는 분들께
조은맘산후도우미 추천합니다.👍👍",,0,https://cafe.naver.com/f-e/cafes/24000254/articles/7110785?boardtype=L&userDisplay=50&menuid=13&referrerAllArticles=false&inCafeSearch=true&query=%EC%B2%AD%EC%86%8C&art=aW50ZXJuYWwtY2FmZS1hcnRpY2xlLXJlYWQtaW5DYWZlLXNlYXJjaC1saXN0.eyJ0eXAiOiJKV1QiLCJhbGciOiJIUzI1NiJ9.eyJjYWZlVHlwZSI6IkNBRkVfSUQiLCJhcnRpY2xlSWQiOjcxMTA3ODUsImlzc3VlZEF0IjoxNzg4MjMzMTM0NjA0LCJjYWZlSWQiOjI0MDAwMjU0fQ.wyb502wJZzTzC64XEpL3d-gOIP3r4SBvR3LsRitn5MI&page=2,JKS
대구맘365,24000254,13,청소,36주차 출산휴가 시작 !!!,2025.08.03. 13:51,"🔸출산후기 내용은 ""출산 성공 바이러스""
에 게시글 작성해 주시기 바랍니다.
​
🔸""예비맘정보공유"" 게시판에 위 게시글 작성시
활동정지 및 무통보 삭제됨을 알려드립니다.
​
​
현재 임신 36주차 드디어 출산휴가가 시작됐어요 !
8월말이 예정일이라 8월에 쉬면서 집 청소도 하고 육아용품 세팅도 하려고 준비하고 있어요.
​
​
출산하고 나면 초반에는 숯불고기는 물론 밖에서 외식 할 수 있는 일이 없을거니까
출산전까지 부지런히 맛있는거 먹으러 다니면서 마지막까지 몸보신 하려고
남편이랑 집 근처에서 소고기 먹었는데 와,, 진짜 맛있더라구요 !
​
​
외출하려고 나왔더니 문고리에 걸려있던 선물
이웃주민을 잘 만난 덕분에 옆집이웃분이 출산선물이라고 배넷저고리세트를 선물로 주셨어요 !
출산하기전 이나 출산하고나서 잘 부탁드린다고 이웃분들께 선물하나 하려고 하는데 어떤게 좋을까요 ?
​
​
더워서 여름휴가는 잘 안가는편인데 왠지 가고싶더라구요 ?
청도에 평상을 빌려서 가족들이랑 물놀이 다녀왔는데 물 엄청 깨끗하고 아이들이 놀기에 좋더라구요.
의자에 앉아서 발만 담그고 있어도 시원하고 물놀이한 기분나더라구요.
​
​
놀러가면 고기에 맥주가 빠지면 섭섭하죠 !
물놀이 살짝 해주고 맛있는 고기도 구워먹고 임산부니까 0.00무알콜맥주로 분위기만 내줬어요.
처음 먹었을땐 진짜 맛없어서 못먹겠던데 요즘엔 맛있어서 한캔씩 사먹고 있어요.
​
막달이 되니까 출산예정일이 비슷한 산모들이 이슈로 벌써 출산한 경우가 있어서 조마조마 ..
빠른듯하지만 오늘까지만 여름휴가라 생각하고 놀고 쉬고 내일부터는 일 쉬니까 하나씩 준비하려구요 !
다음주에 여성아이병원에 막달검사하러 가는데 출산까지 이슈없이 잘 지나가겠죠 !?!?
​",저도 막달에 고기집 가고 그랬엌ㅅ는데 ㅋㅋㅋ 준비 잘하시고 지금을 즐기세요!! 전 이제 출산 50일을 향해가는데 막달에 허리도 아프고 잠도 잘 못잤지만 내맘대로 움직일 수도 있는데 지금은 아가랑 한몸이라 ㅠㅠ 아가는 이쁜데 그리운것도 있답니다 ㅋㅋㅋ | 출산휴가란 곧 얼마남지 않았다는거네요!!! | 우앙..이제 출산준비만 잘하면 되겟어용^^ 옆집은 그냥 제철과일? 정도 사다드림 안될까나용 챙겨주시는 마음이 넘 따뜻하네요 | 부러워요 저는 제왕 둘째라 전날까지 일하기로 해서 오늘 브레짜 닦고 fed유산균 3박스 주문하고 분유도 주문하려구요,4,https://cafe.naver.com/f-e/cafes/24000254/articles/7093738?boardtype=L&userDisplay=50&menuid=13&referrerAllArticles=false&inCafeSearch=true&query=%EC%B2%AD%EC%86%8C&art=aW50ZXJuYWwtY2FmZS1hcnRpY2xlLXJlYWQtaW5DYWZlLXNlYXJjaC1saXN0.eyJ0eXAiOiJKV1QiLCJhbGciOiJIUzI1NiJ9.eyJjYWZlVHlwZSI6IkNBRkVfSUQiLCJhcnRpY2xlSWQiOjcwOTM3MzgsImlzc3VlZEF0IjoxNzg4MjMzMTM0NjA0LCJjYWZlSWQiOjI0MDAwMjU0fQ.-G3009nM617vSagCrMYzSeywRgLC3XQzKianM1_8KuE&page=2,JKS
대구맘365,24000254,13,청소,둘째맘. 김혜정 산후조리원 달서점 후기,2025.08.01. 21:58,"🔸출산후기 내용은 ""출산 성공 바이러스""
에 게시글 작성해 주시기 바랍니다.
​
🔸""예비맘정보공유"" 게시판에 위 게시글 작성시
활동정지 및 무통보 삭제됨을 알려드립니다.
​
둘째를 임신 후 조리원에 대한 고민이 많았어요
저는 첫째때 병원 연계 조리원을 이용했었는데 아무래도 둘째라 이것저것 고민해야되는 것들이 많더라구요.
​
여기저기 정보도 알아보고, 지인분의 추천도 받은 후 선택한 곳은 김혜정산후조리원이였습니다.
워낙 인기있는 곳이라 8주쯤 연락드려 예약을 했고 그때도 벌써 예약이 많이 되어있더라구요.
​
아기 출산 후 바로 연락드렸고 다행이 입소가능하여 병원 퇴원 후 바로 입소하였습니다.
​
김혜정산후조리원 달서점은 2층, 3층, 4층으로 되어있고,
​
2층은  교육하는 곳, 마사지실, 골반교정기, 발마사지기
Previous image
Next image
3층은 데스크, 신생아실
Previous image
Next image
4층은 식당이며, 주차장은 건물 뒷편에 있습니다.
​
제가 김혜정 산후조리원을 선택한 이유는
​
1. 남편의 출입가능
남편이 언제든지 방문가능하고, 함께 숙박도 가능했어요
보호자밥은 따로 신청이되지 않지만, 음식 배달이 가능해 배달시켜 먹거나 포장해와서 먹었어요
​
2. 첫째의 면회가능
저는 둘째맘이라 첫째가 너무 신경쓰였는데, 김혜정산후조리원은 첫째 면회가 가능해서 좋았습니다.
첫째면회 후에는  아기 모자동실이나 직수가 안되고 그 다음 날부터 되요! 그래도 첫째를 중간중간 만날수있어서 마음이 조금 놓였어요~
​
3. 모자동실
집에가면 어차피 봐야한다고 모자동실하지말고 쉬라고들 많이하지만, 매일매일 커가는 모습도 볼 수있었고 남편이 왔을 때도 함께 할 수있어서 좋았어요. 첫째때는 남편이 면회시간에만 볼수있었는데 모자동실하면서 안아보고 케어해보면서 너무 좋아하더라구요. 기저귀는 각 층 복도에 비치되어있어 모자동실 시간에 가져다 사용할 수있었어요.
​
4. 전문적인 케어와 24시간 신생아실 오픈
신생아실이 항상 오픈되어있어서 지나가면서 애기 잘있는지도 볼 수 있고 좋았어요
신생아실 선생님들도 항상 친절하게 대해주시고 궁금한점이있으면 설명도 잘해주시고 좋았어요
오전에 수유하러가면 부원장님께서 수유자세, 젖병 먹이는 법 등 알려주셔서 좋았습니다.
화요일은 김혜정 원장님 강의 금요일은 김혜정원장님 수유코칭이있는데 저는 화요일 강의 후 김혜정 원장님과 면담을 했어요. 아기 차트를 보시면서 아기상태등 자세히 알려주셔서 좋았습니다.
​
5. 맛있는 식사
아침 8시30분 / 점심 12시30분/ 저녁 5시30분 식사시간이였고, 아침은 뷔페식이고 점심 저녁은 자리에 한상차림으로 놓여있었어요. 한번씩 미역국이 아닌 다른 국도 나와서 좋았습니다.
간식은 2시30분 쯤 각층에 가져다주셨습니다.
야식은 8시~9시사이이며, 저녁먹으로 갔을 때 야식 신청하고 4층식당에서 먹을 수있었습니다.
​
​
5. 깔끔한 룸컨디션
달서점은 모든 방 컨디션이 같았어요 저는 2층에 배정받았고 조용하고 좋았습니다! 침대는 모션베드였어요!
9시~10시사이 청소해주셨고, 저는 청소시간에 2층에있는 발마사지기나 온열기 등을 사용했었어요!
일요일에는 쓰레기통만 비워주십니다.
​
6. 마사지
김혜정 산후조리원의 마사지는 후기로도 엄청 많이 접했는데 받아보니 역시 너무 좋았습니다.
저는 2층 방이라 손미경 선생님께 받았었고, 붓기며 허리 통증이 남아있었는데 많이 좋아졌어요!
그리고 조리원 입소하는 날 젖몸살이 시작되었는데  부원장님께 가슴마사지 받고 정말 많이 좋아졌어요!
​
제 인생 마.지.막. 산후조리원으로 김혜정 산후조리원을 선택하게되서 너무 좋았습니다.
너무 친절하신 선생님들 덕분에 잘 쉬었고, 둘째지만 기억나지않는 부분이 많았는데 많이 배울 수있었어요!","김혜정 가고싶었는데.... 쌍둥이라서 못가서 너무 아수웠어용.... 부러워용~^^ | 달서구 산후조리원으로 김혜정, 리엘, 여성아이 등 있는데, 각각 장단점이 뚜렷해서 원하는 곳 선택해서 갈 수 있어서 좋은거 같아용~! 저도 둘째는 김혜정도 고려해봐야 겠어요^^ | 연계병원 있나요? | 연계된 산부인과 이야기하시는거면 연계된 곳은 없는 걸로 알고 있어요! | 혹시 아프면 동산으로 가야 하는거죵? | 아플 때 지정 된 곳은 질 모르겠네요ㅠㅠ 전화하셔서 물어보시는게 좋을것 같아요 ㅠㅠ | 네 ^^ 감사합니다 | 김혜정 밥은 각자 방에서 먹나요? | 밥은 4층 식당에서  다 같이 먹어요 평일 아침과 주말은 뷔페식이고 평일 점심 저녁은 차려져있는데 앉고싶은 자리에 앉아서 먹으면 되요 :)",9,https://cafe.naver.com/f-e/cafes/24000254/articles/7092702?boardtype=L&userDisplay=50&menuid=13&referrerAllArticles=false&inCafeSearch=true&query=%EC%B2%AD%EC%86%8C&art=aW50ZXJuYWwtY2FmZS1hcnRpY2xlLXJlYWQtaW5DYWZlLXNlYXJjaC1saXN0.eyJ0eXAiOiJKV1QiLCJhbGciOiJIUzI1NiJ9.eyJjYWZlVHlwZSI6IkNBRkVfSUQiLCJhcnRpY2xlSWQiOjcwOTI3MDIsImlzc3VlZEF0IjoxNzg4MjMzMTM0NjA0LCJjYWZlSWQiOjI0MDAwMjU0fQ.Bea0lE3hb95kQKjBR39-IBuqK_FIaDPn5bqFM5IP4_w&page=2,JKS
대구맘365,24000254,13,청소,33주에 너무 안움직여요.,2025.08.01. 18:04,"저 33주들어오면서 꼼짝도 하기  싫어요.
저만 그런거죠 ㅠ
만 삼일째 집밖으로 나가지도 않았어요.
집에서 청소하고 재택하고 왔다갔다. 하다가 신랑오면 저녁 같이 해먹고 쉬고.
너무 덥기도 하고. 식재료 장보러 가야지 싶다가도 결국 배달.
좀 움직여야 하는데 2개월째 몸무게 안늘리고 유지했는데 일주일만에 2킬로 쪘네요 ㅠㅠ
저만 이렇게 게으른거죠?
원래 잘 다녔는데 ㅠㅠ
살찌니 나가야 하는데 집이 너무 좋아요.
​
🔸출산후기 내용은 ""출산 성공 바이러스""
에 게시글 작성해 주시기 바랍니다.
​
🔸""예비맘정보공유"" 게시판에 위 게시글 작성시
활동정지 및 무통보 삭제됨을 알려드립니다.","저 33주인데저도 그래요ㅋㅋ하루 중 거의 누워있구요요 몇일만 첫째아이가 방학이라 밥 챙겨주고집 앞에 동네마트가고 끝이요ㅜㅜㅋㅋ저녁도 밀키트 이런거. .아님 신랑시켜서 밥먹구요몸이 너무 무겁고 누워만 있구 싶어요전 임신하고 12kg쪘는데ㅜㅜ원래 집에 있는거 싫어해서 잘 돌아다니는데임신 9개월되니 완전 집순이네요 | ㅎㅎㅎ날이 더워서 더 그런거 같아요ㅠㅠ그래도 체중늘리면 애 낳을때 고생한다더라구여..제왕이면 상관없겟지만 나중에 뺄 때 힘든게 잇겟지요 | 저두그래요 ..... 전 소화가 너무 안되서 아침 7시 이럴때 나가서 좀 걷고들어오고잇어요 ㅠㅠ 진짜 살려고 ...ㅋㅋㅋ 걷숩니다 ㅠㅠ | 날씨가 더워도 심각하게덥다보니까능 움직이는게 힘들어서 그러실거에요 곧 가을겨울되면 또 움직이시면되지용 | 날도 더운데 몸도 무거우니 당연한거라고 봅니다 ㅠㅠ | 날씨도 증말 덥고 몸도 무겁고 한번 일으키려면 아주 힘들잖아유 ㅜㅜ | 저도 그렇습니다 저 28주인데도 그래요 ㅋ 너무 힘들어요 덥기도하구요 ㅠ 몸도 무겁고 ㅠ | 여름 만삭 임산부는 어쩔수가 없네요ㅠㅜㅜ 저는 최근에 여성아이병원 진료가서 살이 너무 쪄서 고위험산모로 분류 받았어요ㅠㅜㅜ 건강하게 출산하고, 살은 그 이후에~~~~",8,https://cafe.naver.com/f-e/cafes/24000254/articles/7092565?boardtype=L&userDisplay=50&menuid=13&referrerAllArticles=false&inCafeSearch=true&query=%EC%B2%AD%EC%86%8C&art=aW50ZXJuYWwtY2FmZS1hcnRpY2xlLXJlYWQtaW5DYWZlLXNlYXJjaC1saXN0.eyJ0eXAiOiJKV1QiLCJhbGciOiJIUzI1NiJ9.eyJjYWZlVHlwZSI6IkNBRkVfSUQiLCJhcnRpY2xlSWQiOjcwOTI1NjUsImlzc3VlZEF0IjoxNzg4MjMzMTM0NjA0LCJjYWZlSWQiOjI0MDAwMjU0fQ.XQVZnZ3qRvZ82CSZI8oXzEDWzfzm1j-abm_BNgvStkA&page=2,JKS
대구맘365,24000254,13,청소,33주차 임산부!! 배려받는 일상들~,2025.07.13. 16:53,"🔸출산후기 내용은 ""출산 성공 바이러스""
에 게시글 작성해 주시기 바랍니다.
​
🔸""예비맘정보공유"" 게시판에 위 게시글 작성시
활동정지 및 무통보 삭제됨을 알려드립니다.
​
​
​
아직까지도 더 커질 배가 남아있다니,,, 라고 생각하는 뽈록한 배를 가진 33주차 임산부입니다!!
​
저는 달서구쪽에 여성아이병원 다니고 있는데, 이제 2주마다 병원을 오라고 하더라구요~
​
초반에는 빨리 가서 아기 초음파보고 싶고 걱정된 마음이 컸는데, 이제는 심적으로는 너무 편안하고
​
육체적으로 힘든 날이 많아요
​
특히 더운 여름날 만삭 임산부라 그런지 평소에 소소한 배려를 받는 경우가 많은데요
​
​
​
저녁에 남편이랑 고깃집을 갔는데, 제가 화장실 갔는 사이에 사장님이 임산부냐고 물으시더니
​
제 자리에 미니선풍기를 특별히 주셨더라구요^-^
제 옆자리에 선풍기 있는데 안보이네용ㅠ
​
그리고 임신초기에는 임산부 뱃지를 했는데도 버스나 지하철을 타도 비켜주는 사람이... 없었어요ㅠㅜ
​
근데 이제는 다들 자리도 양보해 주시더라구요. ^^
​
저도 감사한 마음으로 냉큼 앉아요!!
​
​
또 엘레베이터를 타면은 아주머니 분들은 항상 저한테 고생한다는 말도 먼저 해주시고,
​
남편한테 맛있는거 많이 사주라고 압박(?)도 많이 해주세요~
​
​
특히 제일 배려를 많이 받고 있는 사람은 저희 남편이예요ㅠㅜ
​
남편이 청소, 빨래, 식사까지 집안일을 다~~~~~~하고 손에 주부습진도 걸리규
​
진짜 너무 고마워요
​
더운 여름이지만 배려나 관심으로 행복한 임신생활을 보내고 있어요
​
저와 같이 여름출산 임산부님들~
​
체력적으로 많이 힘드시겠지만 우리 순산할 때 까지 좀 더 힘내보아용!!",너무 다정한 남편이시네용 ㅎㅎㅎ 순산하시길 바래용!!ㅎㅎㅎ | 저도 여름출산인데 더워서 힘들겠지만 같이 힘내봐요!!주변에 따뜻한분들도 만나고 남편도 잘챙겨주고 넘행복하겠어용!!! | 저도 다음달 출산인데ㅠㅠ 여름만삭 힘들죠ㅠㅠㅠ 화이팅입니당!!! | 임신기간이 행복하다느끼는건 주변의 배려지요!!힘내세요♡ | 요즘은 임산부 혜택도 많은거같더라구요 ㅎㅎ 다 챙겨누리시구 순산하세요~~ㅎㅎ,5,https://cafe.naver.com/f-e/cafes/24000254/articles/7076769?boardtype=L&userDisplay=50&menuid=13&referrerAllArticles=false&inCafeSearch=true&query=%EC%B2%AD%EC%86%8C&art=aW50ZXJuYWwtY2FmZS1hcnRpY2xlLXJlYWQtaW5DYWZlLXNlYXJjaC1saXN0.eyJ0eXAiOiJKV1QiLCJhbGciOiJIUzI1NiJ9.eyJjYWZlVHlwZSI6IkNBRkVfSUQiLCJhcnRpY2xlSWQiOjcwNzY3NjksImlzc3VlZEF0IjoxNzg4MjMzMTM0NjA0LCJjYWZlSWQiOjI0MDAwMjU0fQ.eWXkbIJ8Qc9tuwHQ80G1Z4zFjXZz-e7eNQI8uA6mhlk&page=2,JKS
대구맘365,24000254,13,청소,32주차 예비맘 출산준비 중 (세탁공장 풀가동),2025.07.11. 10:07,"🔸출산후기 내용은 ""출산 성공 바이러스""
에 게시글 작성해 주시기 바랍니다.
​
🔸""예비맘정보공유"" 게시판에 위 게시글 작성시
활동정지 및 무통보 삭제됨을 알려드립니다.
​
​
내일이면 33주차를 맞이하는 예비맘입니다 !
다들 출산준비는 잘 하고 계신가요 ?
슬슬 자연분만할지 제왕절개할지 선택해야하는데 이번주 여성i 병원가서 원장님이랑 상담해보려구요 !
한달만에 가는거라 아기가 얼마나 컸을지 잘 크고 있는지 너무 궁금하네요.
​
직장을 7월말까지하고 8월부터 출산휴가를 들어가서 8월에 쉬엄쉬엄 출산준비해야지 했다가
배가 더 나오고 더 더워지면 힘들 것 같아 지난주에 틈틈히 세탁을 시작했는데 꼬박 일주일이 걸렸네요..
하다보니 지금부터 조금이라도 시작하길 잘 했다 생각들더라구요..
​
세탁하기에 앞서 세탁기청소부터 해줘야하는데
주기적으로 해줬음에도 엄청 더럽더라구요 ,,
세탁기 청소 하루 , 그 다음날부터는 세탁공장 가동했어요.
​
손수건 세탁
1. [표준세탁 - 세제x - 냉수 - 헹굼 3회 - 탈수(섬세)] -> 자연건조 -> 먼지털기 1회
2. [표준세탁 - 세제o - 냉수 - 헹굼 5회 - 탈수(섬세)] -> 자연건조 -> 먼지털기 1회
* 먼지 많고 예민한거라 여러번 나눠서 세탁 (거즈,엠보 무형광 세탁망 구분)
* 무향 아기 세제 사용(토루토루)
​
​
생각보다 먼지가 많이 나와서 당황했지만
헤로운먼지가 아니라 믿고 손수건세탁은 2회만 했어요 !
​
​
다이소 제품을 사용하니 딱 맞게 들어가더라구요.
한통에 16개까지 들어가더라구요. 실리카겔까지 넣어서 정리했어요.
​
​
조카도 있고 주변에서 물려준 옷들이 진짜 많은 꼬물이 ..
태어나기도전에 엄마랑 아빠보다 옷 많은 아이 .. 옷은 하나도 안사도 되겠더라구요.
사진에 보이는 종이가방 * 5 개 정도는 받은거 같아요.
​
새옷
[울코스 - 세제o - 냉수 - 헹굼5회 - 탈수(약)] -> 자연건조 -> 먼지털기 1회
물려받은 옷
[알뜰삶음(불림) - 세제o/워싱소다 - 헹굼5회 - 탈수(약)] -> 자연건조 -> 먼지털기 1회
​
아기옷이기도 하고 여름 + 제습기 가동하니까 생각보다 금방 마르지만 바짝 말리는게 좋을 것 같아
하루정도 두고 먼지털기 후 지퍼백에 실리카겔 넣고 보관중이에요 !
물려받는 옷의 경우 아무래도 오염이 있을 수 있어 삶음(불림)기능으로 세탁했더니 세탁만 4시간 걸리더라구요..
옷 뿐만아니라 기저귀갈이대 , 트리트랩베이비세트, 아기띠 등 물려받은게 많아서 세탁하는데 일주일정도 걸렸어요.
출산 후 나중에 해도 될 것들은 뺐는데도 일주일 ..
저랑 비슷한 주수 예비맘들 중 아직 시작 안하신분들은 조금씩 준비하시는 걸 추천드려요 !!!
​
​","우와,,, 저도 세탁 해야지 해야지 언제하지? 하고 있는데ㅎㅎ 부지런하시네요!! 고생하셨어요ㅎㅎ막달까지 화이팅입니당~!! | 세탁공정 돌린다고 고생했겠어요ㅠㅠ저도 해야지해야지하다가,, 결국 아직도 안하고있어용ㅋㅋㅋ저도 손수건세탁은 그냥 2번만 할려구요ㅎㅎ | 고생많으셧겟어요ㅠㅠㅠㅠ저도 오늘부로 31주 들어가서 이제 슬슬 아기용품세탁이랑 출산가방싸야하는데 사실 귀차니즘에 엄두가.....ㅠㅠ참고해서 저도 사부작사부작 준비해야겟어요!!! ㅎㅎ | 저도 해야된다고 생각만 하는중....ㅋㅋㅋ 남편의 할일로 미뤄두려구요 .. 못하겠어요 ㅠㅠ | 깨끗하게 정리 잘하셨네요 ㅎㅎ | 저도 곧 시작해야하는데ㅠㅠㅠㅠ 정리 너무 잘하셨네요~^^",6,https://cafe.naver.com/f-e/cafes/24000254/articles/7074999?boardtype=L&userDisplay=50&menuid=13&referrerAllArticles=false&inCafeSearch=true&query=%EC%B2%AD%EC%86%8C&art=aW50ZXJuYWwtY2FmZS1hcnRpY2xlLXJlYWQtaW5DYWZlLXNlYXJjaC1saXN0.eyJ0eXAiOiJKV1QiLCJhbGciOiJIUzI1NiJ9.eyJjYWZlVHlwZSI6IkNBRkVfSUQiLCJhcnRpY2xlSWQiOjcwNzQ5OTksImlzc3VlZEF0IjoxNzg4MjMzMTM0NjA0LCJjYWZlSWQiOjI0MDAwMjU0fQ.eLq0xGkbq0f1yElfUjVM2elWcmxpXzeXCukvwXIFL_o&page=2,JKS
대구맘365,24000254,13,청소,봄봄매트 시공후기,2025.06.03. 20:16,"🔸출산후기 내용은 ""출산 성공 바이러스""
에 게시글 작성해 주시기 바랍니다.
​
🔸""예비맘정보공유"" 게시판에 위 게시글 작성시
활동정지 및 무통보 삭제됨을 알려드립니다.
​
​
​
아기가 걷고 뛰기 시작하면서 바닥 안전이 너무 걱정돼고, 낙상사고도 자주 일어나서 시공매트를 알아보게 되었어요. 그러던 중 베키에서 여러 업체의 매트 견적을 확인했고, 시공매트를 알아보다가 봄봄매트를 선택했어요!
​
여러 브랜드 비교하고 샘플도 만져보고 색상도 비교해봤는데, 스킨텍스처의 부드러운 촉감과 은은한 펄감이 정말 마음에 들더라구요. 특히 발바닥 닿는 느낌이 끈적이지 않고 산뜻한 느낌이라 여름에도 쾌적하게 사용할 수 있을 것 같았어요!
​
시공 당일에는 두 분이 오셔서 꼼꼼하게 작업해주셨고, 구석진 부분이나 몰딩 마감도 정말 깔끔하게 해주셨어요. 시공 시간은 약 5시간 정도 걸렸는데, 끝나고 나니까 거실 분위기가 확 달라졌어요! 저희는 갤럭시 네이처 색상으로 선택했는데, 은은한 베이지톤이 집 인테리어랑 너무 잘 어울리고 공간이 훨씬 따뜻하고 아늑해 보여서 만족도 100%입니다.
​
무엇보다 마음에 드는 건 안전성과 관리 편의성! 미끄럼 방지 기능 덕분에 아기가 미끄러질 걱정이 줄었고, 실리콘코팅이 되어 있어서 청소도 훨씬 쉬워요. 물티슈로도 잘 닦이고 먼지도 덜 붙는 느낌이에요. 그리고 충격 흡수가 잘 돼서 혹시나 아기가 넘어져도 안심할 수 있어요.
​
매트 시공 고민하시는 분들께 정말 추천드리고 싶어요. 저처럼 첫 시공이신 분들도 봄봄매트는 샘플부터 상담, 시공까지 전체 과정이 체계적이고 만족스러워서 믿고 맡기실 수 있을 거예요! 🥰
​
(맨 마지막 사진은 시공 전 사진입니다!)
​
​","요즘 매트고민 진짜 많이하고있는데 확실히 시공하니까 깔끔하네요 ,,폴더매트로 굳혀지고 있었는데 다시한번 더 고민해봐야겠어요 ㅜㅜ | 금액대 얼마였는지 공유 가능하실까용 ..!?? 🥹 | 쪽지보내드렸어요! | 저도 설치한 매트 장수,금액 문의드려도 될까요?? | 쪽지보내드렸어요! | 저도 평수랑 금액대 공유 가능할까용 !! | 쪽지보내드렸어요! | 저도 금액 공유좀 부탁드려요🥹장당 가격 알수있을까요? | 쪽지보내드렸어요! | 혹시 가격과 매트장수 여쭤볼수있을까요? | 쪽지보내드렸어요!",11,https://cafe.naver.com/f-e/cafes/24000254/articles/7043392?boardtype=L&userDisplay=50&menuid=13&referrerAllArticles=false&inCafeSearch=true&query=%EC%B2%AD%EC%86%8C&art=aW50ZXJuYWwtY2FmZS1hcnRpY2xlLXJlYWQtaW5DYWZlLXNlYXJjaC1saXN0.eyJ0eXAiOiJKV1QiLCJhbGciOiJIUzI1NiJ9.eyJjYWZlVHlwZSI6IkNBRkVfSUQiLCJhcnRpY2xlSWQiOjcwNDMzOTIsImlzc3VlZEF0IjoxNzg4MjMzMTM0NjA0LCJjYWZlSWQiOjI0MDAwMjU0fQ.eq1KSHjuRns9NJP9HshVg7Ja0cnO4JuUC6tT2dKU5Hs&page=2,JKS
대구맘365,24000254,13,청소,대구 층간소음매트 내돈내산 든든매트 시공 2달 찐 사용후기,2025.05.28. 11:02,"대구 층간소음매트 내돈내산 든든매트 시공 2달 찐 사용후기
​
미리보는 결론: 어차피  시공매트를 결심했다면 아이를 낳기전에 미리 설치해두면 훨씬 편함!
4월에 아기가 태어난 동생부부에게도 추천해서 아이가 집으로 오기 전에 시공완료^^
나: 84 판상형 기준 주방제외 거실 복도 시공/
동생: 74 판상형 기준 주방제외 거실 복도 시공/
모두  디지털온누리상품권으로 결제하여 이득!
(디지털온누리상품권은 특정시기에 할인율이 높으므로 미리 충전해두는 것 추천)
​
​
1. 매트시공을 결심한 계기
1) 아기가 6개월이 지나면서 이동반경이 넓어짐. (방안에서만의 생활이 불가함)
-거실은 절대 아이의 공간으로 내어줄 수 없다는 굳은 결심 바로 포기
3) 아기가 강마루에 넘어지면 크게 다치지 않을까 걱정.
-매일 머리쿵, 헬맷을 씌우는 것도 너무 번거롭고 아기가 거부하면 답없음
4) 아기를 안전하게 보면서 집안일도 할 수 있는 생활 희망
5) 아랫집의 혹시 모를 층간소음의 연락 미연에 방지 희망
- 아기가 장난감을 던질 때 생각보다 큰 소음이 발생, 층간소음을 겪어봐서 미리 최대한 배려해드리고 싶은 마음
​
2. 시공업체 선정 기준 및 방법
1) 기존 인터넷 검색을 통하여 샘플매트 및 문자 상담, 전화 상담 등을 이용
- 집 도면이 있으면 훨씬 정확한 견적이 나오는 편,
2) 베이비페어 참여 업체를 모두 돌아보고 상담 후 다시 집으로
-아기 데리고 힘들어죽을뻔
3) 그동안 모은 데이터를 기준으로
내가 선정한 기준:
-매트 두께 (어느 정도 층간소음을 방지하면서도, 경사로 설치 없이 로봇청소기가 올라갈 수 있는 매트 희망)
-가격 (디지털온누리상품권 사용 가능 및 최대한의 할인율로 확인 계산)
-대표 직접 시공 (새아파트 입주하면서 하청을 주는 느낌의 업체에서 많이 실망한 경험)
-국내 공장에서 생산
3. 든든매트 선정 이유
-대표직접시공 상담 요청했으 때에도 매우 친절하고 빠른 답변과 여러 질문에도 귀찮아하지 않으시고 답변해주시고 직접 시공 확인도 받고 친절 및 응대 만족!
-국내생산매트로 여러 샘플 매트와 비교했을 때에도 품질 만족!
-디지털 온누리 상품권 사용 가능 및 공장직영 유통마진제로로 가격 만족!
​
4. 2달 찐 사용 후기
-시공할 때 소음걱정 없이 아기가 잘 잤음/시공하시는 중에도 이동은 가능했음
-보통 페이백을 위해 매트시공한 날부터 후기를 쓰는 리뷰어들이 많았지만 좀 더 실질적인 후기와 찐 후기를 위해
2달간 사용을 해보고 리뷰를 쓰기로 함.
- 내가 시공한 공간은 거실과 복도, 아일랜드 라인까지! /주방은 고민했으나 펜트리가 있어서 펜트리 전용 매트 설치공간도 생기게 되어 굳이 안함 이부분은 개인취향인듯!
- 처음에 매트가 조금 미끄럽다고 느껴짐/ 바로 생산되어 나온 거라 그런 것 같음 로봇청소기 2번 바로 돌리고 다음날 돌리고 3~4번 돌리니 미끄러움 사라짐.
- 아크릴 받침이나 식탁 테니스공 등을 미리 사두면 시공하면서 바로 생기는 자국도 걱정 없음
(식탁 및 아기 책장은 아크릴 받침, 쇼파, 아마존 소서에는 남은 매트로 고정, 식탁의자와 졸리점퍼는 테니스공으로 자국 방지함)
- 무거운 가구는 자국이 생기지만 일반적인 가구들은 금방 복원이 되는 편
- 아기가 거실과 복도를 자유롭게 돌아다니면서 넘어져도 걱정이 없음. 실제로 쇼파를 잡고 서다가 뒤로 넘어졌지만 매트 덕분에 아기가 울지도 않았고 나도 크게 신경쓰지 않음/ 머리쿵방지쿠션 및 헬맷을 사용하지않아도 되었음
- 로봇청소기가 첫날 탐색하면서 조금 주저주저하는 모습이 보였지만 다음날부터 잘 청소하고 다님/ 특별한 경사로 및 나의 도움 필요없음- 나의 로봇청소기 로보락s7plus 기준
- 이염이나 오염/아기가 토하기도 했고, 물을 쏟은적도 있고, 액상철분제를 쏟은 적도 있지만 금방 닦아서 그런지 이염이나 오염 없었음.
- 황변/고층 남향 아파트라 햇빛과 관련하여 황변 걱정이 있었으나 특정부분이 황변이 되거나 매트를 보았을 때 특별히 느껴지는 이질감은 없음. 하지만 황변은 자연스러운 현상이라 서서히 황변이 되더라도 큰 티가 나지 않을 것 같음.
-층간소음/ 시공완료하고 주신 층간소음매트시공팻말도 현관문에 두니 마음이 편함/ 층간소음으로 연락온적없음
-공기 순환 및 곰팡이/ 직접 손수 롤매트를 깔았던 지인이 곰팡이얘기를 해서 걱정했는데 나는 한달에 한번 정도 매트를 오픈해서 공기 순환이나 곰팡이를 확인하였으나 전혀 문제가 없었음.
5. 결론
개인적으로 아이를 낳고나서 여러 육아템들을 구매했고 만족했지만 시공매트가 가장 만족스러웠음.
아기방은 태어나자마자 폴더매트를 사용중이라서 그대로 사용하고 있으나 폴더매트 특유의 매트 냄새가 많이나서
주말마다 소독하고 닦고 있는데 시공매트는 그런게 없어서 더 만족!
진작 했으면 출산후유증을 앓았던 내 발바닥도 안아프고 좋았을 것 같은데 아쉬움 가득!
내 주변 모든 분들에게는 어차피 쓰는 돈 출산직전에 미리 설치하는 거 완전 추천중!
문의는 댓글달아주시면 육아시간을 제외할 때에는 성실하게 답변드려볼 예정!
​
​
​
0초
0초
100%
광고 후 계속됩니다.
다음 동영상
subject
author
취소
재생
2
재생 (space/k)
재생
00:22
0:00:00
재생 (space/k)
재생
음소거 (m)
음소거
00:00
/
00:22
실시간
설정
전체 화면 (f)
해상도
HD
720p
자막
사용 안함
재생 속도
1.0x (기본)
해상도
720p
HD
480p
270p
자막
자막 추가
설정
사용 안함
자막 설정
글자 크기
배경색
재생 속도
0.5x
1.0x (기본)
1.5x
2.0x
죄송합니다. 문제가 발생했습니다. 다시 시도해 주세요.
도움말
음소거 상태입니다.
도움말
라이선스
디버그 정보 다운로드
고화질 재생이 가능한 영상입니다.
설정에서 해상도를 변경해보세요.
더 알아보기
00:00
대구 층간소음매트 내돈내산 든든매트 시공 2달 찐 사용후기 (1)
0초
0초
100%
광고 후 계속됩니다.
다음 동영상
subject
author
취소
재생
1
재생 (space/k)
재생
00:11
0:00:00
재생 (space/k)
재생
음소거 (m)
음소거
00:00
/
00:11
실시간
설정
전체 화면 (f)
해상도
480p
자막
사용 안함
재생 속도
1.0x (기본)
해상도
480p
270p
자막
자막 추가
설정
사용 안함
자막 설정
글자 크기
배경색
재생 속도
0.5x
1.0x (기본)
1.5x
2.0x
죄송합니다. 문제가 발생했습니다. 다시 시도해 주세요.
도움말
음소거 상태입니다.
도움말
라이선스
디버그 정보 다운로드
고화질 재생이 가능한 영상입니다.
설정에서 해상도를 변경해보세요.
더 알아보기
00:00
접기/펴기
대구 층간소음매트 내돈내산 든든매트 시공 2달 찐 사용후기 (2)
50m
© NAVER Corp.
더보기
/OpenStreetMap
지도 데이터
x
© NAVER Corp.
/OpenStreetMap
지도 컨트롤러 범례
부동산
거리
읍,면,동
시,군,구
시,도
국가
든든매트
부산광역시 동래구 명서로 120 지하1층
예약",,0,https://cafe.naver.com/f-e/cafes/24000254/articles/7038176?boardtype=L&userDisplay=50&menuid=13&referrerAllArticles=false&inCafeSearch=true&query=%EC%B2%AD%EC%86%8C&art=aW50ZXJuYWwtY2FmZS1hcnRpY2xlLXJlYWQtaW5DYWZlLXNlYXJjaC1saXN0.eyJ0eXAiOiJKV1QiLCJhbGciOiJIUzI1NiJ9.eyJjYWZlVHlwZSI6IkNBRkVfSUQiLCJhcnRpY2xlSWQiOjcwMzgxNzYsImlzc3VlZEF0IjoxNzg4MjMzMTM0NjA0LCJjYWZlSWQiOjI0MDAwMjU0fQ.WTKJrcpwYqR2YsP8It60g0CvHvAHEAGG9tC-_xKc1Uw&page=2,JKS
대구맘365,24000254,13,청소,해피케어 산후도우미 후기입니다~!,2025.05.25. 23:22,"산후도우미 업체 고민에 조금이나마 도움일 될까 싶어
제가 정말 만족하면서 이용한
해피케어 산후도우미 업체 이용 후기입니다.
​
조리원 나오고 제일 막막한 일이 아기 케어하며
첫째 돌보는 일이었는데
해피케어 정○자 산후도우미 이모님 덕분에 정말 수월하게 시간을 보냈습니다.
​
첫째와 둘째가 터울이 많이 나서 육아가 다시 어색하고 익숙하지 않았는데
잘 모르는 부분도 잘 설명해 주시고,
아기케어는 더할나위 없이 너무 잘 해주셨어요
아기가 배변하는걸 좀 힘들어 했는데 배마사지도 성의껏 너무 잘해주셨고,
목욕, 재우기, 놀아주시는 것 모두 너무 살갑게 잘해주셨습니다.
첫째아이에게도 잘 대해주셔서 첫째아이도 이모님 너무 좋아했어요
​
또 밤새 수유하고 피곤한 산모도 배려 많이 해주시고,
오전에 자고 일어나면,
손 닿지 않는 곳까지 집안정리, 청소 모두 잘해주셔서 감동이었어요 ㅠㅠ
​
그리고 음식솜씨도 참 좋으셔서, 냉장고에 있는 재료로
밑반찬이며, 메인요리 다 금방 해주시고,
저녁 먹을것 까지 다 미리 해주셔서
편하게 다 잘 먹었습니다.
​
첫째 둘째 모두 해피케어 이용했었는데,
첫째때보다 둘째때 기대보다 더 만족스럽고 감사한 분을 만나서
산후조리 잘하고, 또 즐겁게 보냈습니다.
​
업체 상담해주시는 분도 궁금한 내용있을 때마다 편하게 상담 잘해주셔서
이용하는데 정말 좋았습니다.
​
너무 잘해주시고, 정도 많이 들었던 이모님 감사했습니다 ♥
​
​
​",정말 감사하게 잘 챙겨주신 게 느껴지는 후기네요!,1,https://cafe.naver.com/f-e/cafes/24000254/articles/7036101?boardtype=L&userDisplay=50&menuid=13&referrerAllArticles=false&inCafeSearch=true&query=%EC%B2%AD%EC%86%8C&art=aW50ZXJuYWwtY2FmZS1hcnRpY2xlLXJlYWQtaW5DYWZlLXNlYXJjaC1saXN0.eyJ0eXAiOiJKV1QiLCJhbGciOiJIUzI1NiJ9.eyJjYWZlVHlwZSI6IkNBRkVfSUQiLCJhcnRpY2xlSWQiOjcwMzYxMDEsImlzc3VlZEF0IjoxNzg4MjMzMTM0NjA0LCJjYWZlSWQiOjI0MDAwMjU0fQ.xku6maUXCg_EyuAcTiBcMkxZ5po8PTwmNk51w-Vfiv4&page=2,JKS
대구맘365,24000254,13,청소,대구달서구 리엘산후조리원 후기 및 공유,2025.04.24. 21:27,"여성아이병원에서 출산 후 리엘산후조리원으로 들어왔어요.
병원 퇴원 후 9층 상담실로 올라오시면 입실시의 자세한 설명과 방 안내 받으실 수 있어요.
리엘산후조리원 층별 안내입니다.
9층에는 안내데스크와 신생아실(수유실), 식당이 있어요.
​
식사시간은
아침 : 8시
점심 : 12시
간식 : 3시
저녁 : 5시 30분
간식 : 8시
이렇게 총 5타임에 9층 식당에서 식사시 텀블러 챙겨가면 따뜻한 보리차를 가득 담아주십니다.
보리차 맛집으로 유명한(?) 조리원이지요!😁
리엘조리원식단 사진인데 매일 찍지는 못했고 종종 찍은 것들이에요.
미역국만 나오는 게 아니라 다양하게 나와서 먹는 재미를 느꼈답니다.
반찬은 먹고 싶은만큼 담아 자리에 앉으면 밥과 국은 식당이모님께서 챙겨주십니다.
또한 간식은 층별 복도에 시간대별로 간식카트 위에 배치되어 있어 하나씩 가져가서 먹으면 돼요.
주 2-3회 저녁 간식이 죽으로 나오면 9층으로 올라가요.
그리고 층마다 정수기와 전자렌지도 함께 있어 편하게 사용하면 됩니다.
디럭스룸은 창문이 없고 침대가 모션베드이며, 스위트룸은 큼직한 창문이 있어서 밝고 트인 느낌의 룸이에요. 스위트룸에는 모션베드는 없습니다.
저는 두 방 모두 다 사용했는데 개인적으로 디럭스룸으로 계약하고 마사지 회차를 늘리는 것이 더 좋아서 디럭스룸으로 선택했어요.
- 첫 입실시 조리원 수건 2장과 산모복 1장을  받을 수 있어요. 매일 오전 8시부터 방 청소가 시작되면 산모복 1장은 받을 수 있지만 수건은 첫날만 제공되어 수건 필수로 챙기셔야 해요! (단, 일요일은 쓰레기통만 비워주십니다)
- 우리 아이가 사용할 물티슈는 신생아실로 1팩 바로 넣어주시면 돼요. 입실 전이나 첫 수유콜 받으실때 드리면 됩니다.
- 유축용 깔대기는 조리원에서 저렴히 판매되고 있어 굳이 미리 준비하지 않으셔도 되고 조리원에서 유축기와 방마다 사용하게 될 젖병도 4개씩 제공됩니다.
- 방마다 세탁망 1개씩 제공되어 개인적으로 개인 세탁망은 굳이 필요하지 않아요.
- 실내화를 개인용으로 챙기셔도 되고 조리원용 실내화 신으셔도 되니 선택하셔서 준비하시고 그 외 필요 준비물 확인해주세요. (계약시 계약서와 본 사진은 문자로 발송해주십니다)
8층에는 마사지실이 있어요.
조리원에 오면 필수죠! 마사지 풀 회차로 받으면서 유방관리 및 전신관리 받으면서 나날이 회복 중이랍니다.
저는 제일 오른쪽에서 마사지받았고 임신중에 몸이 많이 무거웠는데 마사지받고 많이 가벼워졌어요. 마사지받으면서 수유 고민상담도 같이 했답니다. 마사지 결제를 첫만남이용권으로도 결제가 가능한 점 참고해주세요!
7층엔 교육실과 찜질방이 있어요.
수유콜 없는 시간대에 틈틈히 땀빼면서 골반교정하면 빠른 몸 회복에 도움이 될 거에요.
저는 자연분만으로 조리원 온 날부터 사용했지만 제왕절개 산모님께서는 실밥 풀고난 후에 사용가능하답니다.
리엘조리원에 계신 수유실 선생님들과 팀장님, 실장님, 원장님 모두 이용시 불편한 사항이라던가 궁금한 부분을 문의하면 정성껏 답변해주시니 이용시에 편하게 문의하시면 됩니다.
특히 수유실에서 수유자세에 대해 많은 문의가 있어요~ 편하게 문의하시면 됩니다.
또한 리엘조리원은 모유 수유 필수 권장이 아니라서 엄마가 지내면서 모유/분유 수유 선택하시면 됩니다. 모유 수유에 대해 너무 부담 갖지 않으셔도 됩니다. (새벽 수유콜이 없어 조리원에 계실때동안은 꼭 푹~ 주무셔서 조리원 생활을 누리시길 바랍니다)
​
입실시에는 2주가 길게 느껴졌지만 하루하루 시간이 빨리 지나가는 2주의 시간이였답니다. 더 연장하고 싶을 정도로 너무 편하고 잘 쉬었다가 가는 알찬 시간이였습니다.",달서구쪽에 사시면 여서아이조리원 아니면 리엘 많이들 가시더라구요!마사지가 유명하다고....ㅎㅎ 산모 마사지는 포기 몬하쥬~~~저는 여성아이병원다니면서 여성아이조리원으로 결정햇어요!!!ㅎㅎ,1,https://cafe.naver.com/f-e/cafes/24000254/articles/7012194?boardtype=L&userDisplay=50&menuid=13&referrerAllArticles=false&inCafeSearch=true&query=%EC%B2%AD%EC%86%8C&art=aW50ZXJuYWwtY2FmZS1hcnRpY2xlLXJlYWQtaW5DYWZlLXNlYXJjaC1saXN0.eyJ0eXAiOiJKV1QiLCJhbGciOiJIUzI1NiJ9.eyJjYWZlVHlwZSI6IkNBRkVfSUQiLCJhcnRpY2xlSWQiOjcwMTIxOTQsImlzc3VlZEF0IjoxNzg4MjMzMTM0NjA0LCJjYWZlSWQiOjI0MDAwMjU0fQ.xf4TxECivSb9pVyUj9YApyDF_d109vRY8sWM1DkYo_g&page=2,JKS
대구맘365,24000254,13,청소,대구 닥터안 산후조리원 vvip 솔직후기~,2025.04.16. 09:56,"남편이랑 2주동안 지낼 곳이라서 일터랑 가깝고, 되도록이면 넓고 답답하지않도록 vvip실로 결정했어요! 식사를 방 안까지 가져다 주시고요. 디저트도 점심, 저녁 두번 가져다주세요~ 매일 오전 청소도 해주고! 새벽에 수유 전화가 없어서 덜 부담스러운거같아요.
모자동실 하고싶을때마다 가능하고~ 저녁에 아빠 퇴근하면 허그룸도 언제든 가능~ 젤 좋았던건! 바로밑에 병원있어서 아침마다 아기들 회진돌러 온다하시더라고요 그리고 경피용만 되지만 의사쌤이 올라오셔서 보는앞에서 놔주시고 울면 수유실에서 바로 엄마가 안아줄수있어요.
​
외출 언제든 가능해요. 다만 엄마 외출한 날은 아기 만남을 제한해서 저는 병원포함 한두번 했어요ㅎㅎ 벌써 남편한테 도치맘 소리듣고있네요..
​
또 바로옆에 작은 찜찔방이랑 족욕실있는데 하루한번 이용했어요! 임신때 찜찔방이 얼마나 가고싶던지ㅠㅠ
그리고 2층에 마사지, 진짜 압이 완전 시원하고 붓기 쫙쫙 빠져요 퇴소직전까지 추가해놨답니다~
다만 아쉬운건 캠을 오전, 저녁 40분씩만 볼수있는게ㅜㅜ 그리고 산모 교육인데 지인들 얘기들어보니 나중 집에가서 이모님들한테 배우면 된다하더라고요☺️;
​
끝으로 관리사님들이랑 실장님 너무 친절하세요.
아기 봐주시는 관리사님들이 믿음이가요.
귀찮도록 다 물어보고 이것저것 부탁도 드리고,,ㅎㅎ
사실 엄마 몸쉬는곳이라 하지만 소중한 우리 아기 잘봐주셔야 마음부터 편한게 아닌가 싶네요~!",,0,https://cafe.naver.com/f-e/cafes/24000254/articles/7005384?boardtype=L&userDisplay=50&menuid=13&referrerAllArticles=false&inCafeSearch=true&query=%EC%B2%AD%EC%86%8C&art=aW50ZXJuYWwtY2FmZS1hcnRpY2xlLXJlYWQtaW5DYWZlLXNlYXJjaC1saXN0.eyJ0eXAiOiJKV1QiLCJhbGciOiJIUzI1NiJ9.eyJjYWZlVHlwZSI6IkNBRkVfSUQiLCJhcnRpY2xlSWQiOjcwMDUzODQsImlzc3VlZEF0IjoxNzg4MjMzMTM0NjA0LCJjYWZlSWQiOjI0MDAwMjU0fQ.uMXNwu1567e1xg0-FNnFJsAsNr1qsBzNRS8cwIt4U1M&page=2,JKS
대구맘365,24000254,13,청소,꿈담 산후조리원 후기,2025.04.03. 12:49,"🔸출산후기 내용은 ""출산 성공 바이러스""
에 게시글 작성해 주시기 바랍니다.
​
🔸""예비맘정보공유"" 게시판에 위 게시글 작성시
활동정지 및 무통보 삭제됨을 알려드립니다.
​
​
1. 위치/시설
​
위치는 지하철 성서산업단지역 근처 쇼핑월드내에 위치해있어요. 동산병원과 미래여성병원 중간에 위치해있어서 두곳에서 출산한 산모님들이 많이 오시는것같더라구요.
건물 2,3,7층이 조리원으로 이용되고있어요. 7층은 마사지실이있어서 마사지받을때만 올라갓다오면 되구요. 2층과 3층은 방이 있어요. 계단으로 연결되어있어서 내부에서 위아래층 이동은 자유롭게 되어있어요. 방 컨디션은 깔끔해서 좋았어요. 침대,테이블,냉장고,화장대,TV,아기침대,수유쿠션,드라이기,유축기,wifi 등등 기본적으로 필요한것들은 다 준비되어있어요.
​
​
2. 아빠 출입
꿈담조리원은 아빠만 출입가능해요. 자유롭게 출입가능해서 조리원에서 출퇴근하시는분들도 계시는것같고, 산모가 필요한것 있을때 언제든지 가져다줄수있는 환경이에요.
​
3. 신생아실/수유실/모자동실
2층에 신생아실이 위치해있어요. 모동은 원할때 할수있고, 수유콜도 산모맞춤으로 해주세요. 저는 직수는 안하겠다고 말씀드리니 수유콜은 안주셨답니다. 그리고 모유 유축하는 산모를 위해서 신생아실앞에는 소독된 젖병들이 있어서 이용에 편했습니다. 모동하려고할때 수유시간이랑 겹치면 분유타서 주시는데 식으면 새로타주시기도하고, 애기가 신생아실에서 너무 잘 자고있을때는 애기깨면 다시 연락주시기도 하셨어요. 여러가지로 아기와 엄마의 컨디션을 세심하게 신경써주시는 모습에 믿고 맡길수있었어요.
​
4. 마사지
마사지실은 7층에 위치해있어요. 조리원 입소 첫날부터 가슴이 많이부어서 힘들었는데 마사지선생님께서 시간내서 한번 봐주셨구요. 서비스마사지1회 받을수있어요. 받아보니 선생님께서 산모컨디션파악도 빠르게해주시고, 단유상담도 같이해주시면서 맞춤형으로 마사지해주셔서 퇴소전날까지 매일매일 받았는데 너무너무 만족했습니당.
​
5. 식사/청소
식사는 아침 8시, 점심 12시, 간식 15시, 저녁 18시 이렇게 4번 제공됩니다. 방까지 직원분께서 식판을 가져다주셔서 방에서 혼자 자유롭게 먹을수있어서 좋았어요. 저처럼 식당가서 밥먹기 부담스럽다~하시는분들에게 매우 좋은 시스템이라고 생각해요😄
청소는 오전 10~11시사이에 직원분이 오셔서 쓰레기비워주시고 청소기도 밀어주세요. 매일오전 빨래망에 빨래넣어서 내놓으면 빨래도 해서 가져다주십니다.
직원분들 모두 친절하셔서 이용하는동안 너무 편했답니다.
6. 셀픽(사진인화서비스)/교육프로그램
2층에는 셀픽사진인화기가 설치되어있어서 하루1장 사진인화가 무료에요. 신생아들은 하루하루 얼굴도 달라지고 엄마들이 사진도 많이찍는데 이런서비스가 있어서 매일 사진1장 인화하는 소소한 즐거움도 있었어요.
교육프로그램은 공지되어있지만 필수로 들어야하는건아니고 자율적으로 들어볼수있어요. 교육으2층에 큰테이블에서 진행되구요~ 목욕교육이나 초점책만들기 등등 다양하게있어서 선택해서 들을수있답니다.
​",꿈담 너무 좋아보이네요~^^ 고생많으셧어요~ | 저도 꿈담갔었어용 | 저도 내년초 꿈담갑니당,3,https://cafe.naver.com/f-e/cafes/24000254/articles/6995438?boardtype=L&userDisplay=50&menuid=13&referrerAllArticles=false&inCafeSearch=true&query=%EC%B2%AD%EC%86%8C&art=aW50ZXJuYWwtY2FmZS1hcnRpY2xlLXJlYWQtaW5DYWZlLXNlYXJjaC1saXN0.eyJ0eXAiOiJKV1QiLCJhbGciOiJIUzI1NiJ9.eyJjYWZlVHlwZSI6IkNBRkVfSUQiLCJhcnRpY2xlSWQiOjY5OTU0MzgsImlzc3VlZEF0IjoxNzg4MjMzMTM0NjA0LCJjYWZlSWQiOjI0MDAwMjU0fQ.ddm_0oaJvPVZwRe9V14D8GRLqIEmUovuZKP7rl1lVrA&page=2,JKS
대구맘365,24000254,13,청소,꿈담 산후조리원 (성서) 후기,2025.03.30. 22:07,"13박 14일동안 꿈담 산후조리원에서 산후조리한 후기 올려봅니다!
​
1. 위치와 시설
- 위치는 성서 쇼핑월드 쪽이에요! 이게 겉으로 보기에는 유흥 업소?들이 많아 보이는데 현재 운영하고 있는 곳은 별로 없어서 밤이나 낮이나 크게 시끄럽거나 북적거리거나 그런건 전혀 없었어요!
저는 대구 여성아이병원에서 출산했고, 달서구에 거주하고 있다보니 달서구에 있는 산후조리원을 위주로 알아보다가 집과의 거리, 병원과의 거리, 남편 직장과의 거리를 고려했을 때 위치가 나쁘지 않아서 여기로 최종 결정했어요!
- 일단 방에는 TV, 아기침대, 산모침대, 유축기, 와이파이, 냉장고, 옷장, 식탁 겸 책상 이렇게 필요한 것들이 거의 다 구비되어 있어요. 침대는 남편이랑 둘이 자도 될 만큼 컸구요! 기타 방안의 시설들이 부족하다고 느낀 적은 없었어요ㅎㅎ
- 수유실, 신생아실: 저는 3층 방이었고, 2층에는 신생아실이랑 수유실이 있어요. 신생아실 바로 옆에 수유실이 있어서 방에 데리고 오지 않을 때는 수유실에서 간단하게 수유할 수 있게 되어있어요. 수유실에는 수유쿠션과 같은 수유할 때 필요한 물품들이 구비되어 있어서 편하게 수유할 수 있어요.
​
2. 산후조리원 특징: 제가 느낀 꿈담 산후조리원의 좋았던 특징들 알려드릴게요 ㅎㅎ
- 신생아 케어 부분: 신생아실 선생님들께서 아기를 예뻐해주시면서 잘 케어해주신다는 느낌을 받았어요. 아기들 이름 다 불러주시면서 항상 아기와 산모 모두에게 다정하게 대해주셔서 마음 편하게 아기를 맡기고 지냈습니다. 초산모라 황달, 재채기, 딸꾹질, 모유수유, 등 모르는 것이 많았는데 아기 태어나고 2주동안 그런 부분에서 도움을 많이 받을 수 있어 좋았어요.
- 모자동실 언제나 가능: 꿈담에서는 언제나 아기를 볼 수 있어요. 모자동실 시간이 따로 정해진게 없어서 원할 때 언제든 아기와 같이 있을 수 있어요. 모자동실 할 때는 속싸개, 손수건 깨끗하게 챙겨주시고 챙겨먹어야 하는 분유, 기저귀 등 잘 챙겨주셔요!
- 셀픽 기계: 하루에 남편 포함 2장정도 사진 인화가 가능해요. 조리원에 있는 시간도 14일이면 아기가 하루하루 남다르게 성장하는 기간이라 하루에 2장씩 인화해놓으면 많이 추억이 되고 좋았어요.
-서비스: 8시, 12시, 3시(간식), 5시 이렇게 아침 점심, 간식, 저녁이 나오구요. 한식 위주로 해서 반찬 3개, 메인 1개, 미역국, 요렇게 매일 균형잡힌 식단이 나옵니다. 집에 가면 이렇게 절대 못 차려먹겠죠ㅠㅎㅎ 그리고 빨래는 매일매일 세탁망에 넣어두면 해주시고, 청소도 매일 10시~11시 사이에 쓰레기랑 간단하게 청소기 돌려주셔요!. 세탁이랑 청소를 대신 해주시니까 지내기가 편했어요!
​
3. 가격: 13박 14일 기본룸(VIP) 250만원이었습니다!
​
전반적으로 조용하고 차분한 분위기에서 편하게 쉴 수 있었던 점이 장점이었구요. 산모에게 자유롭게 모자동실을 하게 해주고, 강요하거나 그런 부분이 거의 하나도 없어서 자유롭고 차분하게 2주동안 원할 때 아기 보고 하면서 지내고 싶다 하시는 분들은 만족하실 수 있는 산후조리원이라고 느꼈습니다^^ 그리고 주변이 대학가와도 가깝고 해서 뭐 시켜드시고 싶거나 할 때 선택지도 많아서 좋으실 거에요~~!!
​
​",정보 감사합니다!,1,https://cafe.naver.com/f-e/cafes/24000254/articles/6992142?boardtype=L&userDisplay=50&menuid=13&referrerAllArticles=false&inCafeSearch=true&query=%EC%B2%AD%EC%86%8C&art=aW50ZXJuYWwtY2FmZS1hcnRpY2xlLXJlYWQtaW5DYWZlLXNlYXJjaC1saXN0.eyJ0eXAiOiJKV1QiLCJhbGciOiJIUzI1NiJ9.eyJjYWZlVHlwZSI6IkNBRkVfSUQiLCJhcnRpY2xlSWQiOjY5OTIxNDIsImlzc3VlZEF0IjoxNzg4MjMzMTM0NjA0LCJjYWZlSWQiOjI0MDAwMjU0fQ.bpr0vOpItZxmNQA17Xp961YDNp8a5zlWNeopLFdlV1Q&page=2,JKS
대구맘365,24000254,13,청소,여성메디파크 조리원 vip실 후기입니당,2025.03.22. 01:13,"🔸출산후기 내용은 ""출산 성공 바이러스""
에 게시글 작성해 주시기 바랍니다.
​
🔸""예비맘정보공유"" 게시판에 위 게시글 작성시
활동정지 및 무통보 삭제됨을 알려드립니다.
​
안녕하세요^^
이번에 여성메디파크 조리원 이용하고 후기 남겨요.
처음에는 접근성등을 고려하여 여성메디파크 조리원을 선택하게 됐는데 지내다보니 만족도가 높았습니다.
분만예정일보다 출산이 당겨져 갑자기 연락을 드렸는데 편의를 봐주셔서 예약일보다 당겨서 입실이 가능한 점도 좋았네요.
​
★제가 이용하면서 느꼈던 만족한 점★
​
1. vip실 리모델링으로 크고 쾌적함
vip실 리모델링으로 침실이랑 작은거실이 분리돼있어 꽤 넓어요. 방안도 따뜻했고 청소도 매일해주셔서 쾌적하게 지냈습니다.
​
2. 마사지쌤 실력이 좋음
가슴이 돌덩이처럼 뭉쳐있었는데 무료로 가슴마사지를 받은뒤 유축이 원활해지는걸 경험하고 입실동안 전신마사지 추가해서 쭉 받았습니다. 전신마사지는 붓기가 쑥쑥빠지니 꼭 추가해서 받으세요. 마사지쌤 실력이 너무 좋으세요.
​
3. 보호자 식사 무료
하루전날 보호자 식사 물어보시는데 세끼 모두 추가비용없이 무료입니다. 산모식단과 비교하면 반찬 하나정도 차이나고 비슷하게 나와요. 입실내내 남편이랑 같이 지냈는데 남편은 이점을 가장 만족해했어요.
​
4. 외출이 자유로움
외출이 자유롭다고 관리가 안되는 것도 아니예요.
마스크 착용을 해야 입실이 가능하고 매일 체온이랑 혈압 체크해 주십니다.
​
빕스데이, 간식데이라고 소소한 이벤트도 있고 강제성없는 프로그램 참여도 있으니 본인 의지에 따라 참석하시면 됩니다.
여성메디파크 조리원 이용하시면 선생님들 모두 친절하시고 신경써주셔서 좋은 기억으로 쉬다갈거예요^^",,0,https://cafe.naver.com/f-e/cafes/24000254/articles/6985483?boardtype=L&userDisplay=50&menuid=13&referrerAllArticles=false&inCafeSearch=true&query=%EC%B2%AD%EC%86%8C&art=aW50ZXJuYWwtY2FmZS1hcnRpY2xlLXJlYWQtaW5DYWZlLXNlYXJjaC1saXN0.eyJ0eXAiOiJKV1QiLCJhbGciOiJIUzI1NiJ9.eyJjYWZlVHlwZSI6IkNBRkVfSUQiLCJhcnRpY2xlSWQiOjY5ODU0ODMsImlzc3VlZEF0IjoxNzg4MjMzMTM0NjA0LCJjYWZlSWQiOjI0MDAwMjU0fQ.rrcjaFZPR5ta96b3szZLR0A8xq8NyFV9d9sk5y3bvsc&page=2,JKS
대구맘365,24000254,13,청소,로즈마리조리원 후기,2025.03.21. 16:17,"로즈마리조리원을 2주 이용한 후 후기를 들려드릴게요 ~~
​
일단 제가 로즈마리병원에서 출산을 했어서
같은 건물에 있는 조리원을 이용하니 아기도 알아서 옮겨주시고 편했어요
​
그리고 저에게 중요했던 밥과 간식 !!
밥과 간식이 나오는 시간은 아래와 같았어요 ㅎㅎ
신랑도 조리원 건물 직원 식당에서 밥을 먹을 수 있는데 괜찮게 나온다고 해서 저의 선택에 뿌듯함이 있었어요
신랑은 아침은 무료이고 점심 저녁은 2층에 가서 5천원 주고 식권 구매하여 식당을 이용할 수 있었습니다.
주말에는 2층에 문을 안여니깐.. 주말에도 식당 이용하실 분은 미리 가서 식권을 사두셔야 해요 참고 참고 ㅎㅎ
밥양이 부족하면 연락을 달라고 되어있었는데 저는 딱 적당해서 잘먹었어요
식당 아주머니들 요리 실력이 좋으세요
지금 집에 돌아오니 저 음식들이 그립네요 ㅠㅠ
보이시나요~ 식단들 ~ 저는 아주 잘 먹었답니다 ^^
가끔씩은 약간 사육당하는 느낌..ㅎㅎ..
​
그리고 내부에 전자레인지도 있어요~
사용하실분은 참고하시길 ^^
저는 찜질팩 가지고 가서 전자레인지에 데워서 잘 썼답니다
​
그리고 중요한 면회, 보호자 출입에 관한 정보~~
조리원에는 남편만 출입 및 면회가 가능했어요
친정부모님들께서 오셔서 아기 보고싶어하셨는데 그게 좀 아쉬웠지만
아기들의 건강 관리를 위해서 !! 좀 참고 기다리라고 했어요 !! ㅋㅋ
​
수, 토요일 모자동실 하는 날에는 남편의 출입 및 면회가 불가능해요
(그런데 이 부분에 대해서는 당시의 상황에 따라서 변동이 있는 것 같았어요)
모자동실하면서.. 약간 맛보기 육아를 하는 느낌 ㅋㅋㅋㅋ
아기가 이렇게 많이 우는지 몰랐어요 ㅠㅠㅠㅋㅋㅋㅋ 왜 우는게야 .. 엄마가 얼른 알아차릴 수 있도록 해볼게 !!
파이팅 !!!!!
​
그리고 제 방에서 보이던 창밖뷰 ~ ㅎㅎ
베란다 있는 방도 있지만.. 저는 창밖이 보이는게 더 제 취향이였기에
이 방으로 배정받아 좋았습니당 ^_^
아참 그리고 같은 급의 방이라도 방마다 구조가 조금씩 다르다구해요
제가 처음에 계약할때 봤던 방이랑은 달랐어요.
방을 미리 찜할 수는 없는 것 같고, 들어갈때 비어있는 방에 들어가게 되는 것 같아요 참고하셔요
​
그리고 청소하시는 분도 그렇고 모든 직원분들이 엄청 친절했어요!
이건 신랑도 인정!! 다들 인사도 잘해주시고 좋았어요~
아 그리고 아기가 진료볼 일이 있었는데
조리원 선생님 한분과 같이 바로 밑에 소아과에 내려가서 같이 진료보고 했었어요
이점도 이 조리원의 장점이랍니다 ^_^
다들 행복하세요 !!!!!!!!!!!!!!!!!!!!!!!!",혹시 조리원동기모임같은 게 있으신가요?,1,https://cafe.naver.com/f-e/cafes/24000254/articles/6985136?boardtype=L&userDisplay=50&menuid=13&referrerAllArticles=false&inCafeSearch=true&query=%EC%B2%AD%EC%86%8C&art=aW50ZXJuYWwtY2FmZS1hcnRpY2xlLXJlYWQtaW5DYWZlLXNlYXJjaC1saXN0.eyJ0eXAiOiJKV1QiLCJhbGciOiJIUzI1NiJ9.eyJjYWZlVHlwZSI6IkNBRkVfSUQiLCJhcnRpY2xlSWQiOjY5ODUxMzYsImlzc3VlZEF0IjoxNzg4MjMzMTM0NjA0LCJjYWZlSWQiOjI0MDAwMjU0fQ.thMfCRZqJQxO0osfAqx3fZbXx3bi36_njOrfefr1OlQ&page=2,JKS
대구맘365,24000254,13,청소,산후도우미 업체 및 산후도우미 추천 부탁드려요,2025.03.16. 15:47,"🔸출산후기 내용은 ""출산 성공 바이러스""
에 게시글 작성해 주시기 바랍니다.
​
🔸""예비맘정보공유"" 게시판에 위 게시글 작성시
활동정지 및 무통보 삭제됨을 알려드립니다.
​
​
안녕하세요
5월 초 출산예정인 산모입니다
산후도우미분 추천받아 지정하려고 하는데요
업체랑 도우미분 추천좀 부탁드려요
​
지역은 만촌동이고
3-4주 모실 계획이구요
아이는 초등생 두명이 있는 집의 셋째입니다
아이돌봄 방법은 배우지 않아도 돼요 분유수유할 예정입니다.
하루 식사한번+아이목욕한번+젖병 포함 설거지+운동할수있는 시간 1시간정도 만들어주시기+주1회 화장실청소
요 루틴만 하면될거같아요
사생활에 훅 들어오지 않으시는분을 선호합니다
​
혹시 추천해주실만한 분 계시면 쪽지나 댓글 부탁드립니다!","제가 만난 이모님 아기케어는 물론 정말 깔끔하게 내 일처럼 잘해주셨어요~쪽지로 드려볼게요 | 감사합니다~~~^^ | 혹시 저도 좀 쪽지 주실 수 있을까요,,^^ | 저는 참사랑이랑 몽베베 두곳 괜찮더라구요~ 최근에 조카 태어나면서 몽베베 썼던데 이모님이 알아서 척척해주시니 잠만자고 회복만 신경쓰시면되겠더라구요~! | 감사합니다~ 혹시괜찮으시면 좋으셨던 이모님 성함도 쪽지로 부탁드립니다! | 감사합니다~ 혹시괜찮으시면 좋으셨던 이모님 성함도 쪽지로 부탁드립니다! | 혹시 저두 쪽지 좀 부탁드려두 될까요 ^^ | 드리께용 | 저는 조은맘 추천합ㄴ다 !! 이모님이 친정엄마처럼 잘 챙겨주셔서 아파트 아는 언니도 소개시켜드렸었네요 ㅋㅋ 참고하시라고 이모님 성함 쪽지드려볼게요 | 앗~! 정말 감사드려요 *^^* | 산후도우미 신청이 너무 늦어져서 저도 쪽지 좀 부탁드려볼게요 ,,^^ | 산후도우미분은 화장실청소는 안해주신다더라구요큰업체가 좋아요",12,https://cafe.naver.com/f-e/cafes/24000254/articles/6980634?boardtype=L&userDisplay=50&menuid=13&referrerAllArticles=false&inCafeSearch=true&query=%EC%B2%AD%EC%86%8C&art=aW50ZXJuYWwtY2FmZS1hcnRpY2xlLXJlYWQtaW5DYWZlLXNlYXJjaC1saXN0.eyJ0eXAiOiJKV1QiLCJhbGciOiJIUzI1NiJ9.eyJjYWZlVHlwZSI6IkNBRkVfSUQiLCJhcnRpY2xlSWQiOjY5ODA2MzQsImlzc3VlZEF0IjoxNzg4MjMzMTM0NjA0LCJjYWZlSWQiOjI0MDAwMjU0fQ.N-8PH1V9kiKcG9zIj9LUgG2cWIt6VA70JY-HILDr5q0&page=2,JKS
대구맘365,24000254,13,청소,내돈내산 바니하우스 빅매트 층간소음매트 후기,2025.02.28. 22:38,"50일쯤 지났을때 매트 해야하나? 하는 생각에
알아보니 출산전부터 하시더라고요...
터미도 신생아때부터 매트위에서 할걸 엄청 후회중이구요
역류방지 쿠션이 있는데 바닥에 쓰다가...
이제 매트 사고나니까 진짜 아기가 사는 집(?) 같아보여요ㅎㅎ
매트 사는 시기는 출산 전에 무조건 추천할것 같아요~
사이즈가 다양해서 맞는걸로 골랐는데 살짝 오바되지만
그래도 잘 쓰고 있네요~ 일단 두께도 마음에 들고
설치하는데 어려움이 없어서 남편이 후다닥 조립해준^^
향균있는걸로 샀는데 그래서 그런가 바로 써도
냄새가 안나서 다행이었어요 ㅎㅎ
요즘은 아이랑 놀아주느라 매트생활만 하네요
로봇 청소기도 매트에 올라가는데 살균티슈로 손으로 청소하는..!!
설치도 어렵지 않아요~ 남편이 금방하더라고요^^
​
​
매트까니까 거실이 더 깔끔해보이고
누워도 되고 편합니다 ㅎㅎㅎㅎ 아이들고 일어설때가
허리랑 무릎이 아프지만 ㅠㅠ
앞으로도 매트없이는 힘들것 같아요
​
뭐든 세일할때 기다렸다 사는게 제일인듯요 ㅎㅎ
잘사서 쓰는것중 하나네요~",,0,https://cafe.naver.com/f-e/cafes/24000254/articles/6967805?boardtype=L&userDisplay=50&menuid=13&referrerAllArticles=false&inCafeSearch=true&query=%EC%B2%AD%EC%86%8C&art=aW50ZXJuYWwtY2FmZS1hcnRpY2xlLXJlYWQtaW5DYWZlLXNlYXJjaC1saXN0.eyJ0eXAiOiJKV1QiLCJhbGciOiJIUzI1NiJ9.eyJjYWZlVHlwZSI6IkNBRkVfSUQiLCJhcnRpY2xlSWQiOjY5Njc4MDUsImlzc3VlZEF0IjoxNzg4MjMzMTM0NjA0LCJjYWZlSWQiOjI0MDAwMjU0fQ.Pd7jb_0RpW8m4dyjVDHUP1jnIAniezTJ2-uwjKb2j4c&page=2,JKS
대구맘365,24000254,13,청소,지온 조리원 추천해요,2025.02.26. 22:15,"지온 산후조리원 위치도 좋고 밥도 넘 맛있어요
아기케어 완벽하구요
신생아실에 실장님 프로 페셔널하세요
청소도 매일 깨끗하게 해주셔서
푸욱 쉴수 있는 조리원이었어요
추천해요!!",,0,https://cafe.naver.com/f-e/cafes/24000254/articles/6965942?boardtype=L&userDisplay=50&menuid=13&referrerAllArticles=false&inCafeSearch=true&query=%EC%B2%AD%EC%86%8C&art=aW50ZXJuYWwtY2FmZS1hcnRpY2xlLXJlYWQtaW5DYWZlLXNlYXJjaC1saXN0.eyJ0eXAiOiJKV1QiLCJhbGciOiJIUzI1NiJ9.eyJjYWZlVHlwZSI6IkNBRkVfSUQiLCJhcnRpY2xlSWQiOjY5NjU5NDIsImlzc3VlZEF0IjoxNzg4MjMzMTM0NjA0LCJjYWZlSWQiOjI0MDAwMjU0fQ.RjSFk2S5p0n3A5k75_A77yS2y6wMm4KSQvIa0ssoEw0&page=2,JKS
대구맘365,24000254,13,청소,꿈담산후조리원 VIP 찐 사용후기💜💛❤️🧡💙,2025.02.16. 12:36,"수성구 거주하며, 효성병원에서 제왕출산후
꿈담조리원에서 13박14일(2주)이용했습니다.
너무 인상에 남아🥹후기까지 작성하게 되었습니다☺️
​
​
먼저, 산후조리원 선정 순위
1. 아기케어&산모케어
2. 룸 상태
3. 남편 거주 가능여부
4. 식사
5. 모자동실 이용
6. 본아트 촬영
1. 아기케어 및 산모케어
:제일 중요한 부분 아닌가요?
다른 산후조리원과 비교했을때 압도적으로 상위권이 아닐까 싶어요!! 왜냐?? 꿈담은 원장님이 간호사출신으로 아기케어를 같이 해주십니다😊소중한 우리 아가 맘편히 믿고 맡길 수 있죠!! 그리고 원장님을 비롯해 꿈담 모든 이모님들이 친절해요🥹❣️
​
2.룸 상태
:제가 2번째로 걱정했던 부분인데, 저의 걱정을 싹 잊게 해주었습니다!! 입실 첫날 너무 놀랬어요!! 생각보다 너무 좋더라구요?? (제가 이용한 309호 강추합니다👍)
⭐️다른 방에 비해서 비교적 더 넓고
⭐️베란다가 있어서 짐을 놔둘수 있는 공간이 더 많아요!!
저처럼 깨끗함을 추구하시는 산모에겐🤣너무 강추👍
​
-방 온도조절가능, 침대 편함, 유축기 및 소독기 있음,헤어드라이기 있음
-매일 오전10:30~11:30 사이 청소해주심
-빨래망에 담아서 내놓으면 빨래도 해주심
-화장실 수압 좋음, 바닥도 뜨거움ㅋㅋ,비데있음
​
3. 남편거주 가능
:꿈담은 남편이 거주도 가능합니다!!
이외 면회는 전면 제한되지만..산모 외출이 가능해요!!
1층에 이디야카페가 있어서
카페에서 만나시면 됩니다^^!!
4. 식사
:식사 후기가 적어서 걱정했으나, 식사도 괜찮습니다
(국은 미역국만 나와요...ㅎㅎ물론,종류는 바뀜)
사실...우리 먹을려고 조리원 오는거 아니잖아여ㅋㅋ
살빼야죠!!!ㅠㅠ흑흑...근데 맛있어여ㅋㅋ살이 안빠져😂
​
이모님이 방안에 가져다 주십니다.
-아침(오전8시),점심(오전12시),저녁(오후5시)
-오후간식(오후3시)
💙❤️💛간식은💙❤️💛
5. 모자동실
:언제든지 모자동실 이용가능!
산모가 아기 보고싶을때 언제든 방에 데리고 와서 보시면 됩니다☺️사랑스러운 아기 사진도 편하게 찍어요☺️
​
6.본아트 촬영
:저는 둘째라서 처음엔 할 생각이 없었는데🤣
막상보니 너무 잘 찍어주시더라구요🤣결국 신청🤣
무료는 심플컨셉이고, 저는 유료로 B 선택!
​
이외에도 장점이 너무 많은 꿈담산후조리원🥹
다시 간다고 해도! 또 꿈담을 선택할거에요🥹
이런곳이 많이 알려지면 좋겠습니다!!
이외 부가설명 TIP.
1. 조리원 준비물
:딱 사용한것만 적었어요!!요것만 챙기세요!!!
-아기:로션 (이외는 조리원에 다 구비되있어요)
-산모:맘스팬티,물티슈,영양제,수건,세면도구,화장품
⭐️세탁망,텀블러,마스크팩,미스트,충전기선
2. 셀픽
:조리원내 셀픽 비치되어있어서 하루에 2장 무료출력가능
(산모 1장 , 남편 1장)
3.주차
:본건물 타워주차이고, 주차하시고 난후 나갈때
조리원 2층 데스크에 구비된 주차카드 가지고 가면 됩니다
4.마사지
:흠...개인적으로 마사지는 별로였어요!
저는 조리원나가서 원래받던 곳 이용하려구 3번만 받았습니다! 가격은 1회당 11만원(현금가)..
문의사항은 댓글로 남겨주시면 답변해드릴께요^^","오옷ㅡ18일 유도잡아놓고 곧 조리원 갈 예정인데 많이 도움되는 글이네요💕 | 축하드립니다^^!!건강히 순산하시구😍아기 산모님 모두 건강히 회복하시길 기원할께요❣️ | 업체명이 어떻게 되나여? | 꿈담산후조리원 입니다!ㅎ | 본아트 무료도 있나보네요~ 퇴소할때 아기 옷은 챙겨가야 하나요?? | 무료는 그냥 아무 컨셉 없이~배냇저고리만 입고 찍은 사진이에요!! (안예뻐요🤣) 유료가 확실히 예쁩니당 ㅋㅋㅋ아기옷은 !!!보통 병원에서 퇴원시( 겉싸개,속싸개,배냇저고리 )챙겨오라고 할 거에요ㅎㅎ이후 조리원 도착 후, 조리원 옷으로 환복합니다!그리고 조리원 퇴소시 원래옷으로 갈아입혀주시구요^^",6,https://cafe.naver.com/f-e/cafes/24000254/articles/6956414?boardtype=L&userDisplay=50&menuid=13&referrerAllArticles=false&inCafeSearch=true&query=%EC%B2%AD%EC%86%8C&art=aW50ZXJuYWwtY2FmZS1hcnRpY2xlLXJlYWQtaW5DYWZlLXNlYXJjaC1saXN0.eyJ0eXAiOiJKV1QiLCJhbGciOiJIUzI1NiJ9.eyJjYWZlVHlwZSI6IkNBRkVfSUQiLCJhcnRpY2xlSWQiOjY5NTY0MTQsImlzc3VlZEF0IjoxNzg4MjMzMTM0NjA0LCJjYWZlSWQiOjI0MDAwMjU0fQ.IXk_4bIIFE1-j_HbAdIqCYN1v4wYvr8Eq5Fy6NVD3ps&page=2,JKS
대구맘365,24000254,13,청소,달서구 리엘산후조리원 2주 이용후기,2025.02.09. 20:40,"리엘산후조리원 VIP 2주 후기
임신 6주차, 심장소리 확인한 날 바로 산후조리원 예약부터 했습니다. 늦어질수록 방이 없다고 해서 저도 최대한 빠르게 알아봤어요.
처음에 조리원을 알아볼 때 집은 서구, 분만병원은 여성아이병원이었는데 조리원은 분만병원인 여성아이를 갈 지, 집 근처에 있는 조리원을 갈 지 고민을 했습니다.
그러다 서구까지 많이 먼 거리는 아니지만 일주일된 신생아를 데리고 서구까지 가려니 걱정이 되어서 분만병원 근처로 조리원을 알아보게 되었습니다.
분만병원을 비롯해 달서구에 있는 조리원을 다 검색해봤을 때 리엘 산후조리원이 가장 마음에 들었어요.
기본적으로 신생아 케어는 대부분의 조리원에서 신경을 잘 써주시겠지만 신생아실이 오픈되어 있어 언제든지 내 아기를 볼 수 있다는 점,
원하는 때 언제든 모자동실이 가능하다는 점이 가장 마음에 들었습니다.
또 리엘산후조리원은 방이 깔끔하고, 모션베드가 있다는 점, 밥이 맛있고, 따뜻한 보리차를 마실 수 있다는 점이 추가적으로 좋았어요.
실제로 6주차에 병원 진료가 끝나고 당일 예약해서 상담을 받으러 갔었고, 실장님께 상담을 받았는데 실장님의 친절하신 상담과 타조리원에 비해 합리적인 가격에 바로 vip로 예약하게 됐어요.
제가 상담갔을 때도 vvip는 이미 마감이 됐더라구요. 리엘산후조리원은 산모들에게 인기있는 달서구 조리원이기때문에 되도록이면 심장소리 확인과 동시에 예약하시길 추천드립니다!
​
출산 후 남편이 출산 당일 퇴원 후 조리원 입실 날짜를 전달드렸고
다행히 대기해야할 것 같다는 얘기는 없었습니다.
통화 후 입실 준비물 안내를 한 번 더 받았고, 덕분에 필요한 물품 중 준비를 미처 하지 못한 것들은 병원 입원 기간에 구매를 했습니다.
​
입실 당일은 평일이라 남편 출입이 불가하지만 남편이 짐을 올려주고 함께 짐을 풀 수 있도록 여유시간을 주신 덕에 남편이랑 작별인사도 넉넉하게 할 수 있었어요😭
배정받은 vip룸은 테라스가 있었고, 날이 추운 관계로 테라스는 이용하지 않았지만 방에서 음식을 먹으면 환기 시키기 좋았어요.
예약할 때는 없었던 수유의자가 생겼고, 각 방에는 드라이기와 소독기가 준비되어 있었습니다.
수유의자가 정말 편하더라구요. 소독기는 유축하기 전 젖병, 깔때기를 보관하는데 용이했습니다.
처음 왔을 때 부종이 좀 있어서 다리가 아팠는데 모션베드 덕분에 다리를 올릴 수 있는 점도 좋았어요.
​
화장실도 생각보다 엄청 넓었고, 곰팡이나 물때없이 깨끗했습니다.
vvip실을 제외하고 다른 방들은 7,8층이라 신생아실, 식당 등이 있는 9층을 오갈 때 추울 수 있는데 가운이 있더라구요.
처음에는 너무 두껍다고 생각했는데 날씨가 많이 쌀쌀해지면서 가운 정말 필수였습니다!
디데이 달력도 있어서 모자동실할 때 사용하면 좋겠더라구요.
아침 8:00 점심 12:00 저녁 17:30
보통 반찬 3-4가지, 국, 밥이 나오는데 원하는만큼 반찬을 떠서 자리를 잡으면 밥과 국은 가져다주세요.
미역국이 대부분이지만 메뉴에 따라서 계란국, 된장국 등이 나올 때도 있었고 특식처럼 삼계탕, 돈까스, 함박스테이크 등이 나오기도 했습니다.
반찬 간은 많이 쎄지 않았고, 병원에서부터 간을 약하게 먹어서 그런지 빨간 반찬은 제 입에는 좀 매웠어요.(맵찔이 기준)
15:00 20:00 에는 간식이 제공되고 월,수,금 저녁은 따뜻한 죽이라 식당으로 가서 먹어야 해요. 나머지는 방 문 앞 트레이에 가져다 주십니다. 또 매주 목요일 15시는 리엘 간식데이로 식당에 여러 다과를 준비해주세요. 과일, 떡, 과자 등 다양하게 있어서 좋았고 빵, 피자, 요플레 등 상황에 따라 메뉴가 달라져서 맛있게 먹었습니다.
산모들을 위한 다양한 교육프로그램도 마련되어있는데 저는 원장님 신생아 관리 교육을 제외하고는 마사지, 수유콜 등등의 이유로 못들었어요. 제 방이 있는 7층 교육장에서 진행되는데 교육 소리가 들리니 못들어본게 아쉽더라구요ㅠㅠ 초산맘이라면 들어보는 것도 추천합니다!
​
입실 첫 날 무료 마사지를 받을 수 있는데 저는 설 당일에 입실이라 마사지 선생님 휴무였고, 다음날 받게 되었습니다.
마사지라고는 한 번도 받아본 적이 없는데다가 제왕절개를 하면 복부가 약하게 들어가서 아쉽다는 산후 마사지 후기를 봐서 크게 기대하지 않았어요. 그런데 받자마자 생각이 완전 바뀌었답니다..!
우선 마사지 선생님은 랜덤으로 배정되는 것 같았고, 제 담당 선생님은 정말 좋으셨어요. 입실 첫 날부터 낯선 환경에서 멘탈이 많이 무너져있었는데 멘탈케어부터 초산이라 아무것도 몰랐던 수유텀, 수유시간, 모유수유/분유수유에 대한 고민상담 다 들어주시고 알려주셨어요. 직수하면 유축안해도 되는 줄 알았다가 선생님 덕분에 유축하면서 젖몸살도 많이 줄었습니다.
마사지받으면서 부종도 많이 가라앉고 바르지 않은 자세로 인해 불편한 부분들도 다 풀어주셔서 정말 만족스러웠어요.
첫 날 받고 9회 결제했는데 퇴소 전 날까지 받을 수 있어서 너무 잘한 것 같아요. 단유 고민도 내 일처럼 들어주시고 약은 먹고 싶지 않다고 말씀드리니 최대한 안먹을 수 있도록 도와주셨어요. 데스크에 아이스팩도 빌릴 수 있다고 알려주셔서 단유 중에 아이스팩으로 도움도 많이 받았습니다. 마사지받은 건 정말 조리 중에 최고였어요!!
​
수유실 사진은 없지만 대신 남겨보는 수유 후 남긴 애기 발 사진
수유 첫 날 많이 우왕좌왕했지만 신생아실 선생님께서 직수, 단유 여부 확인하시고 어떻게 해야할 지 알려주셨어요.
선생님들께서 아기 제대로 안겼는지 제대로 물었는지까지 봐주셔서 서투르지만 금방 배운 것 같아요.
아기가 딸국질하거나 잘 먹지 않을 때, 궁금한 부분이 있을 때 수유실 안에 있는 벨을 누르면 오셔서 다 알려주시기 때문에 모르면 걱정말고 꼭 물어보세요!!
저는 병원에서 수유를 한 번도 해보지 않은 상태로 와서 정말 우왕좌왕하고 긴장도 많이 해서 애기 수유를 제대로 못하고 보충 수유도 거의 못했어요. 특히 트림시키는 건 더 어려워서 잘 못했는데 아기 신생아실로 보내면 침대를 살짝 세워서 아기를 바로 눕히지 않으시더라구요.
리엘산후조리원은 신생아실이 오픈되어 있어서 아기를 이렇게 바로 확인할 수 있고, 보고싶을 때 언제든 볼 수 있다는 점이 정말 좋았어요.
또 12:00-14:00에는 신생아실 환기, 청소, 목욕 시간이라 그 시간을 제외하고 언제든 모자동실이 가능한 점이 리엘산후조리원을 선택한 큰 이유 중에 하나였는데요.
첫째아이라 혼자서는 잘 볼 자신이 없어서 주말에 입실 가능한 남편이 왔을 때 모자동실을 했어요.
미리 신생아실로 전화 해 모자동실한다고 말씀드리고 각 방에 있는 아기 침대를 가져오면 본인 겉싸개를 해서 준비를 해주세요.
얼굴 부분에 바람이 들어가지 않도록 새 속싸개까지 살짝 덮어주시고 밥시간이면 젖병과 기저귀를 함께 챙겨주세요.
밥시간이 다가오면 언제쯤 수유해야하니 받으러 오라고 알려주셨고, 수유 직후 올라와서 다음 수유텀이 오면 신생아실로 전화드리면 미리 분유를 준비해주셔서 바로 가지고 올 수 있습니다.
신생아실 선생님들께서는 아기 한 명 한 명 태명 다 불러주시고 불러주실 때도 정말 다정하게 불러주시더라구요.
중간에 이름이 생기면 이름도 새겨주시고 이름으로 불러주세요.
정말 아기들을 예쁘게 봐주시는게 느껴졌고, 모유 강요가 없는 점도 좋았습니다.
하고 싶은 말은 정말 많지만 정말 만족스러웠습니다!
​
그 외에도 아기 사진을 하루 한 장 무료로 출력할 수 있는 셀픽, 하루 두 번 아기 영상 볼 수 있는 베베캠, 산모들을 위한 골반교정기, 온열돔 등이 잘 마련되어 있어서 좋았어요.
수유콜은 생각보다 자주 오지만 선택에 따라 자주 갈 수도 있고 쉴 수있어서 오히려 좋았어요. 처음에는 오는 수유콜을 다 가지 않으면 괜한 죄책감이 들었지만 컨디션에 따라 자주 갈 수 있으면 자주 가고 쉬고 싶으면 쉴 수 있다는 게 타의가 아니라 자의로 선택할 수 있어서 좋았던 것 같아요.
초반에는 혼자 방 한 칸에 갇혀있는 기분이라 우울감이 들기도 했지만 친절하신 선생님들 덕분에 금방 활력도 되찾을 수 있었고 편하게 조리할 수 있었습니다.
이제 이틀 뒤면 퇴소라는게 정말 믿기지 않을 정도로 시간이 빨리 갔고, 정말 아기를 믿고 맡길 수 있는 조리원에 온 것 같아 마음이 뿌듯하네요. 남은 이틀도 편안하게 쉬다 갈 수 있을 것 같습니다:)
리엘산후조리원 선생님들께 정말 감사드려요.
​",저는 다른 산후조리원 예약했지만제가 예약한곳말고 다른곳은 어떤가 궁금했는데 글 잘봤어요~^^느낌이 신식? 이고 깨끗해서 좋아보여요 | 저도 일단 리엘 예약해 뒀는데 엄마한테는 촤고인것 같아요~~~^^ 알아보다보니 궁금한게 많아져서..ㅎㅎ혹시 모유수유 하셨나요? 모유수유하면 수유콜 항상 해주시는지 궁금해요. 어떤데는 이미 애기한테 모유수유를 충분히 했는데도 분유를 보충수유 한다고 하더라구요. 리엘은 어떤지 궁금하네요.,2,https://cafe.naver.com/f-e/cafes/24000254/articles/6950476?boardtype=L&userDisplay=50&menuid=13&referrerAllArticles=false&inCafeSearch=true&query=%EC%B2%AD%EC%86%8C&art=aW50ZXJuYWwtY2FmZS1hcnRpY2xlLXJlYWQtaW5DYWZlLXNlYXJjaC1saXN0.eyJ0eXAiOiJKV1QiLCJhbGciOiJIUzI1NiJ9.eyJjYWZlVHlwZSI6IkNBRkVfSUQiLCJhcnRpY2xlSWQiOjY5NTA0NzYsImlzc3VlZEF0IjoxNzg4MjMzMTM0NjA0LCJjYWZlSWQiOjI0MDAwMjU0fQ.3m3-1c2HPRuH5hOs_OdbA29YYCwyoU4CNXcN2sc4aAc&page=2,JKS
대구맘365,24000254,13,청소,수성구 엘리자벳 산후조리원 이용후기,2025.02.07. 23:23,"둘째 임신 확인하고 큰 고민 없이 엘리자벳 산후조리원을 예약했습니다. 첫째 조리때 두루두루 만족스러웠던 경험이 컸기에, 괜히 새로운 조리원을 예약 했다가 엘리자벳 산후조리원보다 만족스럽지 않으면 기분이 상할 것 같아서가 그 이유였습니다.
역시나 엘리자벳은 몇 가지 업그레이드 된 요소들 (아기 침대, 파라핀 기계, 골반 교정기 등 생김, 마사지 프로그램 변함) 제외하고는 정갈한 식사, 아기 돌봄, 카페 등 변함 없이 유지되고 있어서 편안한 마음으로 산후 조리할 수 있었습니다. 특히 신생아실 선생님들 중에 눈에 익은 분들이 많으셔서 베테랑 분들이 아기를 봐주실 것이라는 게 가장 안심되는 점이었습니다. 첫째 때는 뭐하러 그렇게 모자동실을 많이 했는지 후회스러워서, 둘째 때는 수유콜도 덜 가면서까지 편안하게 쉬었습니다. 퇴소하면 두 명의 아가를 봐야 하는 나를 위해...
​​
<VIP 룸>
이번에도 스위트 룸을 예약했는데 스위트 룸이 다 차서 VIP 룸으로 업그레이드 되었습니다. 중간에 스위트 룸으로 옮겨야 했으면 조금 번거로웠을 것 같은데 운이 좋아서 퇴소때까지 VIP 룸을 그대로 쓸 수 있었습니다. VIP 룸이 스위트 룸보다 방 크기, 침대 크기, TV 크기가 컸기 때문에 더욱 쾌적하게 조리원 생활을 할 수 있었습니다.
​
<카페>
1층 카페에서 이용할 수 있는 음료 쿠폰 5장으로 아이스 고구마라떼 / 아이스 녹차라떼 / 바나나 우유 세 종류 정도 먹어 보았는데, 그 중 아이스 고구마라떼 추천합니다. 달고 연하기만 한 외부 카페 고구마라떼와 뭔가 다름..
​
​카페에서 커피는 무제한으로 내려먹을 수 있어서, 방 청소시간에 카페에서 커피 한잔하며 시간 보냈습니다. 첫째 때는 봄이라 벚꽃이 쌓여있었는데 이번에는 눈이 쌓인 정원을 보게 되었네요.
​
​<식사>
정갈한 식사 역시 변함 없었습니다. 식당에서 먹어도 되고 방에 가져와서 먹을 수도 있는데, 점심 저녁 식사는 방에 가져와서 드라마 보며 편하게 혼밥 했습니다.
Previous image
Next image
​
<마사지>
이전과 비교해서 마사지가 가장 바뀌었습니다. 이전에는 마유 마사지를 주로 받았었는데, 이번에 프로그램이 바뀌면서 수기/ 고주파 기기 / 온열 돔 을 이용한 마사지인 리커버 케어를 주로 받게 되었습니다. 마사지를 받은게 엘리자벳 조리원에서 받은게 다라 경험이 많진 않지만 개인적으로 리뉴얼 된 마사지가 더 만족스러웠습니다. 고주파 마사지가 이렇게 뜨끈하고 땀이 날지 몰랐고 배 탄력에 도움이 된다고 하심 (체중 감소 추세는 첫째 때와 비교해 보니 거의 비슷하긴 했음).
오케타니 유방 마사지도 선생님 그대로시고 실력이 좋으셔서 아프지도 않으면서 한번만 받아도 젖몸살이 매우 풀림.
​
산후 조리가 대단한 첨단이 필요한게 아닌 분야인 만큼, 큰 탈 없이 안정적으로 유지되고 있어 보이는 엘리자벳 조리원에서의 산후 조리에 이번에도 만족했습니다.
​",오 좋네요 둘째땐 엘리자벳도 고려해 봐야겠어요 ㅎㅎ | 제가 다른데랑 비교는 못해드리지만 괜찮았어요~,2,https://cafe.naver.com/f-e/cafes/24000254/articles/6949165?boardtype=L&userDisplay=50&menuid=13&referrerAllArticles=false&inCafeSearch=true&query=%EC%B2%AD%EC%86%8C&art=aW50ZXJuYWwtY2FmZS1hcnRpY2xlLXJlYWQtaW5DYWZlLXNlYXJjaC1saXN0.eyJ0eXAiOiJKV1QiLCJhbGciOiJIUzI1NiJ9.eyJjYWZlVHlwZSI6IkNBRkVfSUQiLCJhcnRpY2xlSWQiOjY5NDkxNjUsImlzc3VlZEF0IjoxNzg4MjMzMTM0NjA0LCJjYWZlSWQiOjI0MDAwMjU0fQ.wH4_fRL5pJE74uHrIb1unPuZ5nuoNx6OBdfShP1qJcU&page=2,JKS
대구맘365,24000254,13,청소,본베베 아기매트 사용후기,2025.01.25. 21:04,출산전에 미리 구매해보았습니다. 향균 매트라 소독과 청소가 용이해요. 크기도 적당하고 두께도 적당해서 신생아부터 육아하기에 알맞을 것 같아요 맨바닥보다 안전상으로도 안심될 것 같네요 추천합니다,깔끔하게 인테리어랑도 어울리네요 :),1,https://cafe.naver.com/f-e/cafes/24000254/articles/6938473?boardtype=L&userDisplay=50&menuid=13&referrerAllArticles=false&inCafeSearch=true&query=%EC%B2%AD%EC%86%8C&art=aW50ZXJuYWwtY2FmZS1hcnRpY2xlLXJlYWQtaW5DYWZlLXNlYXJjaC1saXN0.eyJ0eXAiOiJKV1QiLCJhbGciOiJIUzI1NiJ9.eyJjYWZlVHlwZSI6IkNBRkVfSUQiLCJhcnRpY2xlSWQiOjY5Mzg0NzMsImlzc3VlZEF0IjoxNzg4MjMzMTM0NjA0LCJjYWZlSWQiOjI0MDAwMjU0fQ.VRTG1tOszjF4Qeh1BSA4lIhFkpPBOvGGddAEJ8dGGnY&page=2,JKS
대구맘365,24000254,13,청소,수성구 엘리자벳 산후조리원 추천합니다ㅎㅎ,2025.01.25. 17:12,"대기 걸어두고 겨우 올 수 있었던엘리자벳조리원이에요!
오기전까진 긴가민가 했었지만 괜히 인기 있는게 아니었습니다ㅎㅎ
​
위치는 수성못 근처고 제가 출산한 효성병원하고는 차타고 5~10분 거리라 이동에 대한 부담감이 적었습니다ㅎㅎ
​
단독 건물이면서 1층에 가슴마사지실이 있고 카페가 있어 잠시 숨돌리기도 좋고 입소하면 무료음료쿠폰도 5장을 주십니다ㅎㅎ
​
2층에는 방과 신생아실, 수유실, 교육실(혈압기있고 골반마사지체어있음)이 있어서 첫날에 입소하면 교육실에서 간단한 설명과 교육을 받습니다ㅎㅎ
​
3층에는 방과 전신마사지실이 있고 전신마사지실 옆에는 파라핀기계가 있어 유용하게 이용 할 수 있습니다ㅎㅎ
​
4층에는 식당과 방이 있습니다ㅎㅎ
​
각층마다 간단한세탁물(산모속옷)을 넣을 수 있는 바구니가 있어 세탁망에 넣어 바구니에 넣어두면 세탁도 해주십니다ㅎㅎ
옆에는 갈아입을 조리원복,남편조리원복,수건,휴지,각티슈가 부족하지 않게 배치되어 있습니다ㅎㅎ
​
식사는 간식포함 하루 5회이고
식사며 간식들이 잘 나와서 먹는걸 정말 잘 먹었습니다ㅎㅎ(미역국비법 알아가고 싶네요🤭)
​
청소는 매일 아침에 청소하시는 선생님들께서 휴지통도 비워주시고 청소기도 밀어주셔서 매일 쾌적하게 있을 수 있었습니다
​
가슴마사지선생님 전신마사지선생님들도 친절하시고 마사지 받을 때 몸 체크 해주시고 맘 편히 마사지 받을 수 있게 해주셨습니다ㅎㅎ
​
특히나
​
신생아실 실장님과 선생님들!
너무너무 친절하시고 아기들을 대하실 때 모습 보고 어떻게 저렇게 까지 하시지?싶을 정도로 모든 아기들 이름,태명 너무 사랑스럽게 불러주시면서 아기 상태를 관심있게 체크하고 봐주셔서 믿고 안심하고 쉴 수 있었습니다ㅎㅎ
첫째라 불안하고 모르는것도 많고 전전긍긍 많이 했는데 불안하고 걱정되는거나 궁금한거 있음 언제든지 물어 보라하시며 질문 할 때마다 잘 알려주셔서 감사했습니다ㅎㅎ
첫째 때 오셨다가 둘째 때 오신 맘들도 많이 계시던데 그 이유를 알것 같았습니다ㅎㅎ
​
13박14일 2주동안 너무 잘 배우고 잘 쉬고 퇴소합니다ㅎㅎ
그새 정이 들었네요ㅎㅎ저도 그런데 울 아기는 더 그럴거 같은!ㅎㅎ☺️
둘째 생긴다면 또 엘리자벳으로 오고싶은데 그 때는 대기없이 올 수 있음 좋겠네용🥰🤭
​
​",금액 정보 알 수 있을까요? | 금액정보 공유 가능하시면 쪽지 부탁드려용 ㅠㅠ,2,https://cafe.naver.com/f-e/cafes/24000254/articles/6938341?boardtype=L&userDisplay=50&menuid=13&referrerAllArticles=false&inCafeSearch=true&query=%EC%B2%AD%EC%86%8C&art=aW50ZXJuYWwtY2FmZS1hcnRpY2xlLXJlYWQtaW5DYWZlLXNlYXJjaC1saXN0.eyJ0eXAiOiJKV1QiLCJhbGciOiJIUzI1NiJ9.eyJjYWZlVHlwZSI6IkNBRkVfSUQiLCJhcnRpY2xlSWQiOjY5MzgzNDEsImlzc3VlZEF0IjoxNzg4MjMzMTM0NjA0LCJjYWZlSWQiOjI0MDAwMjU0fQ.Vu44PEGvtztPxEG1uSn-GnRbMSRugIIODWMA2JjtRqw&page=2,JKS
대구맘365,24000254,13,청소,닥터안산후조리원 일주일 지낸후기,2025.01.23. 12:11,"저는 두번째출산 제왕절개 산모로.. 회복이 너무 더딘상태로 조리원에 들어오게 되었어요. 먼저 도착하자마자 아기를 자세히 살펴주셔서 병원신생아실에서 조차 알려주지 않으셨던 작은 쥐젖과 설소대단축증이 있는걸 저희 부부에게 알려주셨어요.
로비에 안마기, 다리안마기, 발마사지기, 파라핀기계 모두 있어 언제든지 사용가능해요.
여기는 찜질방이구요.
방에서 유축하면서 쓰기 좋았던 다리공기압마사지기!
제가 회복이 잘 안된 상태인데도 병원에서 수유 불려다니느라 너무 힘들고 붓기도 하나도 안빠진 상태였는데, 여기선 당일 오후, 밤만큼은 푹쉬라며 아침일찍 불러드리겠다고 해주시는데, 산모케어가 1순위구나.. 조급했던 마음을 내려놓고 오후 내내 이곳에 상비 되어있던 마사지기를 다 섭렵하고 족욕도 하며 쉬니까 몸이 빠르게 회복 되는 걸 느꼈습니다.
​
신생아실 선생님들도 만날때마다 몸은 괜찮냐고 물어봐주셔서 모두 엄마같고 정말 감사하더라구요. 붓기가 안빠진다니까 매일 족욕하시라고 말씀해주시고, 나중엔 방으로 다리 올릴 베개를 더 가져다 주시더라구요(넘 섬세..따숩ㅜㅜ 감동 그 자체였습니다)
냉장고와 옷장, 공청기, 넓은침대, 쇼파, 화장대가 있구요. 드라이기는 안가져오심 대여해주세요. 수건, 티슈, 중형생리대, 비누, 족욕용 핑크솔트는 어메니티로 제공해주시고 세면 샤워도구는 챙겨오심 돼요!
개인 세탁물 담는 통 방에 있어요!
방은 일반실인데도 넓었고, 매일 청소해 주시고 쓰레기 비워 주셔서 편했어요.
세탁물은 복도에서 찾아오면 되구요
정수기와 전자렌지도 비치되어 있어 남편들이 간식 사오면 데워먹기 좋았어요. 그리고 남편들은 배달음식도 시켜먹을 수 있답니다.
수유실이구요
​
아빠 허그름도 있어요^^
퇴근한 남편이 허그룸에서 아이도 안아볼 수 있고, 매일 모자동실도 가능해서 아빠와의 교감도 자주 할 수 있어 좋았습니다.
​
엄마가 쉬어야한다는 명목하에 모자동실이 없는 산후조리원도 이용해봤는데, 저는 확실히 모자동실이 있는 조리원이 더 좋은 것 같아요!
아침 8시~8:40, 저녁 8시~8:40 이렇게 아이보리어플다운받아 베베캠으로 우리아이 뭐 하고 있나 볼 수 있는데.. 이것도 보는 재미가 있더라구요. 눈 깜빡이며 노는 모습 봐도 하트 뿅뿅~
병원밥이 너무 맛이 없어서 물에 밥 말아먹다 와서.. 여기서도 안먹히면 어쩌나 싶었는데 웬걸.. 첨 식사부터 비빔밥..완밥 했어요!! 그러니 젖이 더 잘 돌더라구요ㅠ 감격해서 사진 찍고는 그다음 먹기 바빠 사진을 많이 못남겼네요.
삼시세끼 맛난 밥에 센스 있는 두번의 간식.. 요거트, 견과류, 치킨또띠아랩, 땅콩죽 등.. 때마다 최고최고 하며 먹었어요😊
​
식사, 간식 모두 직접 방까지 가져다 주세요. 가끔은 전신마사지 받은 후 나른해져서 푹 자고 일어나면 식은 밥이어도 도자기 그릇에 나오기때문에 전자렌지 데워 먹으니 그대로 맛있었어요!
​
​
그리고 이곳 마사지를 빼먹으면 안되는데요~ 몸의 붓기를 잘 관리해주시고, 몰랐던 지식도 많이 알려주신 마사지 정말 추천 합니다. 거짓말 안하고 마사지 받은 후 하루에 3kg씩 빠져서.. 조리원에서 10kg빼고 나가요~~
꼭 받으세요. 두번세번네번 받으세요!!
​
명함으로 오케타니마사지 하시는 분도 알려주셔서 가슴마사지도 방으로 직접 오셔서 해주세요^^
​
또 병원도 같이 운영되는지라 의사쌤이 신생아 회진도 돌아주시고, 또 임신중에 주근깨가 팍 올라와서 스트레스 받았는데.. 조리원 입실 해 있는동안 밖에 나가지 않고도 여기서 케어 받을 수 있어(금액도 할인) 정~~말 편리했어요!!!!!!!
​
만나는 모든 선생님들 너무 친절하시고, 잘 할 수 있다고 응원해주셔서 멘탈 관리도 잘 받고 나가는것 같아요. 정말 이번 조리원 정말 후회없이 누리고 나가요. 이곳을 알게 되어 다행이었고 감사하다는 말씀 드리고 싶네요^^
​
긴 후기 읽어주셔서 감사하고 꼭 추천하는 곳입니다!!👍🏻","저희도 탁터안 !!^^ 푹쉬고 왔어요~~ ㅎㅎㅎ 고생하셧어용~~~ | 그쳐~정말 최고의 조리원이란 생각이 드네요^^ | 닥터안 갈지 고민하고 있었는데 고민되네요:) | 저는 만족이었는데..잘 생각해보시고 결정하세요😊 | 혹시 신생아실 몇층에 있나요?? | 메인로비와 신생아실은 3층, 방과 찜질 족욕실은 4,5층에 있어요! | 지금 신생아실 1층이예요.지금 3층은 공사중이예요. | 신생아실 1층 괜찮나요??  위치상 엄마랑 많이 떨어져 있네요 😭 | 혹시 침대 매트리스는 어땠나요? 스프링이라고 하시길래 혹시 좀 싸구려느낌의 불편한 느낌인지 누었을때 그래도 기분좋은 괜찮네?이런 느낌인지 궁금해요 ㅠ | 이제 댓글 확인 했네요ㅠ저는 거기서 매일 꿀잠 잤어요ㅎㅎ제가 기준이 낮은 걸 수도 있으니..참고만 하세요^^ | 주근깨 관리는 어떤걸 받으셨나요? 피부과 진료도 보시나요? | 한마디로 주근깨, 점을 뺀거죠.. 피부과 다 보세요^^ | 안녕하세요! 혹시 둘째도 조리원출입 가능한가용? | 댓글을 이제 봤네요 죄송해요ㅠㅠ 첫째 말씀 하시는거죠? 조리원 출입 불가능입니다!",14,https://cafe.naver.com/f-e/cafes/24000254/articles/6936263?boardtype=L&userDisplay=50&menuid=13&referrerAllArticles=false&inCafeSearch=true&query=%EC%B2%AD%EC%86%8C&art=aW50ZXJuYWwtY2FmZS1hcnRpY2xlLXJlYWQtaW5DYWZlLXNlYXJjaC1saXN0.eyJ0eXAiOiJKV1QiLCJhbGciOiJIUzI1NiJ9.eyJjYWZlVHlwZSI6IkNBRkVfSUQiLCJhcnRpY2xlSWQiOjY5MzYyNjMsImlzc3VlZEF0IjoxNzg4MjMzMTM0NjA1LCJjYWZlSWQiOjI0MDAwMjU0fQ.wrFRo7USlO5a9SuThetY3BE50SR82ryvA5XAyZVC96I&page=2,JKS
대구맘365,24000254,13,청소,수성구 엘리자벳 산후조리원 이용후기,2025.01.19. 19:22,"안녕하세요. 1월 5일 출산한 경산모에요.
2주간의 조리를 끝내고 어느덧 내일이면 퇴소하는 날이네요. 🥹
​
처음 입소했을 때는 첫째가 보고싶어서 2주 어떻게 보내지… 란 생각이 많았는데, 조리원에서 삼시세끼에 오후간식, 저녁 야식까지 잘 챙겨주셔서 먹다보면 하루가 금방 지나가 있더라구요. 아침은 생선이 꼭 나왔고, 점심은 양식, 저녁 야식은 죽 위주로 많이 나왔어요.
​
저는 디럭스로, 제일 작은 방 예약했는데 공간이 좁다는 느낌은 못 받았어요. 오히려 작아서 아늑하고 좋았네요 😊
​
교육도 일주일에 두 번 정도 있었는데 너무 많지 않아서 모자동실 후에는 방에서 쉴 수 있어서 좋았어요.
청소 시간에 1층 카페에 와서 바깥 보며 조리원 동기들이랑 수다 떨면 시간이 금방 지나가 있었구요.
(수다 떨던 시간이 젤 그리울 거 같아요🥲)
​
둘째엄마지만 첫째랑 터울이 있어서 애기 케어 다 까먹고 잘 못하는 저를 위해 실장님을 비롯한 신생아실 선생님들이 많이 도와주시고 아기 예뻐해 주셔서 너무 감사했어요 🥹 꿀팁 많이 얻어갑니다 😊
​",오우 여기는 밥이 완전 잘 나오네요 :),1,https://cafe.naver.com/f-e/cafes/24000254/articles/6932480?boardtype=L&userDisplay=50&menuid=13&referrerAllArticles=false&inCafeSearch=true&query=%EC%B2%AD%EC%86%8C&art=aW50ZXJuYWwtY2FmZS1hcnRpY2xlLXJlYWQtaW5DYWZlLXNlYXJjaC1saXN0.eyJ0eXAiOiJKV1QiLCJhbGciOiJIUzI1NiJ9.eyJjYWZlVHlwZSI6IkNBRkVfSUQiLCJhcnRpY2xlSWQiOjY5MzI0ODAsImlzc3VlZEF0IjoxNzg4MjMzMTM0NjA1LCJjYWZlSWQiOjI0MDAwMjU0fQ.CAHHbBGYGG5TxnsVdl5t83vp7QGRN3QNEcMAyVUTJ2E&page=2,JKS
대구맘365,24000254,13,청소,닥터안 산후조리원 후기^^,2025.01.05. 23:02,"이번에 출산하며 닥터안에서 산후조리한 후기입니다.
​
일단 저는 조산을 하게 되었어요.
그래서 여러 사정상 원래 예약했던 산후조리원을 못가게 되었어요ㅠㅠ(그쪽 규정상..)
넘 당황해서 급하게 닥터안에 젤먼저 연락드렸는데
감사하게도 방을 마련해주셔서 닥터안으로 가게 되었어요.
사실 닥터안은 제가 그전부터 눈여겨 보던 곳인데,
위치상 다른곳을 선택했었죠. 근데 이렇게 된거보니
닥터안을 가게 될 운명이었나봐요^^ 오히려 좋았아요.
​
닥터안을 눈여겨봤던 이유는 여러가지인데요.
적합한 가격, 남편의 자유로운 출입, 자유로운 외출 그리고 주변분들이 많이 추천해준 곳이었어요.
저는 병원으로 모유를 배달해야 되는 상황이었기 때문에 남편이 자유롭게 들어와서 모유배달해주는게 넘 편했구요. 그리고 저도 병원으로 아기면회를 자주 가야했어서 산모의 자유로운 외출도 필요했어서 닥터안이 너무 맞았어요. 그렇다고 무분별한 외출이 된다기보단 어디가는지 체크는 해야해요!
​
그리고 닥터안에 와서 만족했던 것이
방이 생각보다 크더라구요! 일반실이었는데도 넓고 쾌적한 방 컨디션에 너무 만족했구요.
(방 사진은 홈피사진 퍼왔어융)
​
그리고, 실장님은 물론이고 청소해주시는 여사님과 식사 가져다주시는 여사님들 정말 너무 친절하세요.ㅠㅠ
이건 정말 너무너무 좋았던 부분이라 백번 강조하고 싶어요!!
​
출산하고 나니 왜이리 호르몬이 널뛰던지요…
복도에서 마주친 여사님께서 위로해주신거.. 잊지못할거에요^^ 감사해요.
그리고 식사 가져다주신 여사님.. 항상 먹기좋게 식판을 돌려주시며 웃어주시던 얼굴도 잊지 못할거에요!
​
그리고 식사. 밥도 너무 맛있었고 간식도 넘 맛났어요!
오늘은 무슨 간식이 나올까~~~ 하며 기대도 하고 ㅎㅎ 매번 실망시키지 않던 밥과 간식들!
정말 맛있게 잘 먹었습니다.
그리고 방까지 배달해주시니 편하게 밥 먹을수 있어서 좋았어요.
​
유축기도 사용하면 그때그때 소독 빨리 해주셨네요.
안마기도 찜질방도 족욕탕도 너무 편하게 잘 사용했어요.^^
​
그리고 마사지 1회가 무료인데요~
관리쌤이 이것저것 알려주신 것들이 많이 도움이 되었어요. 저는 1주 있으면서 두번 더 추가해서 받았는데 넘 만족했어요. 첫날엔 이것저것 알려주시고 싶으신 맘에 엄청난 정보가 들어오는데요 ㅋㅋㅋ 두번째 세번째땐 온전히 마사지 받으며 쉴수 있게 해주셨어요! 압도 세고 뭉쳐있던 가슴도 살짝 풀어주시고 좋았어요!
​
앞으로 전 출산 계획이 없어요…
이번으로 내생에 더이상 출산은 없거든요 ㅋㅋ
그래서 다시 올순 없겠지만 주변 지인들에게 무조건 추천하는 조리원이 될것같네요!!!!!!
​
너무 잘 있다가 갑니다^^
​
​
​
​
​",,0,https://cafe.naver.com/f-e/cafes/24000254/articles/6919757?boardtype=L&userDisplay=50&menuid=13&referrerAllArticles=false&inCafeSearch=true&query=%EC%B2%AD%EC%86%8C&art=aW50ZXJuYWwtY2FmZS1hcnRpY2xlLXJlYWQtaW5DYWZlLXNlYXJjaC1saXN0.eyJ0eXAiOiJKV1QiLCJhbGciOiJIUzI1NiJ9.eyJjYWZlVHlwZSI6IkNBRkVfSUQiLCJhcnRpY2xlSWQiOjY5MTk3NTcsImlzc3VlZEF0IjoxNzg4MjMzMTM3ODA5LCJjYWZlSWQiOjI0MDAwMjU0fQ.hNcJJRs4GKqW4P1xKrNLO0oWPDzzSTcgvQUiCLKfC3E&page=3,JKS
대구맘365,24000254,13,청소,닥터안산후조리원 13박 14일 후기,2025.01.02. 19:02,"두류역에 위치한 닥터안 산후조리원인데요 집이랑 가깝고 가성비가 좋다는  후기들이 많아  결정했어요!
처음에 시설이 오래된 편이라 살짝 고민했는데 그 점이 무색할 정도로 이용하면서 잘했다고 느끼게 된 부분은  관리가 아주 잘되어 있다는 점, 직원분들이 다들 가족처럼 대해주신다는 점이에요!
이모님들과 신생아 케어해주시는 팀장님, 실장님, 선생님들이 너무 잘챙겨주세요. 청소하는 이모님들도 항상 뭐 더 필요한거 없는지 물어봐주시고 언제든지 필요한거 있으면 말하라고 여기서는 말안하면 모른다고ㅋㅋㅋ
저는 4층에 위치한 방이였는데 찜질방이랑 족욕실이 같은 층이라서 너무 잘 이용했어요!
신생아실이랑 데스크는 3층이에요~
수유콜 오면 바로 한 층만 내려가면 되고 산모들을 위해 직원분들은 비상계단만 이용하고 엘리베이터는 산모들만 대부분 이용하는 부분도 세심하고 좋더라고요
밥은 누가 만드시는지 간도 딱딱 맞고 입맛 까다로운 신랑도 먹어보더니 맛있다고 하더라고요ㅎㅎㅎ 도자기 식기라 좀 무거운데 이모님들이 방안까지 다 배달해주셔요
간혹 비슷한 메뉴가 나오긴 하고 미역국말고 다른 국 메뉴도 이렇게 나온답니다ㅎㅎ
참고로 아세아병원과 같이 있어서 매일 소아과 선생님이 회진을 오시고 조리원에 머무는 동안 BCG 경피용 접종하고 경과를 지켜볼 수 있어서 좋았어요
+ 현재시점으로는 산모 외출이 가능한 점, 출퇴근 한 신랑이 잠시 와서 아기를 볼 수 있는 허그룸이 있어 모자동실이 어려울 경우에도 아기를 아빠도 볼 수 있다는 점도 좋았네요!
​
퇴실 하루 전인데 머무는 동안 정말 편하게 잘 있다갈 수 있도록 해주셔서 너무 잘 있다가요..ㅠㅠ 집에 가기 싫으네요",,0,https://cafe.naver.com/f-e/cafes/24000254/articles/6917126?boardtype=L&userDisplay=50&menuid=13&referrerAllArticles=false&inCafeSearch=true&query=%EC%B2%AD%EC%86%8C&art=aW50ZXJuYWwtY2FmZS1hcnRpY2xlLXJlYWQtaW5DYWZlLXNlYXJjaC1saXN0.eyJ0eXAiOiJKV1QiLCJhbGciOiJIUzI1NiJ9.eyJjYWZlVHlwZSI6IkNBRkVfSUQiLCJhcnRpY2xlSWQiOjY5MTcxMjYsImlzc3VlZEF0IjoxNzg4MjMzMTM3ODA5LCJjYWZlSWQiOjI0MDAwMjU0fQ.qrCevJvAklbEg05OAWRWHpkBubWFpVd2KRAoPHnTtlE&page=3,JKS
대구맘365,24000254,13,세탁,브라이텍스 듀얼픽스 프로 구매 후기,2026.08.30. 22:03,"브라이텍스가 워낙 유명하잖아요~~
가서 한번 직접보니 설명도 너무 잘해주시고
믿을만한 기업이라 구매했습니다 !!
​
제품 설명도 너무 잘해주셔서 ㅠㅠ
감동이었어요!!!
​
저희 차량 아이오닉 9인데 차량이 워낙 크니까
넉넉하게 남고 정말 편안하게
설치도 30분 이내로 아주 쉬웠어요~~~
세탁도 용이하게 잘 분리되고
커버부터해서 사은품도 빵빵해서 아주
만족스러운 구성이었습니다 !!!
​
브라이텍스 카시트 너무 추천해요 👼🏻
​
블랙 색상이 차량에도 너무 잘어울리고 때도 안탈 거 같아서 너무 좋아요!!독일 생산 제품이라 믿고 사용합니다
만족스러워요 🖤🖤
차에 설치하고 나니 더더욱 만족수러운 제품 👼🏻🖤",저도 얼른 설치해보고싶네용 ㅎㅎㅎ | 카시트 알아보니 브라이텍스가 안전성에서 우수하다고 하더라구요ㅎㅎ,2,https://cafe.naver.com/f-e/cafes/24000254/articles/7380631?boardtype=L&userDisplay=50&menuid=13&referrerAllArticles=false&inCafeSearch=true&query=%EC%84%B8%ED%83%81&art=aW50ZXJuYWwtY2FmZS1hcnRpY2xlLXJlYWQtaW5DYWZlLXNlYXJjaC1saXN0.eyJ0eXAiOiJKV1QiLCJhbGciOiJIUzI1NiJ9.eyJjYWZlVHlwZSI6IkNBRkVfSUQiLCJhcnRpY2xlSWQiOjczODA2MzEsImlzc3VlZEF0IjoxNzg4MjMzMTUwMzgxLCJjYWZlSWQiOjI0MDAwMjU0fQ.SZyfD9ckp0XyPPkhxbOT1ZXHrA3E_1AgYTLegoJ-7n4&page=1,JKS
대구맘365,24000254,13,세탁,곧 출산이라 용품 준비 중인데 방수요 추천해주세요,2026.08.21. 18:03,"이제 출산 두 달 남은 예비맘입니다!
출산준비물 리스트 짜는데 방수요가 유용하다고 해서 미리 구입하려고요
피부에 자극 없는 제품으로 추천해주실 수 있나요?
그리고 방수요는 건조기 사용 가능한가요? 잘 아시는 분들 마구마구 추천 부탁드려요!!",건조기 사용 가능한 제품도 요즘 있어요!! 내구성 튼튼한 제품으로 골라 사세요!! | 오오 건조기 사용 가능하군요!! | 빨래 자주 하실 테니 무조건 세탁 건조 빠른 거나 튼튼한 걸로 사세요! | 네네 그래야겠어요ㅎㅎ | 저는 뮤라 방수요 쓰는데 건조기 돌려도 변형 없고 하도 세탁해서 짱짱해서 추천해요!! 원단도 순면이라 안전해요ㅎㅎ | 추천 감사해요ㅎㅎ 뮤라로 장바구니 담아볼게요.ㅎㅎ | 방수패드 포몽드꺼 쓰고 있는데순면이라 부드러워서 쓰기 좋아요~그리고 건조기 돌리면 방수력 떨어진다고 해서자연건조를 주로 시키는 편입니다ㅋ빨리 말라서 불편함은 딱히 없어요! | 포몽드요~~ 세탁 편하게 돌리는데 건조도 금방 됩니당 ㅎㅎ 아이 침구류는 늘 포몽드꺼 쓰는데 퀄리티 좋습니다 | 방수요 건조기 사용가능해요! 다른 제품은 모르겠는데 베이비앙 방수요는 건조기 돌려도 말림 없고 방수도 잘되구요~ㅎㅎ,9,https://cafe.naver.com/f-e/cafes/24000254/articles/7374112?boardtype=L&userDisplay=50&menuid=13&referrerAllArticles=false&inCafeSearch=true&query=%EC%84%B8%ED%83%81&art=aW50ZXJuYWwtY2FmZS1hcnRpY2xlLXJlYWQtaW5DYWZlLXNlYXJjaC1saXN0.eyJ0eXAiOiJKV1QiLCJhbGciOiJIUzI1NiJ9.eyJjYWZlVHlwZSI6IkNBRkVfSUQiLCJhcnRpY2xlSWQiOjczNzQxMTIsImlzc3VlZEF0IjoxNzg4MjMzMTUwMzgxLCJjYWZlSWQiOjI0MDAwMjU0fQ.lR7Co1vxluCW4NPdxn1Nw2gwLEbY5aDsCOtOxdOhSzQ&page=1,JKS
대구맘365,24000254,13,세탁,마이테레사 할인코드 쿠폰 8월 담아본 기록,2026.08.17. 00:32,"파트너스 활동으로 수수료를 받습니다.
다음 달에 상견례가 잡혔어요. 날짜가 정해지고 나서 제일 먼저 든 생각이 뭘 입고 가야 하나였습니다.
평소에 입던 옷으로는 아무래도 부족한 것 같고, 그렇다고 한 번 입자고 큰돈을 쓰기도 망설여지더라구요.
백화점을 두 번 돌았는데 마음에 드는 건 하나같이 금액이 무거웠습니다. 결국 사진만 찍어두고 나왔어요.
그러다 예비 신부 카페에서 해외 사이트를 이용한다는 글을 보고 마이테레사 할인코드를 알아보게 됐습니다.
>> 마이테레사 바로가기
할인코드 :
FIRST10
결제 단계에서
코드를 입력
하면 할인이 적용돼요
첫 구매하시는 분이 대상이니 참고해주세요~
넣지 않으면 그대로 결제되니 한 번 더 확인하세요
처음엔 직구로 이런 옷을 사도 되나 싶어 망설였어요. 그런데 브랜드가 워낙 많아서 일단 들어가 보기로 했습니다.
마음에 뒀던 브랜드부터 검색해서 좁혀 들어갔더니 백화점에서 봤던 것과 같은 게 나오더라구요. 조건이 다르게 나와서 눈이 번쩍 뜨였습니다.
여기에 코드까지 넣으니 차이가 더 벌어졌어요. 코드는 결제 단계에서 넣는 건데 첫 구매 대상이라길래 이번 기회에 챙겼습니다.
예신 카페에 상견례 옷 후기가 꽤 올라와 있길래 그것부터 읽었어요. 어느 정도 갖춰 입어야 하는지 감이 안 잡혔거든요.
고를 때는 색을 제일 오래 봤어요. 자리 성격상 튀지 않으면서도 너무 어둡지 않은 쪽이 낫겠다 싶었거든요.
화면으로 보는 색은 조명에 따라 달라 보인다길래 여러 장의 사진을 함께 봤습니다. 실제로 입고 찍은 후기가 있으면 그게 제일 정확했어요.
치수는 실측을 확인했습니다. 브랜드마다 기준이 달라서 평소 입던 크기와 다르게 나오는 경우가 있더라구요.
집에 있는 옷 중에 잘 맞는 걸 하나 재두고 그 숫자랑 대조했어요. 이렇게 하니 훨씬 마음이 놓였습니다.
길이도 확인했습니다. 앉았을 때 어느 정도 내려오는지가 중요하다길래 실측에서 그 부분을 봤어요.
소재도 봤습니다. 앉아 있는 시간이 길 테니 구김이 심한 건 피하는 편이 낫겠다 싶었어요.
받는 데 열흘 남짓 걸렸는데 상견례까지 여유가 있어서 괜찮았습니다. 날짜가 촉박하셨다면 이 부분은 계산해두셔야 할 것 같아요.
상자를 열어보니 포장이 꽤 단단했고 구김도 거의 없었습니다. 그대로 걸어두기만 하면 됐어요.
입어보니 사진에서 보던 것보다 나았습니다. 어머니께 보여드렸더니 잘 골랐다고 하셔서 마음이 놓였어요.
세탁 방법도 미리 봤습니다. 한 번 입고 보관할 거라 관리가 까다로우면 곤란하니까요.
마이테레사 할인코드 챙기면서 남은 걸로 구두를 하나 더 볼 수 있게 됐습니다. 그건 아직 고르는 중이에요.
비슷하게 준비하시는 분들은 날짜부터 계산해두세요. 시간만 있으면 훨씬 넓게 보실 수 있습니다~
판매하는 곳이 여러 곳이라 어디서 보내는지도 확인했어요. 출발지에 따라 도착까지 걸리는 시간이 다르더라구요.
신랑도 같이 골라야 해서 남성복 쪽도 함께 봤는데 거기도 종류가 많더라구요. 그건 다음에 담기로 했습니다.
교환이나 반품 조건도 읽어뒀어요. 안 맞으면 어떻게 하나 걱정이 돼서 그 부분을 확인하고 진행했습니다.
구두는 아직 못 정했는데 옷 색에 맞춰서 골라야 해서 그것도 며칠 볼 것 같습니다.
머리랑 화장은 당일에 맡기기로 했어요. 옷이 정해지니 나머지도 하나씩 정리가 되더라구요.
생각보다 준비할 게 많았지만 하나씩 해결하니 마음은 오히려 편해졌습니다.
결제하고 나서 확인 내용이 바로 오길래 저장해뒀습니다. 도착까지 상태도 볼 수 있어서 답답하지 않았어요.",상견례 옷 고민은 다들 하시는 것 같아요 마이테레사 할인코드 8월 확인하고 저도 알아봐야 할 것 같습니다 좋은 정보 고맙습니다 | 백화점에서 사진만 찍고 나온 경험 저도 있습니다 마이테레사 할인코드 8월 보고 저도 시도해보려고 합니다 참고 많이 되었습니다 | 실제로 입고 찍은 후기가 제일 정확하다는 말 맞네요 마이테레사 할인코드 8월 담기 전에 읽어보겠습니다 잘 읽고 갑니다 감사합니다 저장해둘게요 | 집에 있는 옷을 재두고 대조하셨다는 게 참고가 되네요 마이테레사 할인코드 8월 챙기면서 그렇게 하겠습니다 덕분에 잘 배우고 갑니다 | 앉아 있는 시간을 생각해 소재를 보셨다니 세심하시네요 마이테레사 할인코드 8월 확인하고 저도 보겠습니다 오늘 도움 많이 받았어요 | 날짜부터 계산해두라는 조언 새겨듣겠습니다 마이테레사 할인코드 8월 알아보고 여유 있게 준비하겠습니다 좋은 정보 고맙습니다,6,https://cafe.naver.com/f-e/cafes/24000254/articles/7370289?boardtype=L&userDisplay=50&menuid=13&referrerAllArticles=false&inCafeSearch=true&query=%EC%84%B8%ED%83%81&art=aW50ZXJuYWwtY2FmZS1hcnRpY2xlLXJlYWQtaW5DYWZlLXNlYXJjaC1saXN0.eyJ0eXAiOiJKV1QiLCJhbGciOiJIUzI1NiJ9.eyJjYWZlVHlwZSI6IkNBRkVfSUQiLCJhcnRpY2xlSWQiOjczNzAyODksImlzc3VlZEF0IjoxNzg4MjMzMTUwMzgxLCJjYWZlSWQiOjI0MDAwMjU0fQ.VfELIjB7ANeUYCYUkFdCHfxHLq5UEv3uACe2G_ENZ7g&page=1,JKS
대구맘365,24000254,13,세탁,둘째 방수패드 샀는데..,2026.08.12. 14:14,"둘째 출산이 다가오니 아기용품을 하나씩 준비하고 있어요~
​
첫째 키울 때 기저귀가 새거나 게워내서 침대 커버까지 벗겨 빨았던 적이 많았거든요ㅠ
한번 겪어보니 방수패드는 꼭 있어야겠다 싶어서 이번에는 미리 알아보고 꼬똥드베베걸로 준비했네요.
​
첫째 때 쓰던 방수패드는 비닐처럼 바스락거리는 소리가 꽤 나서 아이가 뒤척일 때마다 은근 신경 쓰였어요.
이번에 받은 건 바로 세탁해서 깔아봤는데
세탁 후에도 바스락거리는 소리가 거의 없고 촉감도 부드러워서 괜찮더라고요.
​
양면이라 앞뒤를 따로 구분하지 않고 쓸 수 있는 것도 편하겠더라고요.
고정끈이 없어서 쉽게 밀리면 어쩌나 했는데 깔아두니 생각보다 자리를 잘 잡고 끝부분도 말리지 않았어요.
끈을 끼우거나 뺄 필요가 없으니 세탁할 때도 편할 것 같고요ㅎㅎ
​
첫째 때 경험을 생각하면 이번에는 미리 준비해두길 잘한 것 같아요.
침대까지 하나씩 정리해두니 이제 정말 둘째를 만날 날이 얼마 남지 않았다는 게 실감 나네요~",전 방수패드 바스락 거리는게 싫어서 안썼는데 비닐 느낌 안나면 괜찮겠네요:) | 양면이면 너무 편하죠!! 앞뒤 구분없으니까 교체할때 신경 안써도 되구요ㅋㅋ 순산하세요ㅋ,2,https://cafe.naver.com/f-e/cafes/24000254/articles/7367098?boardtype=L&userDisplay=50&menuid=13&referrerAllArticles=false&inCafeSearch=true&query=%EC%84%B8%ED%83%81&art=aW50ZXJuYWwtY2FmZS1hcnRpY2xlLXJlYWQtaW5DYWZlLXNlYXJjaC1saXN0.eyJ0eXAiOiJKV1QiLCJhbGciOiJIUzI1NiJ9.eyJjYWZlVHlwZSI6IkNBRkVfSUQiLCJhcnRpY2xlSWQiOjczNjcwOTgsImlzc3VlZEF0IjoxNzg4MjMzMTUwMzgxLCJjYWZlSWQiOjI0MDAwMjU0fQ.0Zn21WDXK6x76AFOEXLU653NFVuYEGKLGLxt0AXrw50&page=1,JKS
대구맘365,24000254,13,세탁,다이치 침대 후기 리우 침대 후기 내돈내산!!,2026.08.12. 04:05,"아기 민삭때 침대 준비하면서 많은 고민을 했는데
저는 결국에 마지막 최종 선택은??!
다이치 리우 침대를 구매했어요.
리x 이랑 많이들 고민하셔서 저도 자연스레 그렇게 고민이..
근데 한참을 고민했는데 다이치 후기들을 쭉 보는데
키가 큰 산모분들에게 추천하는 글이 많더라고요 생각보다 타제품은 낮아서 불편해서 바꾸신 분들도 있더라구요
그래서 저는 키가 조금 큰?? 사람으로써 ㅋㅋㅋㅋ
다이치에게 쏙~~ 마음이 조금 넘어가면서
다이치가 흔들림이 적고 더 튼튼한 느낌이라고 하는 이야기들을 많이들어서 높은데 많이 흔들리면 불안해서 못쓸듯한데 흔들림.튼튼!!!! 너무 만족스러운 후기들~~ 그리고
저는 일단 역방쿠는 안샀어요 침대가 기울기가있어서 약간의 그런기능을 겸용으로 사용할수있어서 사용해보고 후에 결정하려구 이중으로 안샀어요!!! ㅎㅎ
그래서 마지막에 이렇게 다이치를 주문했어요.
저는 타프베이지색을 선택했고 아기 오기직전에 삘래해서 둔거라 지금 팽팽하지않지만
매트리스도 지금 열심히 말리고있답니다!!!
곧 사용할 생각에 제발 잘 누워있어주길~~ ㅎㅎㅎ
침에 침대색도 크림에 회색빛이 도는 색인데 찰떡이더라고요!!
모기장도있는걸로 구매해서 여름생인 우리아기의.피부를 지켜줄수있어 좋은듯합니다.
바퀴는 락 장치가 이렇게있어서 옮겨다니고 멈추었을땐
락 걸어서 고정!!! 너무 편하게 사용 할 수 있어서 좋아요
그리고 다리사이에 지지할수있는 게있어서 튼튼하더라고요
아기를 기다리는동안 먼지 안들어가게 하려고 다이소 김장김치 비닐을...ㅋㅋㅋㅋ 여러분도 세탁후 비닐로 해두시면 좋을듯해요 ㅎㅎ
내돈내산 후기입니다^^",,0,https://cafe.naver.com/f-e/cafes/24000254/articles/7366626?boardtype=L&userDisplay=50&menuid=13&referrerAllArticles=false&inCafeSearch=true&query=%EC%84%B8%ED%83%81&art=aW50ZXJuYWwtY2FmZS1hcnRpY2xlLXJlYWQtaW5DYWZlLXNlYXJjaC1saXN0.eyJ0eXAiOiJKV1QiLCJhbGciOiJIUzI1NiJ9.eyJjYWZlVHlwZSI6IkNBRkVfSUQiLCJhcnRpY2xlSWQiOjczNjY2MjYsImlzc3VlZEF0IjoxNzg4MjMzMTUwMzgxLCJjYWZlSWQiOjI0MDAwMjU0fQ.Wf8piWaw2klF3lzZ-6Ng_xDfWAPR2WKhjyi_CouMvQI&page=1,JKS
대구맘365,24000254,13,세탁,칠곡3지구 웰산후조리원 솔직 후기💕,2026.08.09. 23:54,"칠곡3지구 웰산후조리원 솔직 후기💕
​
출산 후 어디에서 몸조리를 할지 정말 고민이 많았는데, 저는 친정근처에 있는
웰산후조리원
을 이용하고 정말 만족해서 후기를 남겨봅니다.
​
​
✔️
식사
뷔페식으로 되어있어서 원하는만큼 알아서 먹을수 있고 한번씩 차려주시는 날도 있어서 대접받는 느낌이 들었어요
간식과 야식도 다 직접 만들어서 주시는것 같구
이렇게 많이 먹어도 될까 싶을정도로 맛있게 많이 먹었네요
​
✔️
방 컨디션
저는 5층 일반실에 2주 있었는데 호텔처럼 깔끔했고 공기청정기, 냉온정수기까지 갖춰져 있어 생활하기 편했습니다. 특히 템퍼 모션베드 덕분에 제왕절개를 한 저에게는 너무 많은 도움이 되었어요.
또 침구류 역시 만족스러웠어요
​
✔️
깨끗한 시설
리모델링을해서 전체적으로 시설이 깨끗하게 관리되어있고 세탁도 망에 넣어서 내놓으면 다 해주셔서  따로 신경 쓸 일이 거의 없었어요.
​
​
✔️
산모 중심 수유 시스템
수유 참여가 자유로워 컨디션에 맞게 할 수 있었고, 강요하는 분위기가 아니라 좋았습니다. 그리고 여기 조리원은 다른곳에는 없는 허그룸이 있어서 남편이랑 같이, 남편 혼자서도 수유를 할수 있어서 가장 좋았어요
아쉬운 점은 허그룸 공간이 너무 협소하다는것!!
요즘은 남편들의 육아참여도가 높아서 항상 허그룸에 가면 만실~~
​
​
✔️
마사지
입실하면 연락이 오는데 서비스1회 받고 좋아서 저는 2번 관리사분께 스톤마유관리 7회 추가했어요
입실하기전부터 젖몸살이랑 두통으로 엄~~청 고생했는데 관리받고 너무 살것 같았어요
몸무게도 많이 빠지고 가슴때문에 진짜 힘들었는데 수시로 봐주셔서 완전 추천해요
그리고 초보엄마인 저에게 많은 정보도 주시구 조리원에서 유일하게 맘편히 대화를  나눌수 있는 시간이여서 마지막 날엔 진짜 넝 아쉬웠네요ㅠㅠ
​
✔️
각종 시설
저는 5층방을 사용했는데 5층에는 파라핀기, 반신욕기, 골반교정기, 발마시지기,그리고 가장 많이 이용한 사진인화기 등이 있어서 잘 사몽했던것 같아요
​
그리고 웰조리원은 외출이 가능하다는 장점이 있는데 주말에는 남편이랑 외식도 할수 있었고 근처에 다양한 편의시설이 있어 조리원생활이 훨씬 덜 답답했던것 같아요
​
생각나는대로 두서없이 적어보았는데 지금은 조리원 생활이 정말 그립고 개인적으로 만족도가 높았던 조리원이었습니다.😊
​",웰 산후조리원애기 분유 정보 알 수 있을까요???! | 남양 아이엠마더 먹였어요~~ | 좋은 정보 감사해요 | 정보 감사해용! | 정보 감사합니다~!!,5,https://cafe.naver.com/f-e/cafes/24000254/articles/7364895?boardtype=L&userDisplay=50&menuid=13&referrerAllArticles=false&inCafeSearch=true&query=%EC%84%B8%ED%83%81&art=aW50ZXJuYWwtY2FmZS1hcnRpY2xlLXJlYWQtaW5DYWZlLXNlYXJjaC1saXN0.eyJ0eXAiOiJKV1QiLCJhbGciOiJIUzI1NiJ9.eyJjYWZlVHlwZSI6IkNBRkVfSUQiLCJhcnRpY2xlSWQiOjczNjQ4OTUsImlzc3VlZEF0IjoxNzg4MjMzMTUwMzgxLCJjYWZlSWQiOjI0MDAwMjU0fQ.xNn-zc5QB2Jd9m-jygJrbocAhz3x_jHGcplIJU7hMUg&page=1,JKS
대구맘365,24000254,13,세탁,쉬인 쿠폰 첫구매 할인코드 8월 적용해봤어요,2026.08.04. 22:56,"파트너스 활동으로 수수료를 받습니다.
휴가 일정이 잡히고 나서 옷장을 열어봤는데 입고 갈 만한 게 마땅치가 않더라구요.
매장에서 두어 벌만 골라도 금액이 훅 올라가니까 선뜻 결제 버튼이 안 눌러지는 거예요.
그때 언니가 쉬인 쿠폰 이야기를 꺼내길래 반신반의하면서 들어가 봤는데, 올라와 있는 상품 수가 어마어마해서 스크롤만 한참 내렸답니다.
>> 쉬인 할인혜택 확인하러 가기
앱 또는 웹
쉬인 검색창
에 코드 입력
입력만 하면 받을 수 있는 혜택 전부 적용
첫구매 고객 추가 혜택 별도 제공
앱 코드 :
W36UATS
가입하고 나니 첫구매에 붙는 혜택이 따로 있다는 걸 알게 됐어요.
여기에 쉬인 쿠폰까지 겹쳐서 적용하니까 처음 보던 금액이랑 차이가 꽤 나더라구요.
결제 직전에 숫자가 줄어드는 걸 보는 재미가 있었어요.
처음엔 사이즈가 제일 걱정이었어요. 해외 쇼핑몰은 몸에 맞을지 알 수가 없으니까요.
그런데 상품마다 실측 치수가 적혀 있고, 실제로 입어본 분들이 키랑 몸무게까지 남겨둔 후기가 많아서 그걸 참고하니까 크게 어긋나지 않았답니다.
8월이라 그런지 린넨 셔츠나 여름 원피스, 리조트룩 같은 게 상단에 잔뜩 걸려 있었구요.
저는 원피스 두 벌이랑 데일리로 입을 티셔츠 몇 장을 담았는데 총액이 국내에서 원피스 한 벌 사는 값 정도밖에 안 나왔어요.
옷 상태도 생각보다 괜찮았어요.
물론 가격대가 있다 보니 아주 고급스러운 원단을 기대하면 안 되지만, 한 철 시원하게 입고 다니기에는 전혀 부족함이 없었어요.
세탁도 몇 번 해봤는데 모양이 크게 틀어지진 않더라구요.
할인코드 넣는 방법도 어렵지 않았어요.
검색창에 그대로 적어 넣기만 하면 되니까 처음 이용하는 분들도 헤맬 일이 거의 없더라구요.
저는 장바구니에 일단 마음에 드는 걸 다 담아두고 며칠 뒤에 다시 들어가서 걸러내는 방식으로 주문해요.
그렇게 하면 충동적으로 담은 것들이 자연스럽게 정리되니까 결과적으로 만족도가 훨씬 높아지더라구요.
주문하고 나서 배송 상황을 앱에서 계속 확인할 수 있는 것도 마음에 들었어요.
어디쯤 와 있는지 단계별로 보이니까 마냥 기다리기만 하는 답답함이 없더라구요.
저는 도착 예정일보다 하루 이틀 빨리 받은 적도 있었구요.
쉬인 쿠폰 쓰면서 제일 좋았던 건 옷만 있는 게 아니라는 점이었어요.
가방이나 액세서리, 수영복은 물론이고 여행용 파우치까지 한 번에 담을 수 있으니까 따로 검색하러 돌아다닐 필요가 없었구요.
카테고리가 워낙 넓다 보니 한 번 들어가면 시간이 훌쩍 지나가는 것도 사실이에요.
그래서 저는 필요한 품목을 미리 적어두고 검색으로 바로 찾아 들어가는 편인데, 이렇게 하면 예산도 지키고 시간도 아낄 수 있어요.
배송은 열흘 남짓 걸렸는데 미리 주문해두면 전혀 불편함이 없는 수준이에요.
쉬인 쿠폰은 한 번에 몰아서 담을 때 체감이 제일 크니까 필요한 것들 미리 적어두고 들어가시면 좋을 것 같아요.
미리 담아두는 습관만 들이면 계절 바뀔 때마다 옷 걱정할 일은 확 줄어드는 것 같아요.
​",휴가 앞두고 옷값 때문에 한참 고민이었는데 쉬인 쿠폰 이야기 보고 바로 앱부터 깔았어요 원피스랑 티셔츠부터 천천히 둘러봐야겠습니다 | 배송이 열흘 정도면 미리 주문해두면 되겠네요 저도 쉬인 쿠폰 챙겨서 여름 옷 몇 벌 한 번에 담아보려고 합니다 좋은 정보 고맙습니다 | 수영복이랑 여행용 파우치까지 있는 줄은 전혀 몰랐네요 쉬인 쿠폰 적용해서 이번 주말에 장바구니 한 번 제대로 채워봐야겠어요 | 검색창에 적기만 하면 된다니 생각보다 훨씬 간단하네요 쉬인 쿠폰 처음 써보는 거라 걱정이 많았는데 덕분에 마음이 놓입니다 | 저는 지난달에 처음 시켜봤는데 옷 상태가 생각보다 훨씬 괜찮았어요 쉬인 쿠폰까지 같이 쓰면 진짜 부담 없이 살 수 있을 것 같네요 | 아이 옷도 같이 담을 수 있을까요 쉬인 쿠폰이 적용되는 김에 온 가족 여름 옷을 한꺼번에 정리해버릴까 진지하게 고민이 되네요,6,https://cafe.naver.com/f-e/cafes/24000254/articles/7361043?boardtype=L&userDisplay=50&menuid=13&referrerAllArticles=false&inCafeSearch=true&query=%EC%84%B8%ED%83%81&art=aW50ZXJuYWwtY2FmZS1hcnRpY2xlLXJlYWQtaW5DYWZlLXNlYXJjaC1saXN0.eyJ0eXAiOiJKV1QiLCJhbGciOiJIUzI1NiJ9.eyJjYWZlVHlwZSI6IkNBRkVfSUQiLCJhcnRpY2xlSWQiOjczNjEwNDMsImlzc3VlZEF0IjoxNzg4MjMzMTUwMzgxLCJjYWZlSWQiOjI0MDAwMjU0fQ.7qeF6QYXryn6D6dhc1AJgwQ8inwsQsYtYy06GIeM0c0&page=1,JKS
대구맘365,24000254,13,세탁,[대구 산후조리원 추천] 닥터안 산후조리원 2주후기!,2026.08.04. 02:12,"안녕하세요!
7월 22일, 대구 여성아이병원에서 무사히 자연분만으로 우리 구름이를 만나고 예약해 두었던닥터안 산후조리원'에
입소해 케어받고 있는 구름가족 초보맘입니다~~!!
임신했을 때부터 산후조리원이란 조리원은 다 검색해 보고, 남편이랑 상담도 정말 꼼꼼하게 받아봤었는데요.
고민 끝에 최종 결정한 곳이 바로 여기
닥터안 산후조리원
이었어요!
남편과 처음 상담하러 왔을 때부터 상담을 너무 친절하게 잘 해주셨고, 무엇보다 큰 창으로 신생아실이 시원하게 바로 보여서 안심이 되더라고요. 게다가
남편 직장이랑 집에서도 가까운 위치
에,
보호자 남편은 시간 제한 없이 자유롭게 외출 가능
하다는 점이 큰 메리트였어요! (은근 이 조건 맞는 곳 찾기가 어렵더라고요 ㅎㅎ) 참고로 조리원으로 택배나 배달 음식 이용도 가능한데, 1층에 내려가서 직접 수령하면 되어서 너무 편리했답니다.
​
건물 구성도 동선이 정말 잘 되어 있어서 2주 동안 지내면서 너무 편했는데요! 간단하게 층별 소개를 해드릴게요.
1층:
신생아실, 모유수유실, 허그룸(아빠와 엄마, 아기가 함께 볼 수 있는 공간!), 안마의자, 다리 마사지기, 혈압 측정기, 파라핀기, 상담실
2층:
아세아 연합의원(산부인과, 내과, 성형외과, 피부과, 마사지
(★병원이 같은 건물에 있어서 외출할 필요 없이 바로 진료나 진찰을 받을 수 있다는 게 최고 장점이에요!)
3층:
조리원 객실, 요가실(교육실)
4층:
조리원 객실, 족욕실, 찜질방
5층:
조리원 객실, 주방
복도마다 정수기, 전자레인지, 다리 마사지기가 기본으로 갖춰져 있어서 동선이 정말 좋습니다! 저는 텀블러에 따뜻한 물 가득 담아두고 틈틈이 계속 마셨고요, 수유콜 받고 다녀오거나 교육 들으러 다녀오느라 혹시 식사가 약간 식었을 때, 또는 남편이 야식 사 왔을 때 전자레인지로 따끈하게 데워먹으니 아주 좋더라고요 ㅎㅎ
​
저는 4층 방으로 배정받았어요!
들어오자마자 짐 풀고 신생아실 선생님께 아기에게 필요한 물품들을 먼저 챙겨드렸습니다.
자 그럼 방 구경해볼까요??
무엇보다
부대시설 이용
이 너무 만족스러웠는데요! 유축 마치고 신생아실 냉장고에 보관해 두고 나면 아무래도 어깨랑 뭉친 곳이 넘넘 아픈데ㅜㅜ... 1층 내려가서 안마의자랑 다리 마사지기로 시원하게 풀고! 파라핀 치료기까지 마치고 나면 손이 정말 보들보들해지고 피로가 싹 가시는 기분이었어요!!! 틈틈이 4층에 있는 족욕실도 이용하면서 제대로 힐링 타임을 가졌답니다.
4층 찜질방+족욕실
다쓰면 1층에서 말씀드리면 주시니 족욕도 열심히 ~
많은 분들이 제일 궁금해하실 식사! 🍽️
각 방마다 이모님께서 직접 식사를 가져다주셔요. 정말 친절하시고 따뜻하게 챙겨주십니다.
아침:
08:00
점심:
12:00
간식:
14:00
저녁:
17:00
야식:
19:00
정말 알차죠? 영양가 높고 맛있게 잘 나와서 질릴 틈이 없었어요!
그리고 매일 청소해 주시는 이모님께서도 지내는 동안 편하게 몸 회복하라고 따뜻한 덕담과 응원 말씀을 늘 건네주셔서 마음까지 힐링되었어요ㅜㅜㅜ 수건이나 휴지 같은 생필품도 부족함 없이 넉넉하게 채워주신답니다.
빨래 역시 각 방마다 마련된 빨래망에 넣어서 내놓으면 수거해 가셨다가, 오후에 보송보송하게 다 세탁해서 각 호실
번호가 적힌 사물함에 넣어주세요. 찾아오기만 하면 끝이라 정말 편했습니다!
1층 상담 데스크에 보면 월별 프로그램 일정이 나와 있어요. 시간 맞춰서 3층 교육실로 가면 신생아 케어 강의들을
들을 수 있습니다!
그리고 가장 감동이었던 건 바로
수유 케어
였어요. ❤️
수유콜을 받고 1층 모유수유실로 내려가면, 정말 베테랑이신 선생님들께서 올바른 수유 자세부터 수유 후 트림시키는 법, 우리 아기 피부나 변 상태 등 건강 상태까지 하나하나 꼼꼼하게 다 가르쳐주세요!
저는 초보 맘이라 아는 것도 없고, 처음에 아기를 안으면 자세가 너무 엉성하고 어정쩡했거든요 ㅠㅠ
그래서 모르는 게 생길 때마다 선생님들께 무조건 여쭤봤는데, 언제나 매번 정말 친절하고 다정하게 알려주셔서
큰 용기와 자신감을 얻었습니다! 선생님들 정말정말 최고.......ㅜㅜㅜㅜㅜㅜ!!!!
어느덧 2주라는 시간이 이렇게 순식간에 지나가버렸네요...
이제 퇴소가 딱 4일밖에 남지 않았다는 사실이 너무 아쉽고 믿기지 않아요. 이렇게 마지막 날이 다가오는 게 아쉬울 정도로,
전 닥터안 산후조리원에서의 생활 200% 만족
스러웠습니다!!!!
대구에서 출산 앞두고 계시거나, 친절하고 케어 잘해주는 산후조리원 찾고 계신 임산부 분들께
'닥터안 산후조리원'
정말 정말 적극 추천해요!!
귀여운 우리 아기 구름이 발 사진으로 이상 닥터안 산후조리원 2주 후기입니다!!
50m
© NAVER Corp.
더보기
/OpenStreetMap
지도 데이터
x
© NAVER Corp.
/OpenStreetMap
지도 컨트롤러 범례
부동산
거리
읍,면,동
시,군,구
시,도
국가
닥터안산후조리원
대구광역시 서구 서대구로 49 닥터안산후조리원
​",조리원 고민중이었는데 여기도 괜찮네요 | 전 만족만족이였습니다👍🏻👍🏻👍🏻용앤똥맘님 조리원 여기저기 상담 받아보셔요☺️ | 소아과의사쌤 회진은있을까용ㅠ? | 소아과원장님께서 직접 회진하셔요! 2층에경피용 BCG예약하게 되면 1층 신생아실에 내려오셔서 맞는거 볼수있다네요?(전 BCG는 피내용할거라) 울 아기는 제대탈락할때 배꼽 밑에부분에 고름이 좀 있다고 하셔서 선생님께서 직접 오셔서 소독하고 약 발라주는거 통유리로 봤습니다! 다행히 잘 아물었구요~~ㅎㅎ | 감사합니다~~~~좋은밤되세요~~ | 네ㅎㅎ 즐거운 주말보내세요☺️,6,https://cafe.naver.com/f-e/cafes/24000254/articles/7360133?boardtype=L&userDisplay=50&menuid=13&referrerAllArticles=false&inCafeSearch=true&query=%EC%84%B8%ED%83%81&art=aW50ZXJuYWwtY2FmZS1hcnRpY2xlLXJlYWQtaW5DYWZlLXNlYXJjaC1saXN0.eyJ0eXAiOiJKV1QiLCJhbGciOiJIUzI1NiJ9.eyJjYWZlVHlwZSI6IkNBRkVfSUQiLCJhcnRpY2xlSWQiOjczNjAxMzMsImlzc3VlZEF0IjoxNzg4MjMzMTUwMzgxLCJjYWZlSWQiOjI0MDAwMjU0fQ.yHhqvVMY3t6obicgPh9ZVKohx8zJBqxAQFqiCwC_fY0&page=1,JKS
대구맘365,24000254,13,세탁,대구 더블유 여성병원 조리원 특실 후기,2026.07.17. 15:05,"안녕하세요~ 이번에 7월 중순에 급하게 더블유여성병원에서 출산하고 병원 바로 위에 연계되어 있는 조리원에서 조리중인 산모입니다!
​
우선 대구 더블유 여성병원 조리원을
제가 선택한 이유는 첫째 분만병원 바로 위여서
아기를 데리고 바로 갈 수 있다는 장점과 병원이 밑에 있다 보니 의사선생님께 진료를 받으러 갈 때
편하다는 장점이 있어서 선택하게 되었어요!
​
둘째 외출불가/ 남편 외 외부인 방문 불가로 코로나 감염이나 위생적인 측면에서는 우수하다고 판단했구요!
​
셋째 합리적인 가격 메리트가 너무 컸어요 특실 기준 200만원 중반에 대구로페이 가능하고 카드 분할로 결제도 가능했거든욤!! 사실 평균 조리원 비용이300-400만원인데 이정도면 정말 가성비 갑이죠ㅎ
​
저는 그 중에서 특실(7층)을 이용했는데 가격적인 측면에서는 정말 가성비 갑이라고 생각합니다.
​
제일 중요한 특실 방을 공유를 하자면...!
​
1. 특실 방
확실히 방이 넓어서 좋았습니다. 일반실을 하려다가 2주 동안 있는데 너무 고시원 같은 느낌이라 답답해서  입원실은 4인실로 이용하고 조리원은 돈을 좀 더 주고 특실로 예약을 했네요!
서랍밑에 드라이기 있구요! 공기청정기도 있습니다
화장실도 방안에 있긴 있고 당연히 비데가 되기도 합니다! 단점으로는 좀 좁아서 넓게 사용하시고 싶은 분들은 7층에 있는 샤워실을 이용하면 될 거 같아용!
저는 화장실 내 샤워로 충분 했습니다
​
2. 7층 내부
7층은 하늘색으로 벽지가 되어있고 예약 상담은 여기서 하시면 됩니다. 당연히 세탁물도 일요일 제외하고는 매일 정오12시전까지만 두시면 세탁도 해주시고 그 다음날 오전 10시30분쯤 놓아두십니다
​
3. 6층 내부 : 식당, 신생아실, 수유실, 휴게실
6층은 일반실이 있는 곳이지만 사실 이동하기에는 6층이 편하긴 합니다. 수유실, 신생아 면회, 식당, 조리원 프로그램 등 전부다 6층에서 하기 때문에 일반실을 이용하는 것도 괜찮은거 같아요 ~ 신생아 실 면회는 4번 정도 정해진 시간이 있지만 사실 밤11시 이전이면 언제든 볼 수 있습니당
​
4. 식사
그리고 식사 역시 더블유여성병원 입원할 때부터 느꼈지만 정말 맛있습니다!!!  병원 밥이라서 기대를 안했는데 미역국도 계속 나왔는데도 넘 맛있어서 계속 먹었던거 같아요 조식은 룸서비스로 제공되며, 나머지 점심,간식,저녁,야식까지 있는데... !!
살을 빼고 가야할 거 같은데 밥이 맛있다 보니 더 찔수도 있을 거 같다는 생각이 들었네요~ ㅋㅋㅋㅋ
​
아직 3일차라 11일 정도 더 있어야 하지만 산책할 공간이 적은 거 빼고는 다 만족하고 있네용!!
​
확실히 병원 위에 있는 조리원이다 보니 코로나 감염관련해서는 엄격하게 관리하는 느낌이었습니다
그래서 더 믿고 맡길 수가 있었고 맘 편하게 조리원 생활을 즐기고 있습니다! 만약 더블유 여성병원에서 분만 예정인 분들은 여기 조리원 이용하는 것을 강력히 추천드립니당!!!!
​
참고로 특실 이용시 요렇게 선물로 주십니당 >_<
​",좋은정보 감사해요~,1,https://cafe.naver.com/f-e/cafes/24000254/articles/7347572?boardtype=L&userDisplay=50&menuid=13&referrerAllArticles=false&inCafeSearch=true&query=%EC%84%B8%ED%83%81&art=aW50ZXJuYWwtY2FmZS1hcnRpY2xlLXJlYWQtaW5DYWZlLXNlYXJjaC1saXN0.eyJ0eXAiOiJKV1QiLCJhbGciOiJIUzI1NiJ9.eyJjYWZlVHlwZSI6IkNBRkVfSUQiLCJhcnRpY2xlSWQiOjczNDc1NzIsImlzc3VlZEF0IjoxNzg4MjMzMTUwMzgxLCJjYWZlSWQiOjI0MDAwMjU0fQ.bKOPVblht1JTfh1WxD4_HhVTJcfjoUIjnRcs6MMfGcU&page=1,JKS
대구맘365,24000254,13,세탁,아기 옷 세탁,2026.07.08. 13:43,"드럼세탁기 쓰시는 분들은
아이 옷 세탁할 때 무슨 코스 사용하세용..?
아기 옷을 모아두었다가 한 번에 빨기도 좀 그렇고 ..
빨래양이 3kg도 채 안될 때 어떤 코스로 해야하는지 모르겠어요ㅠㅠ",저는 성분 순해서 애기 빨래 할 때 쓰는 호호에미 섬유유연제 넣고 울코스로 돌리네요,1,https://cafe.naver.com/f-e/cafes/24000254/articles/7340742?boardtype=L&userDisplay=50&menuid=13&referrerAllArticles=false&inCafeSearch=true&query=%EC%84%B8%ED%83%81&art=aW50ZXJuYWwtY2FmZS1hcnRpY2xlLXJlYWQtaW5DYWZlLXNlYXJjaC1saXN0.eyJ0eXAiOiJKV1QiLCJhbGciOiJIUzI1NiJ9.eyJjYWZlVHlwZSI6IkNBRkVfSUQiLCJhcnRpY2xlSWQiOjczNDA3NDIsImlzc3VlZEF0IjoxNzg4MjMzMTUwMzgxLCJjYWZlSWQiOjI0MDAwMjU0fQ.9ieITUiDvQ1YF8U1E8QNakSJ-zqoelvvhxCjTlgI0ss&page=1,JKS
대구맘365,24000254,13,세탁,대구 동구 아델리아 산후조리원 디럭스룸 2주 내돈내산 후기!,2026.07.01. 22:42,"​
결혼하자마자 바로 축복처럼 우리 부부에게 찾아온
천사같은 아이! 임신하자마자 임테기 확인하면
바로 산후조리원부터 예약해야한다는 이야기에
가장 먼저 알아본 조리원이었어요
​
사실 결혼전 미혼일때부터 주변 지인들에게
이야기를 많이 들었던 조리원이라 망설임없이 바로
예약하고 계약금부터 입금 했던 조리원이랍니다ㅎㅎ
집에서 살짝 멀었지만 친정이랑 가까워서 조리원 퇴실후
바로 친정으로 달려갈거구, 분만하기로한 칠곡경대병원이랑 가까워서
바로 주저없이 선택했어요
​
로비가 쾌적하지요?
항상 유리너머로 오픈되어있는 신생아실!
1.룸 컨디션
예약하고 머무른 방은 디럭스룸!
임신 4주2일차에 예약하러 빠르게 방문했어서
원하는 방은 다 남아있었어요
중간크기의 방이면서 모자동실 가능한
디럭스룸으로 2주를 머무르기로 했어요!
생활해보니 꼭 디럭스가 아니더라도
수유콜 시간이 2.5~3시간 간격으로 있기때문에
아기를 아주 자주 만날수 있어서
산모가 아쉬운건 없을것 같아요
단 모자동실 안되는 스탠다드 방은 아빠는
아이를 만질수 없고 신생아실 유리창 건너로만
아이를 볼 수가 있어요~!
디럭스룸
입실하면 빨래를 맡길수있는 세탁망과
입실 안내책자 리모콘이 든 바구니를 주신답니다!
책자는 몇번 읽어보면 어려운건 없더라구요
디럭스룸은 스탠다드보다 크기가 약간커요
추가로 적외선 온열 양변기가 설치되어 있어요
저는 하루에 20분정도는 앉아있었거든요ㅋㅋ
뜨끈하니 오로배출에 도움이 되는것 같았어요
퇴실할 무렵에는 소형 생리대로도 오로가 거의
묻어나오지 않을만큼 감소되었답니다
​
2.식사
아델리아 산후조리원은 밥이 너무 맛있기로 유명하죠?
먹순이인 저는 밥이 맛없는걸 참을 수 없어서
너무 중요한 포인트였어요
아침,저녁식사는 뷔폐식이고
점심은 한상차림 특식이 나옵니다!
객실에 외부음식 반입과 배달음식이 가능한데요
배달은 로비 엘리베이터 앞에서 바로 받아와야되는
시스템이긴한데 밥이 너무 맛있게 잘 나와서
배달음식 시켜먹을 겨를이 없었어요😅🤣
간식은 오후3시와 저녁8시 두타임이 있는데
3시 간식은 식당으로 가서 먹는방식이고
저녁간식은 방으로 가져다주시는 방식이에요!
간식도 머핀이나 호떡 이런거 직접 다 구우시더라구요?
식후때마다 식당 옆 오븐에서 오늘 간식은
뭐가 나오려나 슬쩍 구경도 했어요ㅎㅎ
​
3.시설
공용공간들에는 빨래를 두는 빨래보관통과
유축한 모유를 보관하는 냉장고, 개인 깔대기를 쓰고내놓으면 세척후 보관해주시는 보관함
필요시 사용하면 될 듯한 전자렌지와 냉장고가 있어요
조리원에서 깔대기를 세척 소독해주시니 너무편안...
그리고 2층 공용 거실엔 사진인화기, 반신욕기,
골반교정기, 파라핀 기계등이 있어요!
손목이 덜그덕 덜그덕 거리니 파라핀 열심히
하루세번 밥 먹으러 갈때마다 해주었고요!
사진인화기로 하루1장 최대 8장의 사진을
뽑을수 있어서 출산직후부터 모아두었던 아기사진을
성실하게 뽑아서 8장을 다 뽑았답니다ㅋㅋ
남편 휴대폰으로도 최대 2장 가능해요!
​
4.마사지
조리원에 오면서 가장 기대가 컷던게 마사지 였어요
출산전부터 시작해서 임신후기의 붓기는
출산직후에 더 심해지더라구요ㅠ
온몸에 관절이 헐거워져 있는데 부종까지 심하니
천근만근의 몸이었고 너무 삐그덕 삐그덕 아팟어요
출산 직후 설레는 마음으로 어기적대며
걸어가서 측정한 몸무게는 부종으로 인해
만삭때보다 더 늘어나 있어서 얼마나 충격적이었는지..
제왕절개라 더 심하게 부었던거 같아요
​
게다가 병원에서 출산3일차부터 젖몸살이 시작되어
딱딱해지고 열이오르는 가슴을 부여잡고
부은몸에 밤이고 낮이고 얼마나 괴롭고 아팟는지ㅠ...
퉁퉁부어버린나ㅠ 친정엄마가 보시더니 큰일난줄 아셧다고ㅜ
저는 입실당일 무료체험 1회 마사지 체험후
이틀만에 몸무게가 4키로나 쑤욱 내려가는
기적같은 경험을 하고 파워결제를 감행하고 말았습니다
붓기가 쏘옥~!!! 기적같이 빠져부럿슨!!!!
퉁퉁부은 위의 얼굴과의 차이가 보이시나요ㅜㅜㅜㅜㅜ
저는 3번방 안쪽베드의 관리사님께 마사지를 받았어요
​
입실 첫주는 좀 집중 관리를 하고싶어서 90분코스
2주차에는 60분 코스로 결제하였어요
산후붓기는 비만과도 연결이 되는 부분이고
골든타임 이내 최대한 몸의 회복에 집중해서
최상의 컨디션으로 집에 돌아가 육아전쟁에 뛰어들고 싶었는데 정말 비용이 아깝지 않았어요...
​
산후 마사지답게 제 몸의 어느부분이 안좋은지
정확히 짚어주시구 그에 맞춰 마사지 강도와 프로그램을
짜주셔서 편안하게 몸을 맞겼답니다
​
모유수유 하시는분들은 가슴마사지와
수유에대한것도 적극적으로 코칭 받으실수 있어요
수유실에서도, 마사지실에서도 다 잘 알려주셔요
저는 목표한대로 조리원에서 초유만먹이고
단유하고 나오는것에 성공햇습니다🥹
모유에 욕심이 없는 저는 젖몸살을 경험하고나니
집에가서 혼자 단유하기는 무서웠어요
발목뼈와 라인을 되찾은 나의 풍선같았던 발...
발도 다리도 퉁퉁 부어서 발을 내딪을때마다
발바닥이 찢어지는 느낌이 낫었는데
살아낫어요.. 광명찾고 집에왔습니다...
그립네요 관리사선생님... 다시가고싶다🥹❤️...
​
지내는동안 아기가 쏭스오가닉 분유와
로하스베베 라인의 바디제품들을 쓰고
특별히 탈이 없이 잘 먹고 잘바르는걸 봐서
그대로 따라 쓰기로 결정하고 싹 구매해서 왓습니다^^;
영업이나 강요같은거 전혀 없구
모유수유 강요하면서 눈치주는 조리원들도 있다던데
그런것도 전혀 없어서 완분맘인 저는
편안히 조리하다 왔어요
​
모르는것도 물어보면 다 잘 알려주시는데
울고불고 하면 다시 아기들구  뛰어가면
받아주시려나요?🤣🤣🤣
벌써 그리운 조리원........
​
또 제게 둘째라는 축복이 온다면
다시 방문 해보도록 하겠습니다
​
친절했던 식당이모님, 실장님들
마사지선생님들 신생아실 선생님들
우왕좌왕 초산맘 돌봐주셔서
모두모두 고맙습니다❤️",,0,https://cafe.naver.com/f-e/cafes/24000254/articles/7335728?boardtype=L&userDisplay=50&menuid=13&referrerAllArticles=false&inCafeSearch=true&query=%EC%84%B8%ED%83%81&art=aW50ZXJuYWwtY2FmZS1hcnRpY2xlLXJlYWQtaW5DYWZlLXNlYXJjaC1saXN0.eyJ0eXAiOiJKV1QiLCJhbGciOiJIUzI1NiJ9.eyJjYWZlVHlwZSI6IkNBRkVfSUQiLCJhcnRpY2xlSWQiOjczMzU3MjgsImlzc3VlZEF0IjoxNzg4MjMzMTUwMzgxLCJjYWZlSWQiOjI0MDAwMjU0fQ.I9owdX88ZHYjDDOcp7qesxlI_dTL46TJvXG1_cXI6YU&page=1,JKS
대구맘365,24000254,13,세탁,김혜정 산후조리원 수성점 후기,2026.06.18. 09:56,"김혜정 산후조리원 수성점 후기
둘째 출산 후 지내게 된 김혜정 산후조리원 수성점. 조리원을 알아볼 때 고민을 많이 했는데, 실제로 지내보니 만족스러운 부분도 있었고 아쉬운 부분도 있었습니다. 입소를 고민하시는 분들께 도움이 되었으면 하는 마음으로 솔직하게 후기를 남겨볼게요 :)
1. 방
저는 스위트룸을 이용했는데 전체적으로 산모가 생활하기 편하게 구성되어 있다는 느낌을 받았어요.
방 안에는 냉온정수기가 있어서 밤중에도 따뜻한 물을 바로 마실 수 있었고, 퀸 사이즈 모션베드가 있어 수유하거나 몸을 일으킬 때 굉장히 편했습니다. 출산 후엔 작은 움직임도 힘든데 모션베드가 생각보다 정말 유용하더라고요.
또 하나 좋았던 점은 좌욕이 가능한 비데가 설치되어 있다는 것! 자연분만 산모라면 특히 만족도가 높을 것 같아요.
개인적으로 가장 편리했던 건 세면대가 화장실 밖에 있다는 점이었어요. 남편이 화장실을 사용하는 동안에도 세수하거나 양치할 수 있어서 은근히 편했습니다.
2. 식사
조리원에서 가장 기대했던 부분 중 하나가 식사였는데, 결론부터 말하면 만족!
매 끼니마다 5~6가지 반찬이 제공되고 한식 위주의 집밥 스타일이라 질리지 않았어요. 무엇보다 냉동식품류가 많지 않아서 개인적으로 정말 좋았습니다. 출산 후엔 자극적인 음식보다 속 편한 집밥이 더 당기더라고요.
식사 시간은 아래와 같아요.
아침 : 8:30
점심 : 12:30
간식 : 15:00
저녁 : 17:30
야식 : 20:00
간식을 제외한 식사와 야식은 모두 8층 식당에서 제공됩니다.
간식은 15시에 각 층 사물함 선반 위에 올려주시는데, 지나가다가 챙겨오면 돼서 편했어요.
남편 식사도 신청할 수 있어요.
아침 : 오전 7~8시 토스트와 음료 무료제공
점심 : 오후 1시~1시 30분 (오전 10시까지 주문)
저녁 : 오후 6시~6시 30분 (오후 2시까지 주문)
비용은 한 끼당 1만원입니다.
2주에 한 번 수요일 저녁마다 있는 디저트데이에는 정말 맛있는 음식들이 한가득 나와요~ 건강식만 먹다가 속세의 음식을 잔뜩 맛볼 수 있어서 그또한 즐거웠구요ㅋㅋ 산모들끼리 대화도 많이 하는 분위기라서 조동 만들기도 좋아요!
3. 마사지
마사지 만족도가 꽤 높았어요.
특이한 점은 돔 형태의 기구를 사용하는데, 상반신 마사지 시에는 하반신을, 하반신 마사지 시에는 상반신을 덮어주는 방식이에요.
이게 마치 사우나처럼 온실효과를 내서 땀 배출이 정말 잘 됩니다.
저는 등에 땀이 고일 정도로 땀을 많이 흘렸는데, 출산 후 부어 있던 몸이 한결 가벼워지는 느낌이 들었어요.
출산 후 붓기 때문에 고생하시는 분이라면 만족하실 것 같습니다.
4. 수유
김혜정 산후조리원이 모유수유로 유명하다는 이야기를 많이 들었는데, 막상 와보니
전혀 강요하는 분위기가 아니었어요.
단유 계획이 있다고 말씀드리면 최대한 그 방향에 맞춰주시고, 직수가 너무 오래 지속되면 ""이제 보충할 테니 들어가서 쉬세요.""라고 말씀해주십니다.
무조건 모유수유를 해야 한다는 압박, 전혀 없었어요.
오히려 밤 10시부터 오전 7시까지는 수유콜이 없습니다.
이 부분은 호불호가 있을 수 있을 것 같아요.
첫째 때 이용했던 조리원은 산모가 원하면 새벽에도 수유콜을 주셨거든요. 물론 아기와 빨리 합을 맞추는 데는 도움이 될 수 있지만, 몸이 회복되지 않은 상태에서 새벽 수유를 반복하는 건 정말 힘들었습니다.
반면 김혜정은 밤에는 확실히 쉬게 해주는 시스템이에요.
개인적으로는 지금도 손목과 손가락이 아플 정도라 밤과 새벽에는 푹 쉬는 게 훨씬 좋았습니다.
다만 완모를 목표로 아주 초반부터 적극적으로 직수를 원하시는 분이라면 이 부분은 미리 고려해보셔도 좋을 것 같아요.
결국 산모마다 원하는 방향이 다르니까요 :)
5. 그 외 시설들
5층에는 반신욕기 2대와 골반교정기 2대가 있고,
7층에는 족욕기 2대가 있습니다.
반신욕이나 족욕을 하고 나면 몸이 따뜻해지고 땀이 나면서 기운이 도는 느낌이라 저는 자주 이용했어요.
또 층마다 전자레인지와 음식물쓰레기통이 있어서 남편이 사온 간단한 음식을 데워 먹기에도 편리했습니다.
작은 부분이지만 생활하면서 은근히 유용한 시설이에요.
6. 세탁물
세탁 시스템도 꽤 편리한 편입니다.
방 앞 사물함에 세탁물을 넣어두면 오전 6~7시쯤 수거해가시고, 당일 점심 이후 8층에서 찾아갈 수 있어요.
빨래망에 넣은 세탁물은 탈수만 해서 당일 돌려주시기 때문에 방 안 미니 건조대에 직접 널어야 합니다.
반대로 빨래망에 넣지 않고 맡기면 건조까지 해주시는데, 보통 다음 날쯤 받을 수 있어요.
다만 건조된 세탁물은 다른 분들과 함께 바구니에 담겨 있으니 자기 옷을 잘 찾아가야 합니다.
7. 청소
화장실과 방 청소, 쓰레기통 비우기는 매일 해주세요.
청소도 꽤 꼼꼼하게 해주셔서 지내는 동안 불편함이 없었습니다.
다만 주말에는 쓰레기통만 비워주십니다.
여사님들도 주말엔 쉬셔야 하니까요 :)
8. 주차
이 부분은 조금 아쉬웠어요.
건물 지하는 타워주차장인데 무료 주차 시간이 1시간 30분까지만 제공됩니다.
이후에는 10분당 추가 요금이 발생해요.
그래서 주변 도로변에 주차하시는 분들도 꽤 많았습니다.
다행히 입소일과 퇴소일에는 주차장 이용료가 무료라 짐 옮길 때는 부담이 없었어요.
9. 면회
개인적으로 정말 좋았던 부분!
대부분의 조리원은 남편만 면회가 가능한 경우가 많은데, 김혜정 산후조리원 수성점은
첫째 아이 면회가 가능합니다.
그래서인지 둘째 맘들이 정말 많더라고요.
다만 첫째 아이가 면회하고 가면 감염 예방 차원에서 다음 날 오후 4시까지 직수와 모자동실은 불가능합니다. 신생아들의 안전을 위한 조치이니 충분히 이해가 되는 부분이었어요.
총평
✔️ 집밥 스타일의 맛있는 식사
✔️ 모유수유 강요 없는 분위기
✔️ 마사지 만족도 높음
✔️ 첫째 아이 면회 가능
✔️ 반신욕·족욕 등 부대시설 만족
❗ 주차는 다소 아쉬움
❗ 밤 수유콜이 없어 호불호가 있을 수 있음
저는 전반적으로
""산모를 충분히 쉬게 해주는 조리원""
이라는 인상을 받았습니다.
특히 둘째 출산 후 몸 회복에 집중하고 싶은 산모라면 만족도가 높을 것 같아요. 제 개인적인 경험을 바탕으로 작성한 후기이니, 조리원 선택에 참고가 되었으면 좋겠습니다 :)",,0,https://cafe.naver.com/f-e/cafes/24000254/articles/7325532?boardtype=L&userDisplay=50&menuid=13&referrerAllArticles=false&inCafeSearch=true&query=%EC%84%B8%ED%83%81&art=aW50ZXJuYWwtY2FmZS1hcnRpY2xlLXJlYWQtaW5DYWZlLXNlYXJjaC1saXN0.eyJ0eXAiOiJKV1QiLCJhbGciOiJIUzI1NiJ9.eyJjYWZlVHlwZSI6IkNBRkVfSUQiLCJhcnRpY2xlSWQiOjczMjU1MzIsImlzc3VlZEF0IjoxNzg4MjMzMTUwMzgxLCJjYWZlSWQiOjI0MDAwMjU0fQ.bM5DMSAsjGLOAAekxjFWj0Sbe3robi87_Zazf0Ah0BM&page=1,JKS
대구맘365,24000254,13,세탁,리엘 산후조리원 스위트룸 사용 후기,2026.06.17. 18:41,"안녕하세요!
​
올해 6월 첫주에 출산하고 리엘 산후조리원에서 아기는 13박14일 저는 11박12일 이용했어요~
​
조리원은 7층에서 9층에 있으며, 9층에서 상담과 입실 안내를 해주세요.
퇴원시 바로 방이 없어서 아기만 먼저 들어가고 전 2일 정도 집에서 지내고 들어갔어요.
​
​
스위트룸 706호로 배정 받았어요.
​
방 컨디션은 이렇습니다.
퇴실 준비하면서 찍어둔 사진이랍니다.
​
입실할 때 산모 원피스와 수건 2개가 제공되며, 원피스 경우는 매일 세탁 후 방으로 가져다주신답니다.
​
청소도 휴일을 제외한 매일 오전 8시 중 청소를 진행해주세요.
세탁도 세탁망에 넣어서 세탁 바구니에 오전 8시까지 넣어두면 오후4시 세탁완료 서랍에 넣어주신답니다.
​
​
입실을 오전 11시 이후로 진행되다보니 첫날부터 점심 식사를 먹었어요.
점심은 거의 매일 특식 같고, 아침 저녁으로는 미역국과 매번 다른 반찬들이 나온답니다.
​
9층 식당에 들어가서 반찬만 덜어서 자리에 앉으면 밥과 국은 자리로 가져다주신답니다.
​
음식들이 너무 맛있어서 진짜 살 빼서 돌아가기 힘들더라구요..ㅎㅎ
​
식당에 주전자 옆에 텀블러 놓고 밥먹으면 텀블러 안에 보리차 담아주시더라구요.
리엘 산후조리원 보리차 물! 다른 후기들 보면 꼭 나오더라구요.
​
​
​
교육실도 따로 있고, 각 층마다 전자레인지랑 정수기가 있어요.
​
그리고 각 복도에 간식 트레이가 있어서 간식 시간에 맞춰서 간식 챙겨서 방에서 먹으면 되더라구요.
​
​
간식들도 너무 맛있게 먹었어요.
​
​
​
매주 목요일은 간식데이로 오후 3시에 식당으로 가면 과일, 떡, 과자, 요플레 등 많아서 먹을만큼 먹을 수 있더라구요.
​
​
​
아무도 없을 때 찍은 수유실인데, 수유실에 쿠션들도 매번 세탁하고 수유실도 매번 소독하다보니 항상 깨끗한 환경에서 아기를 수유할 수 있었어요.
​
그리고 선생님들이 정말 옆에서 잘 가르쳐주시더라구요.
초산이라 하나도 모르고 아무것도 못하는데 퇴실할 때 되니 많이 배우고 익혀져서 그런지 좀 익숙해진 것 같아요ㅎ
​
​
친절하고 좋은 선생님들 덕분에 정말 편하게 쉬고 많이 배워서 가는 것 같아요.
​
이상 리엘 산후조리원 실제 내돈내산 후기랍니다.",둘째는 리엘이용해봐야겠아요!,1,https://cafe.naver.com/f-e/cafes/24000254/articles/7325210?boardtype=L&userDisplay=50&menuid=13&referrerAllArticles=false&inCafeSearch=true&query=%EC%84%B8%ED%83%81&art=aW50ZXJuYWwtY2FmZS1hcnRpY2xlLXJlYWQtaW5DYWZlLXNlYXJjaC1saXN0.eyJ0eXAiOiJKV1QiLCJhbGciOiJIUzI1NiJ9.eyJjYWZlVHlwZSI6IkNBRkVfSUQiLCJhcnRpY2xlSWQiOjczMjUyMTAsImlzc3VlZEF0IjoxNzg4MjMzMTUwMzgxLCJjYWZlSWQiOjI0MDAwMjU0fQ.4GbMQHsSOudIUn0rO3qeBKM0j8F3RGiixRdbWf9kCbY&page=1,JKS
대구맘365,24000254,13,세탁,대구 달서구 리엘산후조리원 vip룸 2주 후기,2026.06.15. 14:34,"안녕하세요! 얼마 전 출산하고 대구 달서구 리엘산후조리원에서 천국 같은 2주를 보내고 퇴소한 맘입니다.
조리원 라이프가 너무 만족스러워서 다른 산모님들께 도움이 될까 싶어 생생한 내돈내산 후기를 남겨봐요. 🥰
​
🛏️ 712호 VIP룸 객실 (모션베드 & 테라스)
계약은 vip로 했지만 방이 없어서 처음 이틀은 디럭스룸에서 묵었습니다.
그 이후에 전실한 방은 712호 VIP룸이었어요.
방에 들어서자마자 깔끔하고 아늑해서 마음에 쏙 들었는데, 무엇보다 모션베드가 신의 한 수였습니다!
출산하고 나면 뼈마디가 다 늘어나서 침대에서 일어날 때마다 허리랑 배에 무리가 많이 가잖아요? 모션베드 덕분에 리모컨 하나로 상체 각도 조절해가며 편하게 일어날 수 있어서 회복에 정말 큰 도움을 받았어요.
게다가 방에 개별 테라스가 딸려 있어서, 답답할 때마다 창밖 보며 바깥공기 마시기에도 최고였답니다.
VIP룸 강추해요!
참고로 남편 입실은 주말만 가능하고,
토요일 오전 10시부터 일요일 오후 8시까지입니다.
모자동실은 매일 11:40~14:30 시간을 제외하고 자유롭게 가능하구요.
저는 평일에는 혼자 모자동실할 자신이 없어서 수유콜 때마다 아기를 보러 가고, 주말에 남편이 왔을 때 모자동실을 했어요 !
​
🍲 소문대로 역시 '밥 맛집' & 목요일 간식데이
리엘 후기 찾아볼 때 다들 밥이 맛있다는 칭찬 일색이던데, 직접 먹어보니 왜 그런지 백번 이해가 가더라고요. 매일 삼시 세끼 균형 잡힌 영양식으로 정말 정갈하고 맛있게 나와요.
그리고 매일 나오는 간식 퀄리티도 훌륭한데, 특히 목요일 간식데이는 사랑입니다...❤️
목요일에는 9층 식당가에 다 같이 올라가서 간식을 먹는데, 준비해 주시는 과일이 진짜 당도 높고 너무 맛있어서 매주 목요일만 기다렸던 기억이 나네요.
특히 수박이랑 키위 너무 맛있었어요,,🤤
저녁 8시에는 야식으로 죽도 나오는데요. 야채죽, 호박죽, 흑임자죽 돌아가며 나오는 듯 해요 !
한 두번 먹으러가고 그 후엔 귀찮아서 패스하고 방에서 쉬었네요 ㅎㅎ
​
👶 천사 같으신 신생아실 선생님들
초보 맘이라 아기 케어에 대해 걱정이 정말 많았는데, 신생아실 선생님들이 아기를 진심으로 예뻐해 주시는 게 눈에 보여서 안심하고 푹 쉴 수 있었어요. 언제나 친절하게 질문에 답해주시고 케어 팁도 많이 알려주셔서 큰 위로가 되었습니다.
궁금한 점 있으면 잘 알려주셔요 !!
​
🍼 프리미엄 아기용품 사용
- 분유 : 루비락
- 기저귀 : 르소메, 리베로
- 아기로션 : 로하스베베
- 아기 세제 : 베베르엘
리엘을 선택하길 정말 잘했다고 느낀 점 중 하나는 아기들이 쓰는 용품을 전부 최고급 제품으로만 엄선해서 사용한다는 거였어요.
​
🧹 완벽한 룸케어
조리원에서는 정말 '쉬는 것'에만 집중할 수 있게 시스템이 잘 되어 있어요. 매일매일 방 청소 꼼꼼하게 해주시고, 매일 새 산모복 지급은 물론이고 개인 빨래까지 싹 세탁해서 가져다주십니다. 손가락 하나 까딱 안 하고 대접받는 기분이라 진짜 조리원 천국을 제대로 실감했어요.
​
💆‍♀️ 유명한 리엘 마사지 (추가 결제 추천 !)
리엘 하면 마사지 유명한 거 아시죠?
저도 입소할 때 서비스로 무료 유방 마사지랑 전신 마사지를 받았는데, 와... 진짜 신세계를 경험했습니다. 임신 기간 내내 뭉쳤던 근육과 출산 오로, 붓기가 싹 가시는 느낌으로 너무 시원하더라고요. 이 손맛은 놓치면 안 되겠다 싶어서 바로 7회 추가 결제해서 받았어요. 덕분에 조리원 나갈 때 몸무게도 많이 줄고 몸이 훨씬 가벼워졌답니다. 부종도 많이 빠지고 마사지 받으니까 화장실도 잘 가더라구요. 조리원에서 총 10kg감량했습니다. 마사지는 무조건 추가하시길 추천드려요!
​
📸 소소하지만 확실한 행복 (셀픽 / 베베캠)
또 하나 저의 활력소였던 공간!
9층에 하루에 한 장씩 무료로 아기 사진을 인화할 수 있는 셀픽 기계가 있어요.
매일 핸드폰으로 찍은 우리 아기 심쿵 사진을 골라서 한 장씩 인화하는 게 제 하루의 유일한 낙이자 힐링 타임이었답니다. 퇴소할 때 인화된 사진 모아보니 괜히 뿌듯하고 좋은 추억이 되었어요.
그리고 실시간으로 아기모습 볼 수 있는 베베캠 !
앱 설치 후 가입하면 하루 2번 정해진 시간(10:40~11:00 / 16:00~16:20)에 신생아실에 있는 아기 모습을 볼 수 있어요🥰
​
✨ 총평 ✨
원장님을 비롯해 신생아실 선생님들, 마사지 실장님, 청소해주시는 이모님들까지 모두 너무 친절하셔서 머무는 내내 심적으로도 육체적으로도 완벽하게 힐링하고 갑니다.
시설, 위생(세스코 관리라 안심!), 식사, 케어 어느 하나 빠지는 것 없이 대만족이었던 리엘산후조리원!
둘째가 생긴다면(먼 미래지만요ㅎㅎ) 망설임 없이 또 리엘로 올 것 같아요. 달서구 조리원 고민 중이신 예비맘들이 계신다면 강력 추천합니다! 👍
​
​
​",,0,https://cafe.naver.com/f-e/cafes/24000254/articles/7323297?boardtype=L&userDisplay=50&menuid=13&referrerAllArticles=false&inCafeSearch=true&query=%EC%84%B8%ED%83%81&art=aW50ZXJuYWwtY2FmZS1hcnRpY2xlLXJlYWQtaW5DYWZlLXNlYXJjaC1saXN0.eyJ0eXAiOiJKV1QiLCJhbGciOiJIUzI1NiJ9.eyJjYWZlVHlwZSI6IkNBRkVfSUQiLCJhcnRpY2xlSWQiOjczMjMyOTcsImlzc3VlZEF0IjoxNzg4MjMzMTUwMzgxLCJjYWZlSWQiOjI0MDAwMjU0fQ.xwvD7U90VF6kHKb8Rb-3l7zzkzM2VPRxBwVK-fbiylQ&page=1,JKS
대구맘365,24000254,13,세탁,대구 더블유여성병원 조리원 내돈내산 후기,2026.06.15. 10:46,"안녕하세요 13박14일 내돈내산 후기 알려드릴께요.
​
대구 W 여성병원 에서 출산을 하고 바로 위에 있는 여성병원 조리원을 이용했어요.
​
우선은 다른 곳으로 이동 할 필요 없이 엘리베이터만 타고 바로 조리원으로 올라올 수 있어서 걱정 없이 이동할 수 있었어요.
​
저는 일요일날 입소라서 금요일 날에 입소 교육을 듣고  일요일 날에 입소하기 전 남편과 코로나 검사를 하고 입소을 했어요. 조리원에 있는 동안 저는 한 번만 검사를 했고 남편은 3일에 한번씩 코로나 검사가 필요해요
​
저는 임신 8주차에 조리원을 VVIP로 예약을 했었는데 남편이 자고 갈 수 없다고 해서 25주가 넘었을 때 일반실 3.5 평 으로 변경 하여서 611호를 사용했어요
​
위치가 엘레베이터 바로 앞이라서 시끄러울까봐 걱정했는데 크게 시끄럽지도 않았고 바로 앞에 식당이 있어서 밥 먹으러 갈 때 수월 했어요. 그리고 6층에 수유실,신생아실,혈압 및 체온  측정 하는 곳,식당,사우나실 이 있어서 일반실로 바꾸길 잘했다는 생각이 들었어요. 물론 방의 크기가 조금 작고 화장실이 많이 좁아서 씻기 불편한점은 있었지만 그래도 생활 하는데 있어서 큰 지장은 없었어요
​
아침은 매일 아침 8시 10분에 방앞으로 가져다 주세요. 다먹은 뒤엔 복도에 놔두는 곳이 있어서 그쪽으로 두시면 되세요
​
방청소는 일요일 빼고 다 해주시는데 10시 20분 이후부터 해주세요 엄청 깨끗하게 해주시는건 아닌것 같았어요 아무래도 많은 방을 치워야 해서 그런지 보통 1~2분이면 끝나더라구요
청소를 원치 않는 날에는 방문 앞에 쓰레기통을 두면 쓰레기통만 비워주세요
​
복도 가운데에 개인빨래와 조리원복을 세탁해주시는 곳이 있는데 개인빨래는 방안에 준비되어있는 세탁망에 넣어서 개인 세탁함에 넣고 세탁물 수거 명단에 작성해주시면 보통 다음날 11시쯤 세탁되어서 나와요
​
하루에 보통 슈유콜은 4번정도 오는데 수유 시간을 좀더 늘리겠다고 하면 더 자주 불러주세요
밥을 먹거나 마사지 휴식등을 취하고 있을때는 다음 수유때 갈께요 라고 하면 알겠다고 해주시니 수유 안간다고 할때도 불편함 없었어요 저는 아기가 제가 밥먹을때 수유콜이 오면 제가 갈때까지 기다려야 하니까 그냥 선생님이 먹여 달라고 부탁 드리고 다음 수유때 갔어요
​
수유할때 궁금한점 있을때마다 선생님들께 물어보면 친절하게 다들 가르쳐주셔서 부담 없이 선생님들께 물어볼수 있어요.
​
점심,간식,저녁,야식은 식당에가서 이용을 하면 되는데요 점심,저녁은 뷔페식으로 원하는 많큼 떠서 드시면 되고 간식은 1인당 먹는양으로 준비되어 있어서 들고 식당에서 먹으면 되요
저는 야식은 항상 죽과 미역국이 나와서 저는 한번도 안먹었네요
​
식당 안쪽으로 들어가면 아기 사진을 뽑을수 있는곳이 있어요 매일 한장씩 뽑을수 있어서 저는 밥먹고 항상 뽑았어요
​
7층에는 마사지실이 있어서 마사지를 받으면서 관리 받을수 있는데요 마유는 1회에 11만원 (1시간20분)아로마는 1회에 8만원(50분) 이예요 일반실을 이용하면 아로마 1회 서비스를 받을수 있었는데 저는 마유 6회를 추가로 받았아요 마사지를 받고나면 땀도 나고 뭉쳐있는 가슴도 잘 풀어주셔서 엄청 시원해서 마사지 받는걸 추천 드려요.
​
퇴원후 조리원에 있는동안 외래진료를 3번정도 받았는데 같은 건물에 있다보니 엘레베이터만 타고 바로 진료를 볼수있어서 좋았고 아기들도 진료를 봐야할때에 바로 볼수 있어서 좋았어요
​
조리원에 있는동안에 밥도 잘먹고 잠도 잘자고 모른것 투성이 였는데 많을걸 배울수 있어서 좋았어요 더블유 여성병원에서 아기 낳는분들이 계시면 바로 위에 있는 조리원 추천드려요~
​
​
​
​
입실 설명할때 주시는 유인물
식당에서 원하는 만큼 떠서 먹으면 돼요
매일 아침 방으로 주시는 아침밥
혈압 및 체온 측정 하는곳(옆에 체중계도 있음)
​
매일 1장씩 뽑을수 있어요~
​",,0,https://cafe.naver.com/f-e/cafes/24000254/articles/7323106?boardtype=L&userDisplay=50&menuid=13&referrerAllArticles=false&inCafeSearch=true&query=%EC%84%B8%ED%83%81&art=aW50ZXJuYWwtY2FmZS1hcnRpY2xlLXJlYWQtaW5DYWZlLXNlYXJjaC1saXN0.eyJ0eXAiOiJKV1QiLCJhbGciOiJIUzI1NiJ9.eyJjYWZlVHlwZSI6IkNBRkVfSUQiLCJhcnRpY2xlSWQiOjczMjMxMDYsImlzc3VlZEF0IjoxNzg4MjMzMTUwMzgxLCJjYWZlSWQiOjI0MDAwMjU0fQ.hp8JWRH43AzVDkRiDTAz5S7u_rKdfbcA_JuqeVHhi_E&page=1,JKS
대구맘365,24000254,13,세탁,다이치 원픽스360 시즌3 카시트/ 내돈내산,2026.06.11. 14:14,"첫째아기 첫 카시트로 다이치원픽스 360구매했어요!!!
애기태우려는 차가 소렌토라 배면각도때문에 엄청많이 고민했는데~~ 다이치가 제일 좋겠더라구요^^
우리나라꺼라 폭도 외국꺼보다 넓고, 우선 시트 세탁이 너무 편해보여서 더 마음에들었어요! 아무래도 애들은 많이 흘리고 자주 빨아주는게 좋을거같아서요ㅎㅎ 소재도 좋더라구요~~
그리구 해외꺼못지않게 안정성도 인증되었고~ 가격도 좋구요!ㅎㅎ 카시트관련해서 많이 찾아보고 유명한 카페에서도 많이 공부했는데 이제품이 선호도 1순위더라구요ㅎㅎ
차양막이랑 시트보호매트, 킥매트까지 준비해뒀구 물려받은 바구니카시트 잠깐 쓰고 바로 사용하려고합니다ㅎㅎㅎ
다른분들도 고민중이시면 이제품으로 한번 고민해보세요🙂 안전을 위한거라 대충살수가없네요ㅎㅎㅎ",,0,https://cafe.naver.com/f-e/cafes/24000254/articles/7320578?boardtype=L&userDisplay=50&menuid=13&referrerAllArticles=false&inCafeSearch=true&query=%EC%84%B8%ED%83%81&art=aW50ZXJuYWwtY2FmZS1hcnRpY2xlLXJlYWQtaW5DYWZlLXNlYXJjaC1saXN0.eyJ0eXAiOiJKV1QiLCJhbGciOiJIUzI1NiJ9.eyJjYWZlVHlwZSI6IkNBRkVfSUQiLCJhcnRpY2xlSWQiOjczMjA1NzgsImlzc3VlZEF0IjoxNzg4MjMzMTUwMzgxLCJjYWZlSWQiOjI0MDAwMjU0fQ.9ZIa3mMCJQKGvJ_3R_SEDAgylG1iWV_WOuIx2A89hCQ&page=1,JKS
대구맘365,24000254,13,세탁,더블유산부인과 2주 후기,2026.05.06. 22:52,"첫째때도 출산하고 병원 조리원 이용했었는데
이번 둘째도 고민 없이 미리 예약하고
출산 후 입원실 갔다가 바로 올라 왔답니다
한 건물 안에서 모든게 해결되니 좋은거 같아요
저는 둘째지만 여기로 결정 했던 이유가 혹시 애기가
아프거나 문제가 생기면 소아과가 있고
아침마다 소아과 쌤이 회진해서 였어요
이번에 황달끼 좀 있다고 했는데 그때
결정 잘 했다 싶었어요
벌써 4년전인데 조리원 가격도 그대로 여서 놀랐어요
저는 6층 3.5평방으로 썼구요
진짜 첫째땐 너무 좁은거 아닌가 싶어 놀랐는데
쓰다보면 이상하게 적응 되고 딱 좋았어요
넓은곳 선호 하시면 7층 vip vvip로 가셔야 할거 같아요
Tv, 냉장고, 드라이기, 선풍기 등..
기본적으로 있을건 다 있답니다
방안에 유축기는 4년전꺼 보다 더 좋은걸로 바꼈어요
하지만 저는 단유해서 쓸일이 없었어요
식당은 6층에 있구요
조식은 시간되면 방으로 직접 갖다 주시고
다 먹고는 본인이 수거함으로 가져다 주심 됩니다
점심 간식 저녁 야식은 찾아가서 뷔페식으로
덜어 먹으면 되는데
야식이나 조식 원하지 않을때 X체크 하시면 되구요
매번 미역국 나오고
점심은 지겨울까 일반국 나오는데 혹시나 미역국 드시고 싶음 미리 말씀하심 되고
저 개인적으로 음식은 전체적으로 맛있게 먹었어요~
샐러드 과일은 매일 나와요!!
세탁은 세탁망에 넣어 빨래통 넣으면 되고
속옷,양말,타올만 가능해요!
산모복 넣는 통은 따로구요
위에 사물함에 세탁된 산모복이랑 빨래 다되면
같이 넣어준답니다
맞은편에 전자레인지 정수기 있어요
수유콜 받으면 가는 6층 수유실이에요
도넛방석이랑 발판 있고
수유쿠션도 요렇게 준비되어 있어요
벨 눌르면 선생님이 아기 데리고 오시고
또 데리고 가세요!
유축한 것도 여기 넣는 바구니 있고
조리원 깔대기도 있고 젖병도 준비되어 있어요
신생아실 앞 바로 보이는 곳에
혈압 체온 매일 셀프로 체크해서 기록하면 되고
체중계도 있으니 몸무게 확인도 가능해요 ㅎㅎ
여기가 신생아실이에요
하루 4타임 면회 가능하고
면회시간대에 커튼 열려 있어서 아기를 볼 수 있어요
시간외 면회도 가능하긴 해서 좋더라구요~
마지막 면회 시간이
10시~10:30이라 아빠들 늦어도 볼 수 있어서 좋았어요
여기가 7층 마사지실!!
저는 아로마보다 마유마사지가 더 좋아서
마유 받았어요!!
마사지실 앞 공간
남편을 위한 빵과 커피 마실 수 있는곳!!
참! 탯줄 떨어지면 수유실에서 선생님이 주시는데
예전엔 작은 유리병에 줬었는데
훨씬 큰병으로 바꼈네요~
남편 코로나 주 2회 검사 해야하고
자고 가는거 안되고!
예전엔 코로나 심했을때라 조리원 프로그램이
없었는데 지금은 요가도 있고
모자동실도 할 수 있더라구요 참고하세요!
담당의사쌤 간호사쌤 너무 좋고
여기 선생님들도 다 친절하셔서 좋았고
두번째 오니까 몇년전이라도 익숙해서 편안하게
있다가 돌아 갈거 같아요^^
​
​
​
​
​",가습기도 배치되어 있나요~? | 그건 없어요~ 공청만 있구요,2,https://cafe.naver.com/f-e/cafes/24000254/articles/7295717?boardtype=L&userDisplay=50&menuid=13&referrerAllArticles=false&inCafeSearch=true&query=%EC%84%B8%ED%83%81&art=aW50ZXJuYWwtY2FmZS1hcnRpY2xlLXJlYWQtaW5DYWZlLXNlYXJjaC1saXN0.eyJ0eXAiOiJKV1QiLCJhbGciOiJIUzI1NiJ9.eyJjYWZlVHlwZSI6IkNBRkVfSUQiLCJhcnRpY2xlSWQiOjcyOTU3MTcsImlzc3VlZEF0IjoxNzg4MjMzMTUwMzgxLCJjYWZlSWQiOjI0MDAwMjU0fQ.JEPGhvaXWAX0n632QLXt9KtTiezouSrpgp0U1dgdE0k&page=1,JKS
대구맘365,24000254,13,세탁,더블유여성병원 산후조리원 2주 특실 후기,2026.04.30. 00:50,"출산 전부터 산후조리원은 정말 많이 고민했어요.
시설, 식사, 프로그램도 중요했지만 제가 가장 우선으로 본 건
신생아실 케어
였어요.
초보엄마이다 보니 아기를 믿고 맡길 수 있는 곳인지가 가장 중요했거든요.
그런 점에서 더블유 여성병원 산후조리원을 선택한 가장 큰 이유는
한 건물 안에서 출산부터 조리까지 모두 해결되는 시스템
이었어요.
1층 소아과
2층 산부인과
3~5층 분만실 및 입원실
6~7층 산후조리원
이렇게 한 건물 안에 다 있어서 이동 동선이 정말 편리했어요.
​
산모 입장에서는 몸도 힘든데 외부 이동 없이 필요한 진료를 바로 볼 수 있다는 게 정말 큰 장점이더라고요.
​
제가 가장 만족했던 부분은 역시
신생아실 케어
였습니다.
신생아실 선생님들 모두 너무 친절하시고, 무엇보다 관리가 정말 철저해요.
코로나 관련해서도 굉장히 꼼꼼하게 관리하시는데,
산모들끼리도 너무 밀접하게 오래 대화하지 않도록 조심해달라고 안내해주시고,
남편 면회도 3일마다 코로나 검사를 받아야 가능했어요.
비용은 1만원인데, 깜빡하고 검사 없이 올라오면 바로 확인하시고
검사 후 올라오라고 안내해주실 정도로 철저했습니다.
처음에는 조금 엄격하다고 느낄 수도 있지만, 오히려 이런 부분 때문에 더 믿음이 갔어요.
“아기를 정말 안전하게 보호하고 있구나”라는 느낌이 확실히 들었거든요.
​
​
산모 건강 관리도 정말 꼼꼼했어요.
매일 혈압 체크, 오전/오후 체온 체크를 직접 기록해야 하고, 빠뜨리면 바로 연락 주세요.
그만큼 산모 컨디션까지 세심하게 보고 계신다는 게 느껴졌어요.
아기 관리도 체계적이었어요.
매일 아기 몸무게 변화, 대변 횟수 등을 기록한 신생아 일지를 붙여주셔서 매일 확인할 수 있었어요.
초보엄마 입장에서는 “우리 아기가 잘 먹고 있나?”, “배변은 괜찮나?”
이런 게 늘 걱정인데 눈으로 직접 확인할 수 있어서 안심이 됐습니다.
​
제가 조리원 생활 중 몸 상태가 안 좋아서 병원 진료를 보고 약 처방을 받은 적이 있었는데,
그때 신생아실 선생님들이 처방받은 약까지 꼼꼼하게 확인하시고,
실장님께서 직접 오셔서 상담까지 해주셨어요.
그 순간 정말 느꼈어요.
이곳은 단순히 아기를 맡아주는 곳이 아니라 산모와 아기 상태를 함께 책임감 있게 관리하는 곳이라는 걸요.
면회시간도 좋았어요.
저녁 10시부터 10시 30분까지도 면회가 가능해서 야근하고 온 남편도 잠깐 얼굴 보고 갈 수 있었어요.
면회시간에 아래 커튼이 열린답니다~
​
수유하면서도 정말 많은 도움을 받았어요.
초보엄마라 수유실에서 정말 많이 헤맸어요.
왜 우는지, 왜 자꾸 게워내는지, 제대로 먹고 있는 건지 하나하나 다 걱정됐는데,
궁금할 때 호출벨 누르면 바로 와주시고 자세하게 알려주셨어요.
무엇보다
“너무 걱정하지 마세요.”
이 한마디가 정말 큰 위로였어요.
출산 후 호르몬 영향 때문인지 생각보다 감정기복도 심하고 괜히 눈물도 나고 불안할 때가 많았는데,
이런 따뜻한 말들이 큰 힘이 됐습니다.
​
그리고 수유실에 수유쿠션도 준비되어있고,
여기서 기저귀도 갈고, 구비된 수딩젤, 크림 등도 바를 수도 있고 맨 아래칸에 보시면 발받침 할 의자까지
구비되어있어서, 산모가 좀 더 편안한 자세로 수유할 수 있는 배려가 느껴진답니다~
​
저도 자연분만 했는데, 자분 산모들을 위한 도넛방석까지 수유실에 구비되어있는 센스!!!
​
​
유축을 위한 깔대기와 젖병도 조리원에 다 구비되어있어서
유축 준비물을 하나도 챙기지 못했었는데, 편하게 잘 사용했답니다~
그리고 개인적으로 데피라 수유컵도 사용해보고,
손목이 아픈 거 같아서 핸즈프리 수유컵도 사서 사용해봤는데,
그런 개인용품도 저기 바구니에 사용 후 갖다놓으면 깨끗하게 세척 및 소독해서
소독기에 다시 넣어주신답니다~
​
조리원 용품뿐만 아니라 개인용품까지 챙겨주시는 점이 너무 좋았어요.
​
​
그리고 조리원실에서 쓸 수 있었던 이 스펙트라 유축기!
인터넷으로 대여하려고 보니 생각보다 1달 대여료가 비싸더라구요.
그만큼 유축기가 엄청 좋아요. 수유등도 3단계 켜지는 것은 물론이고,
일단 지인에게 빌린 스펙트라 유축기에 비해 소음이 훨~~~~~~씬 작고,
수유시간이 지금 몇 분 되었는지 다 카운트를 해주고,
30분이 되면 자동으로 꺼지는 기능까지... 이 좋은 유축기 쓰다가 지인에게 빌린 거 어떻게 쓰지 싶으네요 ㅎㅎ
​
​
그리고 식사.
여기는 진짜 식사가 너무 맛있어요.
지인이 예전에 여기 실습 나왔을 때 밥이 너무 맛있어서 여기 취직하고 싶었다고 했는데,
왜 그런 말 했는지 알겠더라고요.
산모식인데도 정말 맛있고 정성스럽게 나와요.
살 빼야겠다고 생각했는데 3끼를 너무 잘 챙겨 먹고 왔어요.
특히 좋았던 건 모유수유를 고려한 식단이라는 점이었어요.
빨간 김치 대신 백김치가 나와서 자극적이지 않았고,
세끼 모두 미역국만 반복되는 게 아니라 일반 국이 다양하게 나와서 질리지 않았어요.
식사가 잘 나오니까 회복에도 도움이 많이 되는 느낌이었어요.
그리고 간식도 나오는데, 솔직히 전 밥을 너무 맛있게 맛나게 먹어서
과자, 떡, 빵을 좋아하는 빵순이가 간식을 많이 못 챙겨먹어서 사진이 많이 없어요.
​
​
그리고 산후조리원 실장님도 정말 잘 챙겨주세요.
제가 원래 추위를 많이 타는 편인데 임신 후 체질이 바뀌어서 더위를 많이 타게 됐고,
조리원 내부가 산모 기준으로 따뜻하게 되어 있다 보니 더 덥게 느껴졌어요.
그걸 말씀드렸더니 바로
“옷을 원피스로 바꿔드릴까요?” 하시면서 불편하지 않도록 여러 방법을 먼저 제안해주시고
필요하신 거 있으시면 언제든 말씀하시라고 말씀주시며,
세심하게 챙겨주셔서 정말 감사했어요.
사소한 부분인데도 바로 반응해주시는 게 감사했어요.
​
그리고 실장님 계신 데스크에서
조리원에 있는 동안 신생아실에서 실제 먹이고 있는 프리미엄 산양분유를 저렴하게 구매할 수 있는 것도
큰 장점이었어요.
집에 가서 분유 연계할 때도 도움이 될 것 같아요.
​
마사지 관리도 정말 만족했습니다.
산후에는 몸도 힘들지만 마음이 더 힘들더라고요.
수유하고, 잠 못 자고, 아기 울음에 긴장하고, 내가 잘하고 있는 건지 계속 불안하고.
그럴 때 마사지 받는 시간이 정말 힐링이었어요.
마사지 선생님께서 몸만 풀어주시는 게 아니라 이야기도 많이 들어주시고,
“산모님이 먼저예요. 산모님을 먼저 생각하세요.”
라고 말씀해주셨는데 그 말씀이 정말 크게 와닿았어요.
괜히 울컥할 때도 많았는데 그 시간 덕분에 마음 정리가 많이 됐어요.
솔직히 집에 가서도 출장으로 모시고 싶다는 생각까지 했어요.
​
왼쪽 산모건강관리실이 마사지샵이랍니다.
​
그리고 프로그램도 좋았어요.
3층 병원 신생아실 수간호사 선생님께서 산후요가와 사운드베스 수업을 진행해주시는데,
단순히 몸 회복만이 아니라 마음까지 돌보는 시간 같았어요.
특히 기억에 남는 말이 있어요.
“지금 가장 소중한 사람은 누구인가요?”
다들 아기를 먼저 떠올렸는데,
선생님께서 가장 중요한 사람은 산모 본인이라고 하셨어요.
그리고 두 번째는 남편.
아이는 결국 독립할 존재이고, 평생 함께할 사람은 배우자이니
남편에게도 고맙다고 표현하고 서로 잘 지내는 모습이 아이에게 안정감을 준다고 말씀하셨는데
정말 많이 공감됐어요.
조리원 생활하면서 남편에게도 더 고맙다는 말을 하게 됐어요.
(여기가 6층 식당 옆 공간인데, 여기서 각종 수업이 이뤄지고,
사진을 못 찍었는데, 여기에 셀픽 기계가 있어서 매일 하루 1장씩 사진 인화를 할 수 있어서 좋았어요.)
​
​
생활적인 부분도 편리했어요.
6층, 7층마다 세탁물 수거함이 있어서 수유브라, 속옷, 수건, 조리원복까지 매일 세탁 가능해서 정말 편했어요.
출산 후에는 작은 집안일 하나도 버겁기 때문에 이런 시스템이 정말 도움이 됩니다.
2주 동안 지내보니 왜 더블유 여성병원 산후조리원이 만족도가 높은지 알겠더라고요.
몸 회복도 잘했고, 육아에 대한 자신감도 조금 생겼고,
무엇보다 초보엄마로서 혼자가 아니라는 안정감을 많이 얻고 갑니다.
출산 직후 가장 예민하고 불안한 시기에 따뜻하게 챙겨주신
신생아실 선생님들, 실장님, 마사지 선생님 모두 감사드립니다.
둘째가 생긴다면 다시 오고 싶을 만큼 만족했던 산후조리원이었어요.
​",저도 곧 가야하는데...혹시 빨래 이런 부분은 괜찮을까요? 병원복이 아닌 개인 빨래도 빨아주시나요? (내복),1,https://cafe.naver.com/f-e/cafes/24000254/articles/7291247?boardtype=L&userDisplay=50&menuid=13&referrerAllArticles=false&inCafeSearch=true&query=%EC%84%B8%ED%83%81&art=aW50ZXJuYWwtY2FmZS1hcnRpY2xlLXJlYWQtaW5DYWZlLXNlYXJjaC1saXN0.eyJ0eXAiOiJKV1QiLCJhbGciOiJIUzI1NiJ9.eyJjYWZlVHlwZSI6IkNBRkVfSUQiLCJhcnRpY2xlSWQiOjcyOTEyNDcsImlzc3VlZEF0IjoxNzg4MjMzMTUwMzgxLCJjYWZlSWQiOjI0MDAwMjU0fQ.CtwkZl2g0Yq0br1ud7iu7XGLg1s46Y0CXPuOxF6-RTE&page=1,JKS
대구맘365,24000254,13,세탁,대치동 학사 가격 어느 정도인가요,2026.04.20. 22:00,"저희애가 재수하면서 대치동 근처에서 공부하려고
대치동 학사 가격을 알아보고 있는데 생각보다
범위가 넓어서 어디서 비교해야 할지 모르겠어요...
혼자 공부하면 집중력 관리가 안 될 것 같아서 학사 생활이
도움이 될까 싶은데 비용 부담이 어느 정도인지 먼저 파악하고 싶어요ㅠㅠ
대치동 학사 가격이 시설이나 위치에 따라 차이가 많이 나는 편인가요
밥이나 세탁 같은 생활 서비스가 포함된 곳도 있는 건지도 궁금하고요
대치동 학사 가격 대비 관리나 환경이 실제로
공부에 도움이 되는 편인지도 알고 싶어요",대치동 학사 가격 보면 평균적으로 꽤 높은 편이라 학원비까지 같이 쓰면 체감 부담 생각보다 크게 느껴지는 경우 많아요ㅠㅠ | 비용이 많이 들어갈 것 같아서 걱정이 좀 되긴 하네요 | 돈 들여서 좋은 환경 만들어놔도 집중력 없이 있으면 소용 없어요... 환경이 공부를 대신해주는 게 아니거든요 거기 있는 시간 최대한 쓰려면 하루 루틴부터 딱 잡아두는 게 먼저예요 | 집중력은 대체 어떻게 올릴 수 있는 거죠ᅲᅲ 하루 루틴 잡는 것도 해봐야겠네요... | 대치몰입제 한번 알아보세요 대치동에서 집중력으로 유명해진 알약인데 주변 환경에 상관없이 앉으면 바로 몰입이 되는 느낌이 달라지더라구요 공부 시작할 때 오늘 끝낼 것만 딱 정해두고 그것만 보는 방식으로 하면 시간 낭비가 확 줄어요 | 대치몰입제... 처음 들어보는데 영양제에요ᅲᅲ 끝낼 것만 딱 정해두고 시작하는 거 한 번도 제대로 안 해봤는데 해봐야겠네요... | 맞아요 대치동에서 유명해져서 그렇게 불린다고 하더라구요 집중력 올려서 좋은 결과 있길 바랄게요 | 대치동 학사 가격이 비싸게 형성돼 있어서 가성비 따지면 고민 길어지기 쉬워요... | 여러모로 생각해야할 부분이 많은 듯 해요 | 대부분 관리나 식사 포함된 건 괜찮게 느끼지만 비용 대비 만족도는 개인 생활 스타일 따라 크게 갈리는 편이에요ㅎ,10,https://cafe.naver.com/f-e/cafes/24000254/articles/7284660?boardtype=L&userDisplay=50&menuid=13&referrerAllArticles=false&inCafeSearch=true&query=%EC%84%B8%ED%83%81&art=aW50ZXJuYWwtY2FmZS1hcnRpY2xlLXJlYWQtaW5DYWZlLXNlYXJjaC1saXN0.eyJ0eXAiOiJKV1QiLCJhbGciOiJIUzI1NiJ9.eyJjYWZlVHlwZSI6IkNBRkVfSUQiLCJhcnRpY2xlSWQiOjcyODQ2NjAsImlzc3VlZEF0IjoxNzg4MjMzMTUwMzgxLCJjYWZlSWQiOjI0MDAwMjU0fQ.ELKCrHBauo2pb795Cr_83fgnuMMmg600pAKb4P8M0GY&page=1,JKS
대구맘365,24000254,13,세탁,대구 더블유여성병원 산후조리원 일반실 이용후기~,2026.04.08. 19:55,"대구 더블유여성병원 산후조리원 일반실 3.5평 이용후기 입니다~
​
출산과 조리원이 같은건물에 있는 더블유여성병원으로 임신 12주차에 예약을 했었어요~ 😁
(본원출산시 200만원/ 26.4월기준)
​
3월 출산이라 산모들이 많아서 남아있는방이 3.5평 일반실만 있었어요. 😂 병원 입원실도 1인실 만석이라 4인실 다인실 5박6일 써서 조리원은 천국이네요 👍
​
조리원2주 있는 동안 남편 없이 혼자 지낼 예정이라 방크기는 중요하지 않았어요 ㅋ 커튼뒤 작은창도 있어서 환기는 문제 없었어요🙂
​
3.5평 일반실은 병원 다인실이용 했던분은 추천 ❣️
​
크기가 작지만 있을껀 다 있는 일반실 3.5평 이에요~
TV,시계,냉장고,내선용전화,식탁,협탁,유축기,드라이기,선풍기,공기청정기,싱글침대,세탁망2개
​
웰컴 선물 (양말 1개, 칫솔, 치약, 화장지, 가제손수건 3장,엘끌루아 샴푸&컨디셔너&바디워시&바디로션)
​
침대 밑에 서랍에도 수납가능해요!!!!
평수가 작은만큼 계속 캐리어 열어놓고 있으면 좁아서 수납공간을 최대한 이용했어요 🤗
화장실이 좀 좁아요ㅠ 샤워기가 있지만 좁아서 샤워실에서 샤워할 수 있어서 다행이었어요~~
입구쪽에 붙박이장 (옷걸이2개) 밑에는 신발장?
6층 정수기 전자렌지 앞에 세탁물 수거함이 있어요~
​
호수 적힌 세탁망 2개를 주는데 산모용 속옷류,타월만 세탁해주고 세탁한 것과 새로운 조리원복은 각 호수 칸에 넣어줬어요.
6층 신생아실 앞 매일 혈압, 체온체크(오전/오후)하고 체중계도 있어요~
​
육아초보를 위한 ""임신출산육아대백과"" 책도 있는데 저도 모르는 부분 찰칵찰칵🤳 사진 찍어뒀어요~~
여유있을때 책 읽어 보세요~
사진설명까지 잘 나와있어서 많은 도움이 되요 ㅋㅋ
​
면회시간이 있는데
남편왔을때 시간 외 면회도 가능하다고 합니다 🤗
남편면회는 매일 방문한다고 할때에는 일주일에 코로나 검사 2회 해야되고 들어올때 방문일지 체온체크하고 들어오셔야 되요~
​
조리원에 남편 숙박은 안되고 면회만 가능해요🙂
6층 엘리베이터옆 식당 있어요~
조식은 각방으로 룸서비스 해주고
중식,간식,석식,야식 은 식당(뷔페식)에서 먹었어요~
식단 전체는 다 못찍고 일부만 사진 찍었어요~ 점심은 일반식으로 나오고 (국 미역국변경가능) 밥도 맛있었어요 😆
감염병예방 칸막이 식탁 (26년4월 기준)
감염병예방 칸막이 식탁이 있었는데 위생에 많이 신경쓰는것 같아서 안심이 되더라구요~ 😄
식당옆에 휴게실에 들어가면 체중계가 있어요~~
하루1개 인화 공짜!!!!
폰에 있는 예쁜 아기사진 4×6 사이즈로 출력할 수 있어요🤳👶
처음에 설명들었는데 잊고 있다가 조리원 생활 3일차에 발견했네요 ;;
아기사진도 매일 받을 수 있고 럭키비키 ~~🍀
조리원 2주 이용하는분 기준으로 산후요가30분, 파노라마 북만들기, 이유식교육, 명상(싱잉볼) 한번씩 수업 다 들을 수 있어요~
휴게실(운동실) 바닥이 따끈따끈해요~ 여기서 수업을 해요~
운동실 뒷편에는 유아책들이 있어서 책에 관심있으신 분들은 편하게 볼 수 있으니 구경해보세요~ 어린이서점에 있는 아람북스,교원,키즈엠 책들이 많이 보였어요~
산후 붓기에 도움되는 건식사우나실~
사우나실 쓰려면 7층 데스크에 20분전 미리 말하면 이용할 수있어요~ 사우나 이용시 핸드폰은 밖에 두고 이용하세요⚠️
사우나실 내부에도 온도와 남은시간을 볼 수 있어요~
저는 사우나 20분이 딱 적당한거 같았어요 💦
일반실은 화장실이 좁아서 샤워실이 따로 있어요~ 식당입구 옆에 샤워실 한명씩 사용 가능해요
샤워실 내부에는 해바라기수전 세면대 화장대가 다 따로 분리 되어있어서 편했어요 ㅋ 세면대에는 온풍기가 있어서 옷 갈아입을때 편했어요~
과열방지 (과열시 자동 꺼짐) 드라이기라서 바람은 약해요 😢 일반실에 있는 드라이기가 더 바람 쎈 것 같아요~
수유실입구에도 적혀 있듯이 컨디션 안 좋을때는 수유하지 않고 쉬어라고 되있어요~
수유콜 안 간다고 해도 눈치도 안주고 강요가 없어서 좋았어요~ 👍👍  여기가 천국 ~~ 😇
수유시간도 지정할 수 있어요~ 🤗
6층 수유실내부
3.5평 일반실이 6층에 있는데 수유실,신생아실,식당,사우나실, 프로그램실
​
모두 6층에 있어서 동선이 편했어요~😙
7층 701호에 있는 산후관리실(마사지실) 이에요~
제왕절개 산모여서 붓기가 장난이 아니었어요 🥲
​
일반실 아로마 1회 서비스 받았는데 마유도 궁금해서 받아보고 비교후 마유는 스톤관리, 노폐물 배출에도 더 좋아서 마유로 10회 관리 받았어요~😆
​
아로마(1회당 8만) , 마유(1회당 11만) 현금영수증 가능, 카드결제도 가능해요~
조리원 있는 동안 탯줄이 떨어졌었어요~
예쁜병에 담아서 줬는데 뚜껑 열어 잘 말려야 된데요~~ 😄
모자동실 3일 (모유수유,목욕,신생아관리교육)
이 있어서 초보엄마에게 너무 도움되는 교육이었어요~
비싼
앱솔루트 산양분유
를 대구더블유여성병원 산후조리원에서는 신생아실에서 사용한다고 해서 산후조리원 여기로 선택한 이유이기도 해요~
​
아기가 황금변도 누고 완분 예정이라서
350g 24통 372,000원 (개당 15,500원)
구매했어요~ 😍
완분아기 1통 6~7일이면 다 먹는거 아시죠!!
조리원 최저가 혜택!!! 무조건 많이 쟁여두세요 🍼
​
​
출산부터 조리원,소아과까지 한건물에 있고
아기 케어가 잘 되고 초보맘을 위한 교육도 잘 되있고 대구 더블유여성병원 산후조리원 추천해요 👍
​",저도 더블유여성병원 조리원에서 특실을이용 중인데 가성비 참 좋은 거 같아요소아과 분만실 입원실 신생아실 조리원이층마다 분포해있어서 이동하기 너무 편리하고좋아요 | 밥 잘 나오는거같네요🤤,2,https://cafe.naver.com/f-e/cafes/24000254/articles/7276405?boardtype=L&userDisplay=50&menuid=13&referrerAllArticles=false&inCafeSearch=true&query=%EC%84%B8%ED%83%81&art=aW50ZXJuYWwtY2FmZS1hcnRpY2xlLXJlYWQtaW5DYWZlLXNlYXJjaC1saXN0.eyJ0eXAiOiJKV1QiLCJhbGciOiJIUzI1NiJ9.eyJjYWZlVHlwZSI6IkNBRkVfSUQiLCJhcnRpY2xlSWQiOjcyNzY0MDUsImlzc3VlZEF0IjoxNzg4MjMzMTUwMzgxLCJjYWZlSWQiOjI0MDAwMjU0fQ.f9y2VspoDcqCqlElOrze8rP36fbBEImwBd1FZ1mhA7k&page=1,JKS
대구맘365,24000254,13,세탁,산후조리원 13박14일 ❤️ 칠곡 웰산후조리원 후기,2026.03.16. 11:20,"​
​
출산 후 조리원 고민하시는 분들 많으실 것 같아서 제가 이용했던 칠곡3지구 웰산후조리원 후기 남겨봅니다.
​
전체적으로 느낀 점은 산모를 정말 편하게 해주는 조리원이라는 느낌이었어요.
​
1. 식사 (가장 만족!)
삼시세끼 + 간식 + 야식까지 제공됩니다.
뷔페식이라 먹고 싶은 만큼 가져다 먹을 수 있어서 좋았어요.
출산 후 체력 회복이 중요한데 음식이 잘 나와서 만족했습니다.
​
2. 객실 컨디션
객실이 거의 호텔 느낌이에요.
공기청정기, 가습기, 냉온정 정수기까지 다 갖춰져 있고
특히 템퍼 모션베드 매트리스라서 몸이 정말 편했습니다.
​
자연분만 / 제왕절개 산모 모두에게 모션베드는 정말 필수라는 생각 들었어요.
​
3. 화장실 상태
화장실이 매우 깨끗하고
타일이 건식 스타일이라 물이 빨리 마릅니다.
항상 뽀송한 느낌이라 이용하기 편했어요.
​
4. 세탁 서비스
세탁을 매일 해주셔서 산모가 따로 신경 쓸 일이 거의 없습니다.
​
5. 수유 시스템 (강요 없음)
수유콜이 자유로운 편이라
제가 원할 때 가도 되고,
몸이 힘들면 안 가도 전혀 강요가 없습니다.
​
정말 산모 컨디션을 우선으로 배려해주는 분위기였어요.
​
6. 직원분들
신기하게도 여기 직원분들이 다 친절하세요.
모르는것도 하나하나 잘 알려주시구요.
걱정하나도 안하셔도됩니다~
​
7. 신생아실 시스템
신생아실도 정해진 시간에 면회 가능하고
커튼도 개방되어 있어서 아기 상태를 볼 수 있어 안심되었습니다.
분유는 아이엠마더 사용하고
베베캠도 있어서 언제든 아기 확인할 수 있습니다.
​
8. 산후 마사지
마사지도 아로마 / 마유 마사지 두 가지가 있어서
본인이 원하는 걸 선택해서 받을 수 있습니다.
저는 마사지 받고 붓기가 꽤 빨리 빠졌어요.
​
​
9. 5층 시설
5층에 파라핀, 반신욕, 사진 인화 등 이용할 수 있는 공간이 따로 마련되어 있어서
조리원 생활 중간중간 이용하기 좋았습니다.
​
10. 외출 가능
외출도 가능해서 답답함이 덜했어요.
잠깐 바람 고 오면 기분도 좋아지고 에너지도 충전됩니다.
근처에 카페나 음식점도 많아서 음료나 간식 먹고 싶은 것도
먹을 수 있어서 지루하지 않았어요.
특히 칠곡3지구라 주변 인프라가 좋은 것도 큰 장점이었습니다
​
전체적으로
✔ 식사
✔ 객실 컨디션
✔ 직원 친절도
✔ 산모 배려 시스템
​
이 부분이 특히 좋았던 조리원이었습니다.
​
칠곡3지구 근처에서 조리원 고민하시는 분들께 참고가 되면 좋겠네요 😊
​
​
#칠곡3지구 #산후조리원
#웰산후조리원",후기 잘 보고 가요~ | 후기 감사합니다 | 후기 잘보고가요~!! 3주뒤에 출산예정인데 혹시 조리원에 분유 다른거주면 그걸로 먹여주실까요?? | 네 가능해요! | 안녕하세여 혹시 칠경출산예정이라 예약할것 같은데 베베캠으로 언제든 아기 볼수있는거 맞나요 | 베베캠은 볼수있는 시간대가 정해져있어요!하루한번이고 대신 방문하면 유리창넘어로 볼수있어요 언제든지요~ | 후기 감사합니다! 신생아실은 커튼 없이 24시간 개방일까요? | 아니용 밤시간부턴 닫아요,8,https://cafe.naver.com/f-e/cafes/24000254/articles/7260237?boardtype=L&userDisplay=50&menuid=13&referrerAllArticles=false&inCafeSearch=true&query=%EC%84%B8%ED%83%81&art=aW50ZXJuYWwtY2FmZS1hcnRpY2xlLXJlYWQtaW5DYWZlLXNlYXJjaC1saXN0.eyJ0eXAiOiJKV1QiLCJhbGciOiJIUzI1NiJ9.eyJjYWZlVHlwZSI6IkNBRkVfSUQiLCJhcnRpY2xlSWQiOjcyNjAyMzcsImlzc3VlZEF0IjoxNzg4MjMzMTUwMzgxLCJjYWZlSWQiOjI0MDAwMjU0fQ.6INuon_Vm9aRaFSnKOVoHaayosaG8z8O_CV8dQMT6xg&page=1,JKS
대구맘365,24000254,13,세탁,베페가서 구입할 물품추천해주세요,2026.02.10. 01:14,"🔸출산후기 내용은 ""출산 성공 바이러스""
에 게시글 작성해 주시기 바랍니다.
​
🔸""예비맘정보공유"" 게시판에 위 게시글 작성시
활동정지 및 무통보 삭제됨을 알려드립니다.
​
​
​
가구 가전은 준비가되서
소모품위주로 구매하면될듯한데
당췌 뭘 사야할지 모르겠어요...
첫째랑 터울도 커서 첫째때 준비했던게 뭔지도 모르겠네요
​
12월에 베페가서
젖병 손수건 천기저귀 이유식큐브 이런거 사오긴했는데
​
이제 출산전 마지막 베페인지라 가볼려는데
베페에서 꼭사라! 품목이있나요??",아가야 실내복이요 건조기 돌려도 변함이없고 5천원 하는 곳 있어요 테두리 밖에 쪽에요 4벌 5벌 사서 갈아입으면서 엄청 1년은 입어요 | 주방세제가 싼 편이라고 해서 구매했었어요!아토앤오투? 싸게 샀어요 ㅎㅎㅎ세탁세제는 그냥 인터넷이 더 싸더라구요 ! | 손수건이랑 수전 많이들사는거같아요,3,https://cafe.naver.com/f-e/cafes/24000254/articles/7237320?boardtype=L&userDisplay=50&menuid=13&referrerAllArticles=false&inCafeSearch=true&query=%EC%84%B8%ED%83%81&art=aW50ZXJuYWwtY2FmZS1hcnRpY2xlLXJlYWQtaW5DYWZlLXNlYXJjaC1saXN0.eyJ0eXAiOiJKV1QiLCJhbGciOiJIUzI1NiJ9.eyJjYWZlVHlwZSI6IkNBRkVfSUQiLCJhcnRpY2xlSWQiOjcyMzczMjAsImlzc3VlZEF0IjoxNzg4MjMzMTUwMzgxLCJjYWZlSWQiOjI0MDAwMjU0fQ.TFQGsjZG-4bhwpjGnkQVJnVknvJClp4fyGqSt4WSFp8&page=1,JKS
대구맘365,24000254,13,세탁,"여성아이조리원을 이용하신 선배맘님, 출산가방 꿀팁 전수 좀 해주세용.",2026.02.01. 15:18,"🔸출산후기 내용은 ""출산 성공 바이러스""
에 게시글 작성해 주시기 바랍니다.
​
🔸""예비맘정보공유"" 게시판에 위 게시글 작성시
활동정지 및 무통보 삭제됨을 알려드립니다.
​
안녕하세요.
첫 아이 임신이라 아무것도 몰라 소통하기 위해 대구맘 카페를 가입한지가 얼마전 같은데
벌써 출산을 30일 앞둔 행복맘이에요.
배는 나날이 더 커져서 눕는것도 앉아 있는것도 걷는것도 다 힘들어졌지만
뱃속에서 움직이는 위치도 다 느껴질 만큼 꼬물꼬물 움직임을 느낄 날이 이제 얼마남지 않았다는게
아쉽기도 해서 지금 이 순간을 더 느끼자는 마음으로 지내고 있어요!
초기에는 미리미리 임산부 혜택, 임산부가 해야할 일 등을 미리미리 알아보고 출산까지 가있을 정도로 마음이 앞서 있었는데 막달까지도 맘마존 준비, 아기옷세탁, 아기용품 준비, 출산가방 준비 등을 하지 않고 있다가 지난주부터 하기 시작한 저는 드디어 다음주!! 35주가 되어 막달 검사를 앞두고 있답니다.
막달이 되고나니 병원진료가 예약이 안되더라구요 ㅠㅠ 그리고 막달검사가 1시간~ 1시간30분정도 시간이 걸린다고 해서 병원에 또 하루종일 있어야 할 것 같아 벌써 지치긴 하네요.. ^^;;
​
막달검사를 하고 나면 진짜 출산까지 얼마남지 않을 것 같은 느낌이라 이제 출산가방을 싸려고 하는데
여성아이조리원에서는 챙겨주시는게 제법 많더라구요.
그래서 출산가방에 그렇게 많이 챙기지 않아도 될 것 같은 느낌이기도 한데
혹시 여성아이조리원을 이용하셨거나, 출산가방을 싸두신 선배맘님들의 출산가방 리스트를 공유해주실 수 있으실까요?
'이런거 꼭 챙겼으면 한다'는 것들이나 꿀팁전수 부탁드려용.",,0,https://cafe.naver.com/f-e/cafes/24000254/articles/7230936?boardtype=L&userDisplay=50&menuid=13&referrerAllArticles=false&inCafeSearch=true&query=%EC%84%B8%ED%83%81&art=aW50ZXJuYWwtY2FmZS1hcnRpY2xlLXJlYWQtaW5DYWZlLXNlYXJjaC1saXN0.eyJ0eXAiOiJKV1QiLCJhbGciOiJIUzI1NiJ9.eyJjYWZlVHlwZSI6IkNBRkVfSUQiLCJhcnRpY2xlSWQiOjcyMzA5MzYsImlzc3VlZEF0IjoxNzg4MjMzMTUwMzgxLCJjYWZlSWQiOjI0MDAwMjU0fQ.GlYuTPVzgSmS80G01QJWIcvM9UNUcduA3x4BRm191bU&page=1,JKS
대구맘365,24000254,13,세탁,슬슬 빨래공장돌릴까하는데..몇주부터하세요?!,2026.01.15. 00:30,"🔸출산후기 내용은 ""출산 성공 바이러스""
에 게시글 작성해 주시기 바랍니다.
​
🔸""예비맘정보공유"" 게시판에 위 게시글 작성시
활동정지 및 무통보 삭제됨을 알려드립니다.
​
​
​
​
곧33주차입니다!
슬슬 빨래공장을 돌릴까 하다가도
넘 빠른가 싶기도하네요 !
아직 한달이 남아서요.
​
근데 배가 넘 무거워서ㅠㅠ또 얼른해야되겠고..
34주에 시작해도 괜찮겠죠?!
​
빨래공장 팁이 있으신분들 알려주세요 🫶🏻🫶🏻
(+건조기 돌리시나요..?)","35주부터는 언제든 나올수도있다생각해서 저는 32주부터 살살시작했어요! 밤부손수건만 건조기돌렸고 거즈손수건이나 옷,그외용품들은 다 자연건조했어요 ㅎㅎ | 밤부손수건은 안쪼그라들던가요?! | 밤부 끝쪽은 거즈로돼있어서 그부분만 쪼그라드는데 보기에는 조금 거슬릴수있는데 탁탁터니까 괜찮았어요! | 아가꺼는 다 그냥 아가세제로 세탁만 하고 자연건조햇어용😆 | 역시ㅠ자연건조를 다들 하시군요 | 좀 크곤 건조기 돌리는데..옷이 짜불긴하더라두요..ㅎㅎ말릴 데가 없는가오ㅡ? | 저도 35주 넘어서 시작했어요^^ 또 맘 먹으면 금방 합니다! 파이팅입니다 | 금방하겠죠?ㅠㅠ걱정이 많네요ㅠㅠ | 36주에 마더케이 세탁망에 애기옷 넣고 호호에미세제로 빨았었어요! | 36주 안힘드셨어요?대단하세요! | 저는 34주에 미리 아기세제랑 호호에미섬유유연제로 해놨어요! 너무 늦게 하면 아기가 방 뺄까봐요 ㅎ | 저도 34주생각하고있는데ㅠ 벌써부터 힘들어요ㅠ | 저는 33주쯤에 시작햇어요 ㅎㅎ냉세탁, 헹궁 최대, 탈수 약하게 해서 자연건조하고, 건조기 먼지털기로 했는데, 건조기 먼지털기 못한 경우도 있구요! | 냉세탁!!요걸잊고잇엇네요ㅠ 33주인데 슬슬해야겠어요",14,https://cafe.naver.com/f-e/cafes/24000254/articles/7219147?boardtype=L&userDisplay=50&menuid=13&referrerAllArticles=false&inCafeSearch=true&query=%EC%84%B8%ED%83%81&art=aW50ZXJuYWwtY2FmZS1hcnRpY2xlLXJlYWQtaW5DYWZlLXNlYXJjaC1saXN0.eyJ0eXAiOiJKV1QiLCJhbGciOiJIUzI1NiJ9.eyJjYWZlVHlwZSI6IkNBRkVfSUQiLCJhcnRpY2xlSWQiOjcyMTkxNDcsImlzc3VlZEF0IjoxNzg4MjMzMTUwMzgxLCJjYWZlSWQiOjI0MDAwMjU0fQ.w_7L68lt-qMdKh30RKPlp43e7iFsoonWm_TLeM7gAn4&page=1,JKS
대구맘365,24000254,13,세탁,극P 예비맘의 임신 후기,2026.01.10. 13:49,"🔸출산후기 내용은 ""출산 성공 바이러스""
에 게시글 작성해 주시기 바랍니다.
​
🔸""예비맘정보공유"" 게시판에 위 게시글 작성시
활동정지 및 무통보 삭제됨을 알려드립니다.
​
벌써 임신 34주에 접어들었어요.
직업 특성상 주말 근무가 필수였는데, 33주에 들어서면서 평일에만 근무하게 되었어요. 이제 좀 쉬어도 되겠구나 싶었는데, 하루에 3시간 정도만 일하고 퇴근해도 생각보다 몸은 계속 바쁘더라구요. 일주일 내내 아기 용품 고르고, 세탁하고, 정리하고, 청소하다 보니 차라리 예전처럼 일하는 게 더 편하겠다는 생각까지 들 정도예요.
​
33주 정기검진으로 여성아이병원에도 다녀왔어요. 이제 임신 후반기라 그런지 병원 올 때마다 ‘진짜 얼마 안 남았구나’라는 생각이 더 실감 나더라구요. 혈압이랑 체중 재고, 초음파로 아기 상태도 확인했는데 다행히 아기는 잘 크고 있다고 하셨어요. 주수가 주수인지라 숨도 차고 몸도 무거워졌다고 말씀드리니, 무리하지 말고 충분히 쉬는 게 가장 중요하다고 다시 한 번 강조해 주셨어요. 예전에는 검진이 그냥 일정 중 하나였다면, 요즘은 병원 다녀오는 날마다 마음이 괜히 뭉클해지는 것 같아요.
​
집에 와서는 네이버 검색이랑 인스타를 보면서 배냇저고리 세탁 방법, 아기 옷 정리법 같은 걸 하나씩 따라 하며 준비하고 있어요. 다른 엄마들은 30주부터 준비를 다 끝냈다는 글을 보면 괜히 마음이 급해지기도 하더라구요. 저는 아직 세탁도 덜 했거든요. 출산 준비물도 미리 다 사기보다는 필요할 때 사자는 쪽으로 남편이랑 이야기했는데, ‘오늘만 특가’ 같은 문구를 보면 또 손이 먼저 가는 게 현실이네요.
​
인스타나 블로그를 보면 부지런하고 꼼꼼한 예비맘들이 너무 많아서 극P 성향인 저랑 자꾸 비교하게 되고, 내가 아기한테 잘 해줄 수 있을까 괜히 미안해질 때도 있어요. 남들과 비교하지 말자고 다짐해도 쉽지는 않지만, 각자 준비하는 속도와 방식이 다르다는 걸 요즘은 조금씩 받아들이는 중이에요. 지금은 완벽하게 준비하는 것보다, 무리하지 않고 잘 쉬는 것도 중요한 출산 준비의 한 과정이라고 믿어보려구요.
​",,0,https://cafe.naver.com/f-e/cafes/24000254/articles/7216049?boardtype=L&userDisplay=50&menuid=13&referrerAllArticles=false&inCafeSearch=true&query=%EC%84%B8%ED%83%81&art=aW50ZXJuYWwtY2FmZS1hcnRpY2xlLXJlYWQtaW5DYWZlLXNlYXJjaC1saXN0.eyJ0eXAiOiJKV1QiLCJhbGciOiJIUzI1NiJ9.eyJjYWZlVHlwZSI6IkNBRkVfSUQiLCJhcnRpY2xlSWQiOjcyMTYwNDksImlzc3VlZEF0IjoxNzg4MjMzMTUwMzgxLCJjYWZlSWQiOjI0MDAwMjU0fQ.TtsRkBZBHb7M1yehEAPKSlN7RWnWUIwkHlLCZ9xj_Zc&page=1,JKS
대구맘365,24000254,13,세탁,(31주) 아기띠 준비하신 분 계시나욤,2026.01.06. 22:04,"🔸출산후기 내용은 ""출산 성공 바이러스""
에 게시글 작성해 주시기 바랍니다.
​
🔸""예비맘정보공유"" 게시판에 위 게시글 작성시
활동정지 및 무통보 삭제됨을 알려드립니다.
​
​
주변에 선물을 해준다길랭
아기띠 이게 주변에서 좋다고했다거나
이거 추천 한다는 제품이 있을까용~~~",갓난이때는 코니아기띠 잘썻구그담엔 포그네? 고거잘썻어요 | 포그내 많이 사용하더라구용! 저도 포그내로 준비했어요 | 아기띠는 시기마다 쓰는 게 달라서 하나로 오래 쓰기 어렵더라구요 그래서 선물 받으면 결국 세탁도 자주 하게 되고요 저는 아기띠나 아기 옷 세탁할 때는 세제만큼은 순한 걸로 쓰는데 호호에미세제는 향 부담 없어서 선물로 받아도 무난하겠다는 생각 들었어요 | 아기띠는 얼굴이랑 손이 계속 닿아서 세탁 후 촉감도 신경 쓰이더라구요 그래서 유연제도 향 강한 건 피하게 돼요 저는 호호에미섬유유연제로 아기띠랑 아기 옷 같이 세탁하는데 자극 없이 쓰기 괜찮아서 이런 용도로는 무난했어요 | 저는 그냥 여기서 주는 선물 활동퀸으로 받은 아기띠 잘 사용하고잇어용 | 저는 베베스완 아기띠요. 조끼형태라 혼자 입고 벗고 아기 내릴 때도 편해요. | 전 허그파파요! 올인원이라 신생아때부터 쭉 쓸 수 있어서 가성비도 좋고 허리가 안 아프더라구요! | 저도 허그파파사용했어요~! | 저도 포그내했는데 슬링백말고 3in1 구매했어요. 이미 50일차가 넘어서근데 다시 돌아간다면 베이비본 미니를 미리 구매해서 30일 이후부터는 좀 사용하면 좋을 거 같아요포그내는 슬링백을 안사면 좀 커야 쓸 수 있겠더라구요 | 저는 베이비뵨 미니요 ~~ | 님블 아기띠 사용중인데신생아때부터 잘쓰고 있어용ㅎㅎ무조건 편한걸로 선택했는데장시간 착용해도 편해서 넘 좋아요 | 첫째때는 포그내 썼는데 베베스완?이라는거도 궁금하드라구요! 아무래도 아기띠는 허리랑 어깨가 아파서 베베스완은 조끼처러입던데! 달서구에 지금은 첫째애기 낳으니깐 베베스완 아기띠랑 휴대용 유모차중에서 골라서 선물주던데요!! 한번 알아보세요! | 우오아 달서구 마쟈욤 ˃̵͈̑ᴗ˂̵͈̑ ˃̵͈̑ᴗ˂̵͈̑ 이런 소식 감사합니당! | 베이비뵨미니쓰다가 포그내요!!,14,https://cafe.naver.com/f-e/cafes/24000254/articles/7213393?boardtype=L&userDisplay=50&menuid=13&referrerAllArticles=false&inCafeSearch=true&query=%EC%84%B8%ED%83%81&art=aW50ZXJuYWwtY2FmZS1hcnRpY2xlLXJlYWQtaW5DYWZlLXNlYXJjaC1saXN0.eyJ0eXAiOiJKV1QiLCJhbGciOiJIUzI1NiJ9.eyJjYWZlVHlwZSI6IkNBRkVfSUQiLCJhcnRpY2xlSWQiOjcyMTMzOTMsImlzc3VlZEF0IjoxNzg4MjMzMTUwMzgxLCJjYWZlSWQiOjI0MDAwMjU0fQ.hZyOYITvzLQ8bFux8pe3a-92KmDXZavbdgdFr0e8tl4&page=1,JKS
대구맘365,24000254,13,세탁,아기 로션이랑 바디워시등 추천 부탁드려요~,2026.01.05. 19:00,"퇴원 후 오늘 다시 병원가니 경부길이가 잘 유지되고 있다해서 기쁨을 안고 눕눕 생활을 더 잘 해야겠다하며 지내고 있답니다ㅜㅜ
이제 슬슬 용품을 준비해야되지 않을까해서 찾아보는데 뭐가좋을지...처음이라...뭔지 모르겠더라구요ㅜㅜ
아기 로션, 바디워시, 세제, 섬유유연제 어떤 것들이 좋을까요~? 추천 부탁드려요~~","무향에 성분이 중요하군요! 감사합니다^^ | 아~~ 유산균...생각지도 못했네요ㅋ 감사합니다~~^^ | 보습로션들은 아토ㅇ겔로준비했고, 섬유유연제는 안사용했어요 저는 무향을 선호하는 편이라서ㅎㅎ 프랭클린도 괜찮았어요~ | 섬유유연제는 안 준비해도 괜찮을 것 같네용~ 감사합니다^^ | 자궁경부길이 유지잘되고있다라니 다행이어요 ㅠ 그동안 마음졸이며 매일이 얼마나 힘드셨을까요 ㅠㅠㅠㅠ | 아직 안심하기에는 이르지만 어제 좋은 소식을 듣고 오니 조금 마음이 놓이긴 했어요ㅜㅜ제발 계속 유지되길 바라고 있어요ㅜㅜ | 바디제품은 아토팜으로 준비했어요. 세탁은 네이쳐러브메레로 준비했는데 신생아때는 섬유유연제 인쓰는게 좋다고 해서 일단은 킵입니다. | 섬유유연제는 대부분 안 쓰시는군요...정말 하나도 몰라서ㅜㅜㅜ 감사합니다~~ | 보습제랑 바스는 병원신생아실에서 쓰는 제품이 있길래 따라썼구요. 일단 다 무향으로 다 썼고 저도 유연제는 안쓰고있어요! | 로션이랑 워시는 아토오겔 출산병원에서 쓰던거 좋더라구요!세탁세제는 토루토루 썻고, 섬유유연제는 한번도 안썼어요 현재 5살인데 아직도 안씀. | 닥터바이오좋아요 임산부도 써도 되기때문에 저는 아기꺼 미리? 제가 다 발라보고 썼었네요 ㅋㅋ | 아하~ 그렇군요!! 저도 미리 써봐야겠어요ㅋ | 저는 디아섬유유연제사용했어요~!안쓰니까 빨래가 너무 빠닥?빠닥?한느낌이라 ,,.소량으로사용했고 지금도사용중이에요 | 감사해요~~^^",14,https://cafe.naver.com/f-e/cafes/24000254/articles/7212481?boardtype=L&userDisplay=50&menuid=13&referrerAllArticles=false&inCafeSearch=true&query=%EC%84%B8%ED%83%81&art=aW50ZXJuYWwtY2FmZS1hcnRpY2xlLXJlYWQtaW5DYWZlLXNlYXJjaC1saXN0.eyJ0eXAiOiJKV1QiLCJhbGciOiJIUzI1NiJ9.eyJjYWZlVHlwZSI6IkNBRkVfSUQiLCJhcnRpY2xlSWQiOjcyMTI0ODEsImlzc3VlZEF0IjoxNzg4MjMzMTUwMzgxLCJjYWZlSWQiOjI0MDAwMjU0fQ.sGtQRw45ihPj3A6iNXZL9m8d1B5Kq7vKshFGeot0wVw&page=1,JKS
대구맘365,24000254,13,세탁,지온산후조리원 이용후기,2026.01.04. 08:46,"​
안녕하세요 지온산후조리원 후기입니다
급하게 조리원 알아보고 운좋게 지온 예약하고 자리가 나서 2주동안 지냈는데요
너무너무 만족해서 후기 남깁니다🥰
​
​
밥이 맛있다는 얘기를 많이 들어서 기대하고 갔는데
기대만큼 정갈하고 맛있었어요
보호자 식사도 함께 할수있어서 좋았어요 :)
매일 나오는 간식들도 맛있었어요!!
​
​
그리고 매일 청소, 세탁해주시는 것도 👍🏻👍🏻
방역, 청결에 꼼꼼한 부분이 아주 마음에 들었어요ㅎㅎ
교육 프로그램들도 도움이 많이 됐구요
매일 받는 경혈 마사지도 너무 좋았습니다
맛있는 밥도 밥이지만
마사지해주시는 원장님들, 신생아실 선생님들 직원분들 모두 너무 친절하셔서 편하게 쉬고 갑니다😊😊
둘째가 생긴다면 또 이용하고 싶어요
​
🔸출산후기 내용은 ""출산 성공 바이러스""
에 게시글 작성해 주시기 바랍니다.
​
🔸""예비맘정보공유"" 게시판에 위 게시글 작성시
활동정지 및 무통보 삭제됨을 알려드립니다.","저도 지온 예약했는데 밥이 기대되요! | 와 밥 잘나오네요~~ | 혹시 보호자 식대 추가있나요??ㅎㅎ | 보호자 식대 한끼 만원이었습니당ㅎㅎ | 저두 지온가요 ㅎㅎ 혹시 마사지 회당 시간이 어떻게 되는지 공유 가능 하실까요. ? | 회당 50분?정도 였던거같아요! 저는 너무 만족스러워서 퇴소때까지 매일 받았어요ㅎㅎ | 오우 첫째때 마사지 효과 많이 봤어서여기서도 과연 효과가 있을란지기대되네요 ㅎㅎ | 안녕하세요!혹시 지온 마사지 받으시고 퇴소때 몸무게랑 붓기 얼마나빠지셨나요?ㅠㅠ | 안녕하세요 답이 너무 늦었네요ㅠㅠ 저는 15키로 빠지고 허리, 다리라인도 꽤나 돌아왔어요~! 매일 받는거 완전 추천드려용 | 마사지 효과는 괜찮으셨나욥...?? | 넵 1회만 받고 너무 만족스러워서 매일 받았더니 15키로 빠지고 부기도 싹 빠지고 라인도 꽤 돌아왔습니다ㅎㅎ 물론 밥 쪼금먹고 간식도 거의 남편이 먹긴했기만😅 혹시 생각있으시면 매일 받는거 추천드려요 | 👍 | 혹시 마사지 어떻게 받으셨어용? 패키지랑 그냥 단독중에 어떤걸 해야할쥐 ㅠㅠ | 저는 그냥 단독으로 받고 조리원이 아닌 마사지샵에서 따로 결제했어요ㅎㅎㅎ마사지만 한번 받아보시고 패키지할지말지 정해도될거예요! 마사지할때 가슴, 얼굴 다 해주시긴합니당ㅎㅎㅎ",14,https://cafe.naver.com/f-e/cafes/24000254/articles/7211366?boardtype=L&userDisplay=50&menuid=13&referrerAllArticles=false&inCafeSearch=true&query=%EC%84%B8%ED%83%81&art=aW50ZXJuYWwtY2FmZS1hcnRpY2xlLXJlYWQtaW5DYWZlLXNlYXJjaC1saXN0.eyJ0eXAiOiJKV1QiLCJhbGciOiJIUzI1NiJ9.eyJjYWZlVHlwZSI6IkNBRkVfSUQiLCJhcnRpY2xlSWQiOjcyMTEzNjYsImlzc3VlZEF0IjoxNzg4MjMzMTUwMzgxLCJjYWZlSWQiOjI0MDAwMjU0fQ.LXFrKgk7FV6Mej_wWniz738kuyOqsTenFiDuC8Qb88s&page=1,JKS
대구맘365,24000254,13,세탁,여성메디파크 수성점 산후조리원 후기,2025.12.25. 14:40,"안녕하세요, 둘째 조리원으로 정한 여성 메디파크의원 수성점 후기입니다
조리원 고민하시는분들 선택에 도움되고자 몇자 적어봅니다^^
​
먼저, 첫째는 효성병원 이어진 본느마망에서 보냈었는데, 장점이자 단점이 외부인출입을 엄격히 단속한다는 점이었습니다. 그때는 남편만 왕래하면 되었기에 잘보냈는데, 이제는 첫째가 있어 조리원 이용 중 보고싶을 것 같아, 배우자 외 면회가능한 곳을 찾다가 발견한곳이 여성메디파크였습니다.
​
사진은 못찍었는데 다른 후기들처럼 입소 선물로 분유/수면양말/양배추팩/수유패드/슬리퍼/물500mL*40개 등 넉넉하게 주셨습니다. 10일차 지내보면서서 좋은점을 나열해보자면,
1.원하면 언제든 아기면회가 가능하다. 대신 산모 동행 필! 3층 신생아실 층 로비에서 짧게나마 첫째도 자주 만났고, 부모님, 시부모님, 형제 자매들까지 왔다가 얼굴보고 갈 수 있었어요. 다들 궁금해하셨는데 해소하고 가셨습니다.
​
2.방으로 가져다 주는 식사는 아주 편하다! 내성적이라 조동 원하지 않았기에^^.. 원할 때 조용히 혼자 식사 할 수 있어 좋았습니다. 남편식사도 희망시 함께 나오는점도 아주 좋아요. 게다가 식사가 좀 맛있습니다. (근데 건강식<조금 달다구리 간 친 느낌?..이라서 맛은 더 있다고 느낀듯)
​
3.친절한 신생아실 선생님들이 계신다! 하나같이 친절하시고, 어려움있으면 지도해주시고 진심어리게 돌봐주십니다. 신생아실 들어가는 입구에 에어샤워 라고 특이한 시설이 있는데 온몸에 먼지를 바람으로 씻고 들어갈수 있습니다ㅋㅋ
​
4.마사지..♡ 두분 계시는데 제가 받으신 분, 정말 실력 좋으셔요. 첫째 때는 중요성을 몰랐는데 산후관리에 따라 체형이 많이 바뀐단 생각이 많이 들었습니다. 제왕절개하신분들 제왕상처 위에 뱃살 한번 더 접히는 부분(?) 있지요,, 그걸 많이 펴주셔서 배가 점점 들어가고 있습니다..ㅎㅎ
​
5.수건, 산모복 자유로운 환복 가능하게 쌓아두심, 셀프 빨래 가능해서 속옷 양말 등 세탁 가능
​
6.매일아침 혈압,체온 체크해주시면서 안부 물어주심
​
7.병원과 같은 건물이라 2층 소아과 선생님 회진을 자주 오신다! 황달 조금있는것 같다니 살펴주시고, 퇴소 전 BCG접종도 간호사 쌤과 대동하여 다녀오기로 해서 든든하네요
​","우와 제가 보고 있던 조리원이라 정보감사합니다! | 저도 여성메디조리원 예약했는데 후기가 넘 좋은거같아요!!모자동실이 없다고 알고있는데 아쉽진 않았나요?? | 모자동실없어서 남편은 아기 못안아봤는데(남편아쉽) 저는 수유콜 밤12시전까진 불러달라고 부탁드려서 하루에 4번이상 40~50분정도씩 만날수 있어서 아쉬움은 없어요 | 본느마망이랑 비교했을때 장단점이 어떤건가요?! | 장: 내향인에게 적합한 방에서 먹는식사/ 클래스 굳이 안들으면 산모님들이랑 친목 안해도됨/ 외출가능(하지만 외출한날은 수유못함)+약간 허술한 외출관리ㅋㅋ/가족친척첫째아이가 아기면회가능(본느마망은 남편빼고 불가)단: 단점은 아니지만,,사람이 적어서그런지 좀 썰렁한느낌??../본느마망이 인테리어가 더 아늑한 방 느낌이듭니다뭐 이렇게 적긴했지만 2주 잘 쉬다가서 참 맘에드는곳이에요. 현실육아 전 조리원라이프 만만세입니다!",5,https://cafe.naver.com/f-e/cafes/24000254/articles/7204623?boardtype=L&userDisplay=50&menuid=13&referrerAllArticles=false&inCafeSearch=true&query=%EC%84%B8%ED%83%81&art=aW50ZXJuYWwtY2FmZS1hcnRpY2xlLXJlYWQtaW5DYWZlLXNlYXJjaC1saXN0.eyJ0eXAiOiJKV1QiLCJhbGciOiJIUzI1NiJ9.eyJjYWZlVHlwZSI6IkNBRkVfSUQiLCJhcnRpY2xlSWQiOjcyMDQ2MjMsImlzc3VlZEF0IjoxNzg4MjMzMTUwMzgxLCJjYWZlSWQiOjI0MDAwMjU0fQ.qVWX9AdCdgzsvSalwXDIKEvzRZA1anClCRbqf_YqvPo&page=1,JKS
대구맘365,24000254,13,세탁,대구 엘리자벳 산후조리원,2025.12.20. 15:05,"🔸출산후기 내용은 ""출산 성공 바이러스""
에 게시글 작성해 주시기 바랍니다.
​
🔸""예비맘정보공유"" 게시판에 위 게시글 작성시
활동정지 및 무통보 삭제됨을 알려드립니다.
​
안녕하세요.
대구 엘리자벳 최신후기가 잘없어서 혹시나 찾아보시는분들 저처럼 선택에 도움이 되시길 바라는 마음으로
내돈.내산 작성글입니다 :)
​
✅️ 대구 수성구 상동 416-1
(주차는 앞3대 가능 / 나머지 공영주차장 50%지원)
✅️ 입실 11시/ 퇴실10시
✅️ 드라이기, 회음부방석, 수유쿠션,
스펙트라유축기/가습기/공기청정기/선풍기 있음
입실전 코로나키트 자가로 진행하고
문자보내야해요
​
저는 남편이랑 같이 지낼거였어서 스위트객실로
예약했고 407배정받았습니다.
(4층 맨안쪽인게 단점이자 장점.
멀긴하나 햇빛은 정말잘들어서 좋고 따뜻ㅎㅎ)
​
객실 컨디션좋아요. 침대가 진짜 최고임
암막커텐까지 치고 자면 못일어남 주의..⚠️
​
복도에 수건.휴지.수유복.남편옷 등 있어서
편하게 가져가서 갈아입었어요.!!
​
각 층 민트색바구니에 세탁할거 세탁망해서
두면  2층 파랑바구니에 완료되있어요(1~2일)
​
엘베에 붙어있는 정보들 참고하시구요.!
​
4층 장점: 영양실과 가깝다.
(시간맞춰 식사하기 힘들때있는데
가져와서 두고 객실에서 먹기 완전편함!!@)
비교적 조용한 분위기가 좋음
​
2층 장점: 신생아실있어 수유/유축 왔다갔다 하기좋음.
밖에 사람들 다니니 조용할순없음
(모유수유 욕심있다면 추천)
3층 장점:  중간이라서 왔다갔다 편하고 조용.
보통 엘베안기다리고 이동하심
​
📌방이없음 안되겠지만 참고해서 요청해도
좋을거같아용!!
밥사진 찍어둔개 몇개없지만 ㅜ 맛있어요.
보호자식 신청은 1만원 카페결제 입니다.
8시 간식은 죽 퍼레이드 입니다.
신생아실 수유공간 사진이구요.
일루맘클럽 파트너 조리원이네용
일루마먹이실분들은 참고하면 좋을거같네용!!
에르메스분유 ㅠㅠ
​
옆에 교육실사진인더ㅣ갈일이 거의없어요.
신생아 촬영 여기서했어요.
​
스위트객실 예약에는
(가슴마사지1회 30분/리커버케어 4-50분)
1회포함입니다. 가슴은1층 전신은3층.
도움이됩니다
모든객실 1층카페 음료5잔무료쿠폰 줍니다.
아아는 얼음요청해서 커피내려마시면됨.
그래서 저는 잘안쓰고 남편이 생과일주스
미숫가루 등 먹었는데 맛있었다네요. 사진은..ㅠ
​
글쓸생각이없었어서 사진이랑
내용이 두루뭉실 하고 부족하긴 하지만^^;
도움되었음합니다.
저는 월요일퇴실인데~~ 벌써두려워요 흑흑😭
​
❣️조리원은진짜 천국이고 시간순삭입니다...하..
어느조리원이든 진심.. 그시간을 즐기세요!!!!꼭!!!❣️",,0,https://cafe.naver.com/f-e/cafes/24000254/articles/7201111?boardtype=L&userDisplay=50&menuid=13&referrerAllArticles=false&inCafeSearch=true&query=%EC%84%B8%ED%83%81&art=aW50ZXJuYWwtY2FmZS1hcnRpY2xlLXJlYWQtaW5DYWZlLXNlYXJjaC1saXN0.eyJ0eXAiOiJKV1QiLCJhbGciOiJIUzI1NiJ9.eyJjYWZlVHlwZSI6IkNBRkVfSUQiLCJhcnRpY2xlSWQiOjcyMDExMTEsImlzc3VlZEF0IjoxNzg4MjMzMTUwMzgxLCJjYWZlSWQiOjI0MDAwMjU0fQ.Y8RBp0ZD715vIDARbvziUg7Wq2eUo0Wud8hXZcNNRuc&page=1,JKS
대구맘365,24000254,13,세탁,리엘산후조리원 스위트룸후기,2025.12.03. 08:48,"​
​
대구
리엘산후조리원
2주 스위트룸 실제 후기예요.
​
​
리엘은 예약이 빨리 차서 저는 5개월 전에 전화로 계약금만 걸고 예약했는데, 그때도 스위트룸만 남아있었어요.
스위트룸은
모션베드가 없고
, 디럭스는
창문이 없는 점
참고하면 좋아요. 제왕절개라 걱정했지만 병원에서 일주일 회복하고 가니 큰 불편은 없었고, 침대가 조금 딱딱한 정도였어요. OTT는 안 되지만 솔직히 밥–유축–수유–마사지가 반복이라 볼 시간도 없더라구요.
​
신생아실에서는
르소베 기저귀·남양 아이엠마더 분유·그린맘 젖병
을 사용하고 있었고, 병원에서 넘어올 때 기저귀발진이 심했는데 선생님들이 세심하게 케어해주셔서 금방 좋아졌어요. 황달도 매일 체크해줘서 마음이 한결 놓였어요.
​
식사는 9층에서 뷔페식으로 반찬을 떠오고, 이모님이 밥과 국을 가져다주세요. 리엘 밥 맛있다는 말, 진짜 인정! 보리차도 주니까
큰 텀블러
챙기면 유용해요.
​
준비물로는 세면도구, 속옷, 수면바지, 산모패드, 수유패드, 좌욕기, 유축 깔대기 외에
C핀 충전기, 작은 주방세제, 세탁비누
챙기면 특히 편해요.
​
2주 계약 시
유방·전신 마사지 각 1회
받을 수 있는데 진짜 인생 마사지였어요. 임신·출산하며 20kg 늘었는데 산후 마사지 받고
일주일 만에 7kg 빠진 건 사실…
젖몸살 왔을 때 유방 마사지 받고 바로 살았고요. 다만 누워서 받는 것도 체력 소모가 커서 컨디션 보며 선택하는 걸 추천해요.
​
면회는 요일별로 가능하고, 모자동실은 11:40~14시만 제외하면 자유롭게 이용 가능해요. 베베캠도 하루 두 번 볼 수 있고 셀픽으로 아기 사진 하루 한 장 출력 가능합니다.
​
총평하자면
밥 맛 최고, 마사지 최고, 신생아 케어 최고.
대구에서 조리원 고민 중이라면 가성비도 좋고 만족도 높은 곳이었어요.
​
🔸출산후기 내용은 ""출산 성공 바이러스""
에 게시글 작성해 주시기 바랍니다.
​
🔸""예비맘정보공유"" 게시판에 위 게시글 작성시
활동정지 및 무통보 삭제됨을 알려드립니다.",저도 곧 입소인데 많은 도움 됐습니다!! 육아 화이팅입니다! | 저도 리엘에서 곧 퇴소인데 정말 만족하고 추천합니다 ㅎㅎ | 축하드려요 | 너무 축하드려요!,4,https://cafe.naver.com/f-e/cafes/24000254/articles/7187645?boardtype=L&userDisplay=50&menuid=13&referrerAllArticles=false&inCafeSearch=true&query=%EC%84%B8%ED%83%81&art=aW50ZXJuYWwtY2FmZS1hcnRpY2xlLXJlYWQtaW5DYWZlLXNlYXJjaC1saXN0.eyJ0eXAiOiJKV1QiLCJhbGciOiJIUzI1NiJ9.eyJjYWZlVHlwZSI6IkNBRkVfSUQiLCJhcnRpY2xlSWQiOjcxODc2NDUsImlzc3VlZEF0IjoxNzg4MjMzMTUwMzgxLCJjYWZlSWQiOjI0MDAwMjU0fQ.gSJjIfx1pOZgySlp28OmjmoKLn44CBjK2xgihmQ2pRk&page=1,JKS
대구맘365,24000254,13,세탁,브라이텍스듀얼픽스프로 내돈내산 신생아카시트 추천해요,2025.11.07. 15:38,"🔸출산후기 내용은 ""출산 성공 바이러스""
에 게시글 작성해 주시기 바랍니다.
​
🔸""예비맘정보공유"" 게시판에 위 게시글 작성시
활동정지 및 무통보 삭제됨을 알려드립니다.
​
​
우리 아기 100일경 바구니카시트 대여했다가, 반납전에  베이비파크 가서 비교해보고 구매했어요.여러가지 모델에서 비교하기 힘들었는데안정성을 고려하고 독일 제품으로 당당하게 1 순위를 달리고 있는 브라이텍스듀얼프로 를 구매했어요. 구매전에 남편이 많이 알아보고 가서 쉽게 결정할 수 있었어요. 요즘 YouTube라던지 브라이텍스 카페에서도 정보를 얻을 수 있더라고요.
신생아 맞춤 이너시트가 있어 신생아부터 헤드레스트 6단계까지 조절하여 사용가능하구요.
똥을한번 찌렸는데 이너시트가 있어 세탁도 집에서 했어요 !!
신생아 카시트 내돈내산 추천드려요.",,0,https://cafe.naver.com/f-e/cafes/24000254/articles/7168643?boardtype=L&userDisplay=50&menuid=13&referrerAllArticles=false&inCafeSearch=true&query=%EC%84%B8%ED%83%81&art=aW50ZXJuYWwtY2FmZS1hcnRpY2xlLXJlYWQtaW5DYWZlLXNlYXJjaC1saXN0.eyJ0eXAiOiJKV1QiLCJhbGciOiJIUzI1NiJ9.eyJjYWZlVHlwZSI6IkNBRkVfSUQiLCJhcnRpY2xlSWQiOjcxNjg2NDMsImlzc3VlZEF0IjoxNzg4MjMzMTUwMzgxLCJjYWZlSWQiOjI0MDAwMjU0fQ.XVhAH5p6EC-CCo4979follj9dipilkq1bys1HjVLK5k&page=1,JKS
대구맘365,24000254,13,세탁,조은맘 [김경미] 산후도우미님덕분에 행복했던 15일을 보냈어요!,2025.11.06. 05:14,"🔸출산후기 내용은 ""출산 성공 바이러스""
에 게시글 작성해 주시기 바랍니다.
​
🔸""예비맘정보공유"" 게시판에 위 게시글 작성시
활동정지 및 무통보 삭제됨을 알려드립니다.
​
​
첫째 탄생 이후 4년 만에 태어난 둘째와 함께, 조리원 퇴소 후 첫째와 감격의 상봉을 하고 우당탕탕 다시 시작된 신생아 육아.
우리 이쁜 둘째입니다 ㅎㅎ
‘둘째니까 잘할 수 있겠지’ 했던 기대는 몇일 만에 와장창 깨져버렸어요 😂
첫째를 돌보며 다시 신생아 육아를 하려니, 마치 모든 걸 다 까먹은 초보맘이 된 기분이었어요.
이 작은 신생아를 어떻게 씻기고 먹여야 하나 걱정만 가득하던 제게, 한줄기 햇살처럼 산후도우미님이 방문해주셨습니다.
​
처음엔 어떤 업체로 해야 할지 고민이 많았는데, 사회서비스 전자바우처에서 ‘산모신생아 건강관리지원’ 제공기관을 검색하다 반가운 이름을 발견했어요.
첫째 때 도움받았던 [조은맘]이었죠!
그땐 단순히 카페 후기만 보고 선택했었는데, 지금은 정부에서 이렇게 기관 정보를 제공해주니 참 신기하더라고요.
조은맘은 첫째 때도 A등급이었던거같은데, 오랜 시간이 지난 지금까지도 A등급을 유지하고 있어서 ‘역시 믿을 수 있겠다!’ 싶어 고민 없이 다시 신청했습니다.
​
원래 미리 신청했어야 했는데, 꾸물대다 조리원 이용 중에 급히 신청했거든요.
추석 연휴까지 껴 있어서 배정이 늦어질까 봐 조마조마했는데, 다행히 빠르게 배정받을 수 있었어요.
그리고 에이스 선생님을 배정해주신다는 말에 두근두근 기다리던 중,
드디어 만난 [김경미] 도우미님은 제 육아 전선의 든든한 보좌관이 되어주셨습니다 🥹
​
요즘 산후도우미 관련 무서운 뉴스들이 많아서 솔직히 걱정도 많았는데, 제 우려는 기우였어요.
도우미님은 제가 안심할 수 있도록 일부러 홈캠이 잘 보이는 자리에서 아기를 케어해주시고,
엄마인 저보다 더 섬세하고 부드럽게 아기를 예뻐해주셨어요.
왜 조은맘에서 ‘에이스’라고 하셨는지 바로 알겠더라고요.
수많은 산모님들을 도와주시며 쌓인 경험과 배려가, 제 모든 걱정을 날려주었어요.
세상에 내가 씻길땐 그렇게 울고불고 자지러지더니 ㅠ 저희 둘째의 저 편안한 모습좀 보세요 ㅜ 하... 엄마가 미안하다 ㅋㅋ
처음 며칠은 피곤하고 낯설어서 긴장했지만, 시간이 지날수록 ‘정말 믿을 만한 분이시구나’ 하는 확신이 들었어요.
덕분에 안심하고 외출도 하고, 낮잠도 편히 잘 수 있었답니다.
그 시간이 얼마나 꿀같던지요... ㅠ
잔뜩 미루고 미루던 청소기 청소도 대신 해주셨어요 ㅠ
집이 더러워서 죄송했었는데 매일 반짝반짝하게 청소하고 닦아주셨어요 전 저희집이 그렇게 깨끗해질수있었구나 처음알았네요🥲
아기 케어만으로도 감사한데, 제 식사와 가족의 식사, 집 청소, 세탁까지 세심하게 도와주셔서
15일 동안은 오롯이 아기와 제 회복에만 집중할 수 있었어요.
특히 제가 좋아하는 오므라이스, 유부초밥을 재료 떨어질 때까지 계속 만들어주셔서 얼마나 감사했는지 몰라요.
매 끼니마다 따끈따끈한 밥과 반찬을 챙겨주셔서 마음까지 따뜻해졌어요.
제가 케찹뿌렸어요.. 제가 솜씨가 좀 없었네요 ㅜ 이쁘게 뿌릴걸ㅋㅋ
만두의 튀김정도가 아주 이븐했습니다!
한끼한끼가 정성 가득해서 항상 깨끗히 싹싹 비웠어요. 너무 맛있었거든요.
친정이 멀어 도움을 받기 어려운 상황이라, 첫째 육아 때 절실히 느꼈어요.
‘누군가 차려주는 밥상, 대신 해주는 청소가 이렇게 고마운 일이구나’ 하고요.
그리고 아기가 어릴 때는 면역력이 약해 외출을 줄이게 되는데,
그 시기에 도우미님이 오셔서 도란도란 이야기 나누고 웃을 수 있었던 게 정말 큰 힘이 되었어요.
덕분에 둘째 때 산후우울증이 다시 올까봐 했던 걱정들이 저 멀리 달아난 것 같아요.
​
비용 문제로 15일만 신청했는데, 막상 끝이 다가오니 ‘왜 20일로 안 했을까’ 후회가 밀려왔어요 😭
가능하다면 꼭 최대 기간으로 이용해보시길 추천드려요.
첫째 때 경험해두고도 짧게 신청한 제가 이해가 안 될 정도예요 ㅠ
​
셋째는 없을 예정이지만,
혹시라도 다시 육아 도움을 받게 된다면 꼭 조은맘 [김경미] 도우미님을 다시 찾을 거예요.
이제 저는 다시 육아에 전념하러 갑니다.
아쉬움과 감사한 마음을 담아 이 후기를 남기며,
모두 평안한 밤 되시길 바랍니다. 읽어주셔서 감사합니다 🌙",산후도우미 알아보고 있었는데 도움이 되네요ㅎㅎ 감사합니다 | 도움이 되었다니 다행이에요! ^^!! | 요즘 뉴스에서 산후도우미 분들에 대한 안좋은 일들을 봐서 그런지 걱정이 많이 되던데 이렇게 좋으신 분을 만나다니!! 정말 좋으셨겠어요~ 추천감사합니다!! | 저도 연달아 뜨는 뉴스에 얼마나 가슴졸였던지.. 그래도 도움 안받으면 너무힘들걸 알기에 눈 딱감고 신청했어요. 나라에서 지원해주는걸 안받기도 그렇구요! 그래서 홈캠이라도 설치하면 좀 안심될까 했는데 걱정이 무색하네요 ㅎㅎ 정말 좋았어요ㅠㅠ 감사합니다!,4,https://cafe.naver.com/f-e/cafes/24000254/articles/7167276?boardtype=L&userDisplay=50&menuid=13&referrerAllArticles=false&inCafeSearch=true&query=%EC%84%B8%ED%83%81&art=aW50ZXJuYWwtY2FmZS1hcnRpY2xlLXJlYWQtaW5DYWZlLXNlYXJjaC1saXN0.eyJ0eXAiOiJKV1QiLCJhbGciOiJIUzI1NiJ9.eyJjYWZlVHlwZSI6IkNBRkVfSUQiLCJhcnRpY2xlSWQiOjcxNjcyNzYsImlzc3VlZEF0IjoxNzg4MjMzMTUwMzgxLCJjYWZlSWQiOjI0MDAwMjU0fQ.RuYKEtXd84RVBWhRRuphonf8WutU_uqufDoxsAtgoHE&page=1,JKS
대구맘365,24000254,13,세탁,,,,,0,https://cafe.naver.com/f-e/cafes/24000254/articles/7161632?boardtype=L&userDisplay=50&menuid=13&referrerAllArticles=false&inCafeSearch=true&query=%EC%84%B8%ED%83%81&art=aW50ZXJuYWwtY2FmZS1hcnRpY2xlLXJlYWQtaW5DYWZlLXNlYXJjaC1saXN0.eyJ0eXAiOiJKV1QiLCJhbGciOiJIUzI1NiJ9.eyJjYWZlVHlwZSI6IkNBRkVfSUQiLCJhcnRpY2xlSWQiOjcxNjE2MzIsImlzc3VlZEF0IjoxNzg4MjMzMTUwMzgxLCJjYWZlSWQiOjI0MDAwMjU0fQ.S6K4L4bt0doGRI2Yk_HHXTmpMVHjt3-D3KYudnhpKUw&page=1,JKS
대구맘365,24000254,13,세탁,겨울아기 준비물?,2025.10.28. 17:45,"🔸출산후기 내용은 ""출산 성공 바이러스""
에 게시글 작성해 주시기 바랍니다.
​
🔸""예비맘정보공유"" 게시판에 위 게시글 작성시
활동정지 및 무통보 삭제됨을 알려드립니다.
​
배넷저고리, 속싸개, 겉싸개 보통 몇개씩 준비하나요?
그리고 방수패드는 살 예정인데 쿨매트도 필요한가요?","겉싸개는 많이 필요없어요 저는 하나로 세탁해서 썼고 겨울에 신생아때는 외출이 많지않아서 병원갈때마다 썼어요 배냇저고리는 여러개 있으면 좋아요 속싸개는 잘때도 해두면 좋아서 3개정도 있으면 좋은거 같아요 | 전 선물로 엄청 받았는데 3-4개 돌려쓴듯 해요 쿨매트도 필요해서 포몽드 방수 쿨매트 같은걸로 하나 준비하시는 거 추천이요 | 베넷저고리는 2-3개 / 속싸개&겉싸개는 1개씩만 있으면 되요~그리고 방수패드랑 쿨매트 둘 다 포몽드꺼 썼는데세탁기 사용 가능하고 빨리 마르고 하니까 하나씩만 있음 될거예요ㅋㅋ | 배넷저고리4, 속싸개2, 겉싸개1 이정도면 될 것 같아요쿨매트 쓰긴 했어요! 태열 쉽게 올라오더라구요 | 긴팔 바디수트는 몇개 준비하셨어요? 야기들 토 자주한다고 어느정도 여유있게 하라는데 여유있게가 어느정도일까용 ㅎㅎ | 전 10벌준비했어요..ㅎ | 아하 저는 7벌인데 부족하면 얼른 배송받아야겠네요!!",7,https://cafe.naver.com/f-e/cafes/24000254/articles/7160601?boardtype=L&userDisplay=50&menuid=13&referrerAllArticles=false&inCafeSearch=true&query=%EC%84%B8%ED%83%81&art=aW50ZXJuYWwtY2FmZS1hcnRpY2xlLXJlYWQtaW5DYWZlLXNlYXJjaC1saXN0.eyJ0eXAiOiJKV1QiLCJhbGciOiJIUzI1NiJ9.eyJjYWZlVHlwZSI6IkNBRkVfSUQiLCJhcnRpY2xlSWQiOjcxNjA2MDEsImlzc3VlZEF0IjoxNzg4MjMzMTUwMzgxLCJjYWZlSWQiOjI0MDAwMjU0fQ.9LN11p-nmlNMu7DgH3459uddMiUgd5w754rRlkK8Cxk&page=1,JKS
대구맘365,24000254,13,세탁,다들 산후조리원 어디로 예약하셨나요?,2025.09.23. 14:57,"4월 중순이 예정일인 예비맘이에요~~
안정기 들어와서 산후조리원 알아보고있는데...
벌써 자리가없네요~~ㅠㅠ
아나이스는 5월중순까지 풀이고 김혜정수성점도 스위트겨우 1자리남은...
남편이 함께가능하고 밥은 방으로주고 세탁.청소.설겆이 신경안쓰고 잘~쉴수있는  산후조리원 찾아요~
추천좀 해주세요~","저는 현풍까지 갓는데요 일단 제가 아는 김혜정 달서점이랑은 완전 다르더라구요ㅎㅎ아나이스는 지금 너무 금액대가 높으니 비교도 안되긴하겟지만 호텔같앗고 뷰도 좋고 밥도 방에 갖다주고 편히 아가랑 교감하며 지낼 수 잇엇어요 | 현풍 어디요~?아나이스 풀이래요~~~ㅠㅠ | 현풍 텍폴에 프로마드레요😄 저는 여기 시댁 근처라서 가보긴 했는데 정말 기대 안 하고 가서 그런가 너무 좋았어요 | 흐미~~너무 머네요~남편이 출근이 넘 멀어져서....ㅠㅠ | 그렇군요.아 거기서 다 같이 출퇴근하고 지내실 건가 보네요ㅠㅠ 요즘에는 고속도로도 다 잘되있긴 하지만 많이 멀어지긴 하시겠죠 | 답변 감사드려요~^^* | 저는 닥터안 조리원 갔었어용~ 방에서 식사 편하게 가능하고, 남편 같이 있을수있어서 좋았어요~^^ | 예약완료했어요~^^*",8,https://cafe.naver.com/f-e/cafes/24000254/articles/7134675?boardtype=L&userDisplay=50&menuid=13&referrerAllArticles=false&inCafeSearch=true&query=%EC%84%B8%ED%83%81&art=aW50ZXJuYWwtY2FmZS1hcnRpY2xlLXJlYWQtaW5DYWZlLXNlYXJjaC1saXN0.eyJ0eXAiOiJKV1QiLCJhbGciOiJIUzI1NiJ9.eyJjYWZlVHlwZSI6IkNBRkVfSUQiLCJhcnRpY2xlSWQiOjcxMzQ2NzUsImlzc3VlZEF0IjoxNzg4MjMzMTUwMzgxLCJjYWZlSWQiOjI0MDAwMjU0fQ.RkrwT5takTtK6pl2TaLvHn-_NaMU2HQgGcdBV8gbZb0&page=1,JKS
대구맘365,24000254,13,세탁,대구 리엘산후조리원 13박 14일 후기 (마사지/가격/본아트/부대시설),2025.09.12. 11:26,"🔸출산후기 내용은 ""출산 성공 바이러스""
에 게시글 작성해 주시기 바랍니다.
​
🔸""예비맘정보공유"" 게시판에 위 게시글 작성시
활동정지 및 무통보 삭제됨을 알려드립니다.
​
​
​
안녕하세요🐰
​
대구 여성아이병원에서 출산 후,
병원과 거리가 멀지 않은 산후조리원 여러곳을 비교해보다
밥 맛있고, 모자동실 가능, 남편 주말 1박 가능한 이유
로
리엘산후조리원을 택했어요 !
만족한 후기를 적어볼까 합니다 ㅎㅎ
​
​
더 상세한 내용은 블로그 적어놨어요🤍
대구 리엘산후조리원 스위트룸 13박 14일 후기 마사지 가격 본아트 부대시설
대구 여성아이병원에서 아기 낳고 병원과 거리가 멀지 않은 대구 산후조리원 여러곳을 비교해보다가 거리는...
blog.naver.com
​
​
​
리엘산후조리원
50m
© NAVER Corp.
더보기
/OpenStreetMap
지도 데이터
x
© NAVER Corp.
/OpenStreetMap
지도 컨트롤러 범례
부동산
거리
읍,면,동
시,군,구
시,도
국가
리엘산후조리원
대구광역시 달서구 월배로 58 HCL 빌딩 7층
​
생각보다 빠른 예약 마감이더라구요 ••
12주차 안정기 되고나서 예약 했는데
vip, vvip 룸은 다 나가고 없었어요 !
​
그래서 스위트룸을 했었는데
지금 생각하면 아주 잘한 선택인 것 같아요
​
예약 시 10% 예약금 있으며
아기 출산 후 한번 더 연락 드리고
병원 퇴원 후 오전 11시까지 조리원 입소해요
​
​
데스크에서 계약금 제외 잔금 결제 등 완료 후
아기는 신생아실로 보내고 남편과 함께 룸으로 안내 받아요
​
남편은 짐 같이 풀어주고 빠빠이 .. 👋🏻
​
​
(스위트룸 기준) 잔금 결제 시 tip 💥
의료비 공제 최대 200만원 - 카드/현금
ex) 200만원 체크카드
대구로페이 50만원 - 미리 충전
ex) 43만 5천원으로 50만원 충전
계약금 10% + 깔대기 구입 비용 2만원 - 현금영수증
ex) 계약금 28만원 + 2만원 = 30만원
​
이렇게 하시면 대구로페이 충전으로 할인도 받고
의료비 공제까지 톡톡히 혜택 볼 수 있어요
​
저는 첫만남이용권 사용 대신
지역화폐로 6만5천원 이득 봤어요 😇
​
​
디럭스, 스위트, vip - 7층
vip - 8층
vvip - 9층
​
​
룸 컨디션은 좋았어요
엄청 노후화 되지 않았고 기본적으로 있을건 있었고
다만, 스위트룸만! 모션베드는 아니에요
​
제왕절개를 한 저도
산후조리원 입소 할 때는 모션베드가 필요할 만큼
거동이 안되지는 않아서 오히려 좋았어요
운동 할 겸 스스로 누웠다 일어나기 해보니까
빨리 회복 되는 것 같더라구요 ㅎㅎ
​
​
🧺
내실 제공 물품
- 드라이기
- 냉장고
- 유축기, 젖병소독기 (시밀레S8)
- TV
- 와이파이
- 킹사이즈 침대
- 옷장
- 시스템 에어컨 (난방 가능)
- 도넛방석
- 입실 안내문
- 전화기 (수유콜 올 때 사용)
- 휴지
- 얇은 실내화
- 탁자/의자
- 수건 2장 (입소 날만 제공)
- 원피스 (매일 교체 가능)
- 세탁망 (조금 사용감 있음)
​
✨
챙기면 좋을 물품
- 푹신한 슬리퍼 실내화
- 수건 여러장
- 스킨케어 및 세안물품
(ex. 샴푸/린스/바디워시/칫솔/치약/샤워타올 포함)
- 세탁망
- 멀티탭
- 텀블러
- 아기 물티슈 (모자동실 할 시 따로)
- 충전기
- 속옷/생리대 등
- 마스크 (수유 시 필요)
- 핸드워시
​
​
​
7층 교육실
​
한 달 동안의 교육 프로그램 일정이 게시 되어 있어
참고하셔서 듣고 싶은 교육 들으시면 좋아요
​
신생아 관리 교육 같은 경우는 원장님이 직접 해주시고
나머지는 업체 연계되서 해주시더라구요
유익한 내용들이 많아서 도움이 되었어요 !
​
​
​
7층 찜질방
​
옥돌돔 / 골반교정기
제왕절개 하신 산모님들은 실밥 제거 후 사용하시더라구요
​
개인적으로 마사지 안 받는 날에는
여기서 찜질 하면서 골반교정기 하면 아주 시원해요 👍🏻
​
​
​
8층 마사지
​
마사지는 전신+유방+얼굴 케어까지 !
전부 해주시는데 가격대도 좋아서 정~~~말 추천 드려요
처음엔 유방 마사지 해주실때 많이 아팠는데
이후 유축해보면 양도 늘고 아프지도 않고 최고 ..♥️
​
입소 하는 날 오후에 불러 주시는데 무료 1회 해주시고
더 이용하시려면 결제 하시면 되더라구요
​
아쉽지만 저는 주말이 2번이나 있어서 7회만 끊었지만
9회 진짜 진짜 추천해요👍🏻
​
​
​
9층 식당
​
밥 맛있기로 소문난 리엘산후조리원 !!!
반찬은 뷔페식으로 되어 있어서 드시고 싶은 만큼 드시고
밥과 국은 퍼서 자리로 가져다 주시더라구요
​
그리고 개인 텀블러 들고가면 보리차 담아주시는데
고소하고 따끈하니 너무 맛있어요ㅎㅎ
보리차 맛집 🙂
​
​
아침 8시 / 점심 12시 / 저녁 5시30분
보통 아침과 저녁엔 미역국 제공
점심 때는 조금 특식처럼(?) 나와서 맛있었어요 !
​
​
오후 3시 간식 타임
과하지 않게 딱 배고플 타이밍에 간식이 나오는데
식당에 가지 않아도 복도 상 위에 제공되서
각자 방으로 들고 들어가서 드시면 됩니다 🍴
​
​
오후 8시 야식 타임
보통 죽인데, 매일 마다 메뉴가 다른 죽 !
수유하면 배가 자꾸만 고파지는 .... 😭
식당가서 드시고 싶은 만큼 드시도록 되어 있어요
​
​
​
9층 셀픽
​
하루 1회씩 아가 사진을 인화해주는 서비스 !
핸드폰 연동 시켜 즉석에서 인화 가능하더라구요 ㅎㅎ
저도 매일 한장씩 꼭 뽑아두었어요 📸
​
​
​
9층 수유실
​
수유실은 사진 촬영이 안되지만 아무도 없을 때 찍었어요 !
​
방마다 전화기가 있는데 수유콜이 오면
직수하거나 직접 분유 먹일 수 있도록 되어 있어요
다만 1시간 이내로 아가와 만나 애착 형성 할 수 있어요
​
모르는게 있으면 신생아실 선생님들께 여쭤보시면
친절하게 답변 주셔서 믿고 맡길 수 있었답니다 👶🏻
​
​
​
9층 젖병/깔대기 소독
​
유축을 위해
깔대기는 입소 시 조리원에서 2개 구매 !
​
각 호실이 적힌 젖병 4개와 깔대기 2개 사용하시면 되는데
한번 사용한 깔대기는 소독 돌려야 하므로 따로 보관하시고
유축한 모유는 무조건 냉장 보관 해야 함으로 냉장고 넣어두시면 되요 🍼
​
각 방마다 유축기/젖병소독기 있으니 사용하시면 됩니다
​
​
​
모자동실
​
현재 남편 출입 가능하나, 아래 해당 요일만 가능
화/목 평일 10:00-20:00
토 10:00-일 20:00 (1박 가능)
​
방 안에 아기 침대 있어서 모자동실 할 때 사용하고
아빠가 있을 때는 신생아실에서 직접 안고 오시면 되요
​
​
​
베베캠
​
하루 2번, 20분간 캠으로 아기를 시청(?) 할 수 있어요
산모 1명만 이용할 수 있고
가족들이 보려면 추가 요금을 더 내야한다고 하는데
굳이 사용 안해도 될 것 같아요 !
​
산모님들은 수유콜 할 때 아기 많이 볼 수 있어요
그리고 식당 왔다갔다 하면서 신생아실 지나가기 때문에
유리로도 가끔 볼 수 있어요 !
​
저 또한 시간도 놓친 적 많고 직접 보는게 좋아서
1-2번 밖에 보지 않았어요
​
​
​
본아트
​
조리원과 연계된
위드유스튜디오 !
몇일 전에 미리 연락주시고 일정 조율 해주시더라구요
​
무료/유료 컨셉이 나뉘는데
무료는 진짜 무료 다워요 .. ㅎㅎ
머리에 리본 머리띠 하고는 조금 촌스러웠다는 🤣
​
유료는 22만원 정도 추가요금을 낸다던데
저는 집에 가서 셀프 뉴본 찍을거라서 굳이 하지 않았고
무료만 촬영 했어요 (엄마만 만족하면 됐죠 ㅎㅎ)
​
다만 50일 촬영은 1-5만원 정도만 추가하면
미리 예약 가능하더라구요 !
컨셉도 다양하길래 예약 해놨어요 🤞🏻
​
​
​
외출
​
비교적 외출은 자유로운 편인데 수유콜이 자주 오기 때문에
신생아실 선생님들과 일정 공유를 위해서
외출증 or 마사지 일정을 적어주셔야 해요 !
​
보통은 산모나 아기 병원 진료 아니면
다들 외출은 잘 안하시긴 하더라구요 ㅎㅎ
​
그리고 생각보다 조리원 스케줄이 아주 조금 바쁠뿐 〰️
심심하고 답답하다고 느낄 겨를이 없었어요
​
​
그래도 비교해보고 택한
‘ 리엘산후조리원 ’
마사지부터 식사, 스위트룸까지 전부 대만족이였어요☘️
다음에도 둘째가 생긴다면 또 가고 싶어요 !!!",정보 잘 보고갑니다 :)저도 여성아이병원에 다니고 있고 리엘산후조리원 예약했는데 vip룸이 없다고 해서 스위트로 예약했어요방 상태나 이런건 조금 오래전에 찍힌 사진으로 보다보니 괜찮을까 싶었는데 덕분에 잘 구경했습니다! | 먼저 축하드려요! 병원 퇴원 하면 일주일 뒤에 외래 진료 오라고 하시는데 리엘산후조리원에서 거리도 안멀어서 좋았어요ㅎㅎ 룸 컨디션도 사진이 조금 어둡게 나오는데 실제로 보면 괜찮아요! 모든걸 따져봤을때 금액적인 부분도 괜찮았어요 :),2,https://cafe.naver.com/f-e/cafes/24000254/articles/7125973?boardtype=L&userDisplay=50&menuid=13&referrerAllArticles=false&inCafeSearch=true&query=%EC%84%B8%ED%83%81&art=aW50ZXJuYWwtY2FmZS1hcnRpY2xlLXJlYWQtaW5DYWZlLXNlYXJjaC1saXN0.eyJ0eXAiOiJKV1QiLCJhbGciOiJIUzI1NiJ9.eyJjYWZlVHlwZSI6IkNBRkVfSUQiLCJhcnRpY2xlSWQiOjcxMjU5NzMsImlzc3VlZEF0IjoxNzg4MjMzMTUwMzgyLCJjYWZlSWQiOjI0MDAwMjU0fQ.e4ncQFAJbYmvRakaZa-mKHL6O-IFgo6uXWTdNuVppPI&page=1,JKS
대구맘365,24000254,13,세탁,김혜정 산후조리원 달서점 두번째 입실 후기 💜,2025.09.06. 18:31,"🔸출산후기 내용은 ""출산 성공 바이러스""
에 게시글 작성해 주시기 바랍니다.
​
🔸""예비맘정보공유"" 게시판에 위 게시글 작성시
활동정지 및 무통보 삭제됨을 알려드립니다.
​
​
2022년에 첫째 낳고 13박 14일 이용했습니다!
그 때 만족하고, 두번째 출산때 망설임 없이 다시 찾은
조리원 ㅎㅎ
올해 임신으로 휴가도 못간터라 조캉스라 생각하고
조리원에서 잘 먹고 몸조리하다가 곧 현실복귀합니다 😀
​
​
첫째때랑 다르게 침대가 모션베드로 업그레이드 되어서,
첨에 잘 못일어날 때 너무 편하게 사용했습니다!
매일아침에 산모가운과 수건 주셔서 샤워하고 갈아입고,
세탁도 매일 해주셔서 개인 레깅스, 수건 등등
자주 빨아서 뽀송뽀송하게 사용했어요 🩷
​
2층에 마사지 기계들과,
3층에 제가 너무 애정한 파라핀! 수유후에 필수로 시원하게 사용했네요!
​
신생아실이 항상 개방되어있어서 첫째랑 남편이 언제든와서
자유롭게 볼 수 있었구요, 선생님들이 아기들 이름 불러가며
다정하게 케어해주셨어요!
집에가면 너무 그리워지겠죠 ㅜㅜ
​
​
밥중에 밥은 남이 차려주는 밥인거 아시죠 ㅎㅎㅎㅎ
매 끼니 기대하면서 여사님들니 차려주시는 밥상 맞이했습니다
아침과 주말엔 뷔페식이라서 먹고싶은만큼 퍼서 먹으면 되구요,
특별식도 한번씩 나오고 2주에 한번 있는 디저트데이땐
피자 치킨 김밥 케이크등등 잔치입니다 ㅎㅎㅎ
​
영양보충 잘 하고 갑니당 💜
2주동안 케어 잘 받고 즐겁게 있다가 나가네요^^
조리원 고민중이신분들 추천드려요 ♥️👍♥️
​
​","모자동실이나 남편상주도 가능한지 여쭤봐도될까요 !? | 네 모자동실 자유롭고 남편 상주가능, 첫째 아이 출입 자유로워요😍 | 오 감사합니다😍 | 오 밥도 잘 나오는거 같은데요? 몸 건강히 회복하세요! | 저도 여기 가고 싶었는데 자리가 없다해서 아쉬워하고 있어용ㅠㅠ후기 보니까 더 가고싶네용😅 | 저도 고민중에있어서ㅠ혹시 산후마사지같은건 어떠셨나용?? | 마사지는 그럭저럭 괜찮았어요~~~ | 아하!감사합니다😍 | 분유는 뭐 사용하나용! | 압타밀요",10,https://cafe.naver.com/f-e/cafes/24000254/articles/7121413?boardtype=L&userDisplay=50&menuid=13&referrerAllArticles=false&inCafeSearch=true&query=%EC%84%B8%ED%83%81&art=aW50ZXJuYWwtY2FmZS1hcnRpY2xlLXJlYWQtaW5DYWZlLXNlYXJjaC1saXN0.eyJ0eXAiOiJKV1QiLCJhbGciOiJIUzI1NiJ9.eyJjYWZlVHlwZSI6IkNBRkVfSUQiLCJhcnRpY2xlSWQiOjcxMjE0MTMsImlzc3VlZEF0IjoxNzg4MjMzMTUwMzgyLCJjYWZlSWQiOjI0MDAwMjU0fQ.taJEeuh8tISdmlrWt8JADgre7joZMyaB1QIenaidgT0&page=1,JKS
대구맘365,24000254,13,세탁,신생아 카시트 추천 / 카시트 내돈내산 후기 (브라이텍스 듀얼픽스 프로 아이사이즈),2025.08.31. 16:02,"🔸출산후기 내용은 ""출산 성공 바이러스""
에 게시글 작성해 주시기 바랍니다.
​
🔸""예비맘정보공유"" 게시판에 위 게시글 작성시
활동정지 및 무통보 삭제됨을 알려드립니다.
​
💜80일 아기 카시트 선택기 💜
​
80일 된 아기를 키우면서 가장 고민이 컸던 게 바로 카시트였어요.
종류도 워낙 다양하고, 다 좋아 보이니까 뭘 골라야 할지 한참 망설였죠.
​
제가 카시트를 고를 때 중요하게 생각했던 기준은
✔️아기가 편안하게 느낄 수 있는지
✔️안전성은 충분히 검증되었는지
✔️디자인이 세련되고 고급스러운지
✔️때가 잘 타지 않는 소재인지
✔️세탁과 관리가 쉬운지
​
이 다섯 가지였어요.
​
저보다 신랑이 더 꼼꼼하게 하나하나 비교하고, 정말 오래 찾아본 끝에 최종적으로 브라이텍스 듀얼픽스 프로 아이사이즈를 선택했답니다.
​
신생아부터 유아기까지 사용할 수 있고, 무엇보다 안전성이 우수한 독일 제조 제품이라는 점이 마음에 쏙 들었어요. 혹시 모를 사고 상황에서도 충격 흡수 시스템이 탑재되어 있어서 아이를 최대한 안전하게 지켜줄 수 있다고 하더라구요.
​
게다가 360도 회전 기능에, 고급스러운 디자인까지!
실제로 아기를 데리고 매장에 가서 앉혀봤는데 너무 편안하게 잘 있어주길래 ‘아, 이거다!’ 싶었어요.
​
​
​
무엇보다 우리 아기한테 가장 좋은 카시트를 해줬다는 뿌듯함이 커요.
카시트 고민하시는 분들께 브라이텍스 듀얼픽스 프로 아이사이즈 자신 있게 추천합니다!
​",저도 코베 박람회 통해서 구입했는데 사길 잘 한거 같아요 ㅎㅎㅎ,1,https://cafe.naver.com/f-e/cafes/24000254/articles/7115829?boardtype=L&userDisplay=50&menuid=13&referrerAllArticles=false&inCafeSearch=true&query=%EC%84%B8%ED%83%81&art=aW50ZXJuYWwtY2FmZS1hcnRpY2xlLXJlYWQtaW5DYWZlLXNlYXJjaC1saXN0.eyJ0eXAiOiJKV1QiLCJhbGciOiJIUzI1NiJ9.eyJjYWZlVHlwZSI6IkNBRkVfSUQiLCJhcnRpY2xlSWQiOjcxMTU4MjksImlzc3VlZEF0IjoxNzg4MjMzMTUwMzgyLCJjYWZlSWQiOjI0MDAwMjU0fQ.vXT9iBsFmCRupsqTFlqRc6z2hECzBY4tSpQsI_m4rsA&page=1,JKS
대구맘365,24000254,13,세탁,원더브라 노와이어 생각보다 불편하신 분?,2025.08.25. 12:11,"노와이어라 편할 줄 알았는데 안쪽이 자꾸 말려서ㅠ
다른 브랜드 괜찮은 데 있을까요?
​",말리는것도있지만 빨래하면할수록 세탁망에넣고빨아도 점점 모양이 이상해져서 옷입고나가기 아무 무늬없는 티입고는 민망하더라구요ㅠㅠ | 패드 말리는 거 너무 싫었는데!! 정보 감사합니다ㅎㅎ | 원더브라는 생각보다 금방 망가진다해야하나?? 저한테는 그렇더라구여 🥹 ㄷㄹㅅㅇ꺼 몇년째 입고있긴한데 다른 곳도 찾아본느 중이에여 ㅎㅎ,3,https://cafe.naver.com/f-e/cafes/24000254/articles/7110767?boardtype=L&userDisplay=50&menuid=13&referrerAllArticles=false&inCafeSearch=true&query=%EC%84%B8%ED%83%81&art=aW50ZXJuYWwtY2FmZS1hcnRpY2xlLXJlYWQtaW5DYWZlLXNlYXJjaC1saXN0.eyJ0eXAiOiJKV1QiLCJhbGciOiJIUzI1NiJ9.eyJjYWZlVHlwZSI6IkNBRkVfSUQiLCJhcnRpY2xlSWQiOjcxMTA3NjcsImlzc3VlZEF0IjoxNzg4MjMzMTUwMzgyLCJjYWZlSWQiOjI0MDAwMjU0fQ._2kvf6HHIrzPK4rx8kiWeDfhgrik62Jdy5cBip_eCtg&page=1,JKS
대구맘365,24000254,13,세탁,"놀이매트, 소파로 활용되는 범퍼침대",2025.08.13. 01:02,"​
범퍼침대에서 잠만 자는줄 아는 분들 있나요?
​
저희는 크림하우스 범퍼침대 사용 중인데
밤에 꿀잠도 자지만
한쪽 가드를 떼서 낮에는 책 읽고 터미타임도 하고 기기 연습도 하면서 놀이 매트로 활용 중이에요!
​
안전한 논슬립에 고급 누빔 커버로 밀림 없이 포근하며 안정감 있어서 침대로도 딱 좋고
한쪽 가드를 떼서 놀이매트로도 변신!
​
또, 가드 탈부착이 쉬워서 필요 시 침대, 소파로 변신이 가능하고
지퍼 타입으로 커버 분리 후에 세탁도 가능해서 사용하기 편하고 좋아요👍
​",,0,https://cafe.naver.com/f-e/cafes/24000254/articles/7101425?boardtype=L&userDisplay=50&menuid=13&referrerAllArticles=false&inCafeSearch=true&query=%EC%84%B8%ED%83%81&art=aW50ZXJuYWwtY2FmZS1hcnRpY2xlLXJlYWQtaW5DYWZlLXNlYXJjaC1saXN0.eyJ0eXAiOiJKV1QiLCJhbGciOiJIUzI1NiJ9.eyJjYWZlVHlwZSI6IkNBRkVfSUQiLCJhcnRpY2xlSWQiOjcxMDE0MjUsImlzc3VlZEF0IjoxNzg4MjMzMTUwMzgyLCJjYWZlSWQiOjI0MDAwMjU0fQ.4BUcYiW2yYWdVs4BAKXGxTTFUNCErAd03h1PsUUCXtI&page=1,JKS
대구맘365,24000254,13,세탁,35주차 신생아 필수템 세탁완료했어요ㅎㅎ,2025.08.01. 20:14,"안녕하세요! 35주차로 들어선 푸름맘이에요ㅎㅎ 이제 곧 막달이 되니까 배도 넘커지고 몸도 무거워서 허리도 아파오네용ㅎㅎ미루다 미루었던 아기옷이렁 손수건, 침구까지 세탁완료했어요ㅠㅠ!!!
​
일주일내내 세탁기 돌리고 널고 빨래 접구 힘들었는데 다 끝내고 정리해놓으니까 너무 뿌듯해요ㅎㅎ
​
제가 세탁은 간단하게 그냥 아기세제로 한번만 할까했는데 막상 빨래하다보니까 신생아가 쓰는거니까 신경쓰이더라구요!
​
- 아기옷
1. 30도+세제X+헹굼3+자연건조+두팔로털기
2. 30도+아기세제+헹굼5번+자연건조+두팔로털기
3. 지퍼백 보관
​
- 아기손수건
1.30도+헹굼3번+자연건조+두 팔로 털기
2.30도+아기세제+헹굼5번+자연건조+두 팔로 털기
3.지퍼팩 보관
​
- 아기침구류/인형류
1.30도+아기세제+헹굼5번+자연건조+두 팔로 털기
​
집에 아직 건조기가 없어서ㅠㅠ건조기 없이 세탁해버렸어요ㅎㅎ 모빌이랑 애착인형은 세탁돌리니까 부드러웠던 털이 쫌빳빳해진 기분이 드네요ㅜㅜ 소독스프레이만 뿌려놓을까싶어도 찜찜해서 그냥 세탁돌렸어요ㅎㅎ
​
이번에 육아용품, 아가빨래, 출산가방까지 다 준비하니까 숙제를 다끝낸 기분이에요ㅎㅎ
담주는 여성아이병원에서 막달검사하는데 아기보러 얼렁가고싶고 설레고하네요ㅎㅎ막달까지 행복하게 놀다가 건강한 아기 만나고 싶네요!! 여름출산맘들 화이팅입니다!","안그래도 저도 이런 글 보고 빨래를 저리 마이 할라햇는데..판매자가 옷 헤진다고 한번만 해도 된다데용ㅋㅋ | 저두 이제 빨래공장 가동해여되는데 .... 왜캐 귀찮죠 ㅠㅠㅠㅠㅠ일단 아기세제사는것까진 했는뎁.... ㅋㅋㅋ 귀차니즘을 이겨내셨네요 | 출산가방까지 다 싸셧구나.. ! 저도 이제 쉬면서 한개씩 한개씩 준비해보려구용생각보다 집에 육아용품세팅부터 할게 많더라구요 ㅜㅜ저도 다음주에 여성아이 막달검사하러 가는데 빨리 아기 보고싶어 죽겠어요,, 얼마나 컷을지도 궁금하고 !!! | 하... 저도 이 글 보니 맘이 급해지네요 ㅠㅠ 슬슬 준비해야겠어요",4,https://cafe.naver.com/f-e/cafes/24000254/articles/7092628?boardtype=L&userDisplay=50&menuid=13&referrerAllArticles=false&inCafeSearch=true&query=%EC%84%B8%ED%83%81&art=aW50ZXJuYWwtY2FmZS1hcnRpY2xlLXJlYWQtaW5DYWZlLXNlYXJjaC1saXN0.eyJ0eXAiOiJKV1QiLCJhbGciOiJIUzI1NiJ9.eyJjYWZlVHlwZSI6IkNBRkVfSUQiLCJhcnRpY2xlSWQiOjcwOTI2MjgsImlzc3VlZEF0IjoxNzg4MjMzMTUwMzgyLCJjYWZlSWQiOjI0MDAwMjU0fQ.kMEITFw8yXLF15DXqd6OJhtscmTQhJg8jgexRx2U8wo&page=1,JKS
대구맘365,24000254,13,세탁,32주차 예비맘 출산준비 중 (세탁공장 풀가동),2025.07.11. 10:07,"🔸출산후기 내용은 ""출산 성공 바이러스""
에 게시글 작성해 주시기 바랍니다.
​
🔸""예비맘정보공유"" 게시판에 위 게시글 작성시
활동정지 및 무통보 삭제됨을 알려드립니다.
​
​
내일이면 33주차를 맞이하는 예비맘입니다 !
다들 출산준비는 잘 하고 계신가요 ?
슬슬 자연분만할지 제왕절개할지 선택해야하는데 이번주 여성i 병원가서 원장님이랑 상담해보려구요 !
한달만에 가는거라 아기가 얼마나 컸을지 잘 크고 있는지 너무 궁금하네요.
​
직장을 7월말까지하고 8월부터 출산휴가를 들어가서 8월에 쉬엄쉬엄 출산준비해야지 했다가
배가 더 나오고 더 더워지면 힘들 것 같아 지난주에 틈틈히 세탁을 시작했는데 꼬박 일주일이 걸렸네요..
하다보니 지금부터 조금이라도 시작하길 잘 했다 생각들더라구요..
​
세탁하기에 앞서 세탁기청소부터 해줘야하는데
주기적으로 해줬음에도 엄청 더럽더라구요 ,,
세탁기 청소 하루 , 그 다음날부터는 세탁공장 가동했어요.
​
손수건 세탁
1. [표준세탁 - 세제x - 냉수 - 헹굼 3회 - 탈수(섬세)] -> 자연건조 -> 먼지털기 1회
2. [표준세탁 - 세제o - 냉수 - 헹굼 5회 - 탈수(섬세)] -> 자연건조 -> 먼지털기 1회
* 먼지 많고 예민한거라 여러번 나눠서 세탁 (거즈,엠보 무형광 세탁망 구분)
* 무향 아기 세제 사용(토루토루)
​
​
생각보다 먼지가 많이 나와서 당황했지만
헤로운먼지가 아니라 믿고 손수건세탁은 2회만 했어요 !
​
​
다이소 제품을 사용하니 딱 맞게 들어가더라구요.
한통에 16개까지 들어가더라구요. 실리카겔까지 넣어서 정리했어요.
​
​
조카도 있고 주변에서 물려준 옷들이 진짜 많은 꼬물이 ..
태어나기도전에 엄마랑 아빠보다 옷 많은 아이 .. 옷은 하나도 안사도 되겠더라구요.
사진에 보이는 종이가방 * 5 개 정도는 받은거 같아요.
​
새옷
[울코스 - 세제o - 냉수 - 헹굼5회 - 탈수(약)] -> 자연건조 -> 먼지털기 1회
물려받은 옷
[알뜰삶음(불림) - 세제o/워싱소다 - 헹굼5회 - 탈수(약)] -> 자연건조 -> 먼지털기 1회
​
아기옷이기도 하고 여름 + 제습기 가동하니까 생각보다 금방 마르지만 바짝 말리는게 좋을 것 같아
하루정도 두고 먼지털기 후 지퍼백에 실리카겔 넣고 보관중이에요 !
물려받는 옷의 경우 아무래도 오염이 있을 수 있어 삶음(불림)기능으로 세탁했더니 세탁만 4시간 걸리더라구요..
옷 뿐만아니라 기저귀갈이대 , 트리트랩베이비세트, 아기띠 등 물려받은게 많아서 세탁하는데 일주일정도 걸렸어요.
출산 후 나중에 해도 될 것들은 뺐는데도 일주일 ..
저랑 비슷한 주수 예비맘들 중 아직 시작 안하신분들은 조금씩 준비하시는 걸 추천드려요 !!!
​
​","우와,,, 저도 세탁 해야지 해야지 언제하지? 하고 있는데ㅎㅎ 부지런하시네요!! 고생하셨어요ㅎㅎ막달까지 화이팅입니당~!! | 세탁공정 돌린다고 고생했겠어요ㅠㅠ저도 해야지해야지하다가,, 결국 아직도 안하고있어용ㅋㅋㅋ저도 손수건세탁은 그냥 2번만 할려구요ㅎㅎ | 고생많으셧겟어요ㅠㅠㅠㅠ저도 오늘부로 31주 들어가서 이제 슬슬 아기용품세탁이랑 출산가방싸야하는데 사실 귀차니즘에 엄두가.....ㅠㅠ참고해서 저도 사부작사부작 준비해야겟어요!!! ㅎㅎ | 저도 해야된다고 생각만 하는중....ㅋㅋㅋ 남편의 할일로 미뤄두려구요 .. 못하겠어요 ㅠㅠ | 깨끗하게 정리 잘하셨네요 ㅎㅎ | 저도 곧 시작해야하는데ㅠㅠㅠㅠ 정리 너무 잘하셨네요~^^",6,https://cafe.naver.com/f-e/cafes/24000254/articles/7074999?boardtype=L&userDisplay=50&menuid=13&referrerAllArticles=false&inCafeSearch=true&query=%EC%84%B8%ED%83%81&art=aW50ZXJuYWwtY2FmZS1hcnRpY2xlLXJlYWQtaW5DYWZlLXNlYXJjaC1saXN0.eyJ0eXAiOiJKV1QiLCJhbGciOiJIUzI1NiJ9.eyJjYWZlVHlwZSI6IkNBRkVfSUQiLCJhcnRpY2xlSWQiOjcwNzQ5OTksImlzc3VlZEF0IjoxNzg4MjMzMTUwMzgyLCJjYWZlSWQiOjI0MDAwMjU0fQ._pz8aGKuBbZhMtJwZkLiWo2XMuA15emSgR7t13oBZho&page=1,JKS
대구맘365,24000254,13,세탁,38주 5일 카시트 세탁 후기,2025.07.03. 11:35,"🔸출산후기 내용은 ""출산 성공 바이러스""
에 게시글 작성해 주시기 바랍니다.
​
🔸""예비맘정보공유"" 게시판에 위 게시글 작성시
활동정지 및 무통보 삭제됨을 알려드립니다.
​
제가 게을러서.. 카시트 세탁을 이제야 맡겼네요
​
후기 많은 곳 찾아보다가 온리 베이비라는 업체로 선택했어요!
​
픽업 신청하면 정해진 날짜에 가지러 오시는데 집 앞에 카시트 놔두고 미리 차량등록 해드리니 속전속결로 가져가주셨어요 ㅎㅎㅎ
요렇게 카시트 꼼꼼하게 다 분해해서 사진도 보내주셔서 더 믿고 맡기길 잘했다고 생각했어요
​
​
세탁은 3일정도 걸렸어요
다 끝나면 요렇게 집 앞까지 안전하게 가져다 주셔요
​
그리구 문자로 주의사항이랑 받고나서 어떻게해야하는지 친절하게 알려주셔서 진짜 좋았어요
​
​
알려주신대로 비닐 벗겨서 환기중인데 다음엔 유모차 세탁도 맡기고 싶어요!",금액은 얼마에용?? | 홈페이지에서 예약했는데 회전형카시트 4.6만+이너시트 0.3해서 총 4.9만원이요! | 오 가격 생각보다 괜찮네용!,3,https://cafe.naver.com/f-e/cafes/24000254/articles/7067890?boardtype=L&userDisplay=50&menuid=13&referrerAllArticles=false&inCafeSearch=true&query=%EC%84%B8%ED%83%81&art=aW50ZXJuYWwtY2FmZS1hcnRpY2xlLXJlYWQtaW5DYWZlLXNlYXJjaC1saXN0.eyJ0eXAiOiJKV1QiLCJhbGciOiJIUzI1NiJ9.eyJjYWZlVHlwZSI6IkNBRkVfSUQiLCJhcnRpY2xlSWQiOjcwNjc4OTAsImlzc3VlZEF0IjoxNzg4MjMzMTUwMzgyLCJjYWZlSWQiOjI0MDAwMjU0fQ.0Fihb3FkXdPvr-7wLIvnWdWI8mTQ7C3QfQEovH0RCHs&page=1,JKS
대구맘365,24000254,13,세탁,2025년 5월 베키 후기입니다,2025.05.31. 20:26,"안녕하세요!! 26주차 푸름맘입니다ㅎㅎ
오늘은 지난주 대구엑스포에서 열렸던 베이비&키즈페어 후기를 알려드리려고 왔습니다ㅎㅎ
​
베키가기전 벼락치기로 육아용품 공부한 뒤에 다 사버릴려고 장바구니도 챙겨들고 갔어요ㅎㅎ
제가 베키때 산 물건들은 수전, 스와들업, 아기 세탁세제&섬유유연제, 체온계 이렇게밖에 못사고 체력이슈로 집으로 돌아왔답니다!!
​
-클리어잭 수전
한바퀴 다돌아보고 쇼핑하러 다니려고 했는데ㅎㅎ생각보다 설명듣구 하는게 넘힘들어서ㅋㅋㅋ구냥 첫번째본 클리어잭 수전 바로 사버렸어요!!
회전형이 아기 씻길래 편하다길래 사서 써볼려구 합니다ㅎㅎ
-스칸디맘 스와들업
아기옷은 일단 살생각없었는데 ㅠㅠ여름아기라서 메쉬스와들업이 있길래 흘리듯 바로 사버렸어요ㅎㅎ2벌사면 방수요도 같이 줬답니당ㅎㅎ
​
-아토앤오투 세탁세제&섬유유연제
젖병세제로 유명하던데 세제랑 섬유유연제도 좋아보여서 택배배송으로 주문했어요ㅎㅎ
출산전에 아기옷이랑 손수건다 세탁해놔야겠어용ㅎㅎ
​
-브라운체온계 6030
젤루 유명한 브라운 체온계ㅎㅎ필수라길래 역시나 사버렸어요ㅎㅎ
​
-여성아이병원
산부인과 여성아이를 다니고 있는데 베키에도 있길래 지나치지못하고 설문조사해서 젖병세제랑 기저귀 선물 타가지고 왔어요ㅎㅎ
-이레아이맘 산후조리도우미
산후조리원 예약두 하려고 상담받다가 바로 예약까지 해버려서 넘개운해요!! 숙제끝낸 기분이에용ㅎㅎ
​
한번만에 용품다사버리려고했던건 욕심부린거같네요ㅜㅜ매트랑 젖병세척기는 아직도 고민되네요ㅎㅎ
​
몇개안사구왔는데 네시간은 훌쩍가버린 베키였습니다!!
​
​
​
​",베키가면 사람도 많고 이것저것 구경해야해서 시간 진짜 잘가잖아요 !전 늦게가서 시간없어서 이레아이맘 산후도우미만 계약하고 여성아이 가서 선물만 받앗어요 ㅜㅜ젖병세척기는 브레짜로 라이브방송때 구매했고 매트는 저도 고민중이네요 ㅜㅜ | 오 이것저것 알차게 구매하고오셨네용?? 8월에 한번 더있다는데 그때는 갈수잇을거같지가않아소 저도 이번에 갔어요 !! 이레아이맘 많이들 하시네욥!!,2,https://cafe.naver.com/f-e/cafes/24000254/articles/7041097?boardtype=L&userDisplay=50&menuid=13&referrerAllArticles=false&inCafeSearch=true&query=%EC%84%B8%ED%83%81&art=aW50ZXJuYWwtY2FmZS1hcnRpY2xlLXJlYWQtaW5DYWZlLXNlYXJjaC1saXN0.eyJ0eXAiOiJKV1QiLCJhbGciOiJIUzI1NiJ9.eyJjYWZlVHlwZSI6IkNBRkVfSUQiLCJhcnRpY2xlSWQiOjcwNDEwOTcsImlzc3VlZEF0IjoxNzg4MjMzMTUwMzgyLCJjYWZlSWQiOjI0MDAwMjU0fQ.0Hn9-Hf2Pk6vnoweIFCfrqW4MLy26Wt2gUWfO7nUWAE&page=1,JKS
대구맘365,24000254,13,세탁,둘째맘 김혜정산후조리원 달서점 후기,2025.05.29. 15:24,"처음 병원 연계 조리원을 예약했다가 첫째 아이 때문에
김혜정 조리원으로 예약을 변경했어요
김혜정 조리원은 첫째와 방에 함께 있을 수 있는게
둘째맘에게 큰 장점이더라구요!😊👍
(❗️첫째가 다녀가면 당일 신생아 수유는 못해요🥺)
​
조리원은 2층에 마사지실과 골반교정기, 족욕기 등이
있고 여러 프로그램을 듣거나 조동들과 이야기 나눌 수
있는 공간이 있어요
김혜정 원장님의 모유 수유 강의는👍👍
모유수유 전혀 생각을 못하고 있던 1인이였는데…
원장님의 강의를 듣고 모유의 길을 도전하고 있답니다
원장님 강의 외에도 요가, 베이비마사지 등 강의도 있어요시간이 되면 안내방송이 나와서 듣고 참여하시면 되요
3층은 안내 데스크, 통곡마사지실, 신생아실, 수유실,
파라핀기계, 혈압측정기, 한방차가 있어요
​
4층엔 식당, 세탁물을 찾아 가는 곳이 있어요
세탁물은 오전에 넣어두면 오후에 세탁물이 나와요
속옷은 세탁망에 넣어두면 건조가 안된 상태로 나와서
방에 있는 건조대에 널어야 해요 다른 세탁물은 건조까지 완료된 상태로 올려져 있어요 ㅎㅎ
각 층에는 매일 아침 옷과 수건이 들어 있는 장이 있어요
이 장에 오후 간식도 넣어주십니다
또, 유축 깔대기와 젖병, 유축한 모유를 넣는 냉장고가
함께 비치되어 있어요
김혜정 조리원의 또다른 장점은 밥이 맛있어요!
8:30아침 12:30점심 2:30간식 5:30저녁
8:00-9:00 야식 5끼가 나와요
아침에는 샐러드와 생선이 잘 나오고 점심에는 돈까스나 함박, 비빔밥 같은 특식도 종종 나와요
야식은 주로 죽이나 스프인데 가끔 김밥이나 유부초밥이 나오기도 하더라구요~
2주에 한번 수요일에는 디저트 데이도 있답니다!
달콤하고 맛있는 디저트로 기분전환도 하고 다른 산모들과 이야기나누며 즐거운 시간을 보낼 수 있어요!!
제가 사용한 방의 모습입니다
방에는 모자동을 위한 아기침대, 티비, 건조대, 유축기가
있어요 저는 4층 방을 사용했는데 식당이 가까워서 좋더라구요~ ㅎㅎ
​
무엇보다 여기 계신 선생님들이 아기를 진심으로
예뻐해주시고 잘 살펴주셔서 너무 좋은것 같아요👍
아기에 대해서도 꼼꼼히 관찰하시고 궁금한 것도 상세히 알려주셔서 많은 도움이 되었어요 ㅎㅎ
신생아실도 24시간 오픈되어 있어 수시로 볼 수 있답니다
덕분에 2주동안 잘 먹고, 잘쉬고, 잘배워 갑니다!
​
*특별히 모유수유를 생각하고 계신 분이라면
더더욱 김혜정조리원 강력 추천드려요😍
​",,0,https://cafe.naver.com/f-e/cafes/24000254/articles/7039354?boardtype=L&userDisplay=50&menuid=13&referrerAllArticles=false&inCafeSearch=true&query=%EC%84%B8%ED%83%81&art=aW50ZXJuYWwtY2FmZS1hcnRpY2xlLXJlYWQtaW5DYWZlLXNlYXJjaC1saXN0.eyJ0eXAiOiJKV1QiLCJhbGciOiJIUzI1NiJ9.eyJjYWZlVHlwZSI6IkNBRkVfSUQiLCJhcnRpY2xlSWQiOjcwMzkzNTQsImlzc3VlZEF0IjoxNzg4MjMzMTUwMzgyLCJjYWZlSWQiOjI0MDAwMjU0fQ.0n3XGgRgD9A6piykF-pPs_GbonpbMaNq2tijQT7sMNo&page=1,JKS
대구맘365,24000254,13,세탁,3갤아기 절충형 유모차 구매했어용,2025.05.27. 18:05,"🔸출산후기 내용은 ""출산 성공 바이러스""
에 게시글 작성해 주시기 바랍니다.
​
🔸""예비맘정보공유"" 게시판에 위 게시글 작성시
활동정지 및 무통보 삭제됨을 알려드립니다.
​
---------
디럭스, 절충은 사용 시기가 짧고 사용이 불편하다고하여 휴대용만 마련해 놓고 아기띠로만 6개월 버틸려고 했던 초보 엄마입니다.. 아기 키우다보니 6개월까지 휴대용으로 버티기엔 삶이 너무 고되어 절충 정도는 사서 산책하고 싶은 마음에 열심히 알아보고 잉글레시나 일렉타로 선택하여 구매했어요
​
아기 피부에 닿을 거라 배송받고 전부 벗겨 세탁을 했습니다. 설명서를 보니 해체와 조립이 어렵지 않았고요, 기계세탁은 권장하지않는다지만 저는 그냥 세탁망에 다 넣고 돌리니 손상되지 않았네요.
​
세탁 후 사용해 보니 손잡이 각도 조절이 다양해 키에 따라 조절할 수 있고 손목에도 무리가 가지 않는 각도로 개인에 맞게 조절하여 사용할 수 있었구요, 차양막이 길게 내려와 3개월 아기를 다 눕힌 각도 기준으로 허벅지 이상으로 덮혀 얼굴에 직사광선이 직접적으로 쬐어지지 않는 것도 만족스러웠습니다.
울퉁불퉁한 길에도 적당히 충격이 완화되는 느낌을 받고 실제로 아기도 편안한지 잘 자주네요.
그 외에도 폴딩이 한 손으로 간편하고, 이탈리아 현지 생산이라는 장점도 있었어요
​
저는 새로나온 블랙색상으로 구매했는데, 베이지, 카라멜, 그린, 그레이 색상 등 총6가지 색상이라 취향대로 고르실 수 있을 것 같아요
​
날이 좋아 매일 유모차 끌고 산책나가고 있어요. 절충형 유모차 사실 계획이 있으신 분들에게 잉글레시나 추천드릴게요~",저도 절충형 유모차 고민인데 잉글레시나도 좋아보이네요! 저도 블랙 색상 사고싶어요 ㅎㅎ | 저도 일렉타 끌어보고 일렉타랑 비6중에 대~~~고민하다가 결국 비6햇는데 휴대용은 잉글레시나꺼 살까싶어용 ㅎㅎ,2,https://cafe.naver.com/f-e/cafes/24000254/articles/7037644?boardtype=L&userDisplay=50&menuid=13&referrerAllArticles=false&inCafeSearch=true&query=%EC%84%B8%ED%83%81&art=aW50ZXJuYWwtY2FmZS1hcnRpY2xlLXJlYWQtaW5DYWZlLXNlYXJjaC1saXN0.eyJ0eXAiOiJKV1QiLCJhbGciOiJIUzI1NiJ9.eyJjYWZlVHlwZSI6IkNBRkVfSUQiLCJhcnRpY2xlSWQiOjcwMzc2NDQsImlzc3VlZEF0IjoxNzg4MjMzMTUwMzgyLCJjYWZlSWQiOjI0MDAwMjU0fQ.n54MaQOpq6nS4mzo19vcnxLCOSTNowyUYAB8WEJ6LOg&page=1,JKS
대구맘365,24000254,13,세탁,마이리틀데이지로 아기이불 장만했어요!!!,2025.05.02. 13:32,"6월에 태어날 아기를 위해 태열을 잡을수 있는 시원한 소재의이불을 찾고있었는데 마이리틀데이지 이불을 보자말자 제마음에 쏙들어 주저없이 내돈내산으로 구매하게 되었어요!!
저는 이불을 여름뿐 아니라 사계절 내내 사용하고  싶어 양면 이용이 가능한 누빔+인견패드용으로 구입하였는데 부드러운 촉감으로 민감한 피부 에도 문제없이 사용가능하며
태열까지 예방된다니 말그대로 일석이조 입니다!
이불을 구입하면서 베개도 같이 구입하고싶어 세트로
구입하였는데 뒷면에는 고무줄 밴드처리가 되어잇어서
다른베개에도 패드로 같이 사용할수잇어 더 실용적일것
같아요
크기도 제가 원하는 크기로 저는 이동식 침대를
사용할 예정인데 다이치 이동침에도 크기가 알맞게
맞아 아기가 편하게 사용할것 같아요
출산전 미리 세탁하여 사용할 예정으로 세탁도
진행하였는데 세탁방밥도 편리하고 구겨짐 없이
바로 말릴수 잇어 더 편했어요ㅎ
6월달되서 빨리 아기한테 사용해보고 싶네요",,0,https://cafe.naver.com/f-e/cafes/24000254/articles/7018252?boardtype=L&userDisplay=50&menuid=13&referrerAllArticles=false&inCafeSearch=true&query=%EC%84%B8%ED%83%81&art=aW50ZXJuYWwtY2FmZS1hcnRpY2xlLXJlYWQtaW5DYWZlLXNlYXJjaC1saXN0.eyJ0eXAiOiJKV1QiLCJhbGciOiJIUzI1NiJ9.eyJjYWZlVHlwZSI6IkNBRkVfSUQiLCJhcnRpY2xlSWQiOjcwMTgyNTIsImlzc3VlZEF0IjoxNzg4MjMzMTUwMzgyLCJjYWZlSWQiOjI0MDAwMjU0fQ.ZIQ5Nn9Tcxtm9J4K3v6NHJCgUVDizbg-6oYR1zvgxKM&page=1,JKS
대구맘365,24000254,13,세탁,대구달서구 리엘산후조리원 후기 및 공유,2025.04.24. 21:27,"여성아이병원에서 출산 후 리엘산후조리원으로 들어왔어요.
병원 퇴원 후 9층 상담실로 올라오시면 입실시의 자세한 설명과 방 안내 받으실 수 있어요.
리엘산후조리원 층별 안내입니다.
9층에는 안내데스크와 신생아실(수유실), 식당이 있어요.
​
식사시간은
아침 : 8시
점심 : 12시
간식 : 3시
저녁 : 5시 30분
간식 : 8시
이렇게 총 5타임에 9층 식당에서 식사시 텀블러 챙겨가면 따뜻한 보리차를 가득 담아주십니다.
보리차 맛집으로 유명한(?) 조리원이지요!😁
리엘조리원식단 사진인데 매일 찍지는 못했고 종종 찍은 것들이에요.
미역국만 나오는 게 아니라 다양하게 나와서 먹는 재미를 느꼈답니다.
반찬은 먹고 싶은만큼 담아 자리에 앉으면 밥과 국은 식당이모님께서 챙겨주십니다.
또한 간식은 층별 복도에 시간대별로 간식카트 위에 배치되어 있어 하나씩 가져가서 먹으면 돼요.
주 2-3회 저녁 간식이 죽으로 나오면 9층으로 올라가요.
그리고 층마다 정수기와 전자렌지도 함께 있어 편하게 사용하면 됩니다.
디럭스룸은 창문이 없고 침대가 모션베드이며, 스위트룸은 큼직한 창문이 있어서 밝고 트인 느낌의 룸이에요. 스위트룸에는 모션베드는 없습니다.
저는 두 방 모두 다 사용했는데 개인적으로 디럭스룸으로 계약하고 마사지 회차를 늘리는 것이 더 좋아서 디럭스룸으로 선택했어요.
- 첫 입실시 조리원 수건 2장과 산모복 1장을  받을 수 있어요. 매일 오전 8시부터 방 청소가 시작되면 산모복 1장은 받을 수 있지만 수건은 첫날만 제공되어 수건 필수로 챙기셔야 해요! (단, 일요일은 쓰레기통만 비워주십니다)
- 우리 아이가 사용할 물티슈는 신생아실로 1팩 바로 넣어주시면 돼요. 입실 전이나 첫 수유콜 받으실때 드리면 됩니다.
- 유축용 깔대기는 조리원에서 저렴히 판매되고 있어 굳이 미리 준비하지 않으셔도 되고 조리원에서 유축기와 방마다 사용하게 될 젖병도 4개씩 제공됩니다.
- 방마다 세탁망 1개씩 제공되어 개인적으로 개인 세탁망은 굳이 필요하지 않아요.
- 실내화를 개인용으로 챙기셔도 되고 조리원용 실내화 신으셔도 되니 선택하셔서 준비하시고 그 외 필요 준비물 확인해주세요. (계약시 계약서와 본 사진은 문자로 발송해주십니다)
8층에는 마사지실이 있어요.
조리원에 오면 필수죠! 마사지 풀 회차로 받으면서 유방관리 및 전신관리 받으면서 나날이 회복 중이랍니다.
저는 제일 오른쪽에서 마사지받았고 임신중에 몸이 많이 무거웠는데 마사지받고 많이 가벼워졌어요. 마사지받으면서 수유 고민상담도 같이 했답니다. 마사지 결제를 첫만남이용권으로도 결제가 가능한 점 참고해주세요!
7층엔 교육실과 찜질방이 있어요.
수유콜 없는 시간대에 틈틈히 땀빼면서 골반교정하면 빠른 몸 회복에 도움이 될 거에요.
저는 자연분만으로 조리원 온 날부터 사용했지만 제왕절개 산모님께서는 실밥 풀고난 후에 사용가능하답니다.
리엘조리원에 계신 수유실 선생님들과 팀장님, 실장님, 원장님 모두 이용시 불편한 사항이라던가 궁금한 부분을 문의하면 정성껏 답변해주시니 이용시에 편하게 문의하시면 됩니다.
특히 수유실에서 수유자세에 대해 많은 문의가 있어요~ 편하게 문의하시면 됩니다.
또한 리엘조리원은 모유 수유 필수 권장이 아니라서 엄마가 지내면서 모유/분유 수유 선택하시면 됩니다. 모유 수유에 대해 너무 부담 갖지 않으셔도 됩니다. (새벽 수유콜이 없어 조리원에 계실때동안은 꼭 푹~ 주무셔서 조리원 생활을 누리시길 바랍니다)
​
입실시에는 2주가 길게 느껴졌지만 하루하루 시간이 빨리 지나가는 2주의 시간이였답니다. 더 연장하고 싶을 정도로 너무 편하고 잘 쉬었다가 가는 알찬 시간이였습니다.",달서구쪽에 사시면 여서아이조리원 아니면 리엘 많이들 가시더라구요!마사지가 유명하다고....ㅎㅎ 산모 마사지는 포기 몬하쥬~~~저는 여성아이병원다니면서 여성아이조리원으로 결정햇어요!!!ㅎㅎ,1,https://cafe.naver.com/f-e/cafes/24000254/articles/7012194?boardtype=L&userDisplay=50&menuid=13&referrerAllArticles=false&inCafeSearch=true&query=%EC%84%B8%ED%83%81&art=aW50ZXJuYWwtY2FmZS1hcnRpY2xlLXJlYWQtaW5DYWZlLXNlYXJjaC1saXN0.eyJ0eXAiOiJKV1QiLCJhbGciOiJIUzI1NiJ9.eyJjYWZlVHlwZSI6IkNBRkVfSUQiLCJhcnRpY2xlSWQiOjcwMTIxOTQsImlzc3VlZEF0IjoxNzg4MjMzMTUwMzgyLCJjYWZlSWQiOjI0MDAwMjU0fQ.vGwZ50NetJrDNW5Xi0tBEnR8XOmGN_ffbGJC_X0OuYs&page=1,JKS
대구맘365,24000254,13,세탁,,,,,0,https://cafe.naver.com/f-e/cafes/24000254/articles/6992142?boardtype=L&userDisplay=50&menuid=13&referrerAllArticles=false&inCafeSearch=true&query=%EC%84%B8%ED%83%81&art=aW50ZXJuYWwtY2FmZS1hcnRpY2xlLXJlYWQtaW5DYWZlLXNlYXJjaC1saXN0.eyJ0eXAiOiJKV1QiLCJhbGciOiJIUzI1NiJ9.eyJjYWZlVHlwZSI6IkNBRkVfSUQiLCJhcnRpY2xlSWQiOjY5OTIxNDIsImlzc3VlZEF0IjoxNzg4MjMzMTUwMzgyLCJjYWZlSWQiOjI0MDAwMjU0fQ.dIreyThQ3186iZkxFOJ7D-PhZfDjHwfQRqbrWdmgRn8&page=1,JKS
대구맘365,24000254,13,세탁,,,,,0,https://cafe.naver.com/f-e/cafes/24000254/articles/6970502?boardtype=L&userDisplay=50&menuid=13&referrerAllArticles=false&inCafeSearch=true&query=%EC%84%B8%ED%83%81&art=aW50ZXJuYWwtY2FmZS1hcnRpY2xlLXJlYWQtaW5DYWZlLXNlYXJjaC1saXN0.eyJ0eXAiOiJKV1QiLCJhbGciOiJIUzI1NiJ9.eyJjYWZlVHlwZSI6IkNBRkVfSUQiLCJhcnRpY2xlSWQiOjY5NzA1MDIsImlzc3VlZEF0IjoxNzg4MjMzMTUzODAxLCJjYWZlSWQiOjI0MDAwMjU0fQ.wENTq79WB6wVXdzXSMF6GyUdTyW1ntQcdkjTt8MozJQ&page=2,JKS
대구맘365,24000254,13,세탁,카시트 세탁 너무좋습니다 ㅎㅎ,2025.03.03. 16:43,"깔끔덕후라 매번 시트 벗겨서 세탁하다가
이번엔 전문 세척 업체에 맡겨봤는데
진심 세탁상태 맘에듭니다 ㅎㅎ
​
대구업체이고 뽀송이라는 곳인데
수거부터 배송까지 친절하게 잘 해주시네요",,0,https://cafe.naver.com/f-e/cafes/24000254/articles/6969786?boardtype=L&userDisplay=50&menuid=13&referrerAllArticles=false&inCafeSearch=true&query=%EC%84%B8%ED%83%81&art=aW50ZXJuYWwtY2FmZS1hcnRpY2xlLXJlYWQtaW5DYWZlLXNlYXJjaC1saXN0.eyJ0eXAiOiJKV1QiLCJhbGciOiJIUzI1NiJ9.eyJjYWZlVHlwZSI6IkNBRkVfSUQiLCJhcnRpY2xlSWQiOjY5Njk3ODYsImlzc3VlZEF0IjoxNzg4MjMzMTUzODAxLCJjYWZlSWQiOjI0MDAwMjU0fQ.8O91B-HlAHQ3R7zvUE17GRgs8g2nmaX6WXIWQNkyzqA&page=2,JKS
대구맘365,24000254,13,세탁,꿈담산후조리원 VIP 찐 사용후기💜💛❤️🧡💙,2025.02.16. 12:36,"수성구 거주하며, 효성병원에서 제왕출산후
꿈담조리원에서 13박14일(2주)이용했습니다.
너무 인상에 남아🥹후기까지 작성하게 되었습니다☺️
​
​
먼저, 산후조리원 선정 순위
1. 아기케어&산모케어
2. 룸 상태
3. 남편 거주 가능여부
4. 식사
5. 모자동실 이용
6. 본아트 촬영
1. 아기케어 및 산모케어
:제일 중요한 부분 아닌가요?
다른 산후조리원과 비교했을때 압도적으로 상위권이 아닐까 싶어요!! 왜냐?? 꿈담은 원장님이 간호사출신으로 아기케어를 같이 해주십니다😊소중한 우리 아가 맘편히 믿고 맡길 수 있죠!! 그리고 원장님을 비롯해 꿈담 모든 이모님들이 친절해요🥹❣️
​
2.룸 상태
:제가 2번째로 걱정했던 부분인데, 저의 걱정을 싹 잊게 해주었습니다!! 입실 첫날 너무 놀랬어요!! 생각보다 너무 좋더라구요?? (제가 이용한 309호 강추합니다👍)
⭐️다른 방에 비해서 비교적 더 넓고
⭐️베란다가 있어서 짐을 놔둘수 있는 공간이 더 많아요!!
저처럼 깨끗함을 추구하시는 산모에겐🤣너무 강추👍
​
-방 온도조절가능, 침대 편함, 유축기 및 소독기 있음,헤어드라이기 있음
-매일 오전10:30~11:30 사이 청소해주심
-빨래망에 담아서 내놓으면 빨래도 해주심
-화장실 수압 좋음, 바닥도 뜨거움ㅋㅋ,비데있음
​
3. 남편거주 가능
:꿈담은 남편이 거주도 가능합니다!!
이외 면회는 전면 제한되지만..산모 외출이 가능해요!!
1층에 이디야카페가 있어서
카페에서 만나시면 됩니다^^!!
4. 식사
:식사 후기가 적어서 걱정했으나, 식사도 괜찮습니다
(국은 미역국만 나와요...ㅎㅎ물론,종류는 바뀜)
사실...우리 먹을려고 조리원 오는거 아니잖아여ㅋㅋ
살빼야죠!!!ㅠㅠ흑흑...근데 맛있어여ㅋㅋ살이 안빠져😂
​
이모님이 방안에 가져다 주십니다.
-아침(오전8시),점심(오전12시),저녁(오후5시)
-오후간식(오후3시)
💙❤️💛간식은💙❤️💛
5. 모자동실
:언제든지 모자동실 이용가능!
산모가 아기 보고싶을때 언제든 방에 데리고 와서 보시면 됩니다☺️사랑스러운 아기 사진도 편하게 찍어요☺️
​
6.본아트 촬영
:저는 둘째라서 처음엔 할 생각이 없었는데🤣
막상보니 너무 잘 찍어주시더라구요🤣결국 신청🤣
무료는 심플컨셉이고, 저는 유료로 B 선택!
​
이외에도 장점이 너무 많은 꿈담산후조리원🥹
다시 간다고 해도! 또 꿈담을 선택할거에요🥹
이런곳이 많이 알려지면 좋겠습니다!!
이외 부가설명 TIP.
1. 조리원 준비물
:딱 사용한것만 적었어요!!요것만 챙기세요!!!
-아기:로션 (이외는 조리원에 다 구비되있어요)
-산모:맘스팬티,물티슈,영양제,수건,세면도구,화장품
⭐️세탁망,텀블러,마스크팩,미스트,충전기선
2. 셀픽
:조리원내 셀픽 비치되어있어서 하루에 2장 무료출력가능
(산모 1장 , 남편 1장)
3.주차
:본건물 타워주차이고, 주차하시고 난후 나갈때
조리원 2층 데스크에 구비된 주차카드 가지고 가면 됩니다
4.마사지
:흠...개인적으로 마사지는 별로였어요!
저는 조리원나가서 원래받던 곳 이용하려구 3번만 받았습니다! 가격은 1회당 11만원(현금가)..
문의사항은 댓글로 남겨주시면 답변해드릴께요^^","오옷ㅡ18일 유도잡아놓고 곧 조리원 갈 예정인데 많이 도움되는 글이네요💕 | 축하드립니다^^!!건강히 순산하시구😍아기 산모님 모두 건강히 회복하시길 기원할께요❣️ | 업체명이 어떻게 되나여? | 꿈담산후조리원 입니다!ㅎ | 본아트 무료도 있나보네요~ 퇴소할때 아기 옷은 챙겨가야 하나요?? | 무료는 그냥 아무 컨셉 없이~배냇저고리만 입고 찍은 사진이에요!! (안예뻐요🤣) 유료가 확실히 예쁩니당 ㅋㅋㅋ아기옷은 !!!보통 병원에서 퇴원시( 겉싸개,속싸개,배냇저고리 )챙겨오라고 할 거에요ㅎㅎ이후 조리원 도착 후, 조리원 옷으로 환복합니다!그리고 조리원 퇴소시 원래옷으로 갈아입혀주시구요^^",6,https://cafe.naver.com/f-e/cafes/24000254/articles/6956414?boardtype=L&userDisplay=50&menuid=13&referrerAllArticles=false&inCafeSearch=true&query=%EC%84%B8%ED%83%81&art=aW50ZXJuYWwtY2FmZS1hcnRpY2xlLXJlYWQtaW5DYWZlLXNlYXJjaC1saXN0.eyJ0eXAiOiJKV1QiLCJhbGciOiJIUzI1NiJ9.eyJjYWZlVHlwZSI6IkNBRkVfSUQiLCJhcnRpY2xlSWQiOjY5NTY0MTQsImlzc3VlZEF0IjoxNzg4MjMzMTUzODAxLCJjYWZlSWQiOjI0MDAwMjU0fQ.-C0YvBu1m6hCKkMcjtXEhkSEwaDB5RikGAB_VWRLrZs&page=2,JKS
대구맘365,24000254,13,세탁,출산전에 베넷저고리 몇벌정도?!,2025.02.15. 16:17,"첫아이라 선물로 조금은 들어오지않을까 싶은데요ㅜㅜ
몇벌정도 준비해둬야할지 고민이에여
5벌정도면 너무 적을까요??...","저는 베넷은 자주 사용안하게되더라구요 5벌이면 충분할거같아여! | 3벌에 바디수트 2-3개정도면 신생아 잘지나가요! 물론 토하는아기는 빨래자주해여야하고 그 시기짧으니 우주복이나 상하복을 더 구비하는게 좋을듯요! | 당장 다음주 출산인데 배넷저고리 하나도 준비안했는데 걱정이네요... 생각보다 선물도 다른쪽만 들어오더라구요... | 충분해영 아기 손수건 매일 목욕해서 천기저귀 등등 매일 세탁해서용 ㅎㅎ그라고 오래 못입어서 너무많이 준비하지않아두되용 | 저는 하나만 준비했어요..!!! | 선물로도 들어온다고하고 베넷저고리보다 바디수트를 더 많이, 금방 입힌다고해서 일단 하나만 사두려고요 | 저는 베넷저고리는 선물받은거 포함 3개만 있고 나머진 우주복이랑 스와들업으로 4개 정도 준비했습니다!",7,https://cafe.naver.com/f-e/cafes/24000254/articles/6955918?boardtype=L&userDisplay=50&menuid=13&referrerAllArticles=false&inCafeSearch=true&query=%EC%84%B8%ED%83%81&art=aW50ZXJuYWwtY2FmZS1hcnRpY2xlLXJlYWQtaW5DYWZlLXNlYXJjaC1saXN0.eyJ0eXAiOiJKV1QiLCJhbGciOiJIUzI1NiJ9.eyJjYWZlVHlwZSI6IkNBRkVfSUQiLCJhcnRpY2xlSWQiOjY5NTU5MTgsImlzc3VlZEF0IjoxNzg4MjMzMTUzODAxLCJjYWZlSWQiOjI0MDAwMjU0fQ.vqpiTMKE1z-WpTyq7SJ8EicHOz_uanB-EAeb6qqxvBk&page=2,JKS
대구맘365,24000254,13,세탁,아이스핀360 카시트 셀프세탁 되나요?,2025.02.10. 21:56,"새 제품 사서 세탁해서 태우고 싶은데~ 셀프세탁 되나용? 카시트 세탁업체에 맡기려고 했더니 4-5만원정도인거 같고, 성격상 제가 직접 세탁해야 맘이 편해서요. 아이스핀 쓰시는 분들 중에 셀프 세탁 해보신분 계시면 꿀팁 좀 주세용 ㅎㅎ",저 자주하는 편이에요 ㅎㅎ 아이스핀 선택한 이유 중에 하나도 셀프세탁이었어요. 일단 커버 벗기고 씌우는게 넘 편해요. 세탁은 울 코스로 돌리고 자연 건조해주면 되니 굳이 따로 돈 내고 세탁 안맡겨도 되더라구용~ | 조이요? 전 망에넣어서 세탁돌리고 자연건조요~ | 커버 훌러덩 벗겨지는데 씌우는것도 쉬워요~~ 저도 윗분처럼 그냥 세탁기 돌리고 있어요 ㅎㅎ,3,https://cafe.naver.com/f-e/cafes/24000254/articles/6951486?boardtype=L&userDisplay=50&menuid=13&referrerAllArticles=false&inCafeSearch=true&query=%EC%84%B8%ED%83%81&art=aW50ZXJuYWwtY2FmZS1hcnRpY2xlLXJlYWQtaW5DYWZlLXNlYXJjaC1saXN0.eyJ0eXAiOiJKV1QiLCJhbGciOiJIUzI1NiJ9.eyJjYWZlVHlwZSI6IkNBRkVfSUQiLCJhcnRpY2xlSWQiOjY5NTE0ODYsImlzc3VlZEF0IjoxNzg4MjMzMTUzODAxLCJjYWZlSWQiOjI0MDAwMjU0fQ.grIydkvX6txJb7swz6RAx2BFZWyiBpnN4_TFT78r1vQ&page=2,JKS
대구맘365,24000254,13,세탁,수성구 엘리자벳 산후조리원 추천합니다ㅎㅎ,2025.01.25. 17:12,"대기 걸어두고 겨우 올 수 있었던엘리자벳조리원이에요!
오기전까진 긴가민가 했었지만 괜히 인기 있는게 아니었습니다ㅎㅎ
​
위치는 수성못 근처고 제가 출산한 효성병원하고는 차타고 5~10분 거리라 이동에 대한 부담감이 적었습니다ㅎㅎ
​
단독 건물이면서 1층에 가슴마사지실이 있고 카페가 있어 잠시 숨돌리기도 좋고 입소하면 무료음료쿠폰도 5장을 주십니다ㅎㅎ
​
2층에는 방과 신생아실, 수유실, 교육실(혈압기있고 골반마사지체어있음)이 있어서 첫날에 입소하면 교육실에서 간단한 설명과 교육을 받습니다ㅎㅎ
​
3층에는 방과 전신마사지실이 있고 전신마사지실 옆에는 파라핀기계가 있어 유용하게 이용 할 수 있습니다ㅎㅎ
​
4층에는 식당과 방이 있습니다ㅎㅎ
​
각층마다 간단한세탁물(산모속옷)을 넣을 수 있는 바구니가 있어 세탁망에 넣어 바구니에 넣어두면 세탁도 해주십니다ㅎㅎ
옆에는 갈아입을 조리원복,남편조리원복,수건,휴지,각티슈가 부족하지 않게 배치되어 있습니다ㅎㅎ
​
식사는 간식포함 하루 5회이고
식사며 간식들이 잘 나와서 먹는걸 정말 잘 먹었습니다ㅎㅎ(미역국비법 알아가고 싶네요🤭)
​
청소는 매일 아침에 청소하시는 선생님들께서 휴지통도 비워주시고 청소기도 밀어주셔서 매일 쾌적하게 있을 수 있었습니다
​
가슴마사지선생님 전신마사지선생님들도 친절하시고 마사지 받을 때 몸 체크 해주시고 맘 편히 마사지 받을 수 있게 해주셨습니다ㅎㅎ
​
특히나
​
신생아실 실장님과 선생님들!
너무너무 친절하시고 아기들을 대하실 때 모습 보고 어떻게 저렇게 까지 하시지?싶을 정도로 모든 아기들 이름,태명 너무 사랑스럽게 불러주시면서 아기 상태를 관심있게 체크하고 봐주셔서 믿고 안심하고 쉴 수 있었습니다ㅎㅎ
첫째라 불안하고 모르는것도 많고 전전긍긍 많이 했는데 불안하고 걱정되는거나 궁금한거 있음 언제든지 물어 보라하시며 질문 할 때마다 잘 알려주셔서 감사했습니다ㅎㅎ
첫째 때 오셨다가 둘째 때 오신 맘들도 많이 계시던데 그 이유를 알것 같았습니다ㅎㅎ
​
13박14일 2주동안 너무 잘 배우고 잘 쉬고 퇴소합니다ㅎㅎ
그새 정이 들었네요ㅎㅎ저도 그런데 울 아기는 더 그럴거 같은!ㅎㅎ☺️
둘째 생긴다면 또 엘리자벳으로 오고싶은데 그 때는 대기없이 올 수 있음 좋겠네용🥰🤭
​
​",금액 정보 알 수 있을까요? | 금액정보 공유 가능하시면 쪽지 부탁드려용 ㅠㅠ,2,https://cafe.naver.com/f-e/cafes/24000254/articles/6938341?boardtype=L&userDisplay=50&menuid=13&referrerAllArticles=false&inCafeSearch=true&query=%EC%84%B8%ED%83%81&art=aW50ZXJuYWwtY2FmZS1hcnRpY2xlLXJlYWQtaW5DYWZlLXNlYXJjaC1saXN0.eyJ0eXAiOiJKV1QiLCJhbGciOiJIUzI1NiJ9.eyJjYWZlVHlwZSI6IkNBRkVfSUQiLCJhcnRpY2xlSWQiOjY5MzgzNDEsImlzc3VlZEF0IjoxNzg4MjMzMTUzODAxLCJjYWZlSWQiOjI0MDAwMjU0fQ.qbjjN32CmQ3fvDnjUOOJrbip5oz2DYSjaZwmtPtJCtk&page=2,JKS
대구맘365,24000254,13,세탁,유모차 뽀송 세탁후기,2025.01.21. 14:21,"언니한테 디럭스 유모차를 물려받아서 세탁업체를 찾아보고 고민하던 중 후기가 좋은 뽀송을 찾았어요~☺️
비대면 픽업이 가능해서 문자가 오는 날 시간에 맞춰 문 앞에 놓아두니 유모차를 가져가기 전 사진을 찍어서 가져간다고 알려주시기도 하시더라구요~ 그래서 더더 믿음이 갔어요! ㅎㅎ
세탁은 주말포함해서 3-4일정도 걸린거같아요~
문앞에 놓아주고 가셨어요!
포장도 꼼꼼하게 해주시고 유모차 안에 습기차지말라고 실리카겔까지 넣어주시는 센스👍🏻
향기도 조금 나는거 같아요 ㅎㅎ
바퀴에는 코팅칠을 해둬서 코팅제가 묻을까봐 테이핑까지 해주셨네요!☺️ 실외에 나가기 전까지 테이핑은 그대로 둬야겠어요!ㅎㅎ 꼼꼼한 세탁이랑 마무리까지 넘넘 마음에 들었어요~ 다음에 또 아기용품세탁할 일이 있으면 또 맡길 마음있습니다👍🏻👍🏻",,0,https://cafe.naver.com/f-e/cafes/24000254/articles/6934181?boardtype=L&userDisplay=50&menuid=13&referrerAllArticles=false&inCafeSearch=true&query=%EC%84%B8%ED%83%81&art=aW50ZXJuYWwtY2FmZS1hcnRpY2xlLXJlYWQtaW5DYWZlLXNlYXJjaC1saXN0.eyJ0eXAiOiJKV1QiLCJhbGciOiJIUzI1NiJ9.eyJjYWZlVHlwZSI6IkNBRkVfSUQiLCJhcnRpY2xlSWQiOjY5MzQxODEsImlzc3VlZEF0IjoxNzg4MjMzMTUzODAxLCJjYWZlSWQiOjI0MDAwMjU0fQ.H6KFwki1v8dPBNC9wnLsbqAjiJ6Ly5iqd4v74vTVUNc&page=2,JKS
대구맘365,24000254,13,세탁,둘째맘이 준비하는 출산가방 리스트 공유,2025.01.20. 12:45,"​
둘째 출산예정일까지 D-43 이제 정말 얼마남지 않은 시간이기에 긴... 설 연휴에는 또 정신이 없을거 같아(첫째의 방학같은 기분...^^) 지금부터 짐을 싸야겠다고 생각이 들었어요. 후딱 출산가방을 싸고 둘째 아기용품 정리도 해야겠다는 생각에 출산가방을 싸면서 준비한 내용을 공유해요!
​
​
출산가방리스트
1
산모용
산모수첩
2
신분증
3
영양제(종합영양제,철분제)
4
물티슈
5
비데티슈
6
[병실용] 일회용 샤워티슈
7
[병실용] 산모패드, 침구용 깔개매트
8
생리대(안심팬티,오버나이트,대형,중형)
9
수유패드
10
수유브라/팬티
11
어메니티/스킨로션/헤어용품
12
손목보호대/마스크/방석
13
[조리원용] 가디건/레깅스/압박스타킹/양말/슬리퍼
14
[조리원용] 텀블러/빨대/세탁망/수건
15
충전기/멀티탭/노트북/외장하드
16
조리원가방(어메니티,생리대,손수건,수유패드,손목보호대,수면양말,실내슬리퍼,민들레뿌리차,마스크)
17
아이용
배냇저고리/속싸개/겉싸개
18
양말/모자/손수건
19
유산균+비타민D
(여성아이 3층구매)
20
퇴실할때 BCG접종
​
첫째 때 여성아이에서 예정일보다 6일 빠르게 자연분만을 했었는데 그때 출산 후 병실에서 누워있을 때 산모패드 넓은걸 사용해도 누워있으면 피가 뒤로 새는 경우가 생기더라구요. 나오는 피 양도 많았어가지고 여분의 산모패드와 침구용 깔개매트도 있음 좋을거 같아는 생각에 리스트에 넣었어요.
그리고 저의 경우엔 병실에서 소변줄을 달아서 비데티슈와 샤워티슈도 이번에 바리바리 챙겼습니다!
출산 후에 병실에서 추위를 많이탈 수 있어요ㅠㅠ진짜 오들오들... 양말이랑 가디건 꼭챙기세요!
​
저는 첫째를 여성아이에서 출산하고 병실, 조리원(2주)까지 모두 만족스럽게 이용해서 둘째도 여성아이에서 출산하려고 다니고 있는데요. 첫째를 낳았을 때랑 다르게 둘째 낳을 땐 나이도 있고 첫째육아를 하느라 몸이 회복하는게 더딜거 같아 둘째도 조리원(2주)예약했답니다.
모자동실이 아니여서 좋았어요...^^ 오로지 나만을 위한 휴식
어차피 집에가면 전쟁같은 육아 스타트...! 마지막 꿀잠잘수있는 시간 이시간뿐!
(여성아이는 하루 수유콜 3번이랑 신생아 면회시간이 정해져있어요.)
요즘에는 코시국이아니여서 필라테스, 마사지 등 프로그램도 다양하다고 하더라구요.
2주 절대 길다고 생각이 들지 않는... 벌써부터 순식간에 시간 순삭할거같은 기분이에요
​
세제는 조리원에 비치되어 있어서 뺐습니다.
상반기에는 분유가 유기농 궁이고 하반기는 아이엠마더라고 하니까 참고해주세요
그리고 퇴실할때 소아과랑 같은 한건물이여서 BCG접종할 수 있어여!
3층에서 구입한 유산균+비타민D제품 사서 넣으면 조리원에 있는동안 아이한테 먹여줍니당(체크체크)
신생아실에서 지금 쓰는건 로하스베베 제품 사용한다고하고, 수딩젤은 아토팜꺼라고 해요!
​
​
출산가방 쌀때 도움이 되었으면 좋겠어요^^
다들 순산합시다!
​
​
​","와우 대박 ㅋㅋ 저도 곧 출산인데 하~~나~~도~~~ 준비 안했거든요 ㅠㅠ ㅋㅋㅋㅋ 시간 순삭일듯,,, ㅠㅠ이거 참고해야겠어요!!! ㅋㅋㅋㅋ 정보 공유 감사합니당 ㅎㅎ | 저도곧출산이데!빠진거 확인해야겟어요ㅎㅎ | 우와.. 확신의 J시네용 좋은 자료공유 감사해용🙂 | 우와 가디건이랑 레깅스는 생각 못하고있었어요ㅎㅎ챙겨도 챙겨도 뭔가 자꾸 부족한 느낌이네요ㅠㅠ | 둘째맘의 출산가방 리스트 아주 꿀팁이네요~! 병실 온도는 고정인데 출산 후 춥다 덥다 한다더니 정말인가봐요 ㅠㅠ 가디건 꼭 챙겨야겠어요~! | 우와 처음아기낳는거라 뭐부터준비해야할지 어려웠는데, 좋운정보 감사해요 :) | 와~정말 대단하시네요!! 수유패드는 저 필수였어요~ㅋㅋ많은패드 써봤지만 란시노수유패드가 좋더라고요^^저도 겨울에 출산였으니까 양말 가디건도 필수였고ㅋㅋ | 예정일 40일 정도 남았는데 출산가방 싸려고 하니 막막하더라구요😭많은 도움이 된거 같습니다! 감사합니다~",8,https://cafe.naver.com/f-e/cafes/24000254/articles/6933045?boardtype=L&userDisplay=50&menuid=13&referrerAllArticles=false&inCafeSearch=true&query=%EC%84%B8%ED%83%81&art=aW50ZXJuYWwtY2FmZS1hcnRpY2xlLXJlYWQtaW5DYWZlLXNlYXJjaC1saXN0.eyJ0eXAiOiJKV1QiLCJhbGciOiJIUzI1NiJ9.eyJjYWZlVHlwZSI6IkNBRkVfSUQiLCJhcnRpY2xlSWQiOjY5MzMwNDUsImlzc3VlZEF0IjoxNzg4MjMzMTUzODAxLCJjYWZlSWQiOjI0MDAwMjU0fQ.ldSf89jF1TEOI5ndnvsBE_-KVadqfCqILksxBzPfUIM&page=2,JKS
대구맘365,24000254,13,세탁,다이치 루이5in1 아기침대 정보! 추천추천!,2025.01.12. 00:38,"첫째때 아기침대, 범퍼침대, 베이비룸, 저상형침대까지...
정말 침대 많이 바꿨어요.
둘째가 태어나고 아기침대 고민을 정말 많이 했답니다.
​
두둥!
다이치 루이5in1 아기침대가 딱!
저의 고민을 해결해주었어요.
첫째때부터 있었더라면 얼마나 좋았을까유
​
무려 신생아부터 36개월까지,
또 소파로 사용하여
36개월 이상까지
사용할 수 있는 침대라니
아기침대 S모드
신생아 시기 ~ 6개월
연결형 침대
로 부모님 침대 옆에 연결하여 사용가능
바퀴를 연결하여 자유자재로 위치를 옮겨가며
이동식으로도 사용
할 수 있습니다.
6단계 높이 조절 가능
수유 후 높낮이 조절 시스템을 통해
역류 방지
대용량 수납 트레이
바운서모드
아기침대S모드에서 바운서 바를 연결하면
흔들흔들 바운서
로 사용할 수 있습니다.
아기침대L모드
6 ~ 24개월
아이의 성장에 따라 확장할 수 있는 시스템으로 별도 공구없이 쉽게 조립가능
너비 66cm 길이 131cm로 넓은 공간
촘촘한
메쉬 통풍창
은 아이 상태를 빠르게 확인할 수 있어요.
주니어침대
24 ~ 36개월
헤드 보드에 편하게 등을 기댈 수 있으며
100kg 하중을 견딜 수 있도록 튼튼함
소파
36개월 ~
침대에서 소파로 다양한 활용이 가능하며
커버를 쉽게 벗겨내어 세탁도 할 수 있음
사용연령표는 참고해주세요!
​
뚝딱뚝딱 조립은 넘 쉽구요.
여자인 저 혼자서도 가능했어요.
조립을 하며 확장을 해야해서 안전성이 조금 걱정이었는데
정말 튼튼해서 놀래면서 조립했답니다.
어른이 올라가도 끄떡없구요. 내구성 정말 최고에요.
​
​
​
중요했던 매트리스!
루이 침대 전용 매트리스는
단단하고 평평하며, 통기성이 좋은 순면 원단을 사용해 3cm 두께로 만들어졌어요.
지지력이 우수해서 경추가 약한 신생아의 목과 척추를 보호해줄 수 있습니다.
미국소아과 학회에서 제시하는 이상적인 수면환경과 가장 유사한 매트에요.
매트마저 좋은 다이치 루이 5in1 아기침대, 잠자는 침대라서 매트가 정말 중요해요!
​
진짜 침대 하나만 구입하면 36개월 이상까지도 사용할 수 있으니
너무 활용도가 좋고 최고에요!
집안 인테리어와도 넘 잘어울리고 깔끔하고 예뻐요~
넘넘 추천합니당^^",오.... 엄청 튼튼해보여요!,1,https://cafe.naver.com/f-e/cafes/24000254/articles/6925744?boardtype=L&userDisplay=50&menuid=13&referrerAllArticles=false&inCafeSearch=true&query=%EC%84%B8%ED%83%81&art=aW50ZXJuYWwtY2FmZS1hcnRpY2xlLXJlYWQtaW5DYWZlLXNlYXJjaC1saXN0.eyJ0eXAiOiJKV1QiLCJhbGciOiJIUzI1NiJ9.eyJjYWZlVHlwZSI6IkNBRkVfSUQiLCJhcnRpY2xlSWQiOjY5MjU3NDQsImlzc3VlZEF0IjoxNzg4MjMzMTUzODAxLCJjYWZlSWQiOjI0MDAwMjU0fQ.N0fBTB3X-zOSD-9pHVwZHRwSv_HGotho3a8u7nmRAqw&page=2,JKS
대구맘365,24000254,13,빨래,대구 늘봄산후도우미 추천 후기,2026.08.31. 15:45,"안녕하세요
​
둘째 출산 후
산후도우미는 필수다! 라고 생각해서
첫째때 이용했던 업체를 예약하려다가
첫째때 관리사님이 예약이 안되길래 다른업체를 이용했다가 만족스럽지않아서
3일만에 바로 다시 늘봄을 찾았습니다
​
이번에도 역시 대만족이였어요
왜 다른곳을 이용했었는지ㅜㅜㅜㅜ
​
둘째때에는 ㅁㅁㅎ관리사님이 와주셨는데
너무너무 좋았어요!!
​
요리도 매일 해주시고
빨래며 집안청소며 너무 잘해주시고
무엇보다 아기를 너무 예뻐해주시는게 보여서
매일 맘편하게 쉬었어요
​
이번에 태어난 둘째는 물론이고
첫째 이름도 매일 다정하게 불러주시고
말 걸어주셔서
첫째도 매일 아침만 되면 이모~~ 하며 찾아요
​
대구 늘봄업체도 강추
ㅁㅁㅎ 관리사님도 강추입니다 👍",안녕하세요:) 혹시 도우미분 성함 알 수 있을까요?,1,https://cafe.naver.com/f-e/cafes/24000254/articles/7381142?boardtype=L&userDisplay=50&menuid=13&referrerAllArticles=false&inCafeSearch=true&query=%EB%B9%A8%EB%9E%98&art=aW50ZXJuYWwtY2FmZS1hcnRpY2xlLXJlYWQtaW5DYWZlLXNlYXJjaC1saXN0.eyJ0eXAiOiJKV1QiLCJhbGciOiJIUzI1NiJ9.eyJjYWZlVHlwZSI6IkNBRkVfSUQiLCJhcnRpY2xlSWQiOjczODExNDIsImlzc3VlZEF0IjoxNzg4MjMzMTY0OTczLCJjYWZlSWQiOjI0MDAwMjU0fQ.DNzeKHu_N-6jxY_Qi_2cTj6c6u28equTUmgSEXCaOxY&page=1,JKS
대구맘365,24000254,13,빨래,칠곡 정 산후조리원 2주 후기,2026.08.28. 23:35,"칠곡 정 산후조리원 2주 후기
​
8월 11일 제왕절개로 둘째 출산 후 정 산후조리원에서 조리원 생활을 하였습니다. 임신하면서 조리원을 알아볼 때 여러 곳을 비교해봤는데, 최종 정 산후조리원으로 결정한 이유는?
​
1. 첫째 면회가 가능한가?
키즈룸이 따로 마련이 되어 있어 첫째가 오면 같이 시간을 보낼 수 있었습니다. 단, 첫째는 동생을 볼 수 없습니다. 어린이집 다니고 있어서 아무래도 신생아에게 간염의 위험이 있으니...
2. 원장님,팀장님,선생님들께서 아기 너무 잘 케어 해 주시고 친절하시다는 이야기를 정말 많이 들었습니다. 귀찮을 정도로 질문을 드려도 늘 친절히 대답해 주시고, 수유실에서 아기 울음 소리가 들리면 달려 오셔서 살펴 봐 주십니다~
3. 23시간 신생아실을 볼 수 있습니다~~ 목욕시간 제외하고 신생아실을 볼 수 있습니다. 우리 아기 잘 자고 있나~어찌 놀고 있나 잘 보입니다.
전반적으로 모두 만족스러웠던 조리원에서 2주 생활
무엇보다 출산 직후라 몸도 많이 아프고 , 정신이 없었는데, 조리원에 있으면서 몸 회복에 집중할 수 있어서 좋았습니다. 아기 돌보는 것도 하나하나 알려주시고, 궁금한 게 있을 때 물어보면 편하게  대답해 주시고,(둘째지만 다시 신생아를 케어 해야 한다고 생각하니 잘 기억이 안 나요 ㅋㅋ) 선생님들 모두 너무 친절하시고 아기도 늘 따뜻하게 진심으로 예뻐해주시고 아껴주시는게 느껴져서 너무 감사했습니다.(울 아기 머리 이쁘게 빗어 주시고 자랑하시는 선생님 너무 귀여우심~~^^)
​
3번의 식사와 2번의 간식도 잘 챙겨주시고 너무너무 잘 먹고, 조리원에 있는 동안에는 정말 먹고 쉬고 아기보고 하면서 푹 쉬었던 것 같습니다~(식사와 간식은 방에서 먹어요) 방 청소와 빨래도 매일 해 주십니다. 그리고 제왕절개라 며칠은 움직이는 것도 불편하고 몸이 완전히 회복되지 않은 상태였는데, 시간이 지나면서 몸이 조금씩 좋아지는 걸 느끼니까 '아, 조리원 오길 잘했다' 생각이 듭니다.(첫째 때문에 조리원 오는 걸 고민했어요)
입점 되어있는 라마망마사지도 추천드립니다. 2주 예약한 산모에게는 하체 케어 해주시는데 사전 상담에서 목이랑 어깨도 불편하다 하니 같이 만져주셔서  싹 풀리면서 그날 정말 편안히 잘자고~ 이건 받아야 되겠다! 생각에 총3회 더 받았습니다. 마사지까지 받으니 진짜 조리원에서 '잘~ 쉬고있구나' 생각이 들었습니다.
조리원 주변 인프라가 잘 되어 있어서 필요하신게 있다면 외출하시면 됩니다. 대신 외출 후 아기는 2시간 이후에 볼 수 있어요~외출이 가능하다는 점도 최고의 장점~~처음에는 2주가 길게 느껴질 것 같았는데 막상 지내다 보니 시간이 정말 빨리 지나갔습니다.
이제 집에 가서 첫째랑 둘째 함께 지낼 생각에 설레면서도 살짝 걱정되지만, 조리원에서 쉬면서 체력도 조금 회복하고 아기 돌보는 것도 배워서 다행이라는 생각이 듭니다.칠곡 쪽에서 산후조리원 결정을 고민하시는 산모님들께 조금이나마 도움이 되었으면 해서 후기 남겨봅니다~ 여기는 영덕, 안동, 경주에서 오시는 산모님들도 많으시네요~내 생애 마지막 조리원 생횔2주간 잘 지내고 갑니다~~^^",,0,https://cafe.naver.com/f-e/cafes/24000254/articles/7379532?boardtype=L&userDisplay=50&menuid=13&referrerAllArticles=false&inCafeSearch=true&query=%EB%B9%A8%EB%9E%98&art=aW50ZXJuYWwtY2FmZS1hcnRpY2xlLXJlYWQtaW5DYWZlLXNlYXJjaC1saXN0.eyJ0eXAiOiJKV1QiLCJhbGciOiJIUzI1NiJ9.eyJjYWZlVHlwZSI6IkNBRkVfSUQiLCJhcnRpY2xlSWQiOjczNzk1MzIsImlzc3VlZEF0IjoxNzg4MjMzMTY0OTczLCJjYWZlSWQiOjI0MDAwMjU0fQ.DwGzFYjU4s8TwQi_xkaX-637IZcySfgGUPejDb4Bnqo&page=1,JKS
대구맘365,24000254,13,빨래,곧 출산이라 용품 준비 중인데 방수요 추천해주세요,2026.08.21. 18:03,"이제 출산 두 달 남은 예비맘입니다!
출산준비물 리스트 짜는데 방수요가 유용하다고 해서 미리 구입하려고요
피부에 자극 없는 제품으로 추천해주실 수 있나요?
그리고 방수요는 건조기 사용 가능한가요? 잘 아시는 분들 마구마구 추천 부탁드려요!!",건조기 사용 가능한 제품도 요즘 있어요!! 내구성 튼튼한 제품으로 골라 사세요!! | 오오 건조기 사용 가능하군요!! | 빨래 자주 하실 테니 무조건 세탁 건조 빠른 거나 튼튼한 걸로 사세요! | 네네 그래야겠어요ㅎㅎ | 저는 뮤라 방수요 쓰는데 건조기 돌려도 변형 없고 하도 세탁해서 짱짱해서 추천해요!! 원단도 순면이라 안전해요ㅎㅎ | 추천 감사해요ㅎㅎ 뮤라로 장바구니 담아볼게요.ㅎㅎ | 방수패드 포몽드꺼 쓰고 있는데순면이라 부드러워서 쓰기 좋아요~그리고 건조기 돌리면 방수력 떨어진다고 해서자연건조를 주로 시키는 편입니다ㅋ빨리 말라서 불편함은 딱히 없어요! | 포몽드요~~ 세탁 편하게 돌리는데 건조도 금방 됩니당 ㅎㅎ 아이 침구류는 늘 포몽드꺼 쓰는데 퀄리티 좋습니다 | 방수요 건조기 사용가능해요! 다른 제품은 모르겠는데 베이비앙 방수요는 건조기 돌려도 말림 없고 방수도 잘되구요~ㅎㅎ,9,https://cafe.naver.com/f-e/cafes/24000254/articles/7374112?boardtype=L&userDisplay=50&menuid=13&referrerAllArticles=false&inCafeSearch=true&query=%EB%B9%A8%EB%9E%98&art=aW50ZXJuYWwtY2FmZS1hcnRpY2xlLXJlYWQtaW5DYWZlLXNlYXJjaC1saXN0.eyJ0eXAiOiJKV1QiLCJhbGciOiJIUzI1NiJ9.eyJjYWZlVHlwZSI6IkNBRkVfSUQiLCJhcnRpY2xlSWQiOjczNzQxMTIsImlzc3VlZEF0IjoxNzg4MjMzMTY0OTczLCJjYWZlSWQiOjI0MDAwMjU0fQ.BRdsKvQHjsS1gjbFR0eoATF57lRczjCwCmdf-Ui1E-U&page=1,JKS
대구맘365,24000254,13,빨래,대구 산후도우미 봄소리 서대구점 후기,2026.08.05. 16:17,"정말 감사했던 봄소리 서대구점 최은미 선생님 후기 남겨요!
출산 후 몸도 마음도 힘들 때 어떤 선생님을 만나느냐가 정말 중요하다고 해서 걱정이 많았는데, 진짜 천사 같은 선생님을 만나 완벽하게 케어받았습니다!
우선 아이 케어를 너무 잘해주셨어요. 저희 아기가 이상하게 목욕만 하면 울곤 했는데, 선생님 손길이 워낙 베테랑이셔서 그런지 선생님이 목욕시켜 주실 때는 한 번도 울지 않고 편안해하더라고요. 옆에서 초보 엄마인 제가 놓치기 쉬운 꿀팁이나 필요한 정보들도 이것저것 친절하게 잘 알려주셔서 정말 큰 도움이 되었습니다.
그리고 살림과 음식 부분에서도 매일 감동이었어요!
빨래도 어쩜 이렇게 예쁘고 깔끔하게 개어주시는지..게다가 음식이 진짜 너무 맛있었습니다. 제 밥뿐만 아니라 남편 식사까지 신경 써서 살뜰하게 챙겨주셔서 정말 감사했어요. 남편도 매일 감탄하면서 먹었네요.
덕분에 몸도 마음도 너무 편안하게 몸조리 잘했습니다. 선생님 정말 감사했습니다! 고민하고 계신 산모님들 있으시다면 적극 추천",,0,https://cafe.naver.com/f-e/cafes/24000254/articles/7361664?boardtype=L&userDisplay=50&menuid=13&referrerAllArticles=false&inCafeSearch=true&query=%EB%B9%A8%EB%9E%98&art=aW50ZXJuYWwtY2FmZS1hcnRpY2xlLXJlYWQtaW5DYWZlLXNlYXJjaC1saXN0.eyJ0eXAiOiJKV1QiLCJhbGciOiJIUzI1NiJ9.eyJjYWZlVHlwZSI6IkNBRkVfSUQiLCJhcnRpY2xlSWQiOjczNjE2NjQsImlzc3VlZEF0IjoxNzg4MjMzMTY0OTczLCJjYWZlSWQiOjI0MDAwMjU0fQ.4EzSZw0wXcdPSGqfRHfxDCiwt3pFQ51RkYL3Tt1sSn4&page=1,JKS
대구맘365,24000254,13,빨래,[대구 산후조리원 추천] 닥터안 산후조리원 2주후기!,2026.08.04. 02:12,"안녕하세요!
7월 22일, 대구 여성아이병원에서 무사히 자연분만으로 우리 구름이를 만나고 예약해 두었던닥터안 산후조리원'에
입소해 케어받고 있는 구름가족 초보맘입니다~~!!
임신했을 때부터 산후조리원이란 조리원은 다 검색해 보고, 남편이랑 상담도 정말 꼼꼼하게 받아봤었는데요.
고민 끝에 최종 결정한 곳이 바로 여기
닥터안 산후조리원
이었어요!
남편과 처음 상담하러 왔을 때부터 상담을 너무 친절하게 잘 해주셨고, 무엇보다 큰 창으로 신생아실이 시원하게 바로 보여서 안심이 되더라고요. 게다가
남편 직장이랑 집에서도 가까운 위치
에,
보호자 남편은 시간 제한 없이 자유롭게 외출 가능
하다는 점이 큰 메리트였어요! (은근 이 조건 맞는 곳 찾기가 어렵더라고요 ㅎㅎ) 참고로 조리원으로 택배나 배달 음식 이용도 가능한데, 1층에 내려가서 직접 수령하면 되어서 너무 편리했답니다.
​
건물 구성도 동선이 정말 잘 되어 있어서 2주 동안 지내면서 너무 편했는데요! 간단하게 층별 소개를 해드릴게요.
1층:
신생아실, 모유수유실, 허그룸(아빠와 엄마, 아기가 함께 볼 수 있는 공간!), 안마의자, 다리 마사지기, 혈압 측정기, 파라핀기, 상담실
2층:
아세아 연합의원(산부인과, 내과, 성형외과, 피부과, 마사지
(★병원이 같은 건물에 있어서 외출할 필요 없이 바로 진료나 진찰을 받을 수 있다는 게 최고 장점이에요!)
3층:
조리원 객실, 요가실(교육실)
4층:
조리원 객실, 족욕실, 찜질방
5층:
조리원 객실, 주방
복도마다 정수기, 전자레인지, 다리 마사지기가 기본으로 갖춰져 있어서 동선이 정말 좋습니다! 저는 텀블러에 따뜻한 물 가득 담아두고 틈틈이 계속 마셨고요, 수유콜 받고 다녀오거나 교육 들으러 다녀오느라 혹시 식사가 약간 식었을 때, 또는 남편이 야식 사 왔을 때 전자레인지로 따끈하게 데워먹으니 아주 좋더라고요 ㅎㅎ
​
저는 4층 방으로 배정받았어요!
들어오자마자 짐 풀고 신생아실 선생님께 아기에게 필요한 물품들을 먼저 챙겨드렸습니다.
자 그럼 방 구경해볼까요??
무엇보다
부대시설 이용
이 너무 만족스러웠는데요! 유축 마치고 신생아실 냉장고에 보관해 두고 나면 아무래도 어깨랑 뭉친 곳이 넘넘 아픈데ㅜㅜ... 1층 내려가서 안마의자랑 다리 마사지기로 시원하게 풀고! 파라핀 치료기까지 마치고 나면 손이 정말 보들보들해지고 피로가 싹 가시는 기분이었어요!!! 틈틈이 4층에 있는 족욕실도 이용하면서 제대로 힐링 타임을 가졌답니다.
4층 찜질방+족욕실
다쓰면 1층에서 말씀드리면 주시니 족욕도 열심히 ~
많은 분들이 제일 궁금해하실 식사! 🍽️
각 방마다 이모님께서 직접 식사를 가져다주셔요. 정말 친절하시고 따뜻하게 챙겨주십니다.
아침:
08:00
점심:
12:00
간식:
14:00
저녁:
17:00
야식:
19:00
정말 알차죠? 영양가 높고 맛있게 잘 나와서 질릴 틈이 없었어요!
그리고 매일 청소해 주시는 이모님께서도 지내는 동안 편하게 몸 회복하라고 따뜻한 덕담과 응원 말씀을 늘 건네주셔서 마음까지 힐링되었어요ㅜㅜㅜ 수건이나 휴지 같은 생필품도 부족함 없이 넉넉하게 채워주신답니다.
빨래 역시 각 방마다 마련된 빨래망에 넣어서 내놓으면 수거해 가셨다가, 오후에 보송보송하게 다 세탁해서 각 호실
번호가 적힌 사물함에 넣어주세요. 찾아오기만 하면 끝이라 정말 편했습니다!
1층 상담 데스크에 보면 월별 프로그램 일정이 나와 있어요. 시간 맞춰서 3층 교육실로 가면 신생아 케어 강의들을
들을 수 있습니다!
그리고 가장 감동이었던 건 바로
수유 케어
였어요. ❤️
수유콜을 받고 1층 모유수유실로 내려가면, 정말 베테랑이신 선생님들께서 올바른 수유 자세부터 수유 후 트림시키는 법, 우리 아기 피부나 변 상태 등 건강 상태까지 하나하나 꼼꼼하게 다 가르쳐주세요!
저는 초보 맘이라 아는 것도 없고, 처음에 아기를 안으면 자세가 너무 엉성하고 어정쩡했거든요 ㅠㅠ
그래서 모르는 게 생길 때마다 선생님들께 무조건 여쭤봤는데, 언제나 매번 정말 친절하고 다정하게 알려주셔서
큰 용기와 자신감을 얻었습니다! 선생님들 정말정말 최고.......ㅜㅜㅜㅜㅜㅜ!!!!
어느덧 2주라는 시간이 이렇게 순식간에 지나가버렸네요...
이제 퇴소가 딱 4일밖에 남지 않았다는 사실이 너무 아쉽고 믿기지 않아요. 이렇게 마지막 날이 다가오는 게 아쉬울 정도로,
전 닥터안 산후조리원에서의 생활 200% 만족
스러웠습니다!!!!
대구에서 출산 앞두고 계시거나, 친절하고 케어 잘해주는 산후조리원 찾고 계신 임산부 분들께
'닥터안 산후조리원'
정말 정말 적극 추천해요!!
귀여운 우리 아기 구름이 발 사진으로 이상 닥터안 산후조리원 2주 후기입니다!!
50m
© NAVER Corp.
더보기
/OpenStreetMap
지도 데이터
x
© NAVER Corp.
/OpenStreetMap
지도 컨트롤러 범례
부동산
거리
읍,면,동
시,군,구
시,도
국가
닥터안산후조리원
대구광역시 서구 서대구로 49 닥터안산후조리원
​",조리원 고민중이었는데 여기도 괜찮네요 | 전 만족만족이였습니다👍🏻👍🏻👍🏻용앤똥맘님 조리원 여기저기 상담 받아보셔요☺️ | 소아과의사쌤 회진은있을까용ㅠ? | 소아과원장님께서 직접 회진하셔요! 2층에경피용 BCG예약하게 되면 1층 신생아실에 내려오셔서 맞는거 볼수있다네요?(전 BCG는 피내용할거라) 울 아기는 제대탈락할때 배꼽 밑에부분에 고름이 좀 있다고 하셔서 선생님께서 직접 오셔서 소독하고 약 발라주는거 통유리로 봤습니다! 다행히 잘 아물었구요~~ㅎㅎ | 감사합니다~~~~좋은밤되세요~~ | 네ㅎㅎ 즐거운 주말보내세요☺️,6,https://cafe.naver.com/f-e/cafes/24000254/articles/7360133?boardtype=L&userDisplay=50&menuid=13&referrerAllArticles=false&inCafeSearch=true&query=%EB%B9%A8%EB%9E%98&art=aW50ZXJuYWwtY2FmZS1hcnRpY2xlLXJlYWQtaW5DYWZlLXNlYXJjaC1saXN0.eyJ0eXAiOiJKV1QiLCJhbGciOiJIUzI1NiJ9.eyJjYWZlVHlwZSI6IkNBRkVfSUQiLCJhcnRpY2xlSWQiOjczNjAxMzMsImlzc3VlZEF0IjoxNzg4MjMzMTY0OTczLCJjYWZlSWQiOjI0MDAwMjU0fQ.rEJ7f7M2m7q1kKGFoqa7uaXoIFymT1qxW25RMJc1g24&page=1,JKS
대구맘365,24000254,13,빨래,대구 꿈담산후조리원 후기입니당:),2026.08.01. 23:15,"출산하고서 첫 육아 일기의 시작이 될 조리원 후기를 적어보겠습니다:) 대구에 여러 조리원이 있는데, 그중에 여러 후기들을 살펴보다 꿈담이 마음에 들어서 입소하게 되었어요:)
​
조리원마다 특징들이 다양하게 있는데요,
여기는 자유롭게 외출이 가능 한 점과 그리고 식사는 방 안으로 넣어주세요. 그래서 조동을 원하시는 분들과는 조금 안 맞을순 있으나, 조용하게 회복에 집중 하시고 싶은분들에게는 딱이었어요. 저는 후자라 오히려 너무 좋았답니다. 엄청 조용한 분위기라 방에 있다 콜 받으면 수유하러 가고, 그 정도가 전부 였구요.
​
프로그램도 크게 많지 않아서 그또한 좋았어요. (보통 업체에서 나오시는 영업이 많아서 피로감ㅜ) 그리고 원장님 포함 직원분들 엄청 친절하세요. 후기도 그렇게 적혀있었는데ㅋ 정말 친절하셨어요. 초산모라 모든게 막막한 시점에서 궁금한점들은 폭팔하잖아요ㅠ 여쭤보면 친절하게 전부 다 알려주셨어요~ 그래서 덕분에 처음 생각도 없던 모유수유를 하게 됐구요~ 양은 부족하지만, 방법적인 부분을 계속해서 알려주시더라구요. 처음엔 자신이 없었는데 점점 할 수 있겠다는 마음으로 바뀌게 되었습니다. 그리고 가격도 가성비 최고!><
​
셀픽이란 인화 기계도 있어서 하루에 1장 무료로 인화가 가능했구요~ 그 재미도 쏠쏠했네요ㅋㅋ 하루에 한번씩 청소 그리고 빨래 해주셨어요~ 식사 구성도 영양에 맞춰 무난하게 나오는 편입니다. 매주 수요일마다 본아트도 진행됩니다. 조리원 혜택이 괜찮아서 고민하다 해봤는데요! 하길 잘 한 거 같아요ㅋ이때 밖에 못 찍는거니ㅎ
​
아 그리고 여기 마사지 엄청 잘해요~ 마사지 받고 부종 10키로 빼고 나갑니다ㅋㅋ 식단관리 병행하면 집에가서도 계속 조금씩 더 빠질거라고ㅋ 하시더라구요. ㅎㅎ 매일매일 받았구요 효과 엄청 봤네요ㅎㅎ 너무 잘 쉬다가 가용.. 이제 내일이면 현실의 세계로 ㅠㅠ 가봅니다..ㅎㄷㄷ",여기도 고려해봐야겟어요!,1,https://cafe.naver.com/f-e/cafes/24000254/articles/7358559?boardtype=L&userDisplay=50&menuid=13&referrerAllArticles=false&inCafeSearch=true&query=%EB%B9%A8%EB%9E%98&art=aW50ZXJuYWwtY2FmZS1hcnRpY2xlLXJlYWQtaW5DYWZlLXNlYXJjaC1saXN0.eyJ0eXAiOiJKV1QiLCJhbGciOiJIUzI1NiJ9.eyJjYWZlVHlwZSI6IkNBRkVfSUQiLCJhcnRpY2xlSWQiOjczNTg1NTksImlzc3VlZEF0IjoxNzg4MjMzMTY0OTczLCJjYWZlSWQiOjI0MDAwMjU0fQ.biHRmf5m25uJj2gVJoVBaCxBEW5woxBxfM2h9p_8lts&page=1,JKS
대구맘365,24000254,13,빨래,여성메디파크(수성점) 조리원 VIP 2주 이용 후기,2026.07.17. 21:10,"대구에 연고가 없어 임신 후 조리원을 무한고민하던 중 여러군데 다녀보고
이미 다녀 온 지인들의 추천을 받아 최종 선택했던 조리원이 만족스러워서 후기 공유 합니다.
*****내돈 내산*****
​
​
1. 기본 정보
- 위치 : 대구광역시 수성구 동대구로 271 (여성메디파크병원 내)
- 전화번호 : 053-740-7760
- 이용요금 : 하단 사진 참고
​
2. 선택 기준
- 조리에 집중할 수 있는 조용한 분위기 : 방에 식사를 시간 맞춰 직접 넣어주시기 때문에 내향인들에게 더할 나위 없는.. 조리원 입니다. 강추!
- 주차 : 병원이나 조리원 모두 나름 1주일 이상 머무는데 주차가 불가능하거나 어려움이 있다면 꺼려져서 처음부터 주차가 어려운 곳은 제외했습니다. 이곳은 지하 1층과 지상 1층에 주차장이 있고 매번 주차가 가능했습니다(별도 요금 부과 없음).
​
​
3. 관련 사진
- 객실 관련(VIP실 기준) : 2주나 있는데 너무 좋으면 갑갑할 것 같아 침실과 거실이 나누어져 있는 VIP실로 이용했습니다. 입소 선물은 하단 사진 참고(26년 7월 기준 분유가 아이엠마더에서 트루맘으로 변경) + 퇴소 선물은 신생아 욕조를 제공해주셨습니다. 기본으로 생활하는데 필요한 어메니티가 갖추어져 있어 불편함 없이 머물렀습니다.
- 식사 관련 : 수술 후 인근 병원에서 머물다 왔는데.. 그곳 음식이 굉장히 부실해서였는지 이곳에서는 넘칠만큼 매 끼니+간식을 잘 챙겨 주셔서 2주간 만족스러웠어요. 격주 월요일마다 빕스데이, 매주 금요일 간식뷔페를 운영합니다.
- 기타 시설 : 매주 한 두번 타 업체와 연계하여 소소한 프로그램이 운영되고 있고(한번도 안들었음...), 비품실에서 유축깔대기 소독, 새타올 및 조리원복을 가져갈 수 있고 간단한 빨래가 가능해요. 비품실 바로 옆은 마사지실 입니다. VIP실 조리원 이용 시 가슴 마사지가 포함 된 아로마 마사지 1회가 포함!
머무는 동안 마유마사지 받았더니 산후 붓기에 효과가 있었어요!
Previous image
Next image
​
4. 이용 후 느낀 장점
- 24시간 아기 면회 가능 :
정해진 면회 시간 제한 없이, 24시간 언제든 신생아실을 통해 아기 면회 가능
- 온전한 휴식 환경 :
공동 식사가 아닌 각 개인 객실로 식사와 간식을 직접 전달하는 시스템
- 신생아실 전문인력의 정성스런 아기 케어 :
아기를 진심으로 아끼는 신생아실 간호사님들의 세심한 신생아 케어 및 초보 산모를 위한 수유 및 육아 지도(소아과 의사선생님이 매일 신생아실 회진도 하신다는?)
- 합리적인 비용 :
우수한 환경을 제공함에도 타 조리원 + 타 지역 대비 합리적인 이용요금
​
​
모자동실이 없고 조리원 자체 프로그램은 운영하지 않는 다는 점은 조금 아쉬웠지만
지내는 동안 불편함 없이 전반적으로 만족스러웠기에 대구 조리원 고민하시는 분은 여성메디파크 추천합니다!
​",,0,https://cafe.naver.com/f-e/cafes/24000254/articles/7347747?boardtype=L&userDisplay=50&menuid=13&referrerAllArticles=false&inCafeSearch=true&query=%EB%B9%A8%EB%9E%98&art=aW50ZXJuYWwtY2FmZS1hcnRpY2xlLXJlYWQtaW5DYWZlLXNlYXJjaC1saXN0.eyJ0eXAiOiJKV1QiLCJhbGciOiJIUzI1NiJ9.eyJjYWZlVHlwZSI6IkNBRkVfSUQiLCJhcnRpY2xlSWQiOjczNDc3NDcsImlzc3VlZEF0IjoxNzg4MjMzMTY0OTczLCJjYWZlSWQiOjI0MDAwMjU0fQ.bxiI7-WuEjjKSBnpQ6s2N_h-_bYE-x-FcyLVwsReU-c&page=1,JKS
대구맘365,24000254,13,빨래,아기 옷 세탁,2026.07.08. 13:43,"드럼세탁기 쓰시는 분들은
아이 옷 세탁할 때 무슨 코스 사용하세용..?
아기 옷을 모아두었다가 한 번에 빨기도 좀 그렇고 ..
빨래양이 3kg도 채 안될 때 어떤 코스로 해야하는지 모르겠어요ㅠㅠ",저는 성분 순해서 애기 빨래 할 때 쓰는 호호에미 섬유유연제 넣고 울코스로 돌리네요,1,https://cafe.naver.com/f-e/cafes/24000254/articles/7340742?boardtype=L&userDisplay=50&menuid=13&referrerAllArticles=false&inCafeSearch=true&query=%EB%B9%A8%EB%9E%98&art=aW50ZXJuYWwtY2FmZS1hcnRpY2xlLXJlYWQtaW5DYWZlLXNlYXJjaC1saXN0.eyJ0eXAiOiJKV1QiLCJhbGciOiJIUzI1NiJ9.eyJjYWZlVHlwZSI6IkNBRkVfSUQiLCJhcnRpY2xlSWQiOjczNDA3NDIsImlzc3VlZEF0IjoxNzg4MjMzMTY0OTczLCJjYWZlSWQiOjI0MDAwMjU0fQ.gaYhuUBCTcOy2-ZPFAs4IJuHH6jDOSPo91FH1cFBwp4&page=1,JKS
대구맘365,24000254,13,빨래,대구산후도우미업체 참사랑어머니회 정혜정관리사님 강력추천 찐후기,2026.07.03. 16:22,"​
안녕하세요 :)
예비맘이면 누구나 고민하실 산후도우미업체 찐 후기 들려드릴께요!
​
사실 25주차 이후되면 산후도우미 미리 예약 하라고 다들 신신당부하며 말했는데,
저는 미리 예약 하지 않았어요 ^^;
​
누가 내 집에서 내 살림을 건드는거 자체가 싫었던 사람이라 산후 도우미 신청 할 생각을 전혀 하지 않고 있었어요..
이런 부분 싫은 분들 많지 않나요..? 😢
또 제일 큰 걱정은 내 아이에게 나쁜짓을 할까봐 그것도 너무나 걱정이라, 생각자체를 안하고 있었어요!
​
그런데 수술로 아기를 낳고 병원에 있는동안 몸이 생각보다 빨리 회복이 되는것 같지 않더라구요..ㅠㅜ
조리원 생활 2주 후 산후도우미가 필요할것 같아 급하게 병원에 입원해있는동안 신청했답니다 ^^!
저처럼 급하게 하시는분 또 계실까요..?ㅎㅎ
​
급하지만 그래도 A등급 받은 업체에서 예약하고 싶어 꼼꼼하게 찾아본 후 예약했답니다 ..!
대구 산후도우미 A등급 업체 중 이용자 수가 가장 많은  “이레아이맘“ 과 ”참사랑어머니회“ 중
저는 참사랑어머니회로 예약을 했답니다
​
저는 다행히 관리사 분이 계셔서 예약이 되었지만 미리미리 하시는거 추천드릴께요 😊
​
서비스 시작일 하루 전날 이용안내문과 함께 배정된 관리사님이 누군지 문자로 알려주시는데요,
저는 “정혜정관리사님”으로 배정되었답니다!
(정말…강력추천드립니다…)
​
서비스 시작 전날까지도  관리사님이 나랑 안맞으면 어쩌지 …하는 불안한 마음을 가지고 있었어요 ㅜㅠ
​
6월 2일 서비스 시작날 ..! 보건증과 백일해접종한서류 ,마약중독진단서 등 서류를 보여주시고 제 성향 파악을 해주셨습니다!
저는 마사지, 산모빨래 이런거 다 필요없고 아기케어 중점으로 부탁드렸어요!
육아하는 팁도 많이 알려달라고 부탁드렸답니다.
​
사실 너무 걱정되서 출근한 남편한테도 홈캠 한번씩 보라고 했었는데 ……저 관리사님 오신 첫날 두시간 만에 방에 들어가서 잤답니다 ^-^
관리사님 오신 두번째 날에는 아기 두고 외출하고 왔답니다 !!^^
정말 홈캠 단 한번도 본적이 없어요 ㅋㅋㅋㅋ!!!
​
오신 첫날 청소부터 깨끗하게 다 해주시고  기갈대 정리까지 …👏🏻😆
첫출산이면 모르는거 투성인데 물어볼때마다 하나하나 다 알려주시고 꿀팁 많이 얻었답니다!
​
그리고 대박인건 수유텀도 잡아주셨어요 ..!!수유텀 잡아주신게 정말 너무너무너무 감사했어요 ㅜㅜ!
그건 아직까지도 유지중이랍니다
​
그리고 대박인건… 재료만 사다두면 제가 먹고싶어하는 음식을 뚝딱하고 해주신답니다💗
​
사실 집에 엄마랑 시어머니께서 반찬이랑 국같은걸 많이 가져다 주시기도 했고,
제가 입맛이 없어서 먹고싶은거 말씀을 잘 안드렸는데도
과일 좋아한다고 했더니 직접 곶감을 가져오셔서 만들어주신 곶감말이…🧡
부침개 좋아한다 했더니 부침개재료 준비해 오셔서  해물부추전까지 구워주셨답니다
​
관리사님 마지막날에는 이제 외출을 잘 못할것 같다는 생각에 친구도 만나고 저희이모집 강아지도 보고 왔답니다 ㅠㅠ!!🤎
외출하는 중에도 홈캠은 단한번도 본적이 없음………시간지나고 돌려본 적도 없음……
​
가시는데 눈물이 날뻔 했지만 혼자 꾹 참았어요🥲 저희 아기 너무 예뻐해 주셔서 정말 감사했습니다
​
⭐️찐후기⭐️
전 대구사람도 아니라 누구 추천받고 예약한것도 아니고 제가 직접 하나하나 찾아서 예약한 업체입니다 !
전 정말 쓸때없는 걱정 많이 하는 사람인데, 믿고 맡겨도 될만큼 진짜 참사랑어머니회 강력추천드려요!!!!!
특히 “정혜정관리사님“ !!! (지정된다면 지정하시는것도  좋을것 같아요 저 믿고!!!!)
​
​",저도 주변에 참사랑 추천받아서 예약했는데너무 만족스러웠어요 !!!,1,https://cafe.naver.com/f-e/cafes/24000254/articles/7337210?boardtype=L&userDisplay=50&menuid=13&referrerAllArticles=false&inCafeSearch=true&query=%EB%B9%A8%EB%9E%98&art=aW50ZXJuYWwtY2FmZS1hcnRpY2xlLXJlYWQtaW5DYWZlLXNlYXJjaC1saXN0.eyJ0eXAiOiJKV1QiLCJhbGciOiJIUzI1NiJ9.eyJjYWZlVHlwZSI6IkNBRkVfSUQiLCJhcnRpY2xlSWQiOjczMzcyMTAsImlzc3VlZEF0IjoxNzg4MjMzMTY0OTczLCJjYWZlSWQiOjI0MDAwMjU0fQ.KmSMmSWBEUMGp2xrnTq8O4A6NAX5VecNUdqRvoQF5vg&page=1,JKS
대구맘365,24000254,13,빨래,대구 동구 아델리아 산후조리원 디럭스룸 2주 내돈내산 후기!,2026.07.01. 22:42,"​
결혼하자마자 바로 축복처럼 우리 부부에게 찾아온
천사같은 아이! 임신하자마자 임테기 확인하면
바로 산후조리원부터 예약해야한다는 이야기에
가장 먼저 알아본 조리원이었어요
​
사실 결혼전 미혼일때부터 주변 지인들에게
이야기를 많이 들었던 조리원이라 망설임없이 바로
예약하고 계약금부터 입금 했던 조리원이랍니다ㅎㅎ
집에서 살짝 멀었지만 친정이랑 가까워서 조리원 퇴실후
바로 친정으로 달려갈거구, 분만하기로한 칠곡경대병원이랑 가까워서
바로 주저없이 선택했어요
​
로비가 쾌적하지요?
항상 유리너머로 오픈되어있는 신생아실!
1.룸 컨디션
예약하고 머무른 방은 디럭스룸!
임신 4주2일차에 예약하러 빠르게 방문했어서
원하는 방은 다 남아있었어요
중간크기의 방이면서 모자동실 가능한
디럭스룸으로 2주를 머무르기로 했어요!
생활해보니 꼭 디럭스가 아니더라도
수유콜 시간이 2.5~3시간 간격으로 있기때문에
아기를 아주 자주 만날수 있어서
산모가 아쉬운건 없을것 같아요
단 모자동실 안되는 스탠다드 방은 아빠는
아이를 만질수 없고 신생아실 유리창 건너로만
아이를 볼 수가 있어요~!
디럭스룸
입실하면 빨래를 맡길수있는 세탁망과
입실 안내책자 리모콘이 든 바구니를 주신답니다!
책자는 몇번 읽어보면 어려운건 없더라구요
디럭스룸은 스탠다드보다 크기가 약간커요
추가로 적외선 온열 양변기가 설치되어 있어요
저는 하루에 20분정도는 앉아있었거든요ㅋㅋ
뜨끈하니 오로배출에 도움이 되는것 같았어요
퇴실할 무렵에는 소형 생리대로도 오로가 거의
묻어나오지 않을만큼 감소되었답니다
​
2.식사
아델리아 산후조리원은 밥이 너무 맛있기로 유명하죠?
먹순이인 저는 밥이 맛없는걸 참을 수 없어서
너무 중요한 포인트였어요
아침,저녁식사는 뷔폐식이고
점심은 한상차림 특식이 나옵니다!
객실에 외부음식 반입과 배달음식이 가능한데요
배달은 로비 엘리베이터 앞에서 바로 받아와야되는
시스템이긴한데 밥이 너무 맛있게 잘 나와서
배달음식 시켜먹을 겨를이 없었어요😅🤣
간식은 오후3시와 저녁8시 두타임이 있는데
3시 간식은 식당으로 가서 먹는방식이고
저녁간식은 방으로 가져다주시는 방식이에요!
간식도 머핀이나 호떡 이런거 직접 다 구우시더라구요?
식후때마다 식당 옆 오븐에서 오늘 간식은
뭐가 나오려나 슬쩍 구경도 했어요ㅎㅎ
​
3.시설
공용공간들에는 빨래를 두는 빨래보관통과
유축한 모유를 보관하는 냉장고, 개인 깔대기를 쓰고내놓으면 세척후 보관해주시는 보관함
필요시 사용하면 될 듯한 전자렌지와 냉장고가 있어요
조리원에서 깔대기를 세척 소독해주시니 너무편안...
그리고 2층 공용 거실엔 사진인화기, 반신욕기,
골반교정기, 파라핀 기계등이 있어요!
손목이 덜그덕 덜그덕 거리니 파라핀 열심히
하루세번 밥 먹으러 갈때마다 해주었고요!
사진인화기로 하루1장 최대 8장의 사진을
뽑을수 있어서 출산직후부터 모아두었던 아기사진을
성실하게 뽑아서 8장을 다 뽑았답니다ㅋㅋ
남편 휴대폰으로도 최대 2장 가능해요!
​
4.마사지
조리원에 오면서 가장 기대가 컷던게 마사지 였어요
출산전부터 시작해서 임신후기의 붓기는
출산직후에 더 심해지더라구요ㅠ
온몸에 관절이 헐거워져 있는데 부종까지 심하니
천근만근의 몸이었고 너무 삐그덕 삐그덕 아팟어요
출산 직후 설레는 마음으로 어기적대며
걸어가서 측정한 몸무게는 부종으로 인해
만삭때보다 더 늘어나 있어서 얼마나 충격적이었는지..
제왕절개라 더 심하게 부었던거 같아요
​
게다가 병원에서 출산3일차부터 젖몸살이 시작되어
딱딱해지고 열이오르는 가슴을 부여잡고
부은몸에 밤이고 낮이고 얼마나 괴롭고 아팟는지ㅠ...
퉁퉁부어버린나ㅠ 친정엄마가 보시더니 큰일난줄 아셧다고ㅜ
저는 입실당일 무료체험 1회 마사지 체험후
이틀만에 몸무게가 4키로나 쑤욱 내려가는
기적같은 경험을 하고 파워결제를 감행하고 말았습니다
붓기가 쏘옥~!!! 기적같이 빠져부럿슨!!!!
퉁퉁부은 위의 얼굴과의 차이가 보이시나요ㅜㅜㅜㅜㅜ
저는 3번방 안쪽베드의 관리사님께 마사지를 받았어요
​
입실 첫주는 좀 집중 관리를 하고싶어서 90분코스
2주차에는 60분 코스로 결제하였어요
산후붓기는 비만과도 연결이 되는 부분이고
골든타임 이내 최대한 몸의 회복에 집중해서
최상의 컨디션으로 집에 돌아가 육아전쟁에 뛰어들고 싶었는데 정말 비용이 아깝지 않았어요...
​
산후 마사지답게 제 몸의 어느부분이 안좋은지
정확히 짚어주시구 그에 맞춰 마사지 강도와 프로그램을
짜주셔서 편안하게 몸을 맞겼답니다
​
모유수유 하시는분들은 가슴마사지와
수유에대한것도 적극적으로 코칭 받으실수 있어요
수유실에서도, 마사지실에서도 다 잘 알려주셔요
저는 목표한대로 조리원에서 초유만먹이고
단유하고 나오는것에 성공햇습니다🥹
모유에 욕심이 없는 저는 젖몸살을 경험하고나니
집에가서 혼자 단유하기는 무서웠어요
발목뼈와 라인을 되찾은 나의 풍선같았던 발...
발도 다리도 퉁퉁 부어서 발을 내딪을때마다
발바닥이 찢어지는 느낌이 낫었는데
살아낫어요.. 광명찾고 집에왔습니다...
그립네요 관리사선생님... 다시가고싶다🥹❤️...
​
지내는동안 아기가 쏭스오가닉 분유와
로하스베베 라인의 바디제품들을 쓰고
특별히 탈이 없이 잘 먹고 잘바르는걸 봐서
그대로 따라 쓰기로 결정하고 싹 구매해서 왓습니다^^;
영업이나 강요같은거 전혀 없구
모유수유 강요하면서 눈치주는 조리원들도 있다던데
그런것도 전혀 없어서 완분맘인 저는
편안히 조리하다 왔어요
​
모르는것도 물어보면 다 잘 알려주시는데
울고불고 하면 다시 아기들구  뛰어가면
받아주시려나요?🤣🤣🤣
벌써 그리운 조리원........
​
또 제게 둘째라는 축복이 온다면
다시 방문 해보도록 하겠습니다
​
친절했던 식당이모님, 실장님들
마사지선생님들 신생아실 선생님들
우왕좌왕 초산맘 돌봐주셔서
모두모두 고맙습니다❤️",,0,https://cafe.naver.com/f-e/cafes/24000254/articles/7335728?boardtype=L&userDisplay=50&menuid=13&referrerAllArticles=false&inCafeSearch=true&query=%EB%B9%A8%EB%9E%98&art=aW50ZXJuYWwtY2FmZS1hcnRpY2xlLXJlYWQtaW5DYWZlLXNlYXJjaC1saXN0.eyJ0eXAiOiJKV1QiLCJhbGciOiJIUzI1NiJ9.eyJjYWZlVHlwZSI6IkNBRkVfSUQiLCJhcnRpY2xlSWQiOjczMzU3MjgsImlzc3VlZEF0IjoxNzg4MjMzMTY0OTczLCJjYWZlSWQiOjI0MDAwMjU0fQ.sQZbJNj3kmcAfw5NYSHPMGOvGVzmTlf07P6MVYIc4u8&page=1,JKS
대구맘365,24000254,13,빨래,대구 동구 아델리아 산후조리원(feat. 베르나인 마사지★) 내돈내산 후기,2026.06.27. 14:28,"이른둥이 쌍둥이를 35주에 출산하고 아기들이 니큐에 가게되어 10일동안은 집에서 남편이 몸조리를 해주었어용
잘 먹고 잘 쉬었지만,, 몸의 회복은 더디고 붓기는 안빠지고,, 온몸의 관절들은 아파지기 시작하더라구용!!
다행히 아기들이 늦지않게 퇴원하게되어 바로 조리원으로 출바르 했답니당ㅠㅠ!!
​
요즘 산후조리원 예약하기가 힘들잖아요....?
임신 7주쯤 심장소리를 듣고 집과 가까운 대구 동구, 수성구 위주로 알아보고 있었습니당
하지만 다들 예약이 꽉차있었고,, 대기도 불가한 상황,,! 운 좋게도 아델리아 산후조리원 스탠다드 룸 예약이 가능해서 디럭스룸 이상을 원했지만 스탠다드룸으로 예약 진행했었습니다!
디럭스룸 이상만 모자동실이 가능해서 디럭스룸을 원했지만, 쌍둥이인 경우에는 모자동실할 경우 산모가 쉴 시간이 없고 힘들거라고 하셔서 차라리 잘된거다 생각했습니다
​
1. 식사
아델리아 산후조리원은 식사로 유명하기도 하죠? 아침과 저녁식사는 뷔페식으로 먹고 점심은 특식으로 나옵니다
편식쟁이인 저는 솔직히 점심은 정말 맛있었는데여!
아침과 저녁식사는 쏘쏘 했습니당..ㅎ
다른 후기들과도 비교를 해보니 2주씩 식단이 짜져있는것 같더라구요? 미역국도 황태미역국, 조개미역국, 소고기미역국 골고루 나옵니당 ㅎㅎ 물리진 않아요!
​
간식은 존맛입니다;; 점심식사 이후 오후 간식은 간단한 분식, 빵, 과일 등이 나옵니다! 야식은 빵 위주와 음료 주십니다. 야식에서 나오는 빵들은 꽤나 퀄리티가 높습니다.. 후후ㅎ 직접 만드시는것 같은데 맛있어요 ㅠㅠ!!
그리고 과일들은 제철과일들로 나오는것 같은데 당도가 죽입니댜…ㅋㅋㅋ
​
​
​
​
2. 시설
저는 위에서 말씀드렸다시피 스탠다드룸으로 예약을 했었는데용! 운이 좋아서 그런지 제 방은 모션베드가 있는 방이였습니다!! 스탠다드룸이라고 해서 모든 방이 모션베드가 있는건 아니에요! 전 운이 좋았습니다 하핫ㅎ 베드 세워서 티비보는게 꿀이였습니당,, 집에 들이고 싶었던,,,ㅎ!! 방에는 TV, 드라이기, 공기청정기, 유축기가 있습니다.
앗참 휴지도 항상 구비되고 리필해주시니 따로 안챙기셔도 돼요
​
​
그리고 공용공간인 다목적실엔 빨래를 두는 빨래통과 쓰레기통, 모유를 두는 냉장고와 전자레인지, 정수기가 있습니다. 방에서 유축한 모유를 냉장고에 두고 사용한 깔대기는 수거함에 두시면 2~3시간 뒤에 세척과 살균된 깔데기가 깔대기 함? 에 놓여져있습니다.. 집에서 항상 유축하고 깔대기 설거지하다 보니까 정말 힘들었는데 조리원에선 깔대기도 세척해주시니 얼마나 감사했는지 몰라요 ㅠㅠ
​
​
그리고 공용 거실엔 사진인화기, 반신욕기, 골반교정기 등이 있습니다!! 사진인화기는 산모는 하루에 한장씩 총 8장 뽑을수 있고 남편은 총 2장까지 뽑을수있어요!! 미루지 말고 매일 사진 인화하는게 좋습니다.. 전 미루고 미루다가 6장밖에 못뽑고 퇴소했어요 ㅠㅠ 아쉽쓰,,, 그리고 식사를 다 한 산모님들 공용 거실에 모여서 수다도 떨고 합니당 ㅎㅎ
모든 공용 시설들을 이용해보는게 좋은데 다 이용하지 않고 방구석에서 티비만 본 나,, 반성합니다,,
​
​
​
3. 아기 케어 및 수유
3층에는 신생아실이 있습니다! 신생아실 뒤? 옆?에 수유실이 있어 수유콜이 오면 3층 수유실로 가 아기들을 만나고 했답니당.. 조리원 입소 전에는 수유콜 좀만 가면 되지 모~ 했지만 막상 가보니 아기들이 너무 예뻐 거의 빠짐없이 수유콜 다 나갔답니당 ㅠㅠ..
몸은 힘들고 지치고 많이 졸린데요.... 그래도 막상 아기들 보면 너무 예뻐서 힘든것도 잊혀집니당..
그래도 자기 몸을 생각한다면 보충해주세요~ 다음 타임때 불러주세요~ 하면 선생님들이 보충수유 잘 해주시니 걱정안하셔도 돼요!!
퇴소가 코앞으로 다가왔을땐 너무 피곤해서 정신을 못차리겠더라구요ㅠㅠ 수유콜이 왔을때 힘든게 보였는지 신생아실 선생님이 푹 자라고 먼저 말씀해주시는데 호르몬의 노예인 나,, 감동이였습니다,,!
그리고 모유수유 고민이나 수유자세 등 힘들거나 고민이 있음 목요일 저녁이나 밤에 수유콜 꼭 가세요! 원장쌤이 오셔서 직접 코치해주시고 상담해주시는데 엄청 도움이 많이 됩니다 ㅠㅠ!!
​
그리고 아델리아 산후조리원은 따로 분유를 안챙겨가신다면 쏭쓰오가닉 1단계 분유를 먹인다고 합니당! 저는 처음에 조리원에서 먹이는 분유로 아기들 줘야지 했다가 무난하고 접하기 쉬운 앱솔루트 명작을 주변에서 추천받았는데요..? 명작을 사서 조리원에 갖다드리니 퐁당퐁당으로 분유를 갈아타주셨습니다!! 집에서 따로 안갈아타도 되니 넘 좋았어요!
쏭쓰오가닉은 조리원 구매시 쿠팡보다 싸니 참고하세요!
​
​
​
4. 교육
월요일부터 금요일까지 매주, 격주로 2,3층 공용 거실에서 출산, 육아 관련 교육이 진행되고 있습니다! 월요일 수업 빼고는 모두 매주 진행되는데용! 월요일 수업인 응급처치, 하임리히법 배우기는 오후 늦게 입실해서 듣진 못했습니당 ㅠㅠ.. 그 외에 아기 울음소리 관련 교육은 분유 광고가 있구 초점책은 웅진?에서 광고하신다고 하더라구용 ㅎㅎ 그리고 본아트 촬영은 원본사진을 돈내고 구매해야지만 받을수 있다고해서 따로 촬영하진 않았어요..! 그리고 금요일 아빠와 함께하는 목욕, 기저귀 가는 교육은 원장쌤이 직접해주시는 교육입니당! 질문도 받아주시고 아빠들도 직접 참여해서 듣는것도 좋은것 같아요!! ㅎㅎ
​
​
​
​
5. 마사지
조리원에 온 이유의 반은 마사지를 받기 위함이였는데요! 제왕절개 후 병원에 입원해있는 동안에는 임신때보다 더 빠졌다가 퇴원 후 집에있는 동안에는 코끼리 마냥 미친듯이 붓더라구요... 일반적으로 뒤늦게 조리원 갈 시점에 제왕절개 붓기가 온다고 합니다 ㅜㅜ 집에 있는동안 풀리오로 마사지도 해보고 주물주물 마사지도 해봤는데 심해지면 심해졌지 나아지진 않더라구요.. 그래서 조리원에 들어가자마자 서비스 마사지 받고 한번에 눈에 띄게 붓기가 빠지는것이 보였어요!
저는 바로 60분 10회권을 끊었습니다!! 10회권을 끊으면 헤드스파와 얼굴관리도 서비스로 받을수 있었습니당ㅎ
​
집에서와 조리원 마사지 이후 붓기차이 장난아니죠? 집에 있는동안 붓기가 심하다 보니 친정 엄마께서 걱정하신 나머지 우시면서 조리원 언능 들어가서 마사지 10회 받으라며,,,ㅠㅠ ㅋㅋㅋ
저는 1번방 선생님으로 배정받아서 진행했었어요! 산후조리원에서 랜덤으로 담당 마사지 선생님들을 지정해주시는것 같더라구요! 저는 미리 조리원 들어가기 전에 손맛 좋은 선생님이 누구인지 써치써치를 해보고 들어갔었는데요!
다행히도 제가 마음속으로 원했던 1번방 선생님이 배정되어 속으로 나이스를 외쳤답니당 ㅎㅎ
아마 예비 산모님들께서 원하시면 지정도 가능하지 않을까 싶어요?!
​
​
산후마사지 답게 산모 몸에 맞춰 진행해주십니다! 저는 임신 전에 마사지 매니아였는데요.. 강도가 쎈 압으로 받는걸 좋아했어요! 그래서 처음 마사지 받을때 ""선생님 쎄게 해주세요~"" 하고 요청 드렸는데 선생님께서 산후마사지는 강도 쎄게 하면 오히려 몸이 망가진다고 하시더라구요! 처음엔 약하게 진행해주시다가 마사지 10회차가 끝날 무렵 쯤엔 처음보다 강도가 높아져있었어요! 조리원 들어오셔서 수유하다 보시면 느끼시겠지만 어깨랑 뒷목이 장난아니게 뻐근해지고 아픕니다..ㅠㅠ 나름 신경써서 올바른 자세로 수유한다고 해도 아파요.. 그래도 어깨, 뒷목까지 싹~ 마사지 받고나면 그렇게 개운할수가 없습니다! 완전 추천합니다!!
​
그리고 제일 궁금하실것 같은 체.중.감.량!! 저는 쌍둥이 산모였었고 임신중에 빵과 과일을 무지하게 많이 먹었다보니 20kg 쪘어요...^^... 그땐 첨이자 마지막인 임신일수도 있으니 맘껏 먹을래!! 심보였습니다 ㅎㅎ...
출산전 몸무게 86kg로 앞자리가 두번 바꼈었어요..ㅎㅎ 병원에서 퇴원할땐 83kg로 퇴원했고 집에서 78~79kg까지 뺐습니다! 아마 애기들이 빠진 몸무게이지 않을까 싶어요!
조리원에 들어와서는 현재 74~75kg까지 뺐는데요! 아마 마사지로 붓기가 다 빠져서인것 같아요! 저는 삼시세끼와 간식도 두끼 다 챙겨먹었습니다 ㅠㅠ 적당한 식단조절과 간식을 안먹었더라면 더 빼서 나갔을수도 있을것 같아요!
빠른 붓기감소와 복직근 이개와 같은 몸 회복을 원하시면 베르나인 마사지 추천드립니다! (돈 여유가 있었더라면 90분 마사지 받았을거에요 ㅠㅠ!!)",,0,https://cafe.naver.com/f-e/cafes/24000254/articles/7332235?boardtype=L&userDisplay=50&menuid=13&referrerAllArticles=false&inCafeSearch=true&query=%EB%B9%A8%EB%9E%98&art=aW50ZXJuYWwtY2FmZS1hcnRpY2xlLXJlYWQtaW5DYWZlLXNlYXJjaC1saXN0.eyJ0eXAiOiJKV1QiLCJhbGciOiJIUzI1NiJ9.eyJjYWZlVHlwZSI6IkNBRkVfSUQiLCJhcnRpY2xlSWQiOjczMzIyMzUsImlzc3VlZEF0IjoxNzg4MjMzMTY0OTczLCJjYWZlSWQiOjI0MDAwMjU0fQ.qBD3T40Nqa8TDudJm2Sh_hZ9ONFvXLiDzNvQS9bQgmQ&page=1,JKS
대구맘365,24000254,13,빨래,대구 동구 아델리아 산후조리원(feat. 베르나인 마사지★) 내돈내산 후기,2026.06.27. 14:27,"이른둥이 쌍둥이를 35주에 출산하고 아기들이 니큐에 가게되어 10일동안은 집에서 남편이 몸조리를 해주었어용
잘 먹고 잘 쉬었지만,, 몸의 회복은 더디고 붓기는 안빠지고,, 온몸의 관절들은 아파지기 시작하더라구용!!
다행히 아기들이 늦지않게 퇴원하게되어 바로 조리원으로 출바르 했답니당ㅠㅠ!!
​
요즘 산후조리원 예약하기가 힘들잖아요....?
임신 7주쯤 심장소리를 듣고 집과 가까운 대구 동구, 수성구 위주로 알아보고 있었습니당
하지만 다들 예약이 꽉차있었고,, 대기도 불가한 상황,,! 운 좋게도 아델리아 산후조리원 스탠다드 룸 예약이 가능해서 디럭스룸 이상을 원했지만 스탠다드룸으로 예약 진행했었습니다!
디럭스룸 이상만 모자동실이 가능해서 디럭스룸을 원했지만, 쌍둥이인 경우에는 모자동실할 경우 산모가 쉴 시간이 없고 힘들거라고 하셔서 차라리 잘된거다 생각했습니다
​
1. 식사
아델리아 산후조리원은 식사로 유명하기도 하죠? 아침과 저녁식사는 뷔페식으로 먹고 점심은 특식으로 나옵니다
편식쟁이인 저는 솔직히 점심은 정말 맛있었는데여!
아침과 저녁식사는 쏘쏘 했습니당..ㅎ
다른 후기들과도 비교를 해보니 2주씩 식단이 짜져있는것 같더라구요? 미역국도 황태미역국, 조개미역국, 소고기미역국 골고루 나옵니당 ㅎㅎ 물리진 않아요!
​
간식은 존맛입니다;; 점심식사 이후 오후 간식은 간단한 분식, 빵, 과일 등이 나옵니다! 야식은 빵 위주와 음료 주십니다. 야식에서 나오는 빵들은 꽤나 퀄리티가 높습니다.. 후후ㅎ 직접 만드시는것 같은데 맛있어요 ㅠㅠ!!
그리고 과일들은 제철과일들로 나오는것 같은데 당도가 죽입니댜…ㅋㅋㅋ
​
​
​
​
2. 시설
저는 위에서 말씀드렸다시피 스탠다드룸으로 예약을 했었는데용! 운이 좋아서 그런지 제 방은 모션베드가 있는 방이였습니다!! 스탠다드룸이라고 해서 모든 방이 모션베드가 있는건 아니에요! 전 운이 좋았습니다 하핫ㅎ 베드 세워서 티비보는게 꿀이였습니당,, 집에 들이고 싶었던,,,ㅎ!! 방에는 TV, 드라이기, 공기청정기, 유축기가 있습니다.
앗참 휴지도 항상 구비되고 리필해주시니 따로 안챙기셔도 돼요
​
​
그리고 공용공간인 다목적실엔 빨래를 두는 빨래통과 쓰레기통, 모유를 두는 냉장고와 전자레인지, 정수기가 있습니다. 방에서 유축한 모유를 냉장고에 두고 사용한 깔대기는 수거함에 두시면 2~3시간 뒤에 세척과 살균된 깔데기가 깔대기 함? 에 놓여져있습니다.. 집에서 항상 유축하고 깔대기 설거지하다 보니까 정말 힘들었는데 조리원에선 깔대기도 세척해주시니 얼마나 감사했는지 몰라요 ㅠㅠ
​
​
그리고 공용 거실엔 사진인화기, 반신욕기, 골반교정기 등이 있습니다!! 사진인화기는 산모는 하루에 한장씩 총 8장 뽑을수 있고 남편은 총 2장까지 뽑을수있어요!! 미루지 말고 매일 사진 인화하는게 좋습니다.. 전 미루고 미루다가 6장밖에 못뽑고 퇴소했어요 ㅠㅠ 아쉽쓰,,, 그리고 식사를 다 한 산모님들 공용 거실에 모여서 수다도 떨고 합니당 ㅎㅎ
모든 공용 시설들을 이용해보는게 좋은데 다 이용하지 않고 방구석에서 티비만 본 나,, 반성합니다,,
​
​
​
3. 아기 케어 및 수유
3층에는 신생아실이 있습니다! 신생아실 뒤? 옆?에 수유실이 있어 수유콜이 오면 3층 수유실로 가 아기들을 만나고 했답니당.. 조리원 입소 전에는 수유콜 좀만 가면 되지 모~ 했지만 막상 가보니 아기들이 너무 예뻐 거의 빠짐없이 수유콜 다 나갔답니당 ㅠㅠ..
몸은 힘들고 지치고 많이 졸린데요.... 그래도 막상 아기들 보면 너무 예뻐서 힘든것도 잊혀집니당..
그래도 자기 몸을 생각한다면 보충해주세요~ 다음 타임때 불러주세요~ 하면 선생님들이 보충수유 잘 해주시니 걱정안하셔도 돼요!!
퇴소가 코앞으로 다가왔을땐 너무 피곤해서 정신을 못차리겠더라구요ㅠㅠ 수유콜이 왔을때 힘든게 보였는지 신생아실 선생님이 푹 자라고 먼저 말씀해주시는데 호르몬의 노예인 나,, 감동이였습니다,,!
그리고 모유수유 고민이나 수유자세 등 힘들거나 고민이 있음 목요일 저녁이나 밤에 수유콜 꼭 가세요! 원장쌤이 오셔서 직접 코치해주시고 상담해주시는데 엄청 도움이 많이 됩니다 ㅠㅠ!!
​
그리고 아델리아 산후조리원은 따로 분유를 안챙겨가신다면 쏭쓰오가닉 1단계 분유를 먹인다고 합니당! 저는 처음에 조리원에서 먹이는 분유로 아기들 줘야지 했다가 무난하고 접하기 쉬운 앱솔루트 명작을 주변에서 추천받았는데요..? 명작을 사서 조리원에 갖다드리니 퐁당퐁당으로 분유를 갈아타주셨습니다!! 집에서 따로 안갈아타도 되니 넘 좋았어요!
쏭쓰오가닉은 조리원 구매시 쿠팡보다 싸니 참고하세요!
​
​
​
4. 교육
월요일부터 금요일까지 매주, 격주로 2,3층 공용 거실에서 출산, 육아 관련 교육이 진행되고 있습니다! 월요일 수업 빼고는 모두 매주 진행되는데용! 월요일 수업인 응급처치, 하임리히법 배우기는 오후 늦게 입실해서 듣진 못했습니당 ㅠㅠ.. 그 외에 아기 울음소리 관련 교육은 분유 광고가 있구 초점책은 웅진?에서 광고하신다고 하더라구용 ㅎㅎ 그리고 본아트 촬영은 원본사진을 돈내고 구매해야지만 받을수 있다고해서 따로 촬영하진 않았어요..! 그리고 금요일 아빠와 함께하는 목욕, 기저귀 가는 교육은 원장쌤이 직접해주시는 교육입니당! 질문도 받아주시고 아빠들도 직접 참여해서 듣는것도 좋은것 같아요!! ㅎㅎ
​
​
​
​
5. 마사지
조리원에 온 이유의 반은 마사지를 받기 위함이였는데요! 제왕절개 후 병원에 입원해있는 동안에는 임신때보다 더 빠졌다가 퇴원 후 집에있는 동안에는 코끼리 마냥 미친듯이 붓더라구요... 일반적으로 뒤늦게 조리원 갈 시점에 제왕절개 붓기가 온다고 합니다 ㅜㅜ 집에 있는동안 풀리오로 마사지도 해보고 주물주물 마사지도 해봤는데 심해지면 심해졌지 나아지진 않더라구요.. 그래서 조리원에 들어가자마자 서비스 마사지 받고 한번에 눈에 띄게 붓기가 빠지는것이 보였어요!
저는 바로 60분 10회권을 끊었습니다!! 10회권을 끊으면 헤드스파와 얼굴관리도 서비스로 받을수 있었습니당ㅎ
​
집에서와 조리원 마사지 이후 붓기차이 장난아니죠? 집에 있는동안 붓기가 심하다 보니 친정 엄마께서 걱정하신 나머지 우시면서 조리원 언능 들어가서 마사지 10회 받으라며,,,ㅠㅠ ㅋㅋㅋ
저는 1번방 선생님으로 배정받아서 진행했었어요! 산후조리원에서 랜덤으로 담당 마사지 선생님들을 지정해주시는것 같더라구요! 저는 미리 조리원 들어가기 전에 손맛 좋은 선생님이 누구인지 써치써치를 해보고 들어갔었는데요!
다행히도 제가 마음속으로 원했던 1번방 선생님이 배정되어 속으로 나이스를 외쳤답니당 ㅎㅎ
아마 예비 산모님들께서 원하시면 지정도 가능하지 않을까 싶어요?!
​
​
산후마사지 답게 산모 몸에 맞춰 진행해주십니다! 저는 임신 전에 마사지 매니아였는데요.. 강도가 쎈 압으로 받는걸 좋아했어요! 그래서 처음 마사지 받을때 ""선생님 쎄게 해주세요~"" 하고 요청 드렸는데 선생님께서 산후마사지는 강도 쎄게 하면 오히려 몸이 망가진다고 하시더라구요! 처음엔 약하게 진행해주시다가 마사지 10회차가 끝날 무렵 쯤엔 처음보다 강도가 높아져있었어요! 조리원 들어오셔서 수유하다 보시면 느끼시겠지만 어깨랑 뒷목이 장난아니게 뻐근해지고 아픕니다..ㅠㅠ 나름 신경써서 올바른 자세로 수유한다고 해도 아파요.. 그래도 어깨, 뒷목까지 싹~ 마사지 받고나면 그렇게 개운할수가 없습니다! 완전 추천합니다!!
​
그리고 제일 궁금하실것 같은 체.중.감.량!! 저는 쌍둥이 산모였었고 임신중에 빵과 과일을 무지하게 많이 먹었다보니 20kg 쪘어요...^^... 그땐 첨이자 마지막인 임신일수도 있으니 맘껏 먹을래!! 심보였습니다 ㅎㅎ...
출산전 몸무게 86kg로 앞자리가 두번 바꼈었어요..ㅎㅎ 병원에서 퇴원할땐 83kg로 퇴원했고 집에서 78~79kg까지 뺐습니다! 아마 애기들이 빠진 몸무게이지 않을까 싶어요!
조리원에 들어와서는 현재 74~75kg까지 뺐는데요! 아마 마사지로 붓기가 다 빠져서인것 같아요! 저는 삼시세끼와 간식도 두끼 다 챙겨먹었습니다 ㅠㅠ 적당한 식단조절과 간식을 안먹었더라면 더 빼서 나갔을수도 있을것 같아요!
빠른 붓기감소와 복직근 이개와 같은 몸 회복을 원하시면 베르나인 마사지 추천드립니다! (돈 여유가 있었더라면 90분 마사지 받았을거에요 ㅠㅠ!!)",,0,https://cafe.naver.com/f-e/cafes/24000254/articles/7332234?boardtype=L&userDisplay=50&menuid=13&referrerAllArticles=false&inCafeSearch=true&query=%EB%B9%A8%EB%9E%98&art=aW50ZXJuYWwtY2FmZS1hcnRpY2xlLXJlYWQtaW5DYWZlLXNlYXJjaC1saXN0.eyJ0eXAiOiJKV1QiLCJhbGciOiJIUzI1NiJ9.eyJjYWZlVHlwZSI6IkNBRkVfSUQiLCJhcnRpY2xlSWQiOjczMzIyMzQsImlzc3VlZEF0IjoxNzg4MjMzMTY0OTczLCJjYWZlSWQiOjI0MDAwMjU0fQ.DfPt7-XisyN-8AVlXxj9lkbe6geUy4_OrZxaU3PBAjo&page=1,JKS
대구맘365,24000254,13,빨래,대구산후도우미업체 참사랑어머니회 이용 후기-솔직&담백 100% 후기^^,2026.06.25. 23:01,"첫째에 이어 둘째도 함께 한 '참사랑어머니회' ~~~^--^
- 2년 전 고민 끝에 지인 추천으로 처음 이용하게 된 '참사랑어머니회' !!! 둘째도 고민 없이 선택했어요~:) 이맘 때쯤 대구에서 불미스러운 일이 있었던 터라 산후도우미를 아예 이용하지 말아야 하나 고민을 참 많이 했는데요ㅠㅠ 해당 사건이 현장에서 열심히, 또 예쁘게 아기를 케어하고 있는 분들을 대표하는 것은 아니라는 믿음과 첫째 때의 좋은 경험으로 다시 이용을 결심하게 됐어요~~~:)
- 참사랑어머니회 업체에 대한 확신은 가지고 있어서 곧바로 전화드렸더니 이전에 이용한 경험이 있어서 바로 알고 계시더라고요~^^ 첫째 때 너무 좋아서 연락드렸다고 하니 가능하면 똑같은 관리사님을 배정해주고 일정이 안 되면 다른 분이 배치될 수도 있다고 하셨어요~ 저는 첫째 아이 등원 이슈로 08:30까지 출근이 가능한 분을 요청드렸고 다른 분이 배치됐지만 관리사님이 가지고 있는 팁들이 다 달라서 또 다른 방면으로 많은 도움을 받았습니다!!^^ 관리사님 배정까지 따로 말하지 않아도 척척!!! 여전히 체계적이고 친절한 '참사랑어머니회' 이용 후기 들려드릴게요~:)
​
1. 산모의 요구 반영&체계적인 시스템&친절함과 빠른 업무 처리
- 저는 경산모라 경험이 있어서 괜찮았는데 초산모 때는 막연한 두려움이 있었던 것 같아요~ 어느 분이 배치될지, 나랑 성향은 맞을지... 09:00~18:00까지 한 집에 있어야 하는데 산모도 산후도우미도 처음에는 서로 부담스럽기 마찬가지잖아요~^^ 이용하고 싶다고 전화를 하면
이용 경험이 있는지, 원하는 서비스 스타일(ex: 산모 중심VS신생아 중심, 관리사님 연령 및 경력 등)
등을 꼼꼼하게 물어봐 주셔서 더욱 믿음이 갔어요~:)
- 예약 후 안내사항이 상세하게 적힌 링크도 보내주셔서
서비스 전에 준비해야 할 것이랑 주의사항
을 세심하게 파악할 수 있었고 서비스 이용 첫날 안내문과 이용계약서 등을 카톡으로 보내주셔서 간편하게 처리할 수 있었습니다.
- 첫만남이용권 금액으로 다시 결제를 원하니 새 결제가 가능한 링크를 보내주셔서 간편하게 결제할 수 있었고 이전에 결제한 금액은 당일 바로 입금돼 업무 처리가 엄청 빨랐어요!!!
2. 신생아 케어 - 우쭈쭈 '예쁜 공주님'이 된 저희 아기
- 둘째라서 좀 수월할 줄 알았는데 유난히 목청도 크고 움직임이 많은 아기여서 힘들었어요. 자주 깨고 수유도 조금 하고 자버려서 어떻게 해야할지 막막했는데 관리사님이 움직임이 많은 아기를 케어하는 방법과 잠에 들지 않고 수유할 수 있는 자세를 교정해주셔서 훨씬 수월했어요~:) 무엇보다 관리사님이 안 계시더라도 제가
아이를 혼자 케어하기에 편한 팁(ex: 아이가 선호하는 자세, 움직임을 최소화하는 방법, 혼자 잘 놀고 잘 수 있는 방법 등)
을 한가득 알려주셔서 너무 감사했답니다~
- 관리사님은 첫 날부터 저희 아기에게 ""우리 공주님~"", ""우쭈쭈 공주님~ 아유 예뻐~ 아유 예뻐~""하며 늘 애정과 관심을 쏟아주셨어요~ 목욕할 때도, 수유할 때도 눈과 목소리에서 꿀이 뚝뚝 떨어지는 목소리로 아기를 봐주셨는데 거짓말 조금 더 보태서 저보다 더 예뻐하셨던... 것 같아요~
15일의 짧은 시간이지만 아기에게도 너무 따뜻하고 행복한 시간이었을 것 같습니다~
3. 산모 케어 - 따뜻함과 배려가 한가득이었던 시간
- 저는 첫째가 있던터라 산모 케어는 2순위로 두고 신생아 케어를 우선으로 해달라고 요청드렸고 큰아이 부가서비스도 신청하지 않았어요. 그래서 관리사님이 계신 주간 시간대에 아이 유아식 준비, 어른 및 첫째 빨래, 등&하원을 해야 했는데요. 그럼에도 불구하고 관리사님이 시간 날 때마다 부종 관리도 해주시고 제가 수유할 때 큰 아이와 신나게 놀아주셔서 아기에게 집중할 수 있었어요.
- 2살 터울이라 너무 정신없고 힘든 시간이었는데 요리할 때 큰아이도 함께 먹을 수 있는 식단을 만들어주셨고 큰아이 씻기고 나면 욕조도 항상 깨끗하게 정리해주셔서 감사했어요~ 아이 씻기고 밥 먹이고 놀아주고 하는 게 가장 큰 일인데 이런 부분까지 신경써주시니
제가 쉴 수 있는 시간이 조금 더 확보되고 휴식을 취할 수 있었어요~
- 아기가 밤에만 등센서가 발휘되는 탓에 며칠 간 힘들었는데 관리사님이 수면 팁도 알려주시고 수유할 때 제 멘탈도 꼭 붙잡고 곁에서 다독여주셔서 완모를 향해 다시 힘을 낼 수 있었습니다!!! 관리사님의 경험이 듬뿍 녹아든 입면 팁과 수유 팁은 앞으로 두고두고 유용하게 사용할 수 있을 것 같아요~ 특히
수면 교육 팁은 당일 바로 효과를 발휘해서 간만에 남편&첫 아이와 평화로운 저녁 식사를 할 수 있었어요~^--^
- 아이가 많이 움직이고 태열이 심해서 손싸개를 생각보다 일찍 하게 됐는데 손싸개가 너무 커서 계속 손이 빠져나오더라고요...;;; 그걸 본 관리사님이 모든 손싸개를 일일이 수선해주셔서 앞으로도 손이 나올 일 없이 편하게 사용할 수 있을 것 같아요~:)
4. 가사 - 행복한 점심 시간&깨끗하고 청결한 집
- 밥을 안치는 스타일, 그릇 정리하는 스타일, 쓰레기 및 분리수거 처리 등 먼저 말씀드리지 않아도 ""산모님~ 이거 어떻게 할까요?""라고 항상 물어봐주셨어요.
덕분에 사소해서 말씀드리기 주저되는 부분도 기존 제 방식대로 편하게 할 수 있었어요~
사실 친정어머니가 와도 정리하는 스타일이 다르거나 음식 스타일이 다르면 다시 손을 타야 하는데 관리사님은 제 스타일 그대로 정리하고 음식 간도 맞춰주셔서 너무 좋았습니다.
- 1가지를 하더라도
뭐든 산모에게 맞춰드리자
는 관리사님의 마음이 15일 내내 느껴졌어요~ 기존에 냉장고에 있던 재료 위주로 음식을 해주셔서 그동안 묵혀 있던 재료도 깔끔하고 맛있게 소진했답니다~ 정말 매일 매일 점심 시간이 가장 기다려지는 거 있죠?!!
- 서비스 종료 마지막날 미역국도 두 솥 가~~~득 끊여주셨는데 나중에 음식하는 노력과 시간을 최대한 덜어주고자 하는 배려가 느껴졌습니다~ 당일 먹을 분량이 아니라 이후에도
산모가 편하길 바라는 관리사님의 마음이 너무 감사했어요ㅠㅠㅠㅠ
- 15일 표준으로 서비스 등록해서 더 연장할 수 없다는 게 너~무 아쉬웠어요...ㅠㅠ 정든 관리사님과 이별해야 한다고 생각하니 너무 슬프네요... 어떻게든 산모가 쉴 수 있도록 하나부터 열까지 배려해주셔서 바쁜 와중에도 낮잠 자고 체력 보충하며 예쁜 아가를 돌볼 수 있는 힘을 얻었습니다~:)
-
지구별에 도착해서 원가족을 제외하고 가장 많은 시간을 보낸 관리사님이기에 저에게도 참 감사하고 소중한 인연인데요~ 앞으로도 잊지 못할 것 같아요~ㅠㅠㅠㅠ
- 참사랑어머니회와도 두 번째 인연이네요~ 확신을 가지고 연락한 곳이기는 하지만
""역시는 역시다!!""
엄지척입니다~:)
서비스 이용 전&중&후 불편한 점은 없는지 꼼꼼하게 확인하는 점
이 가장 마음에 들었던 것 같아요~ 다음에 셋째(...?!)가 있을지는 모르겠지만 그 때는 좀 더 긴 시간을 함께하면 좋겠다는 생각이 드네요~^^",,0,https://cafe.naver.com/f-e/cafes/24000254/articles/7331184?boardtype=L&userDisplay=50&menuid=13&referrerAllArticles=false&inCafeSearch=true&query=%EB%B9%A8%EB%9E%98&art=aW50ZXJuYWwtY2FmZS1hcnRpY2xlLXJlYWQtaW5DYWZlLXNlYXJjaC1saXN0.eyJ0eXAiOiJKV1QiLCJhbGciOiJIUzI1NiJ9.eyJjYWZlVHlwZSI6IkNBRkVfSUQiLCJhcnRpY2xlSWQiOjczMzExODQsImlzc3VlZEF0IjoxNzg4MjMzMTY0OTczLCJjYWZlSWQiOjI0MDAwMjU0fQ.XlOxllL0TWAIwOU3-TGG4mJaFGL3RP-jQey6wC9vnGc&page=1,JKS
대구맘365,24000254,13,빨래,김혜정 산후조리원 수성점 후기,2026.06.18. 09:56,"김혜정 산후조리원 수성점 후기
둘째 출산 후 지내게 된 김혜정 산후조리원 수성점. 조리원을 알아볼 때 고민을 많이 했는데, 실제로 지내보니 만족스러운 부분도 있었고 아쉬운 부분도 있었습니다. 입소를 고민하시는 분들께 도움이 되었으면 하는 마음으로 솔직하게 후기를 남겨볼게요 :)
1. 방
저는 스위트룸을 이용했는데 전체적으로 산모가 생활하기 편하게 구성되어 있다는 느낌을 받았어요.
방 안에는 냉온정수기가 있어서 밤중에도 따뜻한 물을 바로 마실 수 있었고, 퀸 사이즈 모션베드가 있어 수유하거나 몸을 일으킬 때 굉장히 편했습니다. 출산 후엔 작은 움직임도 힘든데 모션베드가 생각보다 정말 유용하더라고요.
또 하나 좋았던 점은 좌욕이 가능한 비데가 설치되어 있다는 것! 자연분만 산모라면 특히 만족도가 높을 것 같아요.
개인적으로 가장 편리했던 건 세면대가 화장실 밖에 있다는 점이었어요. 남편이 화장실을 사용하는 동안에도 세수하거나 양치할 수 있어서 은근히 편했습니다.
2. 식사
조리원에서 가장 기대했던 부분 중 하나가 식사였는데, 결론부터 말하면 만족!
매 끼니마다 5~6가지 반찬이 제공되고 한식 위주의 집밥 스타일이라 질리지 않았어요. 무엇보다 냉동식품류가 많지 않아서 개인적으로 정말 좋았습니다. 출산 후엔 자극적인 음식보다 속 편한 집밥이 더 당기더라고요.
식사 시간은 아래와 같아요.
아침 : 8:30
점심 : 12:30
간식 : 15:00
저녁 : 17:30
야식 : 20:00
간식을 제외한 식사와 야식은 모두 8층 식당에서 제공됩니다.
간식은 15시에 각 층 사물함 선반 위에 올려주시는데, 지나가다가 챙겨오면 돼서 편했어요.
남편 식사도 신청할 수 있어요.
아침 : 오전 7~8시 토스트와 음료 무료제공
점심 : 오후 1시~1시 30분 (오전 10시까지 주문)
저녁 : 오후 6시~6시 30분 (오후 2시까지 주문)
비용은 한 끼당 1만원입니다.
2주에 한 번 수요일 저녁마다 있는 디저트데이에는 정말 맛있는 음식들이 한가득 나와요~ 건강식만 먹다가 속세의 음식을 잔뜩 맛볼 수 있어서 그또한 즐거웠구요ㅋㅋ 산모들끼리 대화도 많이 하는 분위기라서 조동 만들기도 좋아요!
3. 마사지
마사지 만족도가 꽤 높았어요.
특이한 점은 돔 형태의 기구를 사용하는데, 상반신 마사지 시에는 하반신을, 하반신 마사지 시에는 상반신을 덮어주는 방식이에요.
이게 마치 사우나처럼 온실효과를 내서 땀 배출이 정말 잘 됩니다.
저는 등에 땀이 고일 정도로 땀을 많이 흘렸는데, 출산 후 부어 있던 몸이 한결 가벼워지는 느낌이 들었어요.
출산 후 붓기 때문에 고생하시는 분이라면 만족하실 것 같습니다.
4. 수유
김혜정 산후조리원이 모유수유로 유명하다는 이야기를 많이 들었는데, 막상 와보니
전혀 강요하는 분위기가 아니었어요.
단유 계획이 있다고 말씀드리면 최대한 그 방향에 맞춰주시고, 직수가 너무 오래 지속되면 ""이제 보충할 테니 들어가서 쉬세요.""라고 말씀해주십니다.
무조건 모유수유를 해야 한다는 압박, 전혀 없었어요.
오히려 밤 10시부터 오전 7시까지는 수유콜이 없습니다.
이 부분은 호불호가 있을 수 있을 것 같아요.
첫째 때 이용했던 조리원은 산모가 원하면 새벽에도 수유콜을 주셨거든요. 물론 아기와 빨리 합을 맞추는 데는 도움이 될 수 있지만, 몸이 회복되지 않은 상태에서 새벽 수유를 반복하는 건 정말 힘들었습니다.
반면 김혜정은 밤에는 확실히 쉬게 해주는 시스템이에요.
개인적으로는 지금도 손목과 손가락이 아플 정도라 밤과 새벽에는 푹 쉬는 게 훨씬 좋았습니다.
다만 완모를 목표로 아주 초반부터 적극적으로 직수를 원하시는 분이라면 이 부분은 미리 고려해보셔도 좋을 것 같아요.
결국 산모마다 원하는 방향이 다르니까요 :)
5. 그 외 시설들
5층에는 반신욕기 2대와 골반교정기 2대가 있고,
7층에는 족욕기 2대가 있습니다.
반신욕이나 족욕을 하고 나면 몸이 따뜻해지고 땀이 나면서 기운이 도는 느낌이라 저는 자주 이용했어요.
또 층마다 전자레인지와 음식물쓰레기통이 있어서 남편이 사온 간단한 음식을 데워 먹기에도 편리했습니다.
작은 부분이지만 생활하면서 은근히 유용한 시설이에요.
6. 세탁물
세탁 시스템도 꽤 편리한 편입니다.
방 앞 사물함에 세탁물을 넣어두면 오전 6~7시쯤 수거해가시고, 당일 점심 이후 8층에서 찾아갈 수 있어요.
빨래망에 넣은 세탁물은 탈수만 해서 당일 돌려주시기 때문에 방 안 미니 건조대에 직접 널어야 합니다.
반대로 빨래망에 넣지 않고 맡기면 건조까지 해주시는데, 보통 다음 날쯤 받을 수 있어요.
다만 건조된 세탁물은 다른 분들과 함께 바구니에 담겨 있으니 자기 옷을 잘 찾아가야 합니다.
7. 청소
화장실과 방 청소, 쓰레기통 비우기는 매일 해주세요.
청소도 꽤 꼼꼼하게 해주셔서 지내는 동안 불편함이 없었습니다.
다만 주말에는 쓰레기통만 비워주십니다.
여사님들도 주말엔 쉬셔야 하니까요 :)
8. 주차
이 부분은 조금 아쉬웠어요.
건물 지하는 타워주차장인데 무료 주차 시간이 1시간 30분까지만 제공됩니다.
이후에는 10분당 추가 요금이 발생해요.
그래서 주변 도로변에 주차하시는 분들도 꽤 많았습니다.
다행히 입소일과 퇴소일에는 주차장 이용료가 무료라 짐 옮길 때는 부담이 없었어요.
9. 면회
개인적으로 정말 좋았던 부분!
대부분의 조리원은 남편만 면회가 가능한 경우가 많은데, 김혜정 산후조리원 수성점은
첫째 아이 면회가 가능합니다.
그래서인지 둘째 맘들이 정말 많더라고요.
다만 첫째 아이가 면회하고 가면 감염 예방 차원에서 다음 날 오후 4시까지 직수와 모자동실은 불가능합니다. 신생아들의 안전을 위한 조치이니 충분히 이해가 되는 부분이었어요.
총평
✔️ 집밥 스타일의 맛있는 식사
✔️ 모유수유 강요 없는 분위기
✔️ 마사지 만족도 높음
✔️ 첫째 아이 면회 가능
✔️ 반신욕·족욕 등 부대시설 만족
❗ 주차는 다소 아쉬움
❗ 밤 수유콜이 없어 호불호가 있을 수 있음
저는 전반적으로
""산모를 충분히 쉬게 해주는 조리원""
이라는 인상을 받았습니다.
특히 둘째 출산 후 몸 회복에 집중하고 싶은 산모라면 만족도가 높을 것 같아요. 제 개인적인 경험을 바탕으로 작성한 후기이니, 조리원 선택에 참고가 되었으면 좋겠습니다 :)",,0,https://cafe.naver.com/f-e/cafes/24000254/articles/7325532?boardtype=L&userDisplay=50&menuid=13&referrerAllArticles=false&inCafeSearch=true&query=%EB%B9%A8%EB%9E%98&art=aW50ZXJuYWwtY2FmZS1hcnRpY2xlLXJlYWQtaW5DYWZlLXNlYXJjaC1saXN0.eyJ0eXAiOiJKV1QiLCJhbGciOiJIUzI1NiJ9.eyJjYWZlVHlwZSI6IkNBRkVfSUQiLCJhcnRpY2xlSWQiOjczMjU1MzIsImlzc3VlZEF0IjoxNzg4MjMzMTY0OTczLCJjYWZlSWQiOjI0MDAwMjU0fQ._T3H50079c_yIbFa-V3Tll4mqeuglJheXSoVQMhFjSs&page=1,JKS
대구맘365,24000254,13,빨래,대구 달서구 리엘산후조리원 vip룸 2주 후기,2026.06.15. 14:34,"안녕하세요! 얼마 전 출산하고 대구 달서구 리엘산후조리원에서 천국 같은 2주를 보내고 퇴소한 맘입니다.
조리원 라이프가 너무 만족스러워서 다른 산모님들께 도움이 될까 싶어 생생한 내돈내산 후기를 남겨봐요. 🥰
​
🛏️ 712호 VIP룸 객실 (모션베드 & 테라스)
계약은 vip로 했지만 방이 없어서 처음 이틀은 디럭스룸에서 묵었습니다.
그 이후에 전실한 방은 712호 VIP룸이었어요.
방에 들어서자마자 깔끔하고 아늑해서 마음에 쏙 들었는데, 무엇보다 모션베드가 신의 한 수였습니다!
출산하고 나면 뼈마디가 다 늘어나서 침대에서 일어날 때마다 허리랑 배에 무리가 많이 가잖아요? 모션베드 덕분에 리모컨 하나로 상체 각도 조절해가며 편하게 일어날 수 있어서 회복에 정말 큰 도움을 받았어요.
게다가 방에 개별 테라스가 딸려 있어서, 답답할 때마다 창밖 보며 바깥공기 마시기에도 최고였답니다.
VIP룸 강추해요!
참고로 남편 입실은 주말만 가능하고,
토요일 오전 10시부터 일요일 오후 8시까지입니다.
모자동실은 매일 11:40~14:30 시간을 제외하고 자유롭게 가능하구요.
저는 평일에는 혼자 모자동실할 자신이 없어서 수유콜 때마다 아기를 보러 가고, 주말에 남편이 왔을 때 모자동실을 했어요 !
​
🍲 소문대로 역시 '밥 맛집' & 목요일 간식데이
리엘 후기 찾아볼 때 다들 밥이 맛있다는 칭찬 일색이던데, 직접 먹어보니 왜 그런지 백번 이해가 가더라고요. 매일 삼시 세끼 균형 잡힌 영양식으로 정말 정갈하고 맛있게 나와요.
그리고 매일 나오는 간식 퀄리티도 훌륭한데, 특히 목요일 간식데이는 사랑입니다...❤️
목요일에는 9층 식당가에 다 같이 올라가서 간식을 먹는데, 준비해 주시는 과일이 진짜 당도 높고 너무 맛있어서 매주 목요일만 기다렸던 기억이 나네요.
특히 수박이랑 키위 너무 맛있었어요,,🤤
저녁 8시에는 야식으로 죽도 나오는데요. 야채죽, 호박죽, 흑임자죽 돌아가며 나오는 듯 해요 !
한 두번 먹으러가고 그 후엔 귀찮아서 패스하고 방에서 쉬었네요 ㅎㅎ
​
👶 천사 같으신 신생아실 선생님들
초보 맘이라 아기 케어에 대해 걱정이 정말 많았는데, 신생아실 선생님들이 아기를 진심으로 예뻐해 주시는 게 눈에 보여서 안심하고 푹 쉴 수 있었어요. 언제나 친절하게 질문에 답해주시고 케어 팁도 많이 알려주셔서 큰 위로가 되었습니다.
궁금한 점 있으면 잘 알려주셔요 !!
​
🍼 프리미엄 아기용품 사용
- 분유 : 루비락
- 기저귀 : 르소메, 리베로
- 아기로션 : 로하스베베
- 아기 세제 : 베베르엘
리엘을 선택하길 정말 잘했다고 느낀 점 중 하나는 아기들이 쓰는 용품을 전부 최고급 제품으로만 엄선해서 사용한다는 거였어요.
​
🧹 완벽한 룸케어
조리원에서는 정말 '쉬는 것'에만 집중할 수 있게 시스템이 잘 되어 있어요. 매일매일 방 청소 꼼꼼하게 해주시고, 매일 새 산모복 지급은 물론이고 개인 빨래까지 싹 세탁해서 가져다주십니다. 손가락 하나 까딱 안 하고 대접받는 기분이라 진짜 조리원 천국을 제대로 실감했어요.
​
💆‍♀️ 유명한 리엘 마사지 (추가 결제 추천 !)
리엘 하면 마사지 유명한 거 아시죠?
저도 입소할 때 서비스로 무료 유방 마사지랑 전신 마사지를 받았는데, 와... 진짜 신세계를 경험했습니다. 임신 기간 내내 뭉쳤던 근육과 출산 오로, 붓기가 싹 가시는 느낌으로 너무 시원하더라고요. 이 손맛은 놓치면 안 되겠다 싶어서 바로 7회 추가 결제해서 받았어요. 덕분에 조리원 나갈 때 몸무게도 많이 줄고 몸이 훨씬 가벼워졌답니다. 부종도 많이 빠지고 마사지 받으니까 화장실도 잘 가더라구요. 조리원에서 총 10kg감량했습니다. 마사지는 무조건 추가하시길 추천드려요!
​
📸 소소하지만 확실한 행복 (셀픽 / 베베캠)
또 하나 저의 활력소였던 공간!
9층에 하루에 한 장씩 무료로 아기 사진을 인화할 수 있는 셀픽 기계가 있어요.
매일 핸드폰으로 찍은 우리 아기 심쿵 사진을 골라서 한 장씩 인화하는 게 제 하루의 유일한 낙이자 힐링 타임이었답니다. 퇴소할 때 인화된 사진 모아보니 괜히 뿌듯하고 좋은 추억이 되었어요.
그리고 실시간으로 아기모습 볼 수 있는 베베캠 !
앱 설치 후 가입하면 하루 2번 정해진 시간(10:40~11:00 / 16:00~16:20)에 신생아실에 있는 아기 모습을 볼 수 있어요🥰
​
✨ 총평 ✨
원장님을 비롯해 신생아실 선생님들, 마사지 실장님, 청소해주시는 이모님들까지 모두 너무 친절하셔서 머무는 내내 심적으로도 육체적으로도 완벽하게 힐링하고 갑니다.
시설, 위생(세스코 관리라 안심!), 식사, 케어 어느 하나 빠지는 것 없이 대만족이었던 리엘산후조리원!
둘째가 생긴다면(먼 미래지만요ㅎㅎ) 망설임 없이 또 리엘로 올 것 같아요. 달서구 조리원 고민 중이신 예비맘들이 계신다면 강력 추천합니다! 👍
​
​
​",,0,https://cafe.naver.com/f-e/cafes/24000254/articles/7323297?boardtype=L&userDisplay=50&menuid=13&referrerAllArticles=false&inCafeSearch=true&query=%EB%B9%A8%EB%9E%98&art=aW50ZXJuYWwtY2FmZS1hcnRpY2xlLXJlYWQtaW5DYWZlLXNlYXJjaC1saXN0.eyJ0eXAiOiJKV1QiLCJhbGciOiJIUzI1NiJ9.eyJjYWZlVHlwZSI6IkNBRkVfSUQiLCJhcnRpY2xlSWQiOjczMjMyOTcsImlzc3VlZEF0IjoxNzg4MjMzMTY0OTczLCJjYWZlSWQiOjI0MDAwMjU0fQ.tOMYexuXEXRONZV5ULK3xMofCfz3gC69DRZyIjFGJik&page=1,JKS
대구맘365,24000254,13,빨래,대구 더블유여성병원 조리원 내돈내산 후기,2026.06.15. 10:46,"안녕하세요 13박14일 내돈내산 후기 알려드릴께요.
​
대구 W 여성병원 에서 출산을 하고 바로 위에 있는 여성병원 조리원을 이용했어요.
​
우선은 다른 곳으로 이동 할 필요 없이 엘리베이터만 타고 바로 조리원으로 올라올 수 있어서 걱정 없이 이동할 수 있었어요.
​
저는 일요일날 입소라서 금요일 날에 입소 교육을 듣고  일요일 날에 입소하기 전 남편과 코로나 검사를 하고 입소을 했어요. 조리원에 있는 동안 저는 한 번만 검사를 했고 남편은 3일에 한번씩 코로나 검사가 필요해요
​
저는 임신 8주차에 조리원을 VVIP로 예약을 했었는데 남편이 자고 갈 수 없다고 해서 25주가 넘었을 때 일반실 3.5 평 으로 변경 하여서 611호를 사용했어요
​
위치가 엘레베이터 바로 앞이라서 시끄러울까봐 걱정했는데 크게 시끄럽지도 않았고 바로 앞에 식당이 있어서 밥 먹으러 갈 때 수월 했어요. 그리고 6층에 수유실,신생아실,혈압 및 체온  측정 하는 곳,식당,사우나실 이 있어서 일반실로 바꾸길 잘했다는 생각이 들었어요. 물론 방의 크기가 조금 작고 화장실이 많이 좁아서 씻기 불편한점은 있었지만 그래도 생활 하는데 있어서 큰 지장은 없었어요
​
아침은 매일 아침 8시 10분에 방앞으로 가져다 주세요. 다먹은 뒤엔 복도에 놔두는 곳이 있어서 그쪽으로 두시면 되세요
​
방청소는 일요일 빼고 다 해주시는데 10시 20분 이후부터 해주세요 엄청 깨끗하게 해주시는건 아닌것 같았어요 아무래도 많은 방을 치워야 해서 그런지 보통 1~2분이면 끝나더라구요
청소를 원치 않는 날에는 방문 앞에 쓰레기통을 두면 쓰레기통만 비워주세요
​
복도 가운데에 개인빨래와 조리원복을 세탁해주시는 곳이 있는데 개인빨래는 방안에 준비되어있는 세탁망에 넣어서 개인 세탁함에 넣고 세탁물 수거 명단에 작성해주시면 보통 다음날 11시쯤 세탁되어서 나와요
​
하루에 보통 슈유콜은 4번정도 오는데 수유 시간을 좀더 늘리겠다고 하면 더 자주 불러주세요
밥을 먹거나 마사지 휴식등을 취하고 있을때는 다음 수유때 갈께요 라고 하면 알겠다고 해주시니 수유 안간다고 할때도 불편함 없었어요 저는 아기가 제가 밥먹을때 수유콜이 오면 제가 갈때까지 기다려야 하니까 그냥 선생님이 먹여 달라고 부탁 드리고 다음 수유때 갔어요
​
수유할때 궁금한점 있을때마다 선생님들께 물어보면 친절하게 다들 가르쳐주셔서 부담 없이 선생님들께 물어볼수 있어요.
​
점심,간식,저녁,야식은 식당에가서 이용을 하면 되는데요 점심,저녁은 뷔페식으로 원하는 많큼 떠서 드시면 되고 간식은 1인당 먹는양으로 준비되어 있어서 들고 식당에서 먹으면 되요
저는 야식은 항상 죽과 미역국이 나와서 저는 한번도 안먹었네요
​
식당 안쪽으로 들어가면 아기 사진을 뽑을수 있는곳이 있어요 매일 한장씩 뽑을수 있어서 저는 밥먹고 항상 뽑았어요
​
7층에는 마사지실이 있어서 마사지를 받으면서 관리 받을수 있는데요 마유는 1회에 11만원 (1시간20분)아로마는 1회에 8만원(50분) 이예요 일반실을 이용하면 아로마 1회 서비스를 받을수 있었는데 저는 마유 6회를 추가로 받았아요 마사지를 받고나면 땀도 나고 뭉쳐있는 가슴도 잘 풀어주셔서 엄청 시원해서 마사지 받는걸 추천 드려요.
​
퇴원후 조리원에 있는동안 외래진료를 3번정도 받았는데 같은 건물에 있다보니 엘레베이터만 타고 바로 진료를 볼수있어서 좋았고 아기들도 진료를 봐야할때에 바로 볼수 있어서 좋았어요
​
조리원에 있는동안에 밥도 잘먹고 잠도 잘자고 모른것 투성이 였는데 많을걸 배울수 있어서 좋았어요 더블유 여성병원에서 아기 낳는분들이 계시면 바로 위에 있는 조리원 추천드려요~
​
​
​
​
입실 설명할때 주시는 유인물
식당에서 원하는 만큼 떠서 먹으면 돼요
매일 아침 방으로 주시는 아침밥
혈압 및 체온 측정 하는곳(옆에 체중계도 있음)
​
매일 1장씩 뽑을수 있어요~
​",,0,https://cafe.naver.com/f-e/cafes/24000254/articles/7323106?boardtype=L&userDisplay=50&menuid=13&referrerAllArticles=false&inCafeSearch=true&query=%EB%B9%A8%EB%9E%98&art=aW50ZXJuYWwtY2FmZS1hcnRpY2xlLXJlYWQtaW5DYWZlLXNlYXJjaC1saXN0.eyJ0eXAiOiJKV1QiLCJhbGciOiJIUzI1NiJ9.eyJjYWZlVHlwZSI6IkNBRkVfSUQiLCJhcnRpY2xlSWQiOjczMjMxMDYsImlzc3VlZEF0IjoxNzg4MjMzMTY0OTczLCJjYWZlSWQiOjI0MDAwMjU0fQ.UcliHMjDO07-3-crTCO1X-SPX_QmFl_LXJfOLgbUT3Y&page=1,JKS
대구맘365,24000254,13,빨래,조은맘 산후도우미 후기,2026.05.19. 14:35,"출산 전 베이비키즈페어에 갔다가 여러 업체 상담을 받아본 뒤 최종적으로 선택한 곳이 조은맘 산후도우미 였어요. 상담할 때부터 체계적으로 관리해주는 느낌이 들어 믿음이 갔고, 실제 이용하면서도 만족도가 정말 높았어요.
​
사실 가장 걱정했던 부분은 어떤 이모님을 만나게 될지였는데, 너무 좋은 분을 만나서 3주 동안 편안하게 지낼 수 있었어요.
무엇보다 가장 만족했던 건 아기를 정말 예뻐해주시고 진심으로 대해주셨다는 점이에요.
청소나 음식도 물론 중요하지만 저는 아기를 대하는 태도를 가장 우선으로 생각했거든요. 그런 부분에서 정말 큰 만족을 느꼈어요.
​
아기 목욕이나 케어도 능숙하게 잘해주시고, 배 마사지도 시원하게 잘해주셨어요.
아기에게 말도 많이 걸어주시고 예뻐해주셔서 옆에서 보는 저까지 마음이 놓였답니다.
아침마다 일찍 오셔서 환기부터 빨래 개기, 청소기 밀기까지 깔끔하게 하루를 시작해주신 점도 정말 좋았어요.
​
식사는 시어머님께서 반찬을 많이 챙겨주셔서 시어머님 반찬위주로 꺼내먹어서 이모님 음식을 많이먹어본건 아니지만, 가끔 해주셨던 음식들은 정말 맛있어서 더 못 먹어본 게 아쉬울 정도였어요ㅎㅎ그래서 늘 국은 새로 해주셨습니다:)
​
3주 계약했는데 시간이 정말 순식간에 지나갔고, 오늘이 마지막 날이라 아쉬운 마음에 이렇게 후기를 남겨봅니다.
산후조리 기간 동안 큰 도움 받았고 정말 만족스러운 시간이었어요^ㅇ^",,0,https://cafe.naver.com/f-e/cafes/24000254/articles/7304400?boardtype=L&userDisplay=50&menuid=13&referrerAllArticles=false&inCafeSearch=true&query=%EB%B9%A8%EB%9E%98&art=aW50ZXJuYWwtY2FmZS1hcnRpY2xlLXJlYWQtaW5DYWZlLXNlYXJjaC1saXN0.eyJ0eXAiOiJKV1QiLCJhbGciOiJIUzI1NiJ9.eyJjYWZlVHlwZSI6IkNBRkVfSUQiLCJhcnRpY2xlSWQiOjczMDQ0MDAsImlzc3VlZEF0IjoxNzg4MjMzMTY0OTczLCJjYWZlSWQiOjI0MDAwMjU0fQ.J-oSxxeC4pWKqG_SYqoewDruVCA0TOIdzP_KlQNnWDI&page=1,JKS
대구맘365,24000254,13,빨래,제왕절개 + 모유수유 산모의 산후도우미 내돈내산 강력추천 후기(대구산후도우미업체 참사랑어머니회),2026.05.18. 14:03,"(임신부 여러분, 특히 제왕절개 예정이시거나 모유수유 고민 중이시라면 꼭 읽어주세요!)
안녕하세요, 지금 막 산후 40일을 넘긴 30중후 초산모 엄마입니다.
이번이 첫아이인데, 아이 몸무게가 3.8키로에 개인적인 사유로 제왕절개로 출산했어요. 솔직히 수술 후 통증도 통증이지만, 모유수유 하면서 몸 회복까지 신경 쓰다 보니 “도대체 어떻게 버티지?” 싶을 정도로 막막하더라고요. 그래서 산후도우미를 3주간 모시기로 결정했는데… 정말 인생 선택이었다고 말하고 싶어요.!!
(조리원보다 천국이라고 감히 말합니다!!)
제가 모신 산후도우미님은 진짜 ‘산모 중심’ 이 무엇인지 ‘참사랑’을 담은 케어를 제대로 보여주신 분입니다.
1. 산모한테 절대 부담 주지 않는 조언 + 세심한 배려
많은 도우미님들이 “이렇게 해야 해요”, “저렇게 해야 해요” 하면서 산모를 압박하시는데, 이 분은 전혀 그러지 않으셨어요.
제가 모유수유 때문에 고민할 때마다 “산모님 지금 컨디션이 제일 중요하니, 제가 있을 때 충분히 쉬고 잘 챙겨드세요. 제가 이렇게 도와드릴게요” 하시면서 부담 없이 자연스럽게 조언을 주셨어요.
그 한마디가 얼마나 큰 위로가 되는지… 모유수유와 유축의 힘듦으로 우울감도 살짝 있었는데, 매일 “산모님 오늘도 정말 잘하고 계세요”라는 말이 진짜 약이 됐습니다.
2. 오직 산모와 아기만
3주 내내 핸드폰을 손에 든 적이 거의 없으셨어요.
반찬 만들고, 청소하고, 빨래하고, 아기 기저귀 갈고, 아기랑 놀아주고, 산모 마사지까지…
“하나라도 더 해드리겠다”는 마음이 정말 느껴졌어요.
특히 아기랑 놀아주실 때 그 미소가… 저보다 더 행복해 보이실 정도였어요. 제가 쉬는 동안 아기가 울면 바로 달려가서 달래주시고, 제가 수유 중일 때는 조용히 주변 정리만 해주셨죠.
3. 영양식, 모유수유 엄마를 위한 진짜 ‘맛집’ 요리
모유수유 하다 보면 “이거 먹어도 되나?” 고민이 끝이 없잖아요.
이 분은 사놓은 재료만 보고도 모유에 부담 없는 메뉴를 착착 만들어주셨어요.
원하는 음식 있으면 바로 “네, 만들어 드릴게요!” 하시고, 요리 솜씨가 진짜 좋으세요. 집밥맛 ㅠㅠ
산모 보양식 + 모유수유에 좋은 재료들로 가득한 한 상을 차려주셨어요.
“산모님이 잘 먹어야 된다. 모유수유하고 육아하면 힘이 많이 드니 잘 먹는 게 중요하다” 하시면서 항상 따뜻하게 챙겨주셨습니다.
4. 위생과 존중, 기본 중의 기본을 완벽하게
• 손씻기 + 마스크 착용은 기본 중의 기본
• 요리할 때는 반드시 앞치마 착용
• 아기 볼 때는 손소독까지 철저히
• 산모가 35살 젊은데, 본인보다 나이가 많으심에도 말씀이나 행동이 100% 존중 그 자체
이런 부분들이 모이는 순간, “아, 이 분은 진짜 믿고 맡겨도 되겠다” 라는 안심이 딱 들더라고요. 제왕절개 후 면역이 약해진 상태라 위생이 제일 걱정이었는데, 그 부분에서 스트레스 하나도 받지 않았어요.
솔직 후기 한 줄 요약
친구에 참사랑어머니회 추천받아서 이용하게 되었고, 업체에서 추천해주신 분으로 매칭되었는데 정말 ‘참사랑’이 왜 붙었는지 알게될정도로 만족스러웠습니다. 조리원도 좋았지만 제왕절개 모유수유 유축 쓰리콤보의 어려움에도 집에서 행복하게 육아할 수 있음은 선생님 덕분이라고 할정도입니다..
(육아해보신 분은 알겠지만 정말 핸드폰 볼 시간이 없어서 리뷰남기기도 어려움. 근데 너무 만족해서 진짜 올립니다)
“산후도우미를 부르는 이유가 ‘집안일 도움’만이 아니라, ‘마음의 안정과 몸의 회복’ 이라는 걸 제대로 알려주신 분입니다.”
임신부 여러분, 특히
• 제왕절개 예정이시거나
• 모유수유를 꼭 하고 싶은데 걱정이 많으신 분
• 고위험 산모라 더 신경이 쓰이시는 분
이런 분들께 강력 추천 드려요.
저처럼 “아, 이 분이 와주셔서 다행이다”라고 매일 생각하게 되는 산후도우미님을 만나실 수 있기를 진심으로 바랍니다.
산후도우미님, 정말 감사했습니다.
덕분에 몸도 마음도 많이 회복됐어요.
다음에 또 기회가 된다면 꼭 다시 모시고 싶습니다 ❤️
둘째때는 조리원 1주 도우미님 한달 이상은 하고 싶네요!!
(임신부님들, 산후 우울·통증·모유 고민으로 힘드시면 댓글로 이야기 나눠요. 서로 응원하면서 이겨내요!)",이수정관리사님이신데 동구만 하고계신대요! | 조리원은 아예 안가신건가요??,2,https://cafe.naver.com/f-e/cafes/24000254/articles/7303568?boardtype=L&userDisplay=50&menuid=13&referrerAllArticles=false&inCafeSearch=true&query=%EB%B9%A8%EB%9E%98&art=aW50ZXJuYWwtY2FmZS1hcnRpY2xlLXJlYWQtaW5DYWZlLXNlYXJjaC1saXN0.eyJ0eXAiOiJKV1QiLCJhbGciOiJIUzI1NiJ9.eyJjYWZlVHlwZSI6IkNBRkVfSUQiLCJhcnRpY2xlSWQiOjczMDM1NjgsImlzc3VlZEF0IjoxNzg4MjMzMTY0OTczLCJjYWZlSWQiOjI0MDAwMjU0fQ.Mxxz2YhhuIBSZoUUxPyTB0lqSgHTFczjHbm0bwP60Nw&page=1,JKS
대구맘365,24000254,13,빨래,대구 더블유여성병원 산후조리원 이용 후기!,2026.05.15. 09:32,"서울 토박이에 당시 임신 초기여서 작년 10월 이사왔을때 제일 중요하게 생각하고 열심히 알아봤던 게 믿고 출산할 수 있는 산부인과와 조리원이었습니다. 사실 조리원을 다른 3곳과 예약금까지 걸어두고 출산직전까지 고민 많이 했는데 최종적으로 더블유여성병원 조리원을 선택했습니다. 병원 연계, 가격, 친절함 등의 이유로 선택을 하게 되었는데 13박 14일동안 후회없이 잘 지내다 온 것 같습니다ㅎㅎ
저처럼 병원과 조리원이 궁금해서 검색해보시는 분들을 위해! 자세하고 솔직하게 후기를 작성하려 합니다☺️
​
저는 7층 특실 2주 계약을 했고 711호를 이용했어요.
​
6층, 7층이 조리원인데 대표적으로 6층에는 식당, 수유실, 신생아실이 있고 7층엔 마사지를 받을 수 있는 건강관리실이 있어요.
일단 조리원에 들어와서 진료를 한두번정도 더 본 것 같은데 엘베 타고 내려가면 바로 진료 볼 수 있어서 밖에 안 나가도 되니까 너무 편했어요. 근데 이게 장점이자 단점인 것 같아요. 맞은편에 엘베가 하나 더 있긴한데 둘다 1층부터 8층까지 운행하다보니 오래 기다려야 하는 불편함이.. 그래서 저는 대부분 운동과 회복의 이유로 계단을 이용했는데 아직 완벽히 몸 회복이 된 상태가 아니다보니 간혹 발 접질리거나 떨어질까봐 무섭더라고요ㅜㅜ 병원 또는 조리원 층만 이용 가능하거나 아니면 상하층 나눠서 운행하는 엘베가 있었으면 더 좋았겠다 싶었어요. 첫째때 다니던 산부인과 병원연계 조리원은 그렇게 운행해서 참 편했거든요.
완모 예정에 직수 유축 자주 하시며 계단 왔다갔다 하는 거 불편하다 싶으시면 무조건 6층으로 가세요..! 6층은 모두 일반실인데 7층처럼 도어락이 아니라서 열쇠를 가지고 다녀야 하지만 크게 불편해보이진 않았어요.
​
조리원 이용하면서 불편한점이나 몸에 문제가 있는 경우 7층 상담 데스크나 신생아실에 문의하면 되는데 전 애기 수유하면서, 유축한 거 가져다놓으면서 신생아실에 궁금한 거 있으면 바로바로 여쭤봤어요. 여쭤보면 다른 후기들에서 보고 들었던 것처럼 친절하게 자세히 설명해주시고 또 궁금한 거 있으면 언제든 얘기해달라 하셨는데 너무 든든했어요🥹
엄마들이 소중한 아가 믿고 맡기는만큼 신생아실에 계신 모든 분들이 신생아 케어에 굉장히 신경을 많이 쓰셨어요. 작은 거 하나하나 놓치지 않고 체크하시며 엄마에게 전부 이야기를 해주셨고 그래서 더욱 믿음이 갔어요.
​
여기는 감염예방 관리에 다른 조리원보다 신경을 많이 쓰고 있어요. 수유실이 좁아 안 그래도 덩치 큰 사람들은 서로 부딪힐 것 같은데 산모들 수유하는 텀이 다들 비슷하다보니 처음 수유콜 와서 수유하러 갔을때 사람들이 꽉 차있어 정말 놀랐어요..! 개인적으로, 산모들이 수유하고 있을때 저 사이를 왔다갔다 해야할때면 수유하고 있는 아기를 다리로 칠까봐 무서웠습니다ㅜㅜ
​
6층에는 식당과 식당 안쪽으로 들어가면 프로그램실도 있는데요, 후기들을 쭉 둘러봤을때 다들 음식이 엄청 맛있다고 하셔서 기대를 많이 해서 그런가😅 저는 막 그렇게까지 맛있고 특별하진 않았고 그냥저냥 먹을만했어요! 근데 모든 식사 메뉴를 영양가 있게 구성에 맞게 신경을 많이 쓰셨구나 라는 생각은 매일 했습니다. 덕분에 힘내서 애기 영양가 있는 젖도 물리고 아주 좋았습니다☺️👍🏻
​
식당 안쪽으로 문을 열고 들어가면 프로그램실이 있고 입구쪽에 사진 인화기가 있는데 사진 인화기 이용 시간이 9시부터 18시까지로 정해져있더라구요.!😲 하루 1장씩 인화할 수 있는데 시간이 정해져 있는 줄 몰라서 첫날은 못 뽑았어요😭 보통 식사 후 한장씩 뽑아가는데 저는 첫째가 있다보니 첫째에 대한 그리움을 매일 사진 한장씩 인화해서 보는 걸로 마음을 달랬습니다🥲
프로그램실 안에서는 산후요가, 파노라마북만들기, 이유식교육, 명상(싱잉볼) 등의 수업을 진행하는데 수업 시간이 길지 않고 대부분 기본 30분정도로 짧게짧게 진행되어서 궁금하시면 잠깐 수업 들어보시는 것도 나쁘진 않을 것 같아요.
특히 명상(싱잉볼)시간은 꼭 들어보시는 거 추천합니다!!!
​
*저는 건식사우나 이용을 안 해봐서 잘은 모르겠지만 프로그램실 안에 있고 이용 20분전에 7층 데스크실로 전화후 이용해야 해요~
​
*6층과 7층 모두 다용도실이 있고 이렇게 정수기, 빨래 보관함이 있어요.
대부분 6층에 자주 이용하는 곳들이 몰려있다보니 7층은 마사지를 매일 이용하시는 분들 아니라면 잘 안 오실 것 같아요.
7층은 상담 데스크실과 건강관리실이 있어요.
​
저는 방을 좀 더 크게 쓰고 싶어 7층 특실로 예약했는데 몇가지 불편한 점이 있었어요.
입실하기 전 청소를 해주신 걸로 알고 있는데 틈새 사이사이 먼지가 너무 잘 보이고 전체적으로 청소가 제대로 된 것 같아 보이진 않았어요. 그냥 눈에 보이는 것만 청소해주신 느낌.? 그래서 모자동실 할때 굉장히 신경쓰이긴 했어요ㅠ (이런경우 오전시간 방 청소 요청할때 구체적으로 말씀드리면 됩니다.) 그리고 화장실 작은건 여러 후기들에서 이미 보고 온거라 괜찮았는데 한번 샤워하고 나오면 화장실 문 밑으로 물이 다 새서 방바닥이 전부 물바다가 돼요.. 맨날 말씀드린다는 게 깜빡해서 퇴소할때라도 말하려고요..ㅎ 난리부르스 치며 샤워하는 것도 아닌데 이건 얼른 수리를 해주셔야 할 것 같아요.
그리고 711호는 도어락 문이 잠길때까지 잡고 있어야 문이 닫혀서 문 열고닫고 할때 불편했어요. (다른 방은 어떤지 잘 모르겠지만 뽑기 운인 것 같아요🥲)
*방음 잘 안 되고 비누와 휴지 및 화장실에 슬리퍼 없는 거 생각하고 미리 챙겨오셔야 합니다!(2주기준 두루마리 휴지 4~5개정도 가지고 오시면 될 것 같습니다.)
​
상담 데스크실은 보통 조리원 비용 결제할때나 문의할게 있으면 올라오세요. 저는 조리원 비용 첫만남 바우처 나오면 결제하려 했는데 조리원 오자마자 다 결제해야 한다고 하셔서 J인 저로서는 어떻게 결제할지 미리 계획을 다 짜놨는데 조금 당황스러웠어요. 대부분, 일부는 바우처로 결제 희망하실텐데.. 라고 여쭤보니 일부는 오늘결제하고 나머지는 다른날 결제 이런식으로 분할결제도 안되고 다들 바우처로 결제 안 하신다 하셔서 그렇구나.. 퇴소할때 결제하는 게 아닌 입실하자마자 결제하는 거로 미리 생각해두시고 가셔야 저처럼 당황하지 않으실 것 같아요🥹
그래도 상담 데스크실 계신 선생님 친절하시고 마주칠때마다 항상 웃어주셨어요. 필요한게 있거나 요청사항이 있을땐 전부 바로바로 해결해주셨구요ㅎㅎ
​
상담 데스크실 옆엔 건강관리실이 있는데 여기서 마사지를 받아요. 특실 2주 기준 아로마 마사지 1회 무료로 들어가 있는데 한번 받아보니 시원해요!👍🏻 근데 저는 마사지보다 유축, 잠이 더 중요했던 사람이라.. 시간나면 마사지 받아야지 생각했는데 너무 피곤해서ㅜㅋㅋㅋ 결국 기본 1회로 끝나고 말았어요.. 마사지 관련해서는 다른분 후기 보셔야 할 것 같아요🥹
​
이외에도 보호자 아침 식사인지 간식인지 빵이랑 커피가 나온다는데 저는 이용을 안 해봐서 잘 모르겠어요.!
아 그리고 식사는 간식, 야식 포함하면 하루 5끼인데 자기전 식사하면 속이 더부룩해서 야식은 잘 안 먹게 되더라구요. 그래서 그런지 다른 분들도 야식 드시러 오시는 거 잘 못 봤어요.
나머지 이용시설 안내사항 궁금한 거는 입실전 오티때 안내 용지를 미리 주시는데 거기에 다 나와있어서 그거 참고해주시면 될 것 같아요☺️
한줄로 간략하게 말하면 기본에 충실한 조리원이다! 라고 말할 수 있겠네요🥰
2주 너무 긴거 아니야.? 생각했는데 전혀요.. 퇴실하고 집가서 아기와 맞이할 시간들이 설레기도 하고 무섭기도 합니닼ㅋㅋㅋㅋ🥲👶🏻❤️
조리원에 계신 모든 분들이 세심하게 신경써주신만큼 만족하고 잘 쉬다 갈 수 있었어요. 고민마시고 얼른 더블유여성병원 산후조리원 예약하세요~!😆🌸",저도 더블유 조리원 예약 해뒀는데 너무 유익한 정보네요. 좋은정보 알고 갑니다!! | 더블유 저도 고려중인데 좋은 정보 감사합니다 | 좋은 정보 감사합니다,3,https://cafe.naver.com/f-e/cafes/24000254/articles/7301564?boardtype=L&userDisplay=50&menuid=13&referrerAllArticles=false&inCafeSearch=true&query=%EB%B9%A8%EB%9E%98&art=aW50ZXJuYWwtY2FmZS1hcnRpY2xlLXJlYWQtaW5DYWZlLXNlYXJjaC1saXN0.eyJ0eXAiOiJKV1QiLCJhbGciOiJIUzI1NiJ9.eyJjYWZlVHlwZSI6IkNBRkVfSUQiLCJhcnRpY2xlSWQiOjczMDE1NjQsImlzc3VlZEF0IjoxNzg4MjMzMTY0OTczLCJjYWZlSWQiOjI0MDAwMjU0fQ.lh-w_jXBQNGDiAsuBy905R_XpfLA06NCRT2IJQHqMA0&page=1,JKS
대구맘365,24000254,13,빨래,더블유산부인과 2주 후기,2026.05.06. 22:52,"첫째때도 출산하고 병원 조리원 이용했었는데
이번 둘째도 고민 없이 미리 예약하고
출산 후 입원실 갔다가 바로 올라 왔답니다
한 건물 안에서 모든게 해결되니 좋은거 같아요
저는 둘째지만 여기로 결정 했던 이유가 혹시 애기가
아프거나 문제가 생기면 소아과가 있고
아침마다 소아과 쌤이 회진해서 였어요
이번에 황달끼 좀 있다고 했는데 그때
결정 잘 했다 싶었어요
벌써 4년전인데 조리원 가격도 그대로 여서 놀랐어요
저는 6층 3.5평방으로 썼구요
진짜 첫째땐 너무 좁은거 아닌가 싶어 놀랐는데
쓰다보면 이상하게 적응 되고 딱 좋았어요
넓은곳 선호 하시면 7층 vip vvip로 가셔야 할거 같아요
Tv, 냉장고, 드라이기, 선풍기 등..
기본적으로 있을건 다 있답니다
방안에 유축기는 4년전꺼 보다 더 좋은걸로 바꼈어요
하지만 저는 단유해서 쓸일이 없었어요
식당은 6층에 있구요
조식은 시간되면 방으로 직접 갖다 주시고
다 먹고는 본인이 수거함으로 가져다 주심 됩니다
점심 간식 저녁 야식은 찾아가서 뷔페식으로
덜어 먹으면 되는데
야식이나 조식 원하지 않을때 X체크 하시면 되구요
매번 미역국 나오고
점심은 지겨울까 일반국 나오는데 혹시나 미역국 드시고 싶음 미리 말씀하심 되고
저 개인적으로 음식은 전체적으로 맛있게 먹었어요~
샐러드 과일은 매일 나와요!!
세탁은 세탁망에 넣어 빨래통 넣으면 되고
속옷,양말,타올만 가능해요!
산모복 넣는 통은 따로구요
위에 사물함에 세탁된 산모복이랑 빨래 다되면
같이 넣어준답니다
맞은편에 전자레인지 정수기 있어요
수유콜 받으면 가는 6층 수유실이에요
도넛방석이랑 발판 있고
수유쿠션도 요렇게 준비되어 있어요
벨 눌르면 선생님이 아기 데리고 오시고
또 데리고 가세요!
유축한 것도 여기 넣는 바구니 있고
조리원 깔대기도 있고 젖병도 준비되어 있어요
신생아실 앞 바로 보이는 곳에
혈압 체온 매일 셀프로 체크해서 기록하면 되고
체중계도 있으니 몸무게 확인도 가능해요 ㅎㅎ
여기가 신생아실이에요
하루 4타임 면회 가능하고
면회시간대에 커튼 열려 있어서 아기를 볼 수 있어요
시간외 면회도 가능하긴 해서 좋더라구요~
마지막 면회 시간이
10시~10:30이라 아빠들 늦어도 볼 수 있어서 좋았어요
여기가 7층 마사지실!!
저는 아로마보다 마유마사지가 더 좋아서
마유 받았어요!!
마사지실 앞 공간
남편을 위한 빵과 커피 마실 수 있는곳!!
참! 탯줄 떨어지면 수유실에서 선생님이 주시는데
예전엔 작은 유리병에 줬었는데
훨씬 큰병으로 바꼈네요~
남편 코로나 주 2회 검사 해야하고
자고 가는거 안되고!
예전엔 코로나 심했을때라 조리원 프로그램이
없었는데 지금은 요가도 있고
모자동실도 할 수 있더라구요 참고하세요!
담당의사쌤 간호사쌤 너무 좋고
여기 선생님들도 다 친절하셔서 좋았고
두번째 오니까 몇년전이라도 익숙해서 편안하게
있다가 돌아 갈거 같아요^^
​
​
​
​
​",가습기도 배치되어 있나요~? | 그건 없어요~ 공청만 있구요,2,https://cafe.naver.com/f-e/cafes/24000254/articles/7295717?boardtype=L&userDisplay=50&menuid=13&referrerAllArticles=false&inCafeSearch=true&query=%EB%B9%A8%EB%9E%98&art=aW50ZXJuYWwtY2FmZS1hcnRpY2xlLXJlYWQtaW5DYWZlLXNlYXJjaC1saXN0.eyJ0eXAiOiJKV1QiLCJhbGciOiJIUzI1NiJ9.eyJjYWZlVHlwZSI6IkNBRkVfSUQiLCJhcnRpY2xlSWQiOjcyOTU3MTcsImlzc3VlZEF0IjoxNzg4MjMzMTY0OTczLCJjYWZlSWQiOjI0MDAwMjU0fQ.GIHWabOyqOxeiv0DHG_5M3fDfvwypfIU2vBCO7M9fkc&page=1,JKS
대구맘365,24000254,13,빨래,꿈담산후조리원 이용후기,2026.05.06. 10:32,"다른 조리원에서 이슈가 있어서 도중에 퇴소하고
집으로 갈 엄두는 나지않았는데
감사하게도 꿈담에서 와도 된다고 해주셨어요
​
첨부터 꿈담 갈까 고민했었는데 진즉에 올걸 그랬어요 !!
첨부터 여기로 왔으면 신생아데리고
짐옮기는 수고는 안해도 될뻔했어요
요기는 신생아실 옆에 있는 수유실이에요 ㅎ
공청기도 있고 에어컨도 쾌적합니다
3층으로 배정받았는데 계단을 내려가야해요
불편하실 것 같으면
첨부터 2층으로 배정해달라고 하는 것도 방법이에요 !!
​
​
​
저는 브이아피실 이용했는데 짐을 수납할 공간이 많아서 좋았어요
침대는 집에 있는 백만원대 침대보단 불편했지만 허리안좋은 저도
십일동안 쓸만 했답니다 ㅎㅎ
여기는 빨래수납하는 곳인데 다먹고 음식트레이 가져다 놓는 곳이기도해요 ~ 브이브이아이피실 아니면 정수기도 여기서 이용하시면돼요
음식은 아침에는 주로 생선이 나오고 점심 저녁에 단백질 반찬과 샐러드가 같이 나오는 형식이었는데 .. 밥이 괜찮았는데 빨간 음식 양념이 좀 매웠어요
​
기타 자세한 상황은 요 사진을 참고해주세요 ㅎㅎ
저는 지내면서 시설도 깔끔해서 대만족했어요 ~~
특히 신생아케어하실때 여타 조리원처럼 물티슈를 쓰지않고
아기가 응가할때마다 씻기신다는 점이 좋았네요!
그리고 쌍둥이 산모분들도 많으셔서
아기케어를 잘해주신다는 인상을 받았어요",여기 괜찮나요? 밤늦게 신생아실 케어하시는분은 한명이 다하실까요? | 아뇨 여러명이 당번으로 하시는데 조리원 원장님이 많은 시간 꼼꼼하게 캐어하시고 다른 분들도 잘하시는거같아요 ㅎ | 저도 요기 예약해뒀어요~ 후기보니 맘이 더 놓이네요~^^ | 순산하시고 조리 잘하세요 ~~,4,https://cafe.naver.com/f-e/cafes/24000254/articles/7295149?boardtype=L&userDisplay=50&menuid=13&referrerAllArticles=false&inCafeSearch=true&query=%EB%B9%A8%EB%9E%98&art=aW50ZXJuYWwtY2FmZS1hcnRpY2xlLXJlYWQtaW5DYWZlLXNlYXJjaC1saXN0.eyJ0eXAiOiJKV1QiLCJhbGciOiJIUzI1NiJ9.eyJjYWZlVHlwZSI6IkNBRkVfSUQiLCJhcnRpY2xlSWQiOjcyOTUxNDksImlzc3VlZEF0IjoxNzg4MjMzMTY0OTczLCJjYWZlSWQiOjI0MDAwMjU0fQ._fCf2naY0_KLcgDf4kSltNf7BjiC8bukeQUkiXTfGLA&page=1,JKS
대구맘365,24000254,13,빨래,더블유여성병원 산후조리원 2주 특실 후기,2026.04.30. 00:50,"출산 전부터 산후조리원은 정말 많이 고민했어요.
시설, 식사, 프로그램도 중요했지만 제가 가장 우선으로 본 건
신생아실 케어
였어요.
초보엄마이다 보니 아기를 믿고 맡길 수 있는 곳인지가 가장 중요했거든요.
그런 점에서 더블유 여성병원 산후조리원을 선택한 가장 큰 이유는
한 건물 안에서 출산부터 조리까지 모두 해결되는 시스템
이었어요.
1층 소아과
2층 산부인과
3~5층 분만실 및 입원실
6~7층 산후조리원
이렇게 한 건물 안에 다 있어서 이동 동선이 정말 편리했어요.
​
산모 입장에서는 몸도 힘든데 외부 이동 없이 필요한 진료를 바로 볼 수 있다는 게 정말 큰 장점이더라고요.
​
제가 가장 만족했던 부분은 역시
신생아실 케어
였습니다.
신생아실 선생님들 모두 너무 친절하시고, 무엇보다 관리가 정말 철저해요.
코로나 관련해서도 굉장히 꼼꼼하게 관리하시는데,
산모들끼리도 너무 밀접하게 오래 대화하지 않도록 조심해달라고 안내해주시고,
남편 면회도 3일마다 코로나 검사를 받아야 가능했어요.
비용은 1만원인데, 깜빡하고 검사 없이 올라오면 바로 확인하시고
검사 후 올라오라고 안내해주실 정도로 철저했습니다.
처음에는 조금 엄격하다고 느낄 수도 있지만, 오히려 이런 부분 때문에 더 믿음이 갔어요.
“아기를 정말 안전하게 보호하고 있구나”라는 느낌이 확실히 들었거든요.
​
​
산모 건강 관리도 정말 꼼꼼했어요.
매일 혈압 체크, 오전/오후 체온 체크를 직접 기록해야 하고, 빠뜨리면 바로 연락 주세요.
그만큼 산모 컨디션까지 세심하게 보고 계신다는 게 느껴졌어요.
아기 관리도 체계적이었어요.
매일 아기 몸무게 변화, 대변 횟수 등을 기록한 신생아 일지를 붙여주셔서 매일 확인할 수 있었어요.
초보엄마 입장에서는 “우리 아기가 잘 먹고 있나?”, “배변은 괜찮나?”
이런 게 늘 걱정인데 눈으로 직접 확인할 수 있어서 안심이 됐습니다.
​
제가 조리원 생활 중 몸 상태가 안 좋아서 병원 진료를 보고 약 처방을 받은 적이 있었는데,
그때 신생아실 선생님들이 처방받은 약까지 꼼꼼하게 확인하시고,
실장님께서 직접 오셔서 상담까지 해주셨어요.
그 순간 정말 느꼈어요.
이곳은 단순히 아기를 맡아주는 곳이 아니라 산모와 아기 상태를 함께 책임감 있게 관리하는 곳이라는 걸요.
면회시간도 좋았어요.
저녁 10시부터 10시 30분까지도 면회가 가능해서 야근하고 온 남편도 잠깐 얼굴 보고 갈 수 있었어요.
면회시간에 아래 커튼이 열린답니다~
​
수유하면서도 정말 많은 도움을 받았어요.
초보엄마라 수유실에서 정말 많이 헤맸어요.
왜 우는지, 왜 자꾸 게워내는지, 제대로 먹고 있는 건지 하나하나 다 걱정됐는데,
궁금할 때 호출벨 누르면 바로 와주시고 자세하게 알려주셨어요.
무엇보다
“너무 걱정하지 마세요.”
이 한마디가 정말 큰 위로였어요.
출산 후 호르몬 영향 때문인지 생각보다 감정기복도 심하고 괜히 눈물도 나고 불안할 때가 많았는데,
이런 따뜻한 말들이 큰 힘이 됐습니다.
​
그리고 수유실에 수유쿠션도 준비되어있고,
여기서 기저귀도 갈고, 구비된 수딩젤, 크림 등도 바를 수도 있고 맨 아래칸에 보시면 발받침 할 의자까지
구비되어있어서, 산모가 좀 더 편안한 자세로 수유할 수 있는 배려가 느껴진답니다~
​
저도 자연분만 했는데, 자분 산모들을 위한 도넛방석까지 수유실에 구비되어있는 센스!!!
​
​
유축을 위한 깔대기와 젖병도 조리원에 다 구비되어있어서
유축 준비물을 하나도 챙기지 못했었는데, 편하게 잘 사용했답니다~
그리고 개인적으로 데피라 수유컵도 사용해보고,
손목이 아픈 거 같아서 핸즈프리 수유컵도 사서 사용해봤는데,
그런 개인용품도 저기 바구니에 사용 후 갖다놓으면 깨끗하게 세척 및 소독해서
소독기에 다시 넣어주신답니다~
​
조리원 용품뿐만 아니라 개인용품까지 챙겨주시는 점이 너무 좋았어요.
​
​
그리고 조리원실에서 쓸 수 있었던 이 스펙트라 유축기!
인터넷으로 대여하려고 보니 생각보다 1달 대여료가 비싸더라구요.
그만큼 유축기가 엄청 좋아요. 수유등도 3단계 켜지는 것은 물론이고,
일단 지인에게 빌린 스펙트라 유축기에 비해 소음이 훨~~~~~~씬 작고,
수유시간이 지금 몇 분 되었는지 다 카운트를 해주고,
30분이 되면 자동으로 꺼지는 기능까지... 이 좋은 유축기 쓰다가 지인에게 빌린 거 어떻게 쓰지 싶으네요 ㅎㅎ
​
​
그리고 식사.
여기는 진짜 식사가 너무 맛있어요.
지인이 예전에 여기 실습 나왔을 때 밥이 너무 맛있어서 여기 취직하고 싶었다고 했는데,
왜 그런 말 했는지 알겠더라고요.
산모식인데도 정말 맛있고 정성스럽게 나와요.
살 빼야겠다고 생각했는데 3끼를 너무 잘 챙겨 먹고 왔어요.
특히 좋았던 건 모유수유를 고려한 식단이라는 점이었어요.
빨간 김치 대신 백김치가 나와서 자극적이지 않았고,
세끼 모두 미역국만 반복되는 게 아니라 일반 국이 다양하게 나와서 질리지 않았어요.
식사가 잘 나오니까 회복에도 도움이 많이 되는 느낌이었어요.
그리고 간식도 나오는데, 솔직히 전 밥을 너무 맛있게 맛나게 먹어서
과자, 떡, 빵을 좋아하는 빵순이가 간식을 많이 못 챙겨먹어서 사진이 많이 없어요.
​
​
그리고 산후조리원 실장님도 정말 잘 챙겨주세요.
제가 원래 추위를 많이 타는 편인데 임신 후 체질이 바뀌어서 더위를 많이 타게 됐고,
조리원 내부가 산모 기준으로 따뜻하게 되어 있다 보니 더 덥게 느껴졌어요.
그걸 말씀드렸더니 바로
“옷을 원피스로 바꿔드릴까요?” 하시면서 불편하지 않도록 여러 방법을 먼저 제안해주시고
필요하신 거 있으시면 언제든 말씀하시라고 말씀주시며,
세심하게 챙겨주셔서 정말 감사했어요.
사소한 부분인데도 바로 반응해주시는 게 감사했어요.
​
그리고 실장님 계신 데스크에서
조리원에 있는 동안 신생아실에서 실제 먹이고 있는 프리미엄 산양분유를 저렴하게 구매할 수 있는 것도
큰 장점이었어요.
집에 가서 분유 연계할 때도 도움이 될 것 같아요.
​
마사지 관리도 정말 만족했습니다.
산후에는 몸도 힘들지만 마음이 더 힘들더라고요.
수유하고, 잠 못 자고, 아기 울음에 긴장하고, 내가 잘하고 있는 건지 계속 불안하고.
그럴 때 마사지 받는 시간이 정말 힐링이었어요.
마사지 선생님께서 몸만 풀어주시는 게 아니라 이야기도 많이 들어주시고,
“산모님이 먼저예요. 산모님을 먼저 생각하세요.”
라고 말씀해주셨는데 그 말씀이 정말 크게 와닿았어요.
괜히 울컥할 때도 많았는데 그 시간 덕분에 마음 정리가 많이 됐어요.
솔직히 집에 가서도 출장으로 모시고 싶다는 생각까지 했어요.
​
왼쪽 산모건강관리실이 마사지샵이랍니다.
​
그리고 프로그램도 좋았어요.
3층 병원 신생아실 수간호사 선생님께서 산후요가와 사운드베스 수업을 진행해주시는데,
단순히 몸 회복만이 아니라 마음까지 돌보는 시간 같았어요.
특히 기억에 남는 말이 있어요.
“지금 가장 소중한 사람은 누구인가요?”
다들 아기를 먼저 떠올렸는데,
선생님께서 가장 중요한 사람은 산모 본인이라고 하셨어요.
그리고 두 번째는 남편.
아이는 결국 독립할 존재이고, 평생 함께할 사람은 배우자이니
남편에게도 고맙다고 표현하고 서로 잘 지내는 모습이 아이에게 안정감을 준다고 말씀하셨는데
정말 많이 공감됐어요.
조리원 생활하면서 남편에게도 더 고맙다는 말을 하게 됐어요.
(여기가 6층 식당 옆 공간인데, 여기서 각종 수업이 이뤄지고,
사진을 못 찍었는데, 여기에 셀픽 기계가 있어서 매일 하루 1장씩 사진 인화를 할 수 있어서 좋았어요.)
​
​
생활적인 부분도 편리했어요.
6층, 7층마다 세탁물 수거함이 있어서 수유브라, 속옷, 수건, 조리원복까지 매일 세탁 가능해서 정말 편했어요.
출산 후에는 작은 집안일 하나도 버겁기 때문에 이런 시스템이 정말 도움이 됩니다.
2주 동안 지내보니 왜 더블유 여성병원 산후조리원이 만족도가 높은지 알겠더라고요.
몸 회복도 잘했고, 육아에 대한 자신감도 조금 생겼고,
무엇보다 초보엄마로서 혼자가 아니라는 안정감을 많이 얻고 갑니다.
출산 직후 가장 예민하고 불안한 시기에 따뜻하게 챙겨주신
신생아실 선생님들, 실장님, 마사지 선생님 모두 감사드립니다.
둘째가 생긴다면 다시 오고 싶을 만큼 만족했던 산후조리원이었어요.
​",저도 곧 가야하는데...혹시 빨래 이런 부분은 괜찮을까요? 병원복이 아닌 개인 빨래도 빨아주시나요? (내복),1,https://cafe.naver.com/f-e/cafes/24000254/articles/7291247?boardtype=L&userDisplay=50&menuid=13&referrerAllArticles=false&inCafeSearch=true&query=%EB%B9%A8%EB%9E%98&art=aW50ZXJuYWwtY2FmZS1hcnRpY2xlLXJlYWQtaW5DYWZlLXNlYXJjaC1saXN0.eyJ0eXAiOiJKV1QiLCJhbGciOiJIUzI1NiJ9.eyJjYWZlVHlwZSI6IkNBRkVfSUQiLCJhcnRpY2xlSWQiOjcyOTEyNDcsImlzc3VlZEF0IjoxNzg4MjMzMTY0OTczLCJjYWZlSWQiOjI0MDAwMjU0fQ.yTJPm1ULgzC__W8M19lkUSN0tsMq-vOr97ZXpjmHmsg&page=1,JKS
대구맘365,24000254,13,빨래,닥터안 산후조리원 9박10일 후기,2026.04.01. 15:55,"이번이 두 번째 출산이었기 때문에 조리원과 산후도우미 사이에서 고민을 많이 했어요. 고민 끝에 집 가까운 곳에서 푹 쉬며 몸조리를 하고 돌아오는 게 좋겠다고 생각해서 조리원을 선택하게 되었답니다.
​
처음에는 출산 병원과 연계된 조리원을 알아봤는데, 모자동실이 안 되고 아이를 자유롭게 볼 수 없는 점이 마음에 걸려서 선택하지 않게 되었어요.
​
제가 조리원을 고를 때 중요하게 생각했던 조건은
✔ 집과 가까울 것
✔ 첫째가 있어 산모 외출이 자유로울 것
✔ 남편이 편하게 자주 방문해 아기를 볼 수 있을 것
​
이 세 가지였는데, 이 조건에 딱 맞는 곳이 바로 닥터안 산후조리원이었어요. 그래서 고민 없이 바로 예약했습니다.
​
가성비 좋은 조리원이라는 이야기를 많이 들어서 기대를 했는데, 실제로 입실해보니 방 컨디션이 다른 조리원들에 비해 훨씬 좋고 전반적으로 깔끔하고 조용해서 정말 푹 쉴 수 있는 환경이었어요.
​
특히 일반실도 다른 곳보다 넓어서 전혀 답답하지 않았고, 가격 대비 만족도가 정말 높았어요.
​
식사는 하루 3번(조식 8시, 중식 12시, 석식 17시), 간식은 하루 2번(14시, 19시) 제공되고,
매일 오전 9시쯤 빨래 수거와 방 청소(수건 2장, 산모복 1벌 리필)가 진행됩니다.
​
무엇보다 식사와 간식을 방으로 가져다 주셔서 수유 시간과 겹쳐도 편하게 먹을 수 있었던 점이 정말 좋았어요.
​
1층에는 신생아실, 수유실, 허그룸이 있는데요.
다른 조리원은 모자동실이 아니면 남편이 아기를 안아보기 어려운 경우가 많은데, 이곳은 허그룸이 있어서 남편도 언제든 방문해서 아기를 안아볼 수 있어 좋았어요.
​
신생아실은 소독 시간과 저녁 7시 이후부터 다음날 오전 9시까지는 블라인드가 내려오지만, 그 외 시간에는 자유롭게 오가며 창문을 통해 아기를 볼 수 있고, 아침/저녁 8시~8시 40분에는 베베캠으로도 확인할 수 있어요.
​
​
모자동실은 오전 9시부터 저녁 9시까지 원하는 시간에 가능하고(최소 3시간), 요청하면 아기를 방으로 데려다 주시고 다시 데리고 가주셔서 편리했어요.
​
* 산모가 외출한 날에는 수유 및 모자동실이 불가*
* 4층 찜질방,족욕실
*입소선물(손수건세트,아기모자,손싸개,족욕소금)
​
​
같은 건물 2층에 아세아연합의원이 있어서 퇴소 전에 BCG 접종을 할 수 있어, 신생아를 데리고 따로 외출할 필요가 없다(신생아실로 원장님께서 오셔서 접종진행) 는 점도 큰 장점이었어요. RSV접종도 할인된 가격으로 할수있어요!
​
​
아직 3일 정도 남았지만 신생아실 선생님들도 아기를 정말 잘 돌봐주시고, 도와주시는 여사님들도 모두 친절하셔서 몸도 마음도 편안하게 지내다 돌아갈거 같아요 🧡","저도 곧 가는데요! 첫째가있어서 궁금했는데 외출에 시간제한? 같은건 없나욧 ㅜ 주말에는 중간에 집에와서 첫째좀보고 집정리좀 할까해서요~ | 네 시간 제한은 없었어요😊다만 외출후 당일은 수유실,허그룸 다 이용이 안되는거말고는 제한 없었어요, | 같은곳 예약한 예비맘인데 떨리네요..!",3,https://cafe.naver.com/f-e/cafes/24000254/articles/7271103?boardtype=L&userDisplay=50&menuid=13&referrerAllArticles=false&inCafeSearch=true&query=%EB%B9%A8%EB%9E%98&art=aW50ZXJuYWwtY2FmZS1hcnRpY2xlLXJlYWQtaW5DYWZlLXNlYXJjaC1saXN0.eyJ0eXAiOiJKV1QiLCJhbGciOiJIUzI1NiJ9.eyJjYWZlVHlwZSI6IkNBRkVfSUQiLCJhcnRpY2xlSWQiOjcyNzExMDMsImlzc3VlZEF0IjoxNzg4MjMzMTY0OTczLCJjYWZlSWQiOjI0MDAwMjU0fQ.1sMKtsqhWTgOECQZDaGSPx1J0jQq2Pz5jz9uwzmAcZs&page=1,JKS
대구맘365,24000254,13,빨래,조은맘 산후도우미 [노분열]관리사님 추천합니다~,2026.03.16. 14:56,"안녕하세요,
​
조리원 퇴소 이후에 조은맘 산후도우미 3주간 이용했습니다.
첫 출산이라 걱정도 많이되고 회복도 중요하여 산후도우미가 필요했는데,
노분열 관리사님꼐서 너무나 잘해주셨습니다~
​
첫 번째로, 산모에게 필요한 건강식을 해주셨습니다.
제가 먹고싶다고 말만 하면 알아서 척척 해주셨습니다. 노분열 관리사님 덕분에 3주 동안
먹고 싶은 음식은 실컷 먹었습니다. 그리고 건강한 집밥으로 먹으니 회복도 빨리 되었습니다.
​
두 번째로, 아이를 너무나 잘 돌봐주세요.
아이가 생활패턴을 정확하게 파악하시고 미리 예측을 하세요. 제가 봤을 때는 울기만 하던 아이가,
관리사님께서 안으시면 금방 그치네요. 그리고 저한테도 상황별로 어떻게 육아를 해야 되는지
팁도 많이 주셨어요. 덕분에 지금도 유용하게 잘 써먹고 있습니다.
마지막으로 너무 친절하세요.
멀리서 오셔서 힘드시고 육아하는 게 보통 일이 아닌데.... 항상 친절하게 저와 아이를 대해주셔서 너무 감사했습니다.
요즘 산후도우미 이슈도 많고 걱정도 조금 했었는데, 친정엄마처럼 케어해주셔서 3주 동안 잘 지냈어요.
+청소/빨래도 너무 잘해주셔서 청결유지도 수월했습니다.
​
노분열 관리사님 추천합니다~~
​
​
​
​",,0,https://cafe.naver.com/f-e/cafes/24000254/articles/7260411?boardtype=L&userDisplay=50&menuid=13&referrerAllArticles=false&inCafeSearch=true&query=%EB%B9%A8%EB%9E%98&art=aW50ZXJuYWwtY2FmZS1hcnRpY2xlLXJlYWQtaW5DYWZlLXNlYXJjaC1saXN0.eyJ0eXAiOiJKV1QiLCJhbGciOiJIUzI1NiJ9.eyJjYWZlVHlwZSI6IkNBRkVfSUQiLCJhcnRpY2xlSWQiOjcyNjA0MTEsImlzc3VlZEF0IjoxNzg4MjMzMTY0OTczLCJjYWZlSWQiOjI0MDAwMjU0fQ.OCv3QdL-NI2toYS0Gi-jSmx2GY5IYoUXgitjmvPITZU&page=1,JKS
대구맘365,24000254,13,빨래,해피케어 대구 최태영 베스트 관리사님 추천해요!,2026.03.10. 13:16,"​
첫째 아기라 조리원 퇴소하고 나서 신생아 육아가 너무 막막해서 대구 산후도우미 업체를 알아보게 되었어요. 아무래도 처음이다 보니 믿고 맡길 수 있는 분을 찾는 게 가장 중요하더라고요
.
맘카페랑 후기들을 꽤 많이 찾아보다가 해피케어 이야기가 많이 보여서 알아보게 되었고, 최태영 베스트 관리사님으로 배정받게 되었답니다.
처음에는 낯설지 않을까 조금 걱정했는데 막상 오시고 나니 왜 후기가 좋은지 알겠더라고요. 아기 케어가 정말 능숙하셔서 신생아를 다루는 모습 자체가 굉장히 안정적이었어요. 저희 아기가 초기에 발진이 조금 있었는데 관리사님이 오실 때마다 깨끗하게 목욕도 시켜주시고 보습도 꼼꼼하게 해주셔서 어느 순간 많이 좋아졌어요.
또 터미타임이랑 베이비 마사지도 신경 써서 해주셨는데 아기가 점점 잘 따라주는 모습도 보이더라고요. 수유 텀도 적당하게 잡아주셔서 육아가 훨씬 수월해졌고, 아기가 먹고 나서 게워내는 이유 같은 것도 설명해주시면서 해결 방법도 알려주셔서 정말 도움이 많이 되었어요.
​
​
아기 케어뿐만 아니라 청소나 빨래, 설거지 같은 집안일도 꼼꼼하게 해주셔서 생활 자체가 훨씬 편해졌어요. 먹고 싶은 메뉴 말씀드리면 집밥도 뚝딱 만들어주셔서 출산 후에도 식사를 잘 챙겨 먹을 수 있었답니다.
며칠 함께 지내다 보니 분위기도 친정엄마처럼 편안해서 마음이 놓였고, 아기를 정말 예뻐해 주시는 게 느껴져서 믿고 맡길 수 있었어요. 조리원 퇴소 후 막막했던 시기에 개인적으로 큰 도움이 되었던 것 같아요.
혹시 대구 산후도우미 알아보고 계신 분들 계시면 해피케어도 한 번 비교해보셔도 괜찮을 것 같아요. ♥
​
50m
© NAVER Corp.
더보기
/OpenStreetMap
지도 데이터
x
© NAVER Corp.
/OpenStreetMap
지도 컨트롤러 범례
부동산
거리
읍,면,동
시,군,구
시,도
국가
해피케어 대구지점
대구광역시 수성구 청수로36길 70-23 1층
​",,0,https://cafe.naver.com/f-e/cafes/24000254/articles/7256308?boardtype=L&userDisplay=50&menuid=13&referrerAllArticles=false&inCafeSearch=true&query=%EB%B9%A8%EB%9E%98&art=aW50ZXJuYWwtY2FmZS1hcnRpY2xlLXJlYWQtaW5DYWZlLXNlYXJjaC1saXN0.eyJ0eXAiOiJKV1QiLCJhbGciOiJIUzI1NiJ9.eyJjYWZlVHlwZSI6IkNBRkVfSUQiLCJhcnRpY2xlSWQiOjcyNTYzMDgsImlzc3VlZEF0IjoxNzg4MjMzMTY0OTczLCJjYWZlSWQiOjI0MDAwMjU0fQ.jE63elbkuhyJeI-hKKXwT_-I25nAXFl0zXkeCl-5cBo&page=1,JKS
대구맘365,24000254,13,빨래,닥터안 산후조리원 후기,2026.03.02. 18:35,"닥터안산후조리원 2주 이용 후기!!
​
들어가자 마자 보이는 깔끔한 공간!!
닥터안산후조리원은 건물 전체가 산후조리원과 아세아병원으로 통째로 다 조리원 건물이예요!! 그래서 너무 마음에 들었어요!
​
1층은 신생아실과 상담실 허그룸과 수유실로 이루어져있구요
2층은 아세아병원
3층~5층은 산후조리원이에요 ㅎㅎ
​
3층에는 요가실이 있어서 거기서 다양한 프로그램이 이뤄지구
4층에는 족욕실과 찜질방이있어요
초록의자에 앉아서 남편이랑 처음 상담을 받았었지요~
요샌 조리원 자리가 빨리차서 임신 알고 바로 예약 걸어야해요!!
1층에는 안마의자 다리마사지기 발마시지기 파라핀기계 자동혈압계 체중계가 구비되어 있구요 남편분들도 같이 사용 할수 있어요~ 저희남편은 안마의자를 좋아했고 저는 파라핀 기계를 잘 썼답니당ㅎㅎ
​
신생아실은 이렇게 통유리로 되어있어서 애기들을 볼수있구요!
애기 가까이서 보고싶다고 말씀드리면 제일 앞자리로 데려와서 잘보이게 해주셔요 ㅎㅎ
​
가까이서 우리애기 배냇짓과 다양한 표정도 볼수있답니다 ㅎㅎ
​
여기는 수유실과 허그룸이구요
​
수유실은 수유콜 받고 내려와서 수유하는공간!!🍼
​
허그룸은 아빠와 애기가 만날수 있는공간이예요~🧑❤️👶
​
엄마도 외출하고오면 애기 수유랑 모자동실 안되는데 일정시간 지나고 아픈증상 없고하면 허그룸에서 애기 볼수있어요!
​
그래서 병원다녀오거나 밖에 잠시 다녀올때도 맘편히 다녀올수 있었답니다~!
​
허그룸과 수유실은 마스크 필수!!!😷
​
엄마는 수유실이고 모자동실이고 하면서 애기 그래도 자주 보지만
아빠들은 늦게까지 일하고 오는경우가 많아서 애기 잘못볼까 걱정했는데 12시까지 애기를 볼수있게 해주신데요!!
(허그룸이 하나라 미리 전화하고 가면 안겹치게 사용가능!!)
닥터안산후조리원 진짜 센스짱아닌가요!?👍👍👍
​
🍥모자동실은 오후 9시까지라 늦어도 6시엔 신청해야돼요🍥
(모자동실은 한번에 3시간이상 )
저는 4층 VVIP방을 이용했구요
바로 옆에 족욕실이 있어서 자주가서 족욕했더니 발 부은게 빨리 회복됐어요!! 족욕 소금도 넉넉하게 챙겨주셔서 자주 애용했답니당~☺️
족욕소금!! 색깔도 이뿌네요😆
족욕실과 찜찔방은 산모만 사용가능!!!
족욕실이 생각보다 작아서 꽉차서 족욕 못하고 허탕치고 오면 어떻하지했는데 사용하시는분들이 많이 없으신지 겹쳐서 한적은없고 맨날 혼자 조용히 하고왔어요ㅋㅋㅋㅋ
벽면에 족욕하는법 자세히 적혀있어서 족욕 초보자도 쌉가능!!!
찜질방은 온돌처럼 뜨끈뜨끈!! 저는 천식이있어서 Pass!!
오전 오후 8시~8시40분 캠도 볼수있어요ㅎㅎ
​
저는 우리애기 잘있나 보면서 유축했어요😃
평소에 잘 못보던 다양한표정 짓는거 다 저장해놔서 사진첩이 아주 많이 찼답니당!🥰🥰🥰
​
저는 VVIP실 사용해서 방이 진짜 컸구요
수유의자 애기침대도 있어서 모자동실할때 진짜 좋았어요!
소파랑 리프트탁자도 커서 좋았구요
다른방에 비해 티비도 짱크고 냉장고도 짱크고 옷장도 짱크곸ㅋㅋㅋㅋ
화장실도 커요!! 거기다가 의료기기 적외선 온열 비데도 있어서 자궁과 항문관리두 할수있어요 ㅎㅎ 괜히 VVIP가 아니군요!!
​
방안에 정수기까지 따로있어서 무겁게 텀블러 안들고 다녀서 너무 좋았어요 ㅎㅎ 방안에 있는 정수기 최고!!!!
원장님이 신생아실 회진도 직접 도시구 예방주사도 직접 놔주셔서
RSV 예방접종도 했어요! 조리원 이용객은 5만원할인까지!!
​
🍥참고로 BCG는 경피용(도장형)만 가능해요🍥
​
밖에 안나가서 좋고 의사선생님이 직접 주사 놔줘서 더 좋았어요!! 그리고 애기 황달이나 기저귀 발진도 잘봐주셔서 조리원 오자마자 기저귀 발진도 사라졌어요!!
신생아실로 애기 보이게 해서 주사 놔주시구
애기 주사 맞고나서 허그룸에서 안아주라 하셔서 안아서 달래주고 왔어용 기특한게 아파하면서 품에 안으니까 바로 새끈새끈 자는거있죠🥺🥺
​
닥터안 산후조리원 선생님들이 애기를 진짜 사랑으로 보살펴주시는게 눈에 보여서 너무 기분이 좋았어요 ㅎㅎ
항상 우리애기 이쁘다고 해주시구 힘드실텐데 계속 안아주시구 모르는거 물어보면 친절하게 답해주시구 뭐 하나라도 더 알려주시려구 하시구ㅜㅜ 바쁘신거 뻔히 보이는데... 이런거에 감동 받았어요😭😭 너무감사해요 선생님들😊😊😊
​
매일 청소도 해주시구 항상 필요한거 없냐 불편한거 없냐 물어봐
주시고 누가 들어오든 편하게 있으라고 일어나지말라며 조리 잘하고 나가야한다고 말씀해주시는 따뜻한 청소여사님까지!!☺️
​
정말 정많구 따뜻한 곳이예요🥰🥰🥰🥰🥰
​
거기다 중요한 밥과 간식!!! 같은거 여러번 못먹는 스타일인데
너무 미역국만 나오지도않고 반찬도 다양하고 맛있게 먹었어요!
미역국만 준다해서 어쩌나 했는데 예상보다 미역국 종류도 다양하고 국도 다양하게 나왔어요😋
밥도 방안에 넣어주시구 반찬이랑 밥 많이 달라하면 더 많이주셔서 좋아요!! 그릇이 사기 그릇이라 전자렌지 데워먹기 좋구요~밥 시간맞줘서 안먹어도 되서 너무 좋았어요
먹는시간이 자유로운대신 내놓은건 각자가 해야된다는거!!
그릇이 무거워서 카트 끌고와서 내거나 남편한테 그릇내달라고 해야돼요!! 생각보다 무거우니 손목조심!!! 남편찬스 쓰세요!😁
​
빨래도 다해주셔서 짱편해요!!👏👏👏 (산모빨래만 가능)
방안에 빨래통에 벗어두면 아침에 수거해가시고 새수건과 새옷도 주고 가시구요 개인빨래는 복도에 사물함에 넣어두시니
왔다갔다하다가 생각날때 집어오면 돼요~~ㅎㅎ
​
개인생활하기 좋은대신에 조리원동기 만드는건 조금 힘들거 같아요 ㅎㅎ 다들 방안에서만 지내시다보니 수유할때 말곤 마주칠일이 잘없어서요 그래도 전 운좋게 몇몇 좋은분 만나서 연락처 주고받았네요😆😆
​
둘째를 낳을진 모르겠지만 혹시나 낳게 된다면 또 닥터안 산후조리원으로 올거에요!! 잘 쉬다가 갑니다 ㅎㅎ
선생님들 너무 너무 감사했어요~~~☺️☺️☺️
​",,0,https://cafe.naver.com/f-e/cafes/24000254/articles/7250874?boardtype=L&userDisplay=50&menuid=13&referrerAllArticles=false&inCafeSearch=true&query=%EB%B9%A8%EB%9E%98&art=aW50ZXJuYWwtY2FmZS1hcnRpY2xlLXJlYWQtaW5DYWZlLXNlYXJjaC1saXN0.eyJ0eXAiOiJKV1QiLCJhbGciOiJIUzI1NiJ9.eyJjYWZlVHlwZSI6IkNBRkVfSUQiLCJhcnRpY2xlSWQiOjcyNTA4NzQsImlzc3VlZEF0IjoxNzg4MjMzMTY0OTczLCJjYWZlSWQiOjI0MDAwMjU0fQ.h7zH15MSKiYfjCUAcQW5xvw0T5-Bf4qBrCSoDt_Bmfo&page=1,JKS
대구맘365,24000254,13,빨래,베베루미아 산후도우미 3주 이용 후기,2026.03.02. 16:48,"예약할때나 지금이나 이 업체에 대한 후기가 많지 않아서
어느업체를 골라야할지 고민이 됐던 , 저같은 예비산모분들에게 이 후기가 도움이 될수있을까하여 올려보아용
​
50m
© NAVER Corp.
더보기
/OpenStreetMap
지도 데이터
x
© NAVER Corp.
/OpenStreetMap
지도 컨트롤러 범례
부동산
거리
읍,면,동
시,군,구
시,도
국가
베베루미아 대구점
대구광역시 중구 명륜로 39 1층 베베루미아 산후도우미
​
​
저는 총 3주 이용하고 넘 만족스러워 남겨보는 후기에요!
​
우선 제가 업체 선정시 가장 중요하게 생각했던 부분은 알아서 아기케어나 집안일을 유도리있게 잘 챙겨 주시는 부분이었고 저는 나이가 너무 많은신분들은 제가 조금 불편할것같아서 미리 말씀드렸어요(통화하는데 대표님이 젊으셔서인지 요런 소통이 잘되는점도 일단 좋았습니다)
​
총 세군데 전화를 돌렸는데 결론적으론 여기가 제가 원하는 이모님에 대해서도 제일 잘 맞춰 주실거 같았고 대표님두 친절하셔서 혹시나 문제가 생겨도 소통이 잘될거같아서 여기로 결정했어요!!
그리고 대부분은 그냥 넘어가는 서비스에 대해서도 한번더 꼼꼼하게 알려주셨구용ㅎㅎ
​
그래도 혹시나 저랑 안맞을까해서 걱정했는데 인상도 너무 좋으시고 유쾌한 이모님이 오셔서 걱정할 필요가 없었네용ㅋㅋ
​
우선 아기를 너무 예뻐해주셨고 넘 잘봐주셨는데 음식솜씨도 좋으셔서 진짜 배불리 먹었고 각종 밑반찬부터 신경써서 정말 많이 챙겨주셨어요(친정엄마가 와보시곤 놀라실 정도였습니다ㅋㅋ)
​
또 저한테나 남편에게도 혹시나 불편한건 없는지 여쭤봐주셨고 아기가 잠잘때면 알아서 청소나 빨래, 젖병 소독 등등 착착 다해주셔서 진짜 편하게 집에서 쉴 수 있었어요!
​
아기에게도 늘 예쁘다 사랑스럽다고 노래불러주시고 안보이는데서도 사랑을 많이 주시는게 느껴져서 4일째쯤 부터는 아예 마음을 놓고 쉬었던거 같아요 ㅎㅎ
(요즘 이런저런 이슈가 많아서 사실 좀 걱정이 됐었거든요ㅜㅜ)
남편도 육휴중이라 집에있는데 늘 다정하게 말걸어주시고 너무 정답게 챙겨주셔서 진짜 감동이었숩니당...
​
사실 그냥 일하러왔다 생각하고 아기만 보고 딱 가실거라 생각했었는데 그런게 아니라 정말 마음으로 아기를 대해주시고 이 일을 좋아하시는게 느껴져서 너무 좋았어용ㅎㅎ
​
퇴근전까지도 여유가 있으면 대충 시간 떼우시는게 아니라 뭐라도 더 하시려고 저한테 여쭤봐주시구 조금이라도 더 도움주려하셔서 마지막날까지도 넘 감사했어용,,
​
지금 이모님 가시고나서야 그동안 얼마나 많은 도움을 주셨었는지 그리고 그 덕분에 얼마나 수월한 육아를 할 수 있었는지 알게되었습니다,,ㅜㅜ
지금도 남편과 육아하면서 이모님 얘기를 할정도로 많이 기억이 나요!! 하나의 추억이 됐달까요...?ㅋㅋ
그래서 남편이랑 혹시나 둘째를 낳게된다면 어김없이 이 이모님을 찾기로했어용ㅋㅋ
이만 저의 후기가 도움이 되셨길 바라며, 모두 육아 화이팅입니당~
​
#베베루미아 #산후도우미후기 #대구산후도우미
마지막으로 울 기요미 사진투척🤍",저는 여기 베페가서 신청했었는데 후기보니 더 믿음이 가네요 ~ 이모님 정보 부탁드려도 될까요? | 네 쪽지드릴게요!! | 저두 이모님 정보좀 부탁드려용 | 댓글확인이 늦었네요ㅠㅠ 쪽지 드릴게요~~!,4,https://cafe.naver.com/f-e/cafes/24000254/articles/7250808?boardtype=L&userDisplay=50&menuid=13&referrerAllArticles=false&inCafeSearch=true&query=%EB%B9%A8%EB%9E%98&art=aW50ZXJuYWwtY2FmZS1hcnRpY2xlLXJlYWQtaW5DYWZlLXNlYXJjaC1saXN0.eyJ0eXAiOiJKV1QiLCJhbGciOiJIUzI1NiJ9.eyJjYWZlVHlwZSI6IkNBRkVfSUQiLCJhcnRpY2xlSWQiOjcyNTA4MDgsImlzc3VlZEF0IjoxNzg4MjMzMTY0OTczLCJjYWZlSWQiOjI0MDAwMjU0fQ.yS4cxiBiECyjf0P47dYBS3K8bl84Shk01IoY1I8zYrw&page=1,JKS
대구맘365,24000254,13,빨래,대구 여성메디파크병원 조리원 VIP룸 후기,2026.02.20. 21:42,"첫째 낳고 이용했던 여성메디파크병원 조리원
둘째 출산하고도 이용하게 되었어요
​
조리원 이용금액은 홈페이지에서 캡처해왔어요
​
저는 첫째때 사용했던 VIP룸을 2주 신청했습니다
여성메디파크병원 조리원은 보호자 1인에 한해 상주가 가능하다는 점!
첫째 낳고는 퇴소때까지 남편이랑 같이 지냈었는데 이번엔 둘째라 남편은 첫째 케어하느라
가끔 필요한 물건 갖다주러와서 잠깐씩만 있다가 가다보니 방이 더 크게 느껴졌던거 같아요
VIP룸은 2명이서 지내도 전혀 좁지 않은 크기의 방이에요
거실로 볼 수 있는 공간에는 2인용 식탁, 소파와 소파테이블이 있어요
입소선물로 준비되어있던
분유 2통, 모유저장팩, 산모패드, 가슴 찜질팩, 수면양말, 수유패드, 칫솔, 치약까지
​
아 그리고 500ml 생수가 20개씩 2팩 제공되어서 정수기 필요없이 편하게 마실수있어요
​
2주 지내는동안 아주 요긴하게 잘 쓰이는 선물들입니다ㅎㅎ
화장실은 입구 왼편에 위치해있고 변기, 세면대가 있어요
깨끗하고 깔끔하게 잘 관리가 되어있어서 좋았습니다
침대는 퀸사이즈인거같아요 2명이 자도 문제없어요
티비, 공기청정기, 유축기도 있고요
좌욕실에는 샤워기가 설치되어있어서 여기서 샤워하면됩니다
샴푸, 린스, 바디클렌저가 기본으로 준비되어있어요
냉장고, 옷장, 전자레인지, 전기포트 있고요
화장대, 미니빨래건조대, 드라이기가 있습니다
시밀레 유축기가 있어서 잘 썼어요
일주일치.식단표와 매달 진행되는 프로그램
식사는 하루 3끼, 간식은 식사 사이마다 3번 들어와요
보호자 식사가 무료라는점이 좋습니다!
​
잘 먹고 잘 쉬면서 둘째도 완모의 길을 걸을 수 있게 잘 준비중입니다ㅎㅎ
​
조리원실은 아기들 목욕시간인 2~3시를 제외하면 언제든 자유롭게 가서 아기 얼굴을 볼 수 있어요
​
가족들 면회오는 시간을 칼같이 정하지 않아도 된다는것도 큰 장점이에요
​
이제 퇴소까지 5일 남았네요
집에가면 다신 돌아오지 않을 자유시간ㅠㅠ
​
혼자 있으니 좀 심심하긴하지만 즐겨야겠어요!",,0,https://cafe.naver.com/f-e/cafes/24000254/articles/7244351?boardtype=L&userDisplay=50&menuid=13&referrerAllArticles=false&inCafeSearch=true&query=%EB%B9%A8%EB%9E%98&art=aW50ZXJuYWwtY2FmZS1hcnRpY2xlLXJlYWQtaW5DYWZlLXNlYXJjaC1saXN0.eyJ0eXAiOiJKV1QiLCJhbGciOiJIUzI1NiJ9.eyJjYWZlVHlwZSI6IkNBRkVfSUQiLCJhcnRpY2xlSWQiOjcyNDQzNTEsImlzc3VlZEF0IjoxNzg4MjMzMTY0OTczLCJjYWZlSWQiOjI0MDAwMjU0fQ.h_3QVe0BHqr704bKGnMgT3gkXaN96N-aLPurwnoR4Js&page=1,JKS
대구맘365,24000254,13,빨래,참사랑 어머니회 생후 40일부터 서비스 이용 후기,2026.02.14. 15:48,"안녕하세요 ʕ︲ᴥ︲ʔ
둘째 엄마의 산후도우미 서비스 이용 후기 입니다.
​
🏷️생후 40일부터 서비스 이용 시작
출산 입원 7일 조리원 10일,
남편이 한달동안 일을 안하게되어서
어차피 남편 있는 기간에는 도우미님 없어도 될 것 같아서  산후도우미를 늦게 부르게 되었어요.
​
​
🏷️식사 준비
첫째때는 시댁에서 반찬을 며칠에 한번씩 해주셔서 도우미님께 요리는 부탁하지않고 차려만 달라고 했죠.
​
이번에는 시어머니의 반찬 배달은 둘째라그런가 좀 줄었어요 ㅎㅎ 대신 이모님께서 요리를 맛있게 잘 해주셔서  이모님 퇴근 후 저녁, 다음날 아침까지 감사히 잘 먹었답니다.
​
전날 끓인 국이 남았어도 국은 매일 새롭게 해주시더라구요. 있는 거 먹으면되니 하지마시라고 할 때도 있었어요☺️ 그정도로 음식에 신경써주셨습니다.
​
남편이 이모님 밥이 너무 맛있다고 헤어지기 아쉽다고😅
​
​
🏷️집안일, 위생
➰ 집 오시면 옷 갈아입으시고 손부터 씻는 건 필수죠? 당연하지만 마스크도 항시 쓰고 계셔요.
열탕소독은 하루 한 번
​
➰ 집안일은 디테일하게는 안들어가요.
청소기 돌리고 물건 치워주시고 빨래, 빨래 개기,
식사준비
​
그냥 청소기 돌리고 물건만 정리해도 집이 깨끗해집니다. 첫날에 첫째 장난감 방도 청소기 부탁드렸더니 매일 해주셨어요. *첫째 있는 집은 추가요금 있어요.
​
​
​
🏷️60대 이모님이신데 힘드실법한데도 등센서 아기가 보채는 거 다 받아주시고 그 와중에 요리까지;;
이*옥 이모님 많이 보고싶을거에요 ㅠㅠ",아직 산후도우미 신청도 알아보지도 않은 31주차 산몬데ㅠㅠㅠㅠㅠ 왜케 도통 움직여지지를 않을까요 제손가락…,1,https://cafe.naver.com/f-e/cafes/24000254/articles/7240799?boardtype=L&userDisplay=50&menuid=13&referrerAllArticles=false&inCafeSearch=true&query=%EB%B9%A8%EB%9E%98&art=aW50ZXJuYWwtY2FmZS1hcnRpY2xlLXJlYWQtaW5DYWZlLXNlYXJjaC1saXN0.eyJ0eXAiOiJKV1QiLCJhbGciOiJIUzI1NiJ9.eyJjYWZlVHlwZSI6IkNBRkVfSUQiLCJhcnRpY2xlSWQiOjcyNDA3OTksImlzc3VlZEF0IjoxNzg4MjMzMTY0OTczLCJjYWZlSWQiOjI0MDAwMjU0fQ.PEezoQ_nmCdr7bKb2TfnfE_sr5bDDZ_14sHD2evfo8s&page=1,JKS
대구맘365,24000254,13,빨래,출산을 앞두고 산후도우미 고민중이에요..,2026.02.13. 11:39,"사는 곳은 북구구요...
남편이랑 산후도우미 안 쓰기로 했었는데..하두 뉴스에 많이 나오다보니 시어머니랑 친정엄마 찬스를 쓰려구 했는데...
갑자기 남편이 산후도우미 알아보자고 해서요ㅜㅜ
어느 업체가 좋을까요??
그리고 산후도우미 쓰려면 해야하는 절차나 그런게 따로 있나요??","한번 알아봐야겠어요ㅜㅜ 감사합니다~ | 최근 기사때문에 많이 불안하시겠어요ㅜㅜ 그래도 이슈화되서.. 업체에서 당분간 더 잘하려고 관리하지 않을까요? | 저는 해피케어에서 했어요~~~여기저기 알아보다가 아는분 추천받아서 했는데 좋았어요 | 불안해서 미루다 이제야 알아보려니 어떻게 해야하는지 모르겠네요ㅜㅜ 여러군데 알아봐야겠어요ㅜㅜ | 전 베스트맘에서 했어요~맛있는 반찬과 밥은 물론 청소와 빨래, 아기케어까지 너무나 깔끔하게 잘해주셔서 편하게 잘 지냈어요!! | 그렇군요!! 감사합니다~~ | 출산일기준 40일전부터 산후도우미 사용한다고 정부에 신청올려야해요! 업체 알아보시고 계약하시면 자세히 알려줍니다ㅎㅎ 지원금많아서 산후도우미 안쓰면 좀 아깝긴하죠 ㅠㅠ 밤낮없이 수유하면 아픈몸에 피곤하기도 하구요.. | 40일전....지금 예정일 기준 27일정도 남았는데..ㅜㅜ 문의해봐야겠어요ㅜㅜ | 그래도 쓰시는게ㅠㅠ몽베베 만족했구요전 그렇게 불편하시고 불안하시면 설거지,아기옷빨래,음식,청소 이런것만 도움 받아도 훨씬 키우시는데 편하실 거예요. | 보건소에 신청하셔야 돼요~ 그리고 업체에도 미리 연락해보세요 | 저도 부모님께 말씀드릴까 하다가 맘 편하게 휴맘 이용했는데 좋은분 만나서 편하게 조리 잘했어요 엄청 꼼꼼하시구 알아서 다 해주시니까 따로 말쓸드릴게 없더라구요 | 이용하세요ㅠㅠ밤,새벽에 못자요~!!몽베베 산후도우미 이용하구 만족했어요 | 밤수하면 오전에 적어도 2시간은 자줘야해요ㅠㅠ아님 엄마가 병나요보건소 신청하고 업체는 예정일 40일전에연락해서 계약하먄됩니다전 몽베베 이용했고 만족했어요진짜 도우미님 있고없고 차이 큽니다ㅜ",13,https://cafe.naver.com/f-e/cafes/24000254/articles/7239977?boardtype=L&userDisplay=50&menuid=13&referrerAllArticles=false&inCafeSearch=true&query=%EB%B9%A8%EB%9E%98&art=aW50ZXJuYWwtY2FmZS1hcnRpY2xlLXJlYWQtaW5DYWZlLXNlYXJjaC1saXN0.eyJ0eXAiOiJKV1QiLCJhbGciOiJIUzI1NiJ9.eyJjYWZlVHlwZSI6IkNBRkVfSUQiLCJhcnRpY2xlSWQiOjcyMzk5NzcsImlzc3VlZEF0IjoxNzg4MjMzMTY0OTczLCJjYWZlSWQiOjI0MDAwMjU0fQ.r-r2sFnke71byE_ECQWuOH-DBLKoFTcYaFldsRUKNb0&page=1,JKS
대구맘365,24000254,13,빨래,막달검사를 앞두고 느끼는 몸과 마음의 변화,2026.01.20. 10:37,"🔸출산후기 내용은 ""출산 성공 바이러스""
에 게시글 작성해 주시기 바랍니다.
​
🔸""예비맘정보공유"" 게시판에 위 게시글 작성시
활동정지 및 무통보 삭제됨을 알려드립니다.
​
안녕하세요 34주차가 된 따따에요.
지난번에는 9시에 접수했지만 12시가 넘어서야 진료를 봤던 터라, 이번에는 8시 30분에 갔는데도 원장님 수술 일정 때문에 오래 기다린 후에야 진료를 받을 수 있었어요.
대기시간이 길다보니 너무 힘들고 지루하다보니 '다른 원장님들도 실력이 다들 좋다고 하시니 원장님을 바꿔야하나?' 싶다가도 막상 진료실에 들어가면 '기다리느라 힘들었죠? 뭐는 좀 먹고 왔어요?' 하며 인사 건네는 원장님과 꼼꼼히 나의 상태를 살펴봐주시는 원장님을 만나면 그 기다림의 힘듦이 사라져요..^^;;
​
이번 정기검진 땐 서혜부 통증 때문에 걷는 것도 힘들고 숨도 차며, 배가 많이 내려온 것 같아 정기검진 때 원장님께 여쭤봤어요.
소변검사 결과를 먼저 보여주시며 소변으로 빠져나가는 이상 소견도 없고, 혈압도 정상이라 전반적으로 괜찮다고 하셨어요. 이어서 초음파를 보자고 하셨고, 제가 걷는 게 불편해 보였는지 왜 그러냐고 물으시더라구요. 서혜부가 아프다고 말씀드리니 그럴 수는 있지만 꽤 아파 보이긴 한다고 하셨어요. 또 배가 좀 내려온 것 같은데 지금 주수에 괜찮은지 여쭤봤더니, 괜찮다고 말씀해 주셔서 안심이 됐어요. 가볍게 산책하며 움직이는건 계속해도 된다고 하시더라구요.
​
3주 전 정기검진 때까지만 해도 아기 머리는 주수보다 1주 정도 크고, 배는 1~2주 작아서 몸무게가 조금 작다고 하셨었는데요. 이번 검진에서는 머리도 주수에 맞고, 배랑 몸무게도 조~금 작긴 하지만 주수에 맞다고 하셔서 정말 다행이었어요. 그리고 3주 뒤에 막달검사를 하자고 하시더라구요.
​
그 말을 듣는 순간, 임신 초기에는 “4주마다 진료요? 너무 오래 기다려야 하는 것 같아요…” 하며 괜히 슬퍼했던 기억이 떠올라서 기분이 참 묘했어요. 벌써 막달검사를 앞두고 있다니 말이에요.
배는 더 커지고 태동도 여전히 활발해서 몸 움직임은 많이 불편해졌지만, 뱃속에 있는 이 행복과 교감할 수 있는 시간도 이제 한 달 남짓 남았다고 생각하니 더 소중하게 느껴져요. 앞으로는 이 시간을 충분히 느끼고 교감하면서, 미루고 미뤄뒀던 맘마존 세팅과 출산가방 싸기, 아기 옷 빨래도 하나씩 차근차근 준비해보려고 해요.","너무무리하지마시고 하루에하나씩 차근차근 준비해봐여! 그래도 애기가 정상주수로 들어왔다니 다행이네요 ㅎㅎ 커도문제고 작아도문제고 뱃속에서는 이러나저러나 걱정이앞서게되네요..🥲 | 저도 여성아이병원 다니지만, 다른 원장님들도 대기가 길더라구요 ㅎㅎ 요즘 출산율이 높아졌나 병원갈 때마다 생각해요걷는게 불편할 정도로 아프시다니 정말 힘드시겠어요 ㅠ 남은 기간동안 덜 아프고 건강하게 지내셨으면 좋겠어요! | 확실히 막달되니 이리저리 또 아픈곳이 많아지고 걱정도 되는거같아요 ㅠㅠ 서혜부쪽이 아프시면 평소 생활도 힘드실텐데 고생이 많으셔요 ㅠㅠ 이제 정말 한달밖에 안남았으니 마지막까지 화이팅해봐요!! | 대기시간 길면 진짜 지치죠 ㅠㅠ 그래도 진료실 들어가서 한마디 한마디 챙겨주시는 원장님 만나면 괜히 마음 놓이는 거 공감돼요.서혜부통증에 배 내려온 느낌이라니.. 걱정됐을거 같아요ㅠㅠ 남은 한 달, 무리하지 말고 천천히 준비 잘 하시길 바랄게요",4,https://cafe.naver.com/f-e/cafes/24000254/articles/7222626?boardtype=L&userDisplay=50&menuid=13&referrerAllArticles=false&inCafeSearch=true&query=%EB%B9%A8%EB%9E%98&art=aW50ZXJuYWwtY2FmZS1hcnRpY2xlLXJlYWQtaW5DYWZlLXNlYXJjaC1saXN0.eyJ0eXAiOiJKV1QiLCJhbGciOiJIUzI1NiJ9.eyJjYWZlVHlwZSI6IkNBRkVfSUQiLCJhcnRpY2xlSWQiOjcyMjI2MjYsImlzc3VlZEF0IjoxNzg4MjMzMTY0OTczLCJjYWZlSWQiOjI0MDAwMjU0fQ.wynkv1Sb5kosFvA7VGlyPJeNBHw42uYXhufe2ZUqcoM&page=1,JKS
대구맘365,24000254,13,빨래,닥터안 산후조리원 이용 후기,2026.01.19. 13:20,"🔸출산후기 내용은 ""출산 성공 바이러스""
에 게시글 작성해 주시기 바랍니다.
​
🔸""예비맘정보공유"" 게시판에 위 게시글 작성시
활동정지 및 무통보 삭제됨을 알려드립니다.
​
산후조리원 고민하다가 집에서 가까운 곳에 닥터안 산후조리원이 있어서 이용하게 됐어요~
​
저는 일반실 이용했는데, 방 넓이도 혼자 또는 두명이서 지내기에 적당하고, 아늑하다는 느낌이었어요~ 지내는 내내 불편함 없이 이용했습니다~
​
신생아실이 하루 한 번 소독시간 1~3시 빼고는 9~21시동안 계속 오픈돼있어서 아기 보고싶을때 요청하면 유리창 앞으로 데려다 주셔요~
아기 모습 오전8시, 오후8시 하루 두번 40분씩 베베캠으로도 볼수 있었던게 또다른 재미였어요!
모유수유실은 수유콜 오면 내려가서 수유하실 수 있어요~ 허그실은 엄마아빠랑 아기랑 만나볼 수 있는 곳이에요!
​
찜질방, 족욕실도 언제든지 이용할 수 있었어요. 족욕할 때 쓰는 소금비누를 입소할 때 주시는데, 물에 풀어 쓰니 향도 좋고 매끄러워서 좋았어요!
​
밥은 8시,12시,5시에 나오고 간식은 2시,7시에 나와요! 밥 조금만 먹고 살 빼서 나가야지 했던 다짐과는 달리 밥이 너무 맛있어서 많이 못빼고 나갑니다ㅋㅋㅋ 방까지 직접 밥을 넣어주셔요!
산모실 청소는 아침 8:30~11시 사이에 이루어지고,  선물로 받은 빨래망에 빨래 담아두면 가져가셔서 당일 점심때쯤 주셔서 편했어요.
​
무엇보다도 실장님, 관리사님들이 친절하시고, 모르는거 질문하면 자세히 답해주셔서 편하게 이용할 수 있었습니다! 2층에서 병원도 운영하고 계시는데, 의사선생님께서 매일 아기들 회진도 도시는 것 같더라구요! 그래서 더욱 신뢰가 갔습니다~
​
산후에 최고로 편하게 쉬고싶다는 생각이었는데, 닥터안에서 푹 쉬었어요!",,0,https://cafe.naver.com/f-e/cafes/24000254/articles/7221991?boardtype=L&userDisplay=50&menuid=13&referrerAllArticles=false&inCafeSearch=true&query=%EB%B9%A8%EB%9E%98&art=aW50ZXJuYWwtY2FmZS1hcnRpY2xlLXJlYWQtaW5DYWZlLXNlYXJjaC1saXN0.eyJ0eXAiOiJKV1QiLCJhbGciOiJIUzI1NiJ9.eyJjYWZlVHlwZSI6IkNBRkVfSUQiLCJhcnRpY2xlSWQiOjcyMjE5OTEsImlzc3VlZEF0IjoxNzg4MjMzMTY0OTczLCJjYWZlSWQiOjI0MDAwMjU0fQ.6QZ5p_cyDDV-MSZSeYvWH-pUlJLpvw9CFsDV7q75G3I&page=1,JKS
대구맘365,24000254,13,빨래,슬슬 빨래공장돌릴까하는데..몇주부터하세요?!,2026.01.15. 00:30,"🔸출산후기 내용은 ""출산 성공 바이러스""
에 게시글 작성해 주시기 바랍니다.
​
🔸""예비맘정보공유"" 게시판에 위 게시글 작성시
활동정지 및 무통보 삭제됨을 알려드립니다.
​
​
​
​
곧33주차입니다!
슬슬 빨래공장을 돌릴까 하다가도
넘 빠른가 싶기도하네요 !
아직 한달이 남아서요.
​
근데 배가 넘 무거워서ㅠㅠ또 얼른해야되겠고..
34주에 시작해도 괜찮겠죠?!
​
빨래공장 팁이 있으신분들 알려주세요 🫶🏻🫶🏻
(+건조기 돌리시나요..?)","35주부터는 언제든 나올수도있다생각해서 저는 32주부터 살살시작했어요! 밤부손수건만 건조기돌렸고 거즈손수건이나 옷,그외용품들은 다 자연건조했어요 ㅎㅎ | 밤부손수건은 안쪼그라들던가요?! | 밤부 끝쪽은 거즈로돼있어서 그부분만 쪼그라드는데 보기에는 조금 거슬릴수있는데 탁탁터니까 괜찮았어요! | 아가꺼는 다 그냥 아가세제로 세탁만 하고 자연건조햇어용😆 | 역시ㅠ자연건조를 다들 하시군요 | 좀 크곤 건조기 돌리는데..옷이 짜불긴하더라두요..ㅎㅎ말릴 데가 없는가오ㅡ? | 저도 35주 넘어서 시작했어요^^ 또 맘 먹으면 금방 합니다! 파이팅입니다 | 금방하겠죠?ㅠㅠ걱정이 많네요ㅠㅠ | 36주에 마더케이 세탁망에 애기옷 넣고 호호에미세제로 빨았었어요! | 36주 안힘드셨어요?대단하세요! | 저는 34주에 미리 아기세제랑 호호에미섬유유연제로 해놨어요! 너무 늦게 하면 아기가 방 뺄까봐요 ㅎ | 저도 34주생각하고있는데ㅠ 벌써부터 힘들어요ㅠ | 저는 33주쯤에 시작햇어요 ㅎㅎ냉세탁, 헹궁 최대, 탈수 약하게 해서 자연건조하고, 건조기 먼지털기로 했는데, 건조기 먼지털기 못한 경우도 있구요! | 냉세탁!!요걸잊고잇엇네요ㅠ 33주인데 슬슬해야겠어요",14,https://cafe.naver.com/f-e/cafes/24000254/articles/7219147?boardtype=L&userDisplay=50&menuid=13&referrerAllArticles=false&inCafeSearch=true&query=%EB%B9%A8%EB%9E%98&art=aW50ZXJuYWwtY2FmZS1hcnRpY2xlLXJlYWQtaW5DYWZlLXNlYXJjaC1saXN0.eyJ0eXAiOiJKV1QiLCJhbGciOiJIUzI1NiJ9.eyJjYWZlVHlwZSI6IkNBRkVfSUQiLCJhcnRpY2xlSWQiOjcyMTkxNDcsImlzc3VlZEF0IjoxNzg4MjMzMTY0OTczLCJjYWZlSWQiOjI0MDAwMjU0fQ.ZwIvGwbqG-D0l6xTL3rYVnylM3n-xibf2yv9VAFHy_U&page=1,JKS
대구맘365,24000254,13,빨래,여성메디파크 수성점 산후조리원 후기,2025.12.25. 14:40,"안녕하세요, 둘째 조리원으로 정한 여성 메디파크의원 수성점 후기입니다
조리원 고민하시는분들 선택에 도움되고자 몇자 적어봅니다^^
​
먼저, 첫째는 효성병원 이어진 본느마망에서 보냈었는데, 장점이자 단점이 외부인출입을 엄격히 단속한다는 점이었습니다. 그때는 남편만 왕래하면 되었기에 잘보냈는데, 이제는 첫째가 있어 조리원 이용 중 보고싶을 것 같아, 배우자 외 면회가능한 곳을 찾다가 발견한곳이 여성메디파크였습니다.
​
사진은 못찍었는데 다른 후기들처럼 입소 선물로 분유/수면양말/양배추팩/수유패드/슬리퍼/물500mL*40개 등 넉넉하게 주셨습니다. 10일차 지내보면서서 좋은점을 나열해보자면,
1.원하면 언제든 아기면회가 가능하다. 대신 산모 동행 필! 3층 신생아실 층 로비에서 짧게나마 첫째도 자주 만났고, 부모님, 시부모님, 형제 자매들까지 왔다가 얼굴보고 갈 수 있었어요. 다들 궁금해하셨는데 해소하고 가셨습니다.
​
2.방으로 가져다 주는 식사는 아주 편하다! 내성적이라 조동 원하지 않았기에^^.. 원할 때 조용히 혼자 식사 할 수 있어 좋았습니다. 남편식사도 희망시 함께 나오는점도 아주 좋아요. 게다가 식사가 좀 맛있습니다. (근데 건강식<조금 달다구리 간 친 느낌?..이라서 맛은 더 있다고 느낀듯)
​
3.친절한 신생아실 선생님들이 계신다! 하나같이 친절하시고, 어려움있으면 지도해주시고 진심어리게 돌봐주십니다. 신생아실 들어가는 입구에 에어샤워 라고 특이한 시설이 있는데 온몸에 먼지를 바람으로 씻고 들어갈수 있습니다ㅋㅋ
​
4.마사지..♡ 두분 계시는데 제가 받으신 분, 정말 실력 좋으셔요. 첫째 때는 중요성을 몰랐는데 산후관리에 따라 체형이 많이 바뀐단 생각이 많이 들었습니다. 제왕절개하신분들 제왕상처 위에 뱃살 한번 더 접히는 부분(?) 있지요,, 그걸 많이 펴주셔서 배가 점점 들어가고 있습니다..ㅎㅎ
​
5.수건, 산모복 자유로운 환복 가능하게 쌓아두심, 셀프 빨래 가능해서 속옷 양말 등 세탁 가능
​
6.매일아침 혈압,체온 체크해주시면서 안부 물어주심
​
7.병원과 같은 건물이라 2층 소아과 선생님 회진을 자주 오신다! 황달 조금있는것 같다니 살펴주시고, 퇴소 전 BCG접종도 간호사 쌤과 대동하여 다녀오기로 해서 든든하네요
​","우와 제가 보고 있던 조리원이라 정보감사합니다! | 저도 여성메디조리원 예약했는데 후기가 넘 좋은거같아요!!모자동실이 없다고 알고있는데 아쉽진 않았나요?? | 모자동실없어서 남편은 아기 못안아봤는데(남편아쉽) 저는 수유콜 밤12시전까진 불러달라고 부탁드려서 하루에 4번이상 40~50분정도씩 만날수 있어서 아쉬움은 없어요 | 본느마망이랑 비교했을때 장단점이 어떤건가요?! | 장: 내향인에게 적합한 방에서 먹는식사/ 클래스 굳이 안들으면 산모님들이랑 친목 안해도됨/ 외출가능(하지만 외출한날은 수유못함)+약간 허술한 외출관리ㅋㅋ/가족친척첫째아이가 아기면회가능(본느마망은 남편빼고 불가)단: 단점은 아니지만,,사람이 적어서그런지 좀 썰렁한느낌??../본느마망이 인테리어가 더 아늑한 방 느낌이듭니다뭐 이렇게 적긴했지만 2주 잘 쉬다가서 참 맘에드는곳이에요. 현실육아 전 조리원라이프 만만세입니다!",5,https://cafe.naver.com/f-e/cafes/24000254/articles/7204623?boardtype=L&userDisplay=50&menuid=13&referrerAllArticles=false&inCafeSearch=true&query=%EB%B9%A8%EB%9E%98&art=aW50ZXJuYWwtY2FmZS1hcnRpY2xlLXJlYWQtaW5DYWZlLXNlYXJjaC1saXN0.eyJ0eXAiOiJKV1QiLCJhbGciOiJIUzI1NiJ9.eyJjYWZlVHlwZSI6IkNBRkVfSUQiLCJhcnRpY2xlSWQiOjcyMDQ2MjMsImlzc3VlZEF0IjoxNzg4MjMzMTY0OTczLCJjYWZlSWQiOjI0MDAwMjU0fQ.AFLi7cRwDQSnosA1stVrXnsKV3uUUh1fW1D447gar3M&page=1,JKS
대구맘365,24000254,13,빨래,아기이름 작명소 추천 부탁드려요~,2025.12.21. 19:44,"🔸출산후기 내용은 ""출산 성공 바이러스""
에 게시글 작성해 주시기 바랍니다.
​
🔸""예비맘정보공유"" 게시판에 위 게시글 작성시
활동정지 및 무통보 삭제됨을 알려드립니다.
​
​
안녕하세요. 임신 9개월차가 된 산모입니다 !
이제 아가를 볼 날이 얼마 안남아서 출산과 육아에 필요한 준비물도 사고 아기빨래도 하면서 슬슬 아기를 맞을 준비를 하고 있어요.(계속 리스트업하니 끝이 없네요 ㅠㅠ)
​
저는 제왕절개를 하기로 마음먹었는데, 제왕절개를 하려니 날을 택해야 하고 바로 출생신고를 하려면 이름도 미리 정해놓는게 좋을 것 같더라구요.
​
제왕절개날은 제가 다니고 있는 여성아이병원 김용석원장님께 꼭 수술받고 싶어서(자상하시고 출산후기방에 후기도 넘 좋으심) 38주에 스케줄 되는 날 먼저 여쭤보고
나오는 3일 중 손없는날 + 구글 제미나이한테 저희 사주랑 넣어서 잡아놓았어요~! 챗GPT랑 구글 제미나이한테 둘다 물어보니 날짜가 추려지더라구요.
38주에 낳으려고 하니 한달하고 일주일정도밖에 안남았네요.
​
이제 이름도 지어보려고 하는데 양가 부모님께서는 저희 부부에게 맡기는 편이라서 이것저것 이름 후보를 만들어봤는데 쉽지 않아서 작명소를 가야할 것 같아요. 둘다 이름짓기에 소질이 없어요...😂
​
양가 부모님 다 대구분이 아니셔서 괜찮은 작명소를 잘 모르는데
추천해줄 만한 곳 있으면 알려주시면 감사하겠습니다.
​
후보로 이름을 몇 개 작성해가면 저희 부부 사주팔자를 보고 후보인 이름 중 한자로 괜찮은 이름 있는지랑 새로운 이름 후보를 여러개 알려주시는걸까요? 절차도 궁금해요.
​
날이 갑자기 넘 추워졌는데
다들 감기 조심하시길!
​
​
​
​","아가 이름 정하는 것도 은근 큰 숙제죠… 생각할수록 더 어려워요ㅠㅠ 한 달 하고 일주일이라니 정말 코앞이네요.. 저는 자연분만 생각중이고 두 달 남았어요.. 후하우리 모두 막판까지 감기 조심하고 무사히 아가 만나요 🤍 | 준비할게 계속 있네요 ㅠㅠ ㅋㅋ 두달이면 저랑 비슷하시네용~ 자연분만 결정도 대단하셔요👍 저도 요즘 화두가 감기조심이에요~ 무사히 막달까지 보내시길! | 장행작명연구소 상당히 괜찮습니다! 이름을 많이줘요...! | 전 제 이름 중 한글자 들어가면 좋을 거 같아서 이름 두글자 중 한글자는 픽스해놓고 남편이랑 저랑 머리맞대고 후보 여러개 쭉 세워놓고 정했어요 ㅎㅎ 한자 뜻도 네이버 검색해보면서 저희끼리 짜맞춘 느낌으로...ㅎㅎ 한달하고 일주일 남으셨으면 정말 얼마 안남으셨네요 ㅠㅠ 긴장되시겠어요 출산까지 무사히 달려봐요 같이~~~ | 벌써 이름 지으셨군요 👏🏻👏🏻 저희는 후보는 나와도 선택이 어렵더라구요..차분히 잘 준비하시는것 같아요 😃 감기조심하시구 답글 감사합니다~ | 대구 윤관작명소 후기가 많더라구요~! 알려주셔서 감사합니다❤️ | 저희는 작년에 둘째 청담좋은ㅇㄹ연구학회에서 받았었는데 전문가 네분이 같이 사주 봐가면서 지어주셔서 괜찮았어요^^ | 4분이 사주봐주시는거 신기하네요 ㅎㅎ 좀더 믿음직할듯! 추천 감사해요~ 한번 찾아볼게용😃 | 저희두 양가부모님들이 이름은 부모맘대로지어라~ 하셔서 딸이기두하고 항렬자상관없이 짓기루해서 이름다움 어플로 태어나는날이랑 시간넣고 이름넣으니까 한자추천 해주더라구요! 작명소도 같은원리로 짓겠지 싶어서 이렇게지을려구요 ㅎㅎ 날짜잡으셨다니 더 떨리겠어요!! 엄마화이팅🩷🩷 | 자유도를 주니 오히려 어려운 이름짓기..! 어플로도 지을수 있다니 넘 좋은 세상인데요? ㅋㅋ 예약잡고 가는것도 이제는 몸이 무거워 일이라.. 어플 깔아서 들어가봐야겠어요. 감사합니다❤️ | 에이아이에 묻고 해도 수리성명학(?) 한자 획수 관련해서는 더 알아보라고 그러더라구요 ㅋㅋ 작명소가 맘편한거 같긴해요~ 알려주셔서 감사합니다!👍 | ((( 신생아 작명·개명은 천기작명법 파동성명학 작명하는 이유 )))​1. 이름은 평생을 지배하는 운명의 나침반이름은 단순한 호칭이 아니라 인간의 평생을 따라다니는 에너지 코드이며, 성공과 실패, 건강과 재물, 인간관계와 사회적 성취에까지 직결된다. 신생아의 이름은 그 아이가 세상과 처음 맺는 기운의 울림이다. 개명은 이미 굳어진 삶의 흐름을 새롭게 전환시키는 강력한 열쇠다. 따라서 이름을 짓는 과정은 단순한 언어놀이가 아니라 삶의 파동을 재설계하는 과학적·철학적 작업이어야 한다.​2. 천기작명법과 파동성명학의 원리성민경 이름박사가 창시하고 연구한 천기작명법과 파동성명학은 전통 명리학, 음양오행, 자원오행 등을 단순 조합하는 방식이 아니다. 천기작명법은 하늘의 기운(天氣)을 이름 속에 불어넣어 세상 속에서 반드시 주인공으로 살아가도록 돕는 원리다. 파동성명학은 글자 하나하나의 고유한 파동과 진동수를 정밀하게 분석해, 그 파동이 인생 전반에 미치는 영향까지 읽어내는 학문이다. 즉, 이름이 단순히 글자 수나 획수에 머무는 것이 아니라 파동의 울림을 통해 한 사람의 흥망성쇠와 인생 궤적을 결정짓는다는 사실을 과학적으로 증명한 것이 성민경 이름박사의 독보적인 연구 성과다.​​3. 철학관·일반 작명소의 문제점안타깝게도 여전히 대한민국 대다수의 철학관과 작명소는 수십, 수백 년 전의 낡은 방법을 그대로 답습한다.​※ 사주풀이 공식 암기식 작명: 출생 사주와 수리운세, 오행 맞추기를 단순히 공식처럼 외워서 기계적으로 이름을 만든다.​※ 프로그램 작명: 일부는 컴퓨터 프로그램에 생년월일을 넣고 자동으로 나온 이름을 그대로 추천한다. 이는 이름의 ‘파동’과 ‘기운’을 전혀 고려하지 않은 비인간적인 방식이다.​※ 획수 위주 작명: 한자의 획수만 맞춘 이름은 기계적으로는 맞아 보일지 몰라도, 실제로는 삶의 파동과 조화되지 않아 실패와 고통을 불러오는 경우가 많다. 이런 방식은 이름을 단순히 ‘수학적 맞추기 퍼즐’로 전락시켜, 신생아와 개명 대상자의 인생을 냉정하게 망칠 위험이 크다.​​4. 왜 반드시 천기작명법 파동성명학인가?생년월일시 천기작명법: 성민경 이름박사의 천기작명법 파동성명학은 출생 사주와 이름의 기운만으로 흥망성쇠를 감정할 수 있다. 즉, 하늘의 기운(天氣)을 읽고 그대로 담아내는 독보적인 능력이 담긴다. 직관과 파동의 통찰: 컴퓨터나 다른 작명가가 절대로 흉내 낼 수 없는 이름의 파동 직관력을 통해, 단 한 순간에 사람의 미래를 읽어내고 그에 맞는 이름을 짓는다.​세계적 수준의 연구 성과: 이미 수많은 정치인, 연예인, 문화예술인, 기업인, 의사, 판사, 검사 등 사회 각계 인사들이 성민경 이름박사의 천기작명법을 선택했고, 실제로 성공과 명예를 이룬 사례가 축적되어 있다. 이것이 바로 신생아의 인생 첫 출발점, 혹은 개명을 통한 삶의 전환점에서 반드시 천기작명법 파동성명학을 선택해야 하는 이유다.​​5. 철학관 작명소에서 이름을 짓지 말아야 하는 이유낡은 이론 답습: 몇 백 년 전 방식 그대로 이름을 짓는 것은, 21세기 과학 시대에 촛불을 켜고 글을 읽는 것과 같다.​※ 개인의 기운 무시: 이름의 파동과 진동을 고려하지 않기 때문에, 인생과 맞지 않는 이름을 받을 가능성이 높다.​※ 실패 확률 증가: 사주만 맞추고 파동이 어긋난 이름은 건강 문제, 대인관계 갈등, 재물 실패, 부부불화, 이혼 등으로 이어질 수 있다.​※ 책임 부재: 철학관은 대체로 단순 상업적 작명에 머무르며, 이름에 대한 깊은 연구와 철학적 책임이 결여되어 있다.​​6. 결론이름은 인생을 여는 열쇠이자, 하늘이 내려주는 운명을 담아내는 그릇이다. 신생아 작명은 아이가 세상에서 당당히 주인공으로 살아가도록 하늘의 기운을 담아야 한다. 개명은 이미 굳어진 삶의 흐름을 바꾸는 중요한 결정이므로, 반드시 파동을 읽어내는 정밀한 학문적 방법이 필요하다.​철학관이나 일반 작명소에서 낡은 공식대로 이름을 짓는 것은 미래를 스스로 망치는 일이다. 오직 성민경 이름박사의 천기작명법과 파동성명학만이 그 사람의 삶 전체를 빛나게 만드는 진정한 이름을 선물할 수 있다. 결론적으로, 신생아 작명·개명은 반드시 천기작명법 파동성명학으로 해야 하며, 철학관 작명소는 함부로 선택해서는 안된다.​​​(한국좋은이름연구소 성민경 이름박사 저작권)​한국좋은이름연구소 대구작명소홈페이지:www.name114.com​ | 대명역 쪽에 유명한 곳이있다고 하더라구요~~~! | 저는 윤관 다녀왔습니다",14,https://cafe.naver.com/f-e/cafes/24000254/articles/7201737?boardtype=L&userDisplay=50&menuid=13&referrerAllArticles=false&inCafeSearch=true&query=%EB%B9%A8%EB%9E%98&art=aW50ZXJuYWwtY2FmZS1hcnRpY2xlLXJlYWQtaW5DYWZlLXNlYXJjaC1saXN0.eyJ0eXAiOiJKV1QiLCJhbGciOiJIUzI1NiJ9.eyJjYWZlVHlwZSI6IkNBRkVfSUQiLCJhcnRpY2xlSWQiOjcyMDE3MzcsImlzc3VlZEF0IjoxNzg4MjMzMTY0OTczLCJjYWZlSWQiOjI0MDAwMjU0fQ.-nR5Rez2_lmvqE5-4-7bUmqBUU1PMHFVMhuybkkAstg&page=1,JKS
대구맘365,24000254,13,빨래,여성메디파크 조리원 디럭스 특실 13박14일 후기입니다:),2025.12.04. 14:57,"저는 이번에 둘째를 출산했어요. 첫째때 대구에서 지점도 있는 유명한 조리원 갔었는데, 저하고는 안맞았어서 다른곳으로 알아보던 중에 후기가 좋은 메디파크로 결정하게 되었어요. 메디파크 조리원은Vip룸이 유명해서 저도 한번 와보고 싶었으나..ㅎ 예약이 다 찼더라구요. 그래서 디럭스룸으로 오게 됐는데 결론적으로 부족함 없이 모두 만족했어요!
​
조리원 복도. 차분하고 늘 쾌적한 공기. 마음 편하게 지내고 갑니다..^^
방 입구에서 보이는 모습이에요. 침대도 남편이랑 둘이 자는데 불편함없고 편하고 좋았어요.
남편이랑 야식먹던..테이블ㅎ 이제 집에가면 이런시간도 없겠죠? 조리원생활 즐기세요 여러분... 😂
군더더기 없는 화장실. Vip룸은 좌욕기도 있더라구요. 자분하신분들은 좋을것 같아요~ 저는 제왕..
암막커튼도 있어서 좋았어요!
​
생수 이만큼 주시네요...정수기에 물뜨러 안가도 되서 너무 편했어요.
옷이랑 수건은 여기서 자유롭게 챙겨가면 되고
유축할때 깔대기는 내가 있는 호실이 적힌거 사용하면돼요. 씻어서 여기에 넣어주십니다!
간단한 빨래도 가능하구요~
둘째낳고는 회복속도가 달라도 너무 다른... 매일 마유마사지 받았는데 진짜 하루하루 좋아지는게 느껴졌어요. 문열면 바로 계신 선생님한테 받았는데 조언도 많이 해주시고 몸도 너무 많이 좋아졌어요. 여러분 첫째라도 꼭 마사지 받으세요 나중에는 시간없어서 못받습니다. 그리고 회복해야하는 타이밍이 있어요 조리원에서 꼭 회복하고 나가세요..! 저도 조리원 천국 더 누리고 싶네요...😂😂
​
아 그리고 디럭스는 모든방이 다 남향이라고 하더라구요. 진짜 방이 너무 따뜻했어요. 햇빛도 잘 들어오고.
3호선 뷰는 괜히 귀엽고 한번씩 구경하는 재미 ㅎ
출산하고 나면 괜시리 호르몬때문에 마음이 울적해질수 있는데 햇살 좋은거 중요하다 생각합니다..👍🏻
그리고 메디파크 조리원하면 빠질수 없는게 신생아케어에요. 진짜 신생아실 선생님들 한분한분 다 너무 친절하시고 아가들 예뻐해주시는게 눈에 보입니다. 특이사항 있으면 작은거라도 다 말해주시고 엄마들 컨디션도 체크해주시고 말걸어주시는게 너무 감사했어요.
전에 있었던 조리원은 수유콜도 너무 많이 오고 직수도 많이 권하는 강압적인? 분위기여서 저는 너무 힘들었었는데 여기는 그런점이 없어서 좋았어요.
수간호사 선생님이 신생아 목욕교육도 1시간동안 해주셨는데 목욕말고도 이것저것 많이 알려주시고, 아이들 케어에 프라이드 넘치시는 모습이 너무 보기좋더라구요 저는^^ 걱정없이 믿고 맡길수 있었어요 ~~
​
제가 첫째때 갔던 조리원보다 규모면에서 작고, 식사도 방에서 하기때문에 조동을 만들수 있거나 시끌벅적한 분위기는 절대 아니에요. 하지만 그만큼 아가들도 좀 조용한 분위기에서 케어 받을수 있는것 같고
임신과 출산에 지쳐있는 나에게 차분한 분위기에서 온전한 휴식을 주고싶다~하시면 정말 추천합니다.
(참고로 저 mbti 대문자 ‘E'입니다)
​
셋째가 있다면... 😂 꼭 다시 여기로 올게요
선생님들 모두모두 감사합니다❤️
​
🔸출산후기 내용은 ""출산 성공 바이러스""
에 게시글 작성해 주시기 바랍니다.
​
🔸""예비맘정보공유"" 게시판에 위 게시글 작성시
활동정지 및 무통보 삭제됨을 알려드립니다.",검색해도 안나오는데 위치가 어디인가요? | 범어에 있는 여성메디파크병원 이요! | 감사해요혹시 메디파크에서 분만도 하셨어요? | 아니요 타병원에서 분만했습니다^^ | 감사해요 | 타 병원에서 분만하고 조리원 들어가면 금액이 차이가 나나요? | 아니요 조리원 비용은 같습니다! | ,8,https://cafe.naver.com/f-e/cafes/24000254/articles/7188952?boardtype=L&userDisplay=50&menuid=13&referrerAllArticles=false&inCafeSearch=true&query=%EB%B9%A8%EB%9E%98&art=aW50ZXJuYWwtY2FmZS1hcnRpY2xlLXJlYWQtaW5DYWZlLXNlYXJjaC1saXN0.eyJ0eXAiOiJKV1QiLCJhbGciOiJIUzI1NiJ9.eyJjYWZlVHlwZSI6IkNBRkVfSUQiLCJhcnRpY2xlSWQiOjcxODg5NTIsImlzc3VlZEF0IjoxNzg4MjMzMTY0OTczLCJjYWZlSWQiOjI0MDAwMjU0fQ.wsUH7Z6pQJ8jOc7f0iRmGIPfdIZqOjAqJeuXvTnA6W4&page=1,JKS
대구맘365,24000254,13,빨래,27주 임신부 일상,2025.11.21. 09:19,"🔸출산후기 내용은 ""출산 성공 바이러스""
에 게시글 작성해 주시기 바랍니다.
​
🔸""예비맘정보공유"" 게시판에 위 게시글 작성시
활동정지 및 무통보 삭제됨을 알려드립니다.
​
안녕하세요 맘들 😊 저는 현재 27주 임산부이고 임신성 당뇨 진단받고 식단관리하면서 지내고 있어요. 처음에는 충격이었는데, 지금은 나름 식단 루틴도 잡히고 나쁘지 않은 상황이었다고 생각해요. 식단 조절 덕분에 체중도 크게 늘지않고, 태동도 활발하고, 아기도 잘 자라고 있어요. 드디어 며칠 전에는 남편도 태동을 느껴봤어요! 그 순간 너무 신기하고 눈물날 뻔했어요 🥹 둘이서 신나서 배 만지며 웃다가 “이제 진짜 우리 아가랑 곧 만나는구나” 했네요.
​
그리고 드디어 출산일까지 두 자릿수 카운트다운 들어갔어요! 아직도 실감 안 나는데 준비해야 할 건 왜 이렇게 많은지 ㅋㅋ 애기 빨래도 해야 하고, 출산준비물은 큰 틀만 정해놓고 브랜드는 아직 고민 중이에요. 유모차, 카시트, 아기침대, 아기띠 그외 소모품들도 자잘하게 종류가 너무 많아서 맘카페 검색만 하다 하루가 가요. 샘플부터 써보라는데 그 말이 왜 그렇게 공감되는지…😂
​
요즘은 여성아이병원 다니면서 정기검진 꾸준히 받고 있고 태동 기록도 하고 있어요. 임신성 당뇨 때문에 무조건 굶는 게 아니라 한 끼 양 줄이고 단백질+야채 챙겨먹는 식으로 하고 있어요. 혈당도 예전보다 안정됐고 스트레스 덜 받으니까 아기도 더 활발한 느낌이에요.
​
남은 기간 동안은 아기 용품 하나씩 준비하면서 마음의 준비도 같이 하려고요. 저랑 같은 시기이신 분들, 혹시 임당 식단 팁이나 출산 준비 꿀템 있으시면 공유해주세요! 같이 정보 나눠요 🤍",저도 비슷한 주수에요~ 이제 8개월에 접어든 ..! 저고리 손수건 겉싸개 등 빨래의 압박을 느끼고 있네요 ㅋㅋ30주에는 딱 시작하자 하고 있네요~ 아기침대는 짧게 써서 당근으로 이동식 마련했구 그다음엔 좀 큰걸 놓으려구용..! 이제 아기랑 함께할 날들을 종종 상상하게 되어서 걱정반 설렘반이네요. | 신생아침대는 당근해놧는데 범퍼침대가 고민이에요ㅠㅠ그냥토퍼만깔지.. 가드도중요할거같은데ㅜㅜ넘어렵네용 | 반찬이 맛나보이네요~ | 건강하게 챙겨먹기 실천하구있어요! ㅎㅎ | 우와 반찬 무슨일이에요?!! 다 너무 건강해보이는데 종류 너무 많고 맛나보여요… 임당 관리 정말 잘하고 계시는거 같아서 멋집니당ㅎㅎㅎ  저두 출산 카운트다운 두 자릿수 들어갔는데 이제 몇달 안남았다는게 실감이 너무 안나요ㅠㅠ 준비 차근차근 해봐야겠어요.. | 음식솜씨 엄청나시네요~ 진짜 식단 너무 잘하고 계신거 같아요!! 저도 이번주에 두자리수로 진입했는데 어디서 어떻게 준비를 해둬야 할지 막막하네요 ㅠㅠ 태동도 활발해져서 전보다 큰 태동들이 많이 느껴지는데 태동기록을 어떻게 해야할지도 모르겠어요^^; 정말 둔한 엄마라.. 큰일입니다 허헣.ㅎ..,6,https://cafe.naver.com/f-e/cafes/24000254/articles/7178652?boardtype=L&userDisplay=50&menuid=13&referrerAllArticles=false&inCafeSearch=true&query=%EB%B9%A8%EB%9E%98&art=aW50ZXJuYWwtY2FmZS1hcnRpY2xlLXJlYWQtaW5DYWZlLXNlYXJjaC1saXN0.eyJ0eXAiOiJKV1QiLCJhbGciOiJIUzI1NiJ9.eyJjYWZlVHlwZSI6IkNBRkVfSUQiLCJhcnRpY2xlSWQiOjcxNzg2NTIsImlzc3VlZEF0IjoxNzg4MjMzMTY0OTczLCJjYWZlSWQiOjI0MDAwMjU0fQ.hPi018bcb3GsukqlAWjnL712s6knosaBdUbCnK0c9iE&page=1,JKS
대구맘365,24000254,13,빨래,리엘조리원 후기,2025.10.29. 22:44,"🔸출산후기 내용은 ""출산 성공 바이러스""
에 게시글 작성해 주시기 바랍니다.
​
🔸""예비맘정보공유"" 게시판에 위 게시글 작성시
활동정지 및 무통보 삭제됨을 알려드립니다.
​
​
​
아기심장소리 듣고 제일 먼저 산후조리원을 대부분 알아보는데요...전 고민도 없이 리엘조리원 선택했습니다😀
​
​
​
미즈맘에서 출산을 하기도 했고 그리고 첫째때도 리엘조리원에서 조리했기 때문입니다.
​
​
​
첫째때도 잘 이용하였기에 둘째도 고민도 없이 리엘조리원에 예약했어요~^-^
​
​
​
저는 첫째때 이용해서 사용이력이 있어서 전화로만 예정일 등 말씀드리고 예약했어요~ 첫째신분은 직접 가셔서 분위기도 보시고 상담도 받아보시고 하면 더 좋을 것 같아요!
​
​
​
제왕이라 아기 낳을 날을 잡고 분만일 변경되었다고 한번더 연락드렸어요!
​
​
​
그리고 아기 낳고 다시 한번더 연락드리고 그렇게 입소하게 되었어요~
​
가격은 이렇구요~ 저는 스위트룸을 이용했습니다!
​
첫째때 vip로 가고싶었는데 예약이 다 차서 스위트룸을 사용했는데 전혀 불편함이 없었어요~ 모션배드와 방이 쪼~금 더 큰것 같던데 ... 전 앞전에도 스위트룸을 잘 사용해서 이번에도 그냥 스위트룸을 선택했습니다~
​
​
​
저는 8층을 이번에 사용하게 됐는데 첫째때는 7층이였어요~ 사용해보니 저는 8층이 더 괜찮았어요ㅎㅎ 침대랑 침구가 이번이 더 좋았는데 지금 7층은 어떠한지 이건 잘 모르겠어요ㅎㅎ
​
남편도 8층이 더 아늑한 것 같다고ㅎㅎ
​
우리의 개인적인 생각입니다😀
​
​
​
​
​
방은 이렇구요~ 흰침구가 맞이해주니 기분좋았어요^^
​
침대위엔 산모복과 수건2장 주십니다~
​
주신 수건은 손닦는 용도로 쓰고 씻을 때는 제 개인 수건들고와서 썼습니다!
​
​
​
산모복은 매일 주시고 수건은 안주시니 수건 꼭 챙겨오세요! 개인 빨래망들고 오셔서 오전8시전에 출입문에 넣어놓으면 세탁하고 건조해주시니 찾아가면 됩니다.
​
​
​
그리고 마사지는 오즈맘에서 하시고 계세요~
​
조리원에 마사지는 필수잖아요?
​
예약하면 1회 무료이고 5,7,9회로 나눠져있으니 본인 원하는 횟수 정해서 받으심되요ㅎㅎ
​
전 오전에 받으니까 밥먹고 마사지 받고 씻으니 좋더라구요ㅎㅎ
​
붓기빼기 좋으니 꼭 하세요^^
​
첫째때 7회로 했는데 은근히 바쁘더라구요? 그래서 이번엔 5회로 했어욯ㅎ
​
​
​
여긴 8층 복도구요
​
​
​
​
여긴 9층이에요~
​
예약상담이나 입소는 처음에 다 9층 가시면되요!
​
​
​
7층8층9층 사용하지만 엘베도 2대고 해서 그리 불편한점은 없었어요
​
​
​
7층가면 교육장과 온돌찜질기? 골반교정기가 있으니 사용하심되요ㅎ
​
좋은 교육들 많으니 골라 들으심되요.
​
​
​
9층에 아가들 있는데 밥먹으러 가면서 볼수 있으니 너무 좋더라구요ㅎㅎ
​
모자동실은 늦은시간 제외하면 언제든 가능하구요,
​
대부분 남편분들이 주말에 오실 수 있으니 주말에 많이들 모자동실 하시더라구요? 저도 주말에 모자동실해서 제 방에서 사진도 찍고 했어요ㅎㅎ
​
​
​
수유콜을 전화오심 선택하시면 되고 저는 하루 1번만 찾아가서 먹였어요! 둘째라 휴식이 1순위여서....🥲
​
오전엔 쉬고싶으면 내일은 오후에 불러주세요 라고 요청하시면 요청 다 들어주십니다!
​
강요전혀 없어요~ 가실땐 마스크 필수이니 챙기셔요^^
​
전 없어서...1회용 주셨어요😂😂
​
​
​
그리고 9층에 셀픽있으니 하루 1회 사진 출력하시구 캠으로도 시간맞춰서 아기 보실 수 있어요~
​
​
​
그리고 젤 중요한 밥!!!!!!
​
ㅋㅋㅋㅋㅋㅋ
​
역시 남이 차려준 밥이 쵝옹!
​
밥도 맛있고 주시는 보리차도 맛있어요~
​
미역국이 지겨울때 쯤 다른 국도 주시고 해서 질리지않았습니다ㅎㅎㅎ
​
​
​
분유를 뭐 먹일까 고민했는데 모자동실 할때 응아를 해서 갈아줬는데 황금변을 보았더라구요?그래서 전 조리원에서 먹이던 분유를 선택할 예정입니다ㅎㅎ
​
​
​
분유도 조리원에서 좀 더 저렴하게 구매 가능합니다☆
​
물론 기저귀도 구매 가능한걸로 알고 있어요ㅎㅎ
​
​
​
아직 조리원 생활이 조금 남았는데 남은 시간 푹~~~~~좀 더 쉬고 나갈 생각입니다!
​
나가면 그때부턴 육아지옥...😢😢
​
​
​
첫째에 이어 둘째도 리엘 선택한 이유가 있으니 매우 추천드립니다!!
​
다들 육아홧팅입니다❤️
​
​
​",곧 리엘로 조리하러 가는데ㅡ 상세한 후기 감사합니다. ^^ | 안녕하세요~ 스위트 침대 딱딱하다는 평이있던데 괜찮으셨나요?? | 모션배드사용하셨던분은  딱딱하다 느끼실꺼에요~ 전 물렁한 침대 좋아하는 편이 아니라서 전혀 불편함이 없었습니다. 삐그덕소리이런건 전혀없어요~ | 아 심하게 딱딱하고 그런건 아닌가보네요~~~ 다행이에요 감사합니다!^^,4,https://cafe.naver.com/f-e/cafes/24000254/articles/7161632?boardtype=L&userDisplay=50&menuid=13&referrerAllArticles=false&inCafeSearch=true&query=%EB%B9%A8%EB%9E%98&art=aW50ZXJuYWwtY2FmZS1hcnRpY2xlLXJlYWQtaW5DYWZlLXNlYXJjaC1saXN0.eyJ0eXAiOiJKV1QiLCJhbGciOiJIUzI1NiJ9.eyJjYWZlVHlwZSI6IkNBRkVfSUQiLCJhcnRpY2xlSWQiOjcxNjE2MzIsImlzc3VlZEF0IjoxNzg4MjMzMTY0OTczLCJjYWZlSWQiOjI0MDAwMjU0fQ.zx4FFzyIBrv7BrBnzJcq-q4KD5eVMmYZwvi5lrzI9eo&page=1,JKS
대구맘365,24000254,13,빨래,여성메디파크병원 산후조리원 디럭스 특실 후기,2025.10.23. 18:09,"산후조리원 고민하다 여성메디파크 산후조리원으로 예약했어요. 기간도 첫째때보다는 줄여서 9박10일 예약했고, 룸도 고민하다 둘째이다보니 혼자 있는 시간이 많을것 같아 가성비 디럭스룸으로 예약했어요
디억스 방에는 침실, 냉장고, 소파, 2인테이블, 티비, 유축기, 옷장, 빨래건조대, 드라이기 등 있어요
화장실에서 샴푸, 린스, 바디워시 구비되어있고 입실시 치약칫솔도 새걸로 주세요
개인이 챙겨야 할 짐이 많이 줄어들어서 좋습니다.
​
휴게실에는 안마의자, 모유차도 준비되어있어서 따뜻한 티타임 가질 수 있어요
​
청소도 평일 오전 10-12시 사이에 해주시고, 주말은 쓰레기통만 비워주십니다. 꼼꼼하게 잘 해주셔서 좋았습니다
조리원은 역시 밥심이죠
매일 미역국이 나오는건 당연하지만 아침점김저녁 3끼, 간식3번 모두 방으로 갖다주셔서 편하게 식사할 수 있어요
무엇보다 보호자 식사가 무료로 제공되는점이 최고의 장점인것 같아요
금요일마다 간식이벤트, 격주 월요일은 빕스데이도 제공됩니다
​
조리원은 6층, 신생아실은 3층인데 가족들이 오면 언제든 면회가 가능한 점이 좋았고, 수유는 아기 깨는 시간에 맞춰 방으로 콜이 오면 가서 수유하면 됩니다. 입구에 에어샤워가 있어 감염예방에 좋은것 같아요.
간호사 선생님들도 친절하게 잘 알려주시고, 아기도 케어 해주시는것 같아 안심이 되었습니다.
무엇보다 병원 조리원이다보니 소아과 진료도 가능하고 회진도 돌고 케어가 가능하니 마음이 더 놓였습니다.
​
둘째라서 조리원 고민했었는데 그래도 오길 잘한것 같아요👍🏻",,0,https://cafe.naver.com/f-e/cafes/24000254/articles/7157040?boardtype=L&userDisplay=50&menuid=13&referrerAllArticles=false&inCafeSearch=true&query=%EB%B9%A8%EB%9E%98&art=aW50ZXJuYWwtY2FmZS1hcnRpY2xlLXJlYWQtaW5DYWZlLXNlYXJjaC1saXN0.eyJ0eXAiOiJKV1QiLCJhbGciOiJIUzI1NiJ9.eyJjYWZlVHlwZSI6IkNBRkVfSUQiLCJhcnRpY2xlSWQiOjcxNTcwNDAsImlzc3VlZEF0IjoxNzg4MjMzMTY0OTczLCJjYWZlSWQiOjI0MDAwMjU0fQ.nTLu0fDZGsOPEXl7--lt13D0B6d_E92LShg8hSeL8ww&page=1,JKS
대구맘365,24000254,13,빨래,,,,,0,https://cafe.naver.com/f-e/cafes/24000254/articles/7149146?boardtype=L&userDisplay=50&menuid=13&referrerAllArticles=false&inCafeSearch=true&query=%EB%B9%A8%EB%9E%98&art=aW50ZXJuYWwtY2FmZS1hcnRpY2xlLXJlYWQtaW5DYWZlLXNlYXJjaC1saXN0.eyJ0eXAiOiJKV1QiLCJhbGciOiJIUzI1NiJ9.eyJjYWZlVHlwZSI6IkNBRkVfSUQiLCJhcnRpY2xlSWQiOjcxNDkxNDYsImlzc3VlZEF0IjoxNzg4MjMzMTY0OTczLCJjYWZlSWQiOjI0MDAwMjU0fQ.4NocnTZXLFVxO5KzZWf4FKALVZd0ZGmj8HEwuc6HWbg&page=1,JKS
대구맘365,24000254,13,빨래,서구 닥터안 산후조리원 후기,2025.10.13. 18:26,"🔸출산후기 내용은 ""출산 성공 바이러스""
에 게시글 작성해 주시기 바랍니다.
​
🔸""예비맘정보공유"" 게시판에 위 게시글 작성시
활동정지 및 무통보 삭제됨을 알려드립니다.
​
​
​
둘째 출산 준비하면서 첫째때문이라도 집이랑 가깝고 외출이 가능한곳으로 찾아봤는데 거기가 바로 닥터안산후조리원이였습니다 ㅎㅎ
​
​
매일 깨끗하게 빨래를 정리해주시고
새로운옷과 수건을 제공해주십니다
​
​
정수기랑 가까운 방이라 더 편하고 좋았어요 ㅎㅎ
​
​
​
직원분들도 매우 친절하시고 신생아 관리해주시는 분들도 매우 친절하셔서 남편은 첫째 케어를 해야하였기에 혼자 지내면서도 불편함 없이 잘 지낼 수 있었습니다
​
​ 식사를 방으로 가져다 주시고 매일 깨끗하게 청소를 해주셔서 너무 편하게 잘 쉬었다 갑니다
저는 억지로 조동을 만들고 싶은 생각이 없어서 딱히 눈치 보지 않고 밥 시간도 자유롭게 먹을 수 있어서 더 좋은 거 같아요
​
​
​
족욕실 찜질방 등 편의시설도 이용해 보니 깨끗하게 관리가 잘 되어 있어 이용하는데 불편함이 없었어요
​
​
​
이 다음 셋째가 잇을지 모르겠지만
셋째가 생긴다해도 여기올꺼같아요
너무 편하게 잘 쉬었다 갑니다",,0,https://cafe.naver.com/f-e/cafes/24000254/articles/7148907?boardtype=L&userDisplay=50&menuid=13&referrerAllArticles=false&inCafeSearch=true&query=%EB%B9%A8%EB%9E%98&art=aW50ZXJuYWwtY2FmZS1hcnRpY2xlLXJlYWQtaW5DYWZlLXNlYXJjaC1saXN0.eyJ0eXAiOiJKV1QiLCJhbGciOiJIUzI1NiJ9.eyJjYWZlVHlwZSI6IkNBRkVfSUQiLCJhcnRpY2xlSWQiOjcxNDg5MDcsImlzc3VlZEF0IjoxNzg4MjMzMTY0OTczLCJjYWZlSWQiOjI0MDAwMjU0fQ.LsToqsH8HEwo-MgPbR5N2M9RkOnJ6LP_joUP-zJe0zs&page=1,JKS
대구맘365,24000254,13,빨래,17주차 하혈(양수샘)으로 입원,2025.10.01. 11:08,"지난 토요일 볼일을 보던 중 밑으로 뭔가 왈칵하는 느낌이 들었다.
분비물이 나온거겠거니 하며 대수롭지 않게 넘겼다. 이때가 두시반쯤?
집으로가는길 너무 찝찝해서 확인을 해봤더니 어머나, 피자나???😱
첫째때는 경험하지 못했던거라 당황스러웠다. 천만다행으로 하의가 어두운 색이라 티가 많이 나지 않았다.
곧바로 병원진료시간을 확인했고 토요일은 4시까지 진료를 하길래 황급히 집으로가 속옷과 옷을 갈아입고 산모수첩을 챙겨 내가 다니는 여성아이병원으로 갔다.
​
지상타워는 문을 닫았고 본관으로 가서 진료보러왔다하니 앞에 주차하고 열쇠를 두고 가라셔서 그렇게 해두고 서둘러 올라가서 접수를 했다.
운이 좋은건지..마침 담당원장님이 계시는 날이더라는ㅎ
체중과 혈압을 측정하고 진료를 기다렸다.
세시반쯤 진료를 보러들어갔고 우선 초음파검사를 통해 아기가 무사한지 확인을 했다. 다행히 초음파상으로 양수양도 나쁘지않고 아기도 잘 움직이고 심장도 잘뛰고 있었다. 비로소 놀란 마음이 가라앉았다.
이후 자리를 옮겨 양수가 새는지 검사를 했다.
질경을 넣고 고인피가 있어 닦아낸후 리트머스용지로 확인한 결과 색이 변한걸 볼 수 있었고 이어서 양수검사를 진행했다. 검사결과는 약 5~10분뒤에 나온다고 했고, 두줄이 뜨면 입원을 해야한다고 말씀을 하셨다.
​
그렇게 진료실밖에서 검사결과를 기다렸고 결과는 두줄😭
입원을 해야한다셨다. 입원의 목적은 눕눕생활을 하며 더이상의 양수가 새지 않게 하는것과 감염예방 목적의 항생제투여를 위해서라고 한다.
집에가면 첫째때문에 누워있을 수가 없기에 입원은 불가피했다.
​
입원을 하려면 짐을 싸서 와야하기에 2층채혈실에가서 피검나와 소변검사를 해놓고 집으로와 짐을 쌌다.
첫째는 친정언니가 봐주기로 해서 첫째의 짐도 싸주고 내짐도 싸고..ㅎ
운전해서 오려했지만 친정엄마가 데려다준다해서 얻어 타고 왔다ㅎㅎ 들고온 짐도 무겁다며 무거운거 들지말라시며 입원실까지 옮겨주셨다ㅎㅎ😁
​
3층원무과에서 입원수속을 하고 6층 간호사실에서 입원경위 및 병실생활안내를 받고 5층에 있는 입원실로 안내받아 올 수 있었다.
나는 4인일에 들어왔고, 들어올 당시 다른 환자가 1명 있었다.
지금은 4인풀..ㅎㅎ
​
병실에 도착한 나는 간호사선생님의 안내에 따라 옷을 환복했고 침대에 누워 항생제 테스트와 링거바늘을 꽂고 링거를 꽂았다.
간호사선생님이 항생제 테스트 아파요~하셨는데 정말 진짜 찐으로 아프다😂
뒤이어 링거바늘을 꽂는데 첫째 출산당시 정맥주사라 너무아팠는데 이번에도 정맥주사라고 하셨다ㅜㅜ 다행히 출산때보다는 바늘이 얇은거라하셨다ㅎㅎ
그치만 아픈건 아프다..😅
​
그렇게 입원생활이 시작 되었고, 하루에도 몇번씩 다녀가시며 상태 체크해주시고 혈압, 체온 측정을 해주셨다.
더이상의 큰 출혈은 없었다. 고였던 피가 떨어지는 것인지 두세번?정도의 비침이 있었지만 큰문제는 아니라고 하셨다.
정말 고생들이 많으시구나 생각이 드는 나날이다.
​
월요일 오전 원장님께서 다녀가셨다. 피검사한번더 한다고 하셨다.
나는 2층 채혈실로가서 채혈을 하려나했더니 눕눕생활을 해야하기에 간호사님이 병실에서 채혈을 해주셨다.
아플거에요 붓고 멍들 수 있어요 했는데 진짜 붓고 멍들었다😅
오후에 또 원장님께서 오셨고 토요일 피검사랑 오늘 피검사결과가 화요일 오전에 나온다고 하셨고, 화요일에 검사결과 및 양수검사 다시 해보고 더 입원할지 통원할지 결정하자고 하셨다.
​
화요일이되었고 아침을 먹고 누워있으니 간호사님이 오셔서 휠체어를 타고 진료를 보러 내려갔다. 초음파도 보고 자리를 옮겨 양수검사도 했다.
진료실 밖에서 5분쯤? 검사결과를 기다리고 다시들어가 검사결과를 들었다.
다행히 양수는 더이상 새지 않는걸로 보였다.
오늘이라도 퇴원하자 하셨는데, 남편이 해외출장에서 수요일 저녁 귀국을 한다 말씀드리니 그럼 예정대로 퇴원하자고 항생제 좀 더 맞으면 좋다고 하셨다.
그렇게 나는 목요일 퇴원 예정이다ㅎㅎ
​
수요일 남편의 귀국이 예정된 날. 오늘로 입원 5일차 어제 밤부터 링거맞는 쪽이 살살아프기 시작했는데 말씀드리니 많이 불편하면 다른곳으로 주사를 옮겨주신다고해서 참겠다고 했다..
아프기 싫다ㅜㅜㅎㅎ 지금은 어제 밤보다 조금 더 아픈데 내일퇴원할거라 참고 있다🫠
​
입원해있는 동안 왜 이렇게 되었을까 생각해보니 요 몇일 무리를 한 탓인것같았다. 초기엔 입덧으로 친정언니집에서 생활했었고 지난주 집으로 돌아와 이불 빨래 및 흰빨래 검은빨래 아기빨래 쉬지않고 움직였고, 날씨가 많이 시원해져서 에어컨을 안틀고 창문을 열고 생활했더니 솜먼지들이 날으는게 보여서 바닥에 엎드려 가구 밑에 솜먼지들을 밀대질 했었다..ㅎㅎ
16주가 지나 안정기라 생각했던 나의 생각은 오만이었던것 같다.
임신중 안정기란 없는듯. 매일을 조심해야하는것같다.
​
와이프가 갑자기 입원했다하니 머나먼 타국에서 울먹이는 남편을 보며 가슴이 아프고 미안했고, 한편으로는 사랑받고 있다는 생각에 또 감사했다. 귀국일정이 남았었지만 빠른시일내 귀국하겠다는 남편 미안하고 고맙다🩷
​
일주일동안 많은 생각을 하며 보낸 것 같다. 퇴원하는 날까지 푹 쉬다 가야지ㅎㅎ",이런경우는 처음 봤는데 진짜 너무많이 놀라셨겠어요... 그래도 이상없이 잘 해결돼서 다행이에요ㅠㅠ 애기낳기까지 임신중에 절대 안정기란 존재하지않나봐요.. 앞으로도 몸조심히지내시고 남편분도 많이놀라셨을텐데 내일 돌아오시면 퇴원조심히하시구  맛있는거 많이챙겨드세요 ㅎㅎ | 따뜻한 말씀 감사합니다ㅎㅎ 다가올 긴 연휴 행복하시길 바래요😍 | 정말 안정기란 없구나를 이 글을 읽고 다시 느끼게 되네요 ㅠㅠ 너무 많이 놀라셨겠어요 저두 여성아이병원 다니고 있는데 담당 선생님 안계실 때 일 생기는 상상(?)을 가끔하면서 어떻게 대처하지 이런 저런 걱정한 적이 있거든요. 마침 담당 선생님이 계셨어서 다행이에요。내일 퇴원 잘하시고 출산까지 아무일 없이 건강하게 아가 만나시길 기원할게요! | 담당 원장님 안계서도 다른 원장님들이 계시니 걱정 안하셔도 됩니닷!ㅎㅎ 따뜻한 말씀 감사하구요~ 다가올 긴 연휴 즐거운 시간되시길 바래요🥰 | 피보고는 정말 놀라셨겠어요..! 저도 20주 넘어가고는 꽤 움직이니 배가 조금 땡기고 이런 증상들이 있더라구요 ㅠㅠ 빨리 조치잘하셔서 다행이에요~ 무리하지마시구 다 같이 무사분만해용! | 네ㅎㅎ 감사합니다ㅎㅎ 무사출산하는 날까지 조심 또 조심입니다ㅎㅎ 다가올 긴연휴 행복하시길 바래요😍 | 제목보고 놀라서 들어왔네요 ㅠㅠ 괜찮아지셔서 퇴원하셨다니 정말 다행이에요~~ 안정기라도 무리한 활동은 지양해야 하나봐요 확실히 임신하니 허리도 매일 쑤시고 조금만 움직여도 지치긴하더라구요 ㅜㅜ 남은 연휴 맛있는거 많이 드시고 안정취하며 행복하게 보내셔요!! | 감사합니다ㅎㅎ 아직 첫애를 케어할 정도의 몸은 아니라서 친정식구 도움받고 있네요ㅜㅜㅎㅎ 긴 연휴 잘 보내세요!!🥰,8,https://cafe.naver.com/f-e/cafes/24000254/articles/7140739?boardtype=L&userDisplay=50&menuid=13&referrerAllArticles=false&inCafeSearch=true&query=%EB%B9%A8%EB%9E%98&art=aW50ZXJuYWwtY2FmZS1hcnRpY2xlLXJlYWQtaW5DYWZlLXNlYXJjaC1saXN0.eyJ0eXAiOiJKV1QiLCJhbGciOiJIUzI1NiJ9.eyJjYWZlVHlwZSI6IkNBRkVfSUQiLCJhcnRpY2xlSWQiOjcxNDA3MzksImlzc3VlZEF0IjoxNzg4MjMzMTY0OTczLCJjYWZlSWQiOjI0MDAwMjU0fQ.EQHUAEkp5ncD8n76gmr0-l837DWwkBoUs4CDVcAlcwA&page=1,JKS
대구맘365,24000254,13,빨래,,,,,0,https://cafe.naver.com/f-e/cafes/24000254/articles/7110785?boardtype=L&userDisplay=50&menuid=13&referrerAllArticles=false&inCafeSearch=true&query=%EB%B9%A8%EB%9E%98&art=aW50ZXJuYWwtY2FmZS1hcnRpY2xlLXJlYWQtaW5DYWZlLXNlYXJjaC1saXN0.eyJ0eXAiOiJKV1QiLCJhbGciOiJIUzI1NiJ9.eyJjYWZlVHlwZSI6IkNBRkVfSUQiLCJhcnRpY2xlSWQiOjcxMTA3ODUsImlzc3VlZEF0IjoxNzg4MjMzMTY0OTczLCJjYWZlSWQiOjI0MDAwMjU0fQ.UVVGQiVU4yAEIaI75EDHD2wNkMBEhulmctpDPBM_c0U&page=1,JKS
대구맘365,24000254,13,빨래,,,,,0,https://cafe.naver.com/f-e/cafes/24000254/articles/7110767?boardtype=L&userDisplay=50&menuid=13&referrerAllArticles=false&inCafeSearch=true&query=%EB%B9%A8%EB%9E%98&art=aW50ZXJuYWwtY2FmZS1hcnRpY2xlLXJlYWQtaW5DYWZlLXNlYXJjaC1saXN0.eyJ0eXAiOiJKV1QiLCJhbGciOiJIUzI1NiJ9.eyJjYWZlVHlwZSI6IkNBRkVfSUQiLCJhcnRpY2xlSWQiOjcxMTA3NjcsImlzc3VlZEF0IjoxNzg4MjMzMTY0OTczLCJjYWZlSWQiOjI0MDAwMjU0fQ.vbv_mVUep1R7o2vKxY1mfl5CF0dOFipUK1MmoG6nB4k&page=1,JKS
대구맘365,24000254,13,빨래,,,,,0,https://cafe.naver.com/f-e/cafes/24000254/articles/7102890?boardtype=L&userDisplay=50&menuid=13&referrerAllArticles=false&inCafeSearch=true&query=%EB%B9%A8%EB%9E%98&art=aW50ZXJuYWwtY2FmZS1hcnRpY2xlLXJlYWQtaW5DYWZlLXNlYXJjaC1saXN0.eyJ0eXAiOiJKV1QiLCJhbGciOiJIUzI1NiJ9.eyJjYWZlVHlwZSI6IkNBRkVfSUQiLCJhcnRpY2xlSWQiOjcxMDI4OTAsImlzc3VlZEF0IjoxNzg4MjMzMTY0OTczLCJjYWZlSWQiOjI0MDAwMjU0fQ.Y9L-92qhosKuRK4lqNJZySJcW3issU0C45nmGPLs-LM&page=1,JKS
대구맘365,24000254,13,빨래,,,,,0,https://cafe.naver.com/f-e/cafes/24000254/articles/7092628?boardtype=L&userDisplay=50&menuid=13&referrerAllArticles=false&inCafeSearch=true&query=%EB%B9%A8%EB%9E%98&art=aW50ZXJuYWwtY2FmZS1hcnRpY2xlLXJlYWQtaW5DYWZlLXNlYXJjaC1saXN0.eyJ0eXAiOiJKV1QiLCJhbGciOiJIUzI1NiJ9.eyJjYWZlVHlwZSI6IkNBRkVfSUQiLCJhcnRpY2xlSWQiOjcwOTI2MjgsImlzc3VlZEF0IjoxNzg4MjMzMTY0OTczLCJjYWZlSWQiOjI0MDAwMjU0fQ.AWPTI5F2M0HoLz3f7mwOJACDIixojXS_OF_A_20uk-E&page=1,JKS
대구맘365,24000254,13,빨래,,,,,0,https://cafe.naver.com/f-e/cafes/24000254/articles/7092228?boardtype=L&userDisplay=50&menuid=13&referrerAllArticles=false&inCafeSearch=true&query=%EB%B9%A8%EB%9E%98&art=aW50ZXJuYWwtY2FmZS1hcnRpY2xlLXJlYWQtaW5DYWZlLXNlYXJjaC1saXN0.eyJ0eXAiOiJKV1QiLCJhbGciOiJIUzI1NiJ9.eyJjYWZlVHlwZSI6IkNBRkVfSUQiLCJhcnRpY2xlSWQiOjcwOTIyMjgsImlzc3VlZEF0IjoxNzg4MjMzMTY0OTczLCJjYWZlSWQiOjI0MDAwMjU0fQ.0qjuC_yo6dKx_qqv6cwg9Xm-nzskYPp61CTRwQQrdIg&page=1,JKS
대구맘365,24000254,13,빨래,,,,,0,https://cafe.naver.com/f-e/cafes/24000254/articles/7091765?boardtype=L&userDisplay=50&menuid=13&referrerAllArticles=false&inCafeSearch=true&query=%EB%B9%A8%EB%9E%98&art=aW50ZXJuYWwtY2FmZS1hcnRpY2xlLXJlYWQtaW5DYWZlLXNlYXJjaC1saXN0.eyJ0eXAiOiJKV1QiLCJhbGciOiJIUzI1NiJ9.eyJjYWZlVHlwZSI6IkNBRkVfSUQiLCJhcnRpY2xlSWQiOjcwOTE3NjUsImlzc3VlZEF0IjoxNzg4MjMzMTY0OTczLCJjYWZlSWQiOjI0MDAwMjU0fQ.KcfE5X4-ETPzOYaaxpQu2XiknBE9m1nMvVE2Gt8GHy8&page=1,JKS
대구맘365,24000254,13,빨래,,,,,0,https://cafe.naver.com/f-e/cafes/24000254/articles/7087703?boardtype=L&userDisplay=50&menuid=13&referrerAllArticles=false&inCafeSearch=true&query=%EB%B9%A8%EB%9E%98&art=aW50ZXJuYWwtY2FmZS1hcnRpY2xlLXJlYWQtaW5DYWZlLXNlYXJjaC1saXN0.eyJ0eXAiOiJKV1QiLCJhbGciOiJIUzI1NiJ9.eyJjYWZlVHlwZSI6IkNBRkVfSUQiLCJhcnRpY2xlSWQiOjcwODc3MDMsImlzc3VlZEF0IjoxNzg4MjMzMTY0OTczLCJjYWZlSWQiOjI0MDAwMjU0fQ.-uVXTDpoIzKNpvnaTA0cxfE2A21-H7M5alI5lICPwbs&page=1,JKS
대구맘365,24000254,13,빨래,,,,,0,https://cafe.naver.com/f-e/cafes/24000254/articles/7076769?boardtype=L&userDisplay=50&menuid=13&referrerAllArticles=false&inCafeSearch=true&query=%EB%B9%A8%EB%9E%98&art=aW50ZXJuYWwtY2FmZS1hcnRpY2xlLXJlYWQtaW5DYWZlLXNlYXJjaC1saXN0.eyJ0eXAiOiJKV1QiLCJhbGciOiJIUzI1NiJ9.eyJjYWZlVHlwZSI6IkNBRkVfSUQiLCJhcnRpY2xlSWQiOjcwNzY3NjksImlzc3VlZEF0IjoxNzg4MjMzMTY0OTczLCJjYWZlSWQiOjI0MDAwMjU0fQ.I8lZ8VOVIBfFm0O7RsNBs7Uys0IbNXrOvk1BG8AM0d8&page=1,JKS
대구맘365,24000254,13,빨래,,,,,0,https://cafe.naver.com/f-e/cafes/24000254/articles/7039112?boardtype=L&userDisplay=50&menuid=13&referrerAllArticles=false&inCafeSearch=true&query=%EB%B9%A8%EB%9E%98&art=aW50ZXJuYWwtY2FmZS1hcnRpY2xlLXJlYWQtaW5DYWZlLXNlYXJjaC1saXN0.eyJ0eXAiOiJKV1QiLCJhbGciOiJIUzI1NiJ9.eyJjYWZlVHlwZSI6IkNBRkVfSUQiLCJhcnRpY2xlSWQiOjcwMzkxMTIsImlzc3VlZEF0IjoxNzg4MjMzMTY4NjU4LCJjYWZlSWQiOjI0MDAwMjU0fQ.4rWKNdoQR6-jDGS_2w3xnHQfrW92m8EwM0uvQzh6RsQ&page=2,JKS
대구맘365,24000254,13,빨래,,,,,0,https://cafe.naver.com/f-e/cafes/24000254/articles/7009616?boardtype=L&userDisplay=50&menuid=13&referrerAllArticles=false&inCafeSearch=true&query=%EB%B9%A8%EB%9E%98&art=aW50ZXJuYWwtY2FmZS1hcnRpY2xlLXJlYWQtaW5DYWZlLXNlYXJjaC1saXN0.eyJ0eXAiOiJKV1QiLCJhbGciOiJIUzI1NiJ9.eyJjYWZlVHlwZSI6IkNBRkVfSUQiLCJhcnRpY2xlSWQiOjcwMDk2MTYsImlzc3VlZEF0IjoxNzg4MjMzMTY4NjU5LCJjYWZlSWQiOjI0MDAwMjU0fQ.D5O2706KXFVL_ZU3M2K3W48lLn6eebncsScBvJK2Yrg&page=2,JKS
대구맘365,24000254,13,빨래,여성메디파크 조리원 VIP룸 2주 이용 후기입니다!,2025.04.14. 13:51,"안녕하세요! 지난 달 말에 아기를 낳고 벌써 보름이 넘는 시간이 흘렀네요~
출산 후 조리원 들어온 게 엊그제 같은데 벌써 2주가 흘렀다니ㅠㅠ시간 정말 빠르네요
​
임신 사실을 알고 나서 저는 가장 먼저 조리원부터 고민을 했는데요
여러 군데 알아보고 고민도 많이 했는데 결국 여성메디파크로 골랐고 2주간 이용을 하게 되었어요
제가 여성메디파크 조리원을 최종적으로 선택하게 된 이유는
신생아 케어가 너무 잘된다는 후기가 많았고
또 병원과 바로 연계되어 있어 소아과 선생님 회진을 하루 한 번 꼭 해주신다는 게 가장 큰 이유였어요
그리고 실제로 와서 보니 시설도 깔끔하고 좋아서 집이랑 조금 멀었지만 이곳을 선택하게 되었어요
​
그리고 실제로 와서 느낀 조리원의 좋았던 점들!
​
1. 단연 최고의 신생아 케어
조리원 알아볼 때 가장 고려했던 부분이라 걱정도 많았지만 걱정했던 게 무색할 만큼 케어를 잘 해주신다고 느꼈어요
신생아실 선생님들이 모두 아기를 너무너무 예뻐해 주시는 게 느껴졌고 아기 한 명 한 명 특징을 다 기억해 주시고 꼼꼼하게 관리해 주신다고 느꼈어요 우리 아기는 태열이나 엉덩이 발진, 황달 등 신생아 시기에 나타날 수 있는 여러 가지 문제들이 발생하지는 않았지만 수유하면서 엿들은(?) 바로는 다른 애기들이 태열이나 엉덩이 발진 같은 게 올라오면 수시로 계속 체크해서 관리를 해주시는 것 같더라고요 내가 옆에 있지 않아도 나보다 더 베테랑 선생님들이 내 아이처럼 돌봐주시는 것 같아 안심할 수 있었어요!
그리고 여성메디파크는 목욕시간을 제외하고 24시간 면회가 가능하고 베베캠으로 하루에 두 번 아가를 또 볼 수 있어서 그것도 좋았어요 병원에 있을 때는 하루에 두 번으로 면회 시간이 정해져 있어서 너무 아쉬웠거든요
부모님들도 언제든지 오셔서 아기 면회가 가능해서 부모님들도 좋아하셨어요
​
2. 산후 마사지
저는 자연분만하고 병원에서 멋도 모르고 유축도 안하고 직수는 불가한 병원이라 그냥 그저 열심히 먹고 자고만 하다가 조리원을 넘어왔는데 조리원 입소 첫 날밤... 젖몸살이 시작되었어요
진통보다 더한 아픔에 밤을 꼬박 새고 마사지실을 찾았답니다 돌덩이만큼 딴딴해진 가슴을 부여잡고 선생님께 도움을 요청드렸어요 선생님께서 가슴을 풀어주었지만 너무 상태가 너무 심해서 쉽게 풀리지 않았어요 제가 너무 아파하고 힘들어해서 퇴근하시고도 다른 선생님께 저를 부탁하고 가셨더라고요ㅠㅠ(정말 너무 감사했습니다) 그래서 가슴만 또 다른 선생님께서 봐주셨어요 그렇게 두 번 세 번 가슴을 풀어주셨는데 정말 처음보다 훨씬 훨씬 낫더라고요 살겠다 싶었어요 가슴이 딴딴해진 상태로 유축을 했더니 모유가 진짜 다섯방울?ㅋㅋㅋㅋ밖에 안 나오더라고요 그랬던 저인데 선생님들의 도움으로 10미리 20미리 늘더니 많지는 않지만 70미리까지 늘더라고요 가슴도 훨씬 편안하고 말랑말랑해졌고요 산후마사지는 진짜진짜 필수입니다 특히나 저처럼 젖몸살로 고생하신다면 무조건 받으셔야 해요.. 가슴마사지 뿐만 아니라 다른 곳도 엄청 시원하게 잘 풀어주십니다 안 들어갈 것 같던 배가 많이 들어갔어요! 신기하더라고요?
Previous image
Next image
점점 늘어가는 모유양을 보면 꽤나 뿌듯하답니다
​
3. 맛있는 밥
조리원 들어오면 살이 쪽쪽 빠져나갈 줄 알았는데 웬걸.... 사육 당합니다 밥이 맛있거든요
아침 점심 저녁에 간식까지 야무지게 챙겨먹게 되는ㅠㅠ 그리고 모유수유 하니까 배가 더럽게 고파요^^;
무튼 기본 밥들도 다 맛있고 다과 뷔페, VIPS 데이 같은 것들이 있어 특별한 메뉴들도 맛볼 수 있습니다
​
요것은 빕스데이
​
4. 쾌적한 방
룸 컨디션도 좋았어요 저는 VIP룸을 이용해서 넓고 쾌적하게 이용할 수 있었어요
저 하운드체크 소파 진짜 편안하고 좋아요ㅋㅋㅋ
그리고 자연분만 하신 분들은 좌욕 많이 해야 회음부 빨리 아문다고들 하는데 VIP룸 안에는 좌욕기가 따로 있어서 이 점이 정말 정말 편안하고 좋았어요 아마 방 안에 없었더라면 잘 이용하지 않았을 것 같은데 방 안에 좌욕기가 따로 있어서 하루에 두번도 하고 세번도 하고 그랬더니 외래 진료 갔을 때 회음부가 아주 잘 아물고 있다고 하셨었어요
집에도 하나 들이고 싶습니다... 방 안에 유축기도 구비되어 있어서 편안하게 잘 사용했어요
​
5. 기타
그 외에도 모빌 만들기나 초점책 만들기 등 외부 강사가 오셔서 해주시는 프로그램들도 잘 짜여져 있는 것 같고
무엇보다 일하시는 모든 분들이 다 너무 친절하셨어요
세탁기도 있어 빨래도 다 가능했고
유축기 깔때기나 유두보호기 같은 건 내놓으면 모두 세척, 소독 해주시는 것도 너무 편리했어요
휴게실에는 안마의자도 있어 편안하게 이용할 수 있습니다
​
2주 동안 너무 안락하게 잘 지내다가 저는 이만 현실로 돌아갑니다 모든 엄마 아빠들 육아 화이팅입니다!",,0,https://cafe.naver.com/f-e/cafes/24000254/articles/7003900?boardtype=L&userDisplay=50&menuid=13&referrerAllArticles=false&inCafeSearch=true&query=%EB%B9%A8%EB%9E%98&art=aW50ZXJuYWwtY2FmZS1hcnRpY2xlLXJlYWQtaW5DYWZlLXNlYXJjaC1saXN0.eyJ0eXAiOiJKV1QiLCJhbGciOiJIUzI1NiJ9.eyJjYWZlVHlwZSI6IkNBRkVfSUQiLCJhcnRpY2xlSWQiOjcwMDM5MDAsImlzc3VlZEF0IjoxNzg4MjMzMTY4NjU5LCJjYWZlSWQiOjI0MDAwMjU0fQ.LYig6C-b_djAuF-JjdRS8i4VPrE5NnYthY39HbOfSDg&page=2,JKS
대구맘365,24000254,13,빨래,이레아이맘 김희자 선생님 추천해요!,2025.04.10. 14:59,"안녕하세요 저는 이레아이맘 김희자
산후관리사님께 3주동안 케어받은 산모입니다
초산이고 주변에 애기낳은 사람이 없어서 육아에 정말 무지했기에 업체측에 애기케어를 중점적으로 잘하시는 분 요청드렸습니다 결론은 대만족......👍🏻👍🏻👍🏻
솔직히 조리원보다 산후관리사님 오셨던게 더 큰
도움이 되었어요!
​
우선, 10년 넘은 베테랑이셔서 애기 작은 몸짓 표정 하나만으로도 모든걸 캐치하시고 필요한 케어를 해주셨어요!  그리고 애기 목욕, 돌보기, 속싸개 싸는 법, 우는 아이 달래는 법 사소한거 하나하나 정상들여서 저한테 알려주셨어요ㅠ (감동...) 저희 애기는 입이 짧아서 제가 먹이면 1시간에 60-70도 겨우 먹었는데 선생님께서 베테랑답게 90까지 양 늘려주셨어요ㅜ 진짜 감사.. 너무 적게 먹어서 스트레스였거든요.... 또 중간에 애기 병원을 3번 갔는데 관리사님 없었으면 저는 진짜 멘붕+울음바다였을 것 같아요... 정말 든든했고 감사했어요
​
그리고 무엇보다도 애기를 너무 사랑하세요 힘드실텐데 한번 내색안하시고 항상 귀엽다 이쁘다 사랑한다 긍정적인 말 많이해주시고, 동요도 정말 많이 불러주셨어요 애기한테 그렇게 하시는거 보고 저도 많이 반성하고 자극이 되어 따라 배우려고 노력했답니다
​
김희자 선생님 제일 좋았던 부분은 집안일
초고수시라는거..... 정리정돈 칼각 끝판왕이시고요 저도 몰랐던 짱박혀있던 애기옷까지 찾아서 빨래하고 정리해주시고 언제 입히면 된다~까지 알려주고 가셨어요
정리정돈뿐만 아니라 음식 솜씨까지 좋으세요... 건강식 위주로 요청드렸는데, 입맛없던(사실 입도 짧음...) 저까지 밥 많이 먹게 만드신 음식솜씨 사진으로 후기를 대체합니다(존맛탱!!!! ) 그리고 냉장고에 쌓여있던 음식으로듀 뚝딱뚝딱해주셔서 냉털 할 수 있었어요
김희자 선생님 혹시 이 글을 언젠가, 우연찮게 보시게 된다면 감사하다는 말씀 꼭 드리고 싶어요! 감사했습니다 둘째가 생긴다면 또 다시 뵙고싶네요 ㅎㅎㅎ 건강하세요!!!
​",너무 감동 입니당~^^보석보다 귀하고 꽃보다 이쁘고천사같은 아기 맞겨주신것도 감사한데육아로 힘드실텐데  후기까지너무 감사합니다성품좋으신 산모님 만나 맘 편한3주였어요너무너무 감사합니다가정에 항상 평안과 행복이 가득하시길기원하고 축복합니다~😍😍😍 | 추천 감사합니다!,2,https://cafe.naver.com/f-e/cafes/24000254/articles/7001119?boardtype=L&userDisplay=50&menuid=13&referrerAllArticles=false&inCafeSearch=true&query=%EB%B9%A8%EB%9E%98&art=aW50ZXJuYWwtY2FmZS1hcnRpY2xlLXJlYWQtaW5DYWZlLXNlYXJjaC1saXN0.eyJ0eXAiOiJKV1QiLCJhbGciOiJIUzI1NiJ9.eyJjYWZlVHlwZSI6IkNBRkVfSUQiLCJhcnRpY2xlSWQiOjcwMDExMTksImlzc3VlZEF0IjoxNzg4MjMzMTY4NjU5LCJjYWZlSWQiOjI0MDAwMjU0fQ.Cf-Y0krxGNSwOC2BXgQqlNaLKabEDE6Y43EJgfDNGss&page=2,JKS
대구맘365,24000254,13,빨래,꿈담 산후조리원 후기,2025.04.03. 12:49,"🔸출산후기 내용은 ""출산 성공 바이러스""
에 게시글 작성해 주시기 바랍니다.
​
🔸""예비맘정보공유"" 게시판에 위 게시글 작성시
활동정지 및 무통보 삭제됨을 알려드립니다.
​
​
1. 위치/시설
​
위치는 지하철 성서산업단지역 근처 쇼핑월드내에 위치해있어요. 동산병원과 미래여성병원 중간에 위치해있어서 두곳에서 출산한 산모님들이 많이 오시는것같더라구요.
건물 2,3,7층이 조리원으로 이용되고있어요. 7층은 마사지실이있어서 마사지받을때만 올라갓다오면 되구요. 2층과 3층은 방이 있어요. 계단으로 연결되어있어서 내부에서 위아래층 이동은 자유롭게 되어있어요. 방 컨디션은 깔끔해서 좋았어요. 침대,테이블,냉장고,화장대,TV,아기침대,수유쿠션,드라이기,유축기,wifi 등등 기본적으로 필요한것들은 다 준비되어있어요.
​
​
2. 아빠 출입
꿈담조리원은 아빠만 출입가능해요. 자유롭게 출입가능해서 조리원에서 출퇴근하시는분들도 계시는것같고, 산모가 필요한것 있을때 언제든지 가져다줄수있는 환경이에요.
​
3. 신생아실/수유실/모자동실
2층에 신생아실이 위치해있어요. 모동은 원할때 할수있고, 수유콜도 산모맞춤으로 해주세요. 저는 직수는 안하겠다고 말씀드리니 수유콜은 안주셨답니다. 그리고 모유 유축하는 산모를 위해서 신생아실앞에는 소독된 젖병들이 있어서 이용에 편했습니다. 모동하려고할때 수유시간이랑 겹치면 분유타서 주시는데 식으면 새로타주시기도하고, 애기가 신생아실에서 너무 잘 자고있을때는 애기깨면 다시 연락주시기도 하셨어요. 여러가지로 아기와 엄마의 컨디션을 세심하게 신경써주시는 모습에 믿고 맡길수있었어요.
​
4. 마사지
마사지실은 7층에 위치해있어요. 조리원 입소 첫날부터 가슴이 많이부어서 힘들었는데 마사지선생님께서 시간내서 한번 봐주셨구요. 서비스마사지1회 받을수있어요. 받아보니 선생님께서 산모컨디션파악도 빠르게해주시고, 단유상담도 같이해주시면서 맞춤형으로 마사지해주셔서 퇴소전날까지 매일매일 받았는데 너무너무 만족했습니당.
​
5. 식사/청소
식사는 아침 8시, 점심 12시, 간식 15시, 저녁 18시 이렇게 4번 제공됩니다. 방까지 직원분께서 식판을 가져다주셔서 방에서 혼자 자유롭게 먹을수있어서 좋았어요. 저처럼 식당가서 밥먹기 부담스럽다~하시는분들에게 매우 좋은 시스템이라고 생각해요😄
청소는 오전 10~11시사이에 직원분이 오셔서 쓰레기비워주시고 청소기도 밀어주세요. 매일오전 빨래망에 빨래넣어서 내놓으면 빨래도 해서 가져다주십니다.
직원분들 모두 친절하셔서 이용하는동안 너무 편했답니다.
6. 셀픽(사진인화서비스)/교육프로그램
2층에는 셀픽사진인화기가 설치되어있어서 하루1장 사진인화가 무료에요. 신생아들은 하루하루 얼굴도 달라지고 엄마들이 사진도 많이찍는데 이런서비스가 있어서 매일 사진1장 인화하는 소소한 즐거움도 있었어요.
교육프로그램은 공지되어있지만 필수로 들어야하는건아니고 자율적으로 들어볼수있어요. 교육으2층에 큰테이블에서 진행되구요~ 목욕교육이나 초점책만들기 등등 다양하게있어서 선택해서 들을수있답니다.
​",꿈담 너무 좋아보이네요~^^ 고생많으셧어요~ | 저도 꿈담갔었어용 | 저도 내년초 꿈담갑니당,3,https://cafe.naver.com/f-e/cafes/24000254/articles/6995438?boardtype=L&userDisplay=50&menuid=13&referrerAllArticles=false&inCafeSearch=true&query=%EB%B9%A8%EB%9E%98&art=aW50ZXJuYWwtY2FmZS1hcnRpY2xlLXJlYWQtaW5DYWZlLXNlYXJjaC1saXN0.eyJ0eXAiOiJKV1QiLCJhbGciOiJIUzI1NiJ9.eyJjYWZlVHlwZSI6IkNBRkVfSUQiLCJhcnRpY2xlSWQiOjY5OTU0MzgsImlzc3VlZEF0IjoxNzg4MjMzMTY4NjU5LCJjYWZlSWQiOjI0MDAwMjU0fQ.YKsMhKeNHHyE3Qhp5ZHMtQTMfCPUhbR2VkZgy1Sqv0g&page=2,JKS
대구맘365,24000254,13,빨래,꿈담 산후조리원 (성서) 후기,2025.03.30. 22:07,"13박 14일동안 꿈담 산후조리원에서 산후조리한 후기 올려봅니다!
​
1. 위치와 시설
- 위치는 성서 쇼핑월드 쪽이에요! 이게 겉으로 보기에는 유흥 업소?들이 많아 보이는데 현재 운영하고 있는 곳은 별로 없어서 밤이나 낮이나 크게 시끄럽거나 북적거리거나 그런건 전혀 없었어요!
저는 대구 여성아이병원에서 출산했고, 달서구에 거주하고 있다보니 달서구에 있는 산후조리원을 위주로 알아보다가 집과의 거리, 병원과의 거리, 남편 직장과의 거리를 고려했을 때 위치가 나쁘지 않아서 여기로 최종 결정했어요!
- 일단 방에는 TV, 아기침대, 산모침대, 유축기, 와이파이, 냉장고, 옷장, 식탁 겸 책상 이렇게 필요한 것들이 거의 다 구비되어 있어요. 침대는 남편이랑 둘이 자도 될 만큼 컸구요! 기타 방안의 시설들이 부족하다고 느낀 적은 없었어요ㅎㅎ
- 수유실, 신생아실: 저는 3층 방이었고, 2층에는 신생아실이랑 수유실이 있어요. 신생아실 바로 옆에 수유실이 있어서 방에 데리고 오지 않을 때는 수유실에서 간단하게 수유할 수 있게 되어있어요. 수유실에는 수유쿠션과 같은 수유할 때 필요한 물품들이 구비되어 있어서 편하게 수유할 수 있어요.
​
2. 산후조리원 특징: 제가 느낀 꿈담 산후조리원의 좋았던 특징들 알려드릴게요 ㅎㅎ
- 신생아 케어 부분: 신생아실 선생님들께서 아기를 예뻐해주시면서 잘 케어해주신다는 느낌을 받았어요. 아기들 이름 다 불러주시면서 항상 아기와 산모 모두에게 다정하게 대해주셔서 마음 편하게 아기를 맡기고 지냈습니다. 초산모라 황달, 재채기, 딸꾹질, 모유수유, 등 모르는 것이 많았는데 아기 태어나고 2주동안 그런 부분에서 도움을 많이 받을 수 있어 좋았어요.
- 모자동실 언제나 가능: 꿈담에서는 언제나 아기를 볼 수 있어요. 모자동실 시간이 따로 정해진게 없어서 원할 때 언제든 아기와 같이 있을 수 있어요. 모자동실 할 때는 속싸개, 손수건 깨끗하게 챙겨주시고 챙겨먹어야 하는 분유, 기저귀 등 잘 챙겨주셔요!
- 셀픽 기계: 하루에 남편 포함 2장정도 사진 인화가 가능해요. 조리원에 있는 시간도 14일이면 아기가 하루하루 남다르게 성장하는 기간이라 하루에 2장씩 인화해놓으면 많이 추억이 되고 좋았어요.
-서비스: 8시, 12시, 3시(간식), 5시 이렇게 아침 점심, 간식, 저녁이 나오구요. 한식 위주로 해서 반찬 3개, 메인 1개, 미역국, 요렇게 매일 균형잡힌 식단이 나옵니다. 집에 가면 이렇게 절대 못 차려먹겠죠ㅠㅎㅎ 그리고 빨래는 매일매일 세탁망에 넣어두면 해주시고, 청소도 매일 10시~11시 사이에 쓰레기랑 간단하게 청소기 돌려주셔요!. 세탁이랑 청소를 대신 해주시니까 지내기가 편했어요!
​
3. 가격: 13박 14일 기본룸(VIP) 250만원이었습니다!
​
전반적으로 조용하고 차분한 분위기에서 편하게 쉴 수 있었던 점이 장점이었구요. 산모에게 자유롭게 모자동실을 하게 해주고, 강요하거나 그런 부분이 거의 하나도 없어서 자유롭고 차분하게 2주동안 원할 때 아기 보고 하면서 지내고 싶다 하시는 분들은 만족하실 수 있는 산후조리원이라고 느꼈습니다^^ 그리고 주변이 대학가와도 가깝고 해서 뭐 시켜드시고 싶거나 할 때 선택지도 많아서 좋으실 거에요~~!!
​
​",정보 감사합니다!,1,https://cafe.naver.com/f-e/cafes/24000254/articles/6992142?boardtype=L&userDisplay=50&menuid=13&referrerAllArticles=false&inCafeSearch=true&query=%EB%B9%A8%EB%9E%98&art=aW50ZXJuYWwtY2FmZS1hcnRpY2xlLXJlYWQtaW5DYWZlLXNlYXJjaC1saXN0.eyJ0eXAiOiJKV1QiLCJhbGciOiJIUzI1NiJ9.eyJjYWZlVHlwZSI6IkNBRkVfSUQiLCJhcnRpY2xlSWQiOjY5OTIxNDIsImlzc3VlZEF0IjoxNzg4MjMzMTY4NjU5LCJjYWZlSWQiOjI0MDAwMjU0fQ.KFRxSzx--jgWsnMbJTJGqiFKJduTRnXs_s3cYaRUT08&page=2,JKS
대구맘365,24000254,13,빨래,대구 엘리자벳 산후조리원 후기(둘째맘),2025.03.04. 22:25,"둘째낳고 대구 엘리자벳 산후조리원 이용한 후기입니다!!!
​
위치는 수성못 근처고 일단 조리원 단독건물이라는 장점이 있어요..!!! 바로 옆에 스타벅스가 있는데 나가서 사먹을 수 있는 건 아닙니다^^🙂‍↕️
​
​
​
1층은 카페 겸 조리원 데스크가 있고 카페는 당연히
조리원 사람들만 이용 가능합니다^^
​
2층에 신생아실,수유실,방
3층에 방,마사지실
4층에 식당,방이 있어요!
2층 신생아실 앞에 있는 수유실입니다.
깔끔하고 차분한 음악 틀어줘용!
수유하러갈땐 폰 안들고 가는데 유축한거 놓으러 갓다 아무도 없어서 살짝 찍었어용
엘리자벳 수유콜은 9시부터 22시까지 합니다.
유축할거면 3시간에 한번씩 하라하셨고! 밤엔 유축하지말고 푹자고 아침에 하라고 하셨어용
​
초반에 20-30 나올까말까한데 밤에 자고 일어나서 했더니 저만큼 나와서 놀라서 찍어봤네용...0-0;
​
​
방에 유축기도 있고 모자동실때 쓸 아기 침대도 있어요. 조리원은 잊고있던 유축 지옥^^
​
​
1층 카페는 정말 넓고 훤합니다.
답답한 조리원 감금(?)생활 중 한줄기 빛같은 곳!!
​
방에만 있기 답답하면 1층에서 음료마시며 있어도 될것 같아요
입실할때 무료 음료쿠폰 5개를 주십니당 :)
카페에 보리차랑 아메리카노는 무료제공돼요
종이컵도 있고 믹스커피랑 티백도 있어용
보리차,, 텀블러 갖고오면 따라가면 좋겠죠!
텀블러 아니라도 종이컵이 있으니 따라마심
됩니다.
​
​
ㅈ가장 중요한!!! 식사시간ㅋㅋㅋㅋㅋㅋ
아침 점심 저녁 식사는 배우자도 가능해요 사전신청해야하고 식권 결제하면 됩니다.
​
저녁 간식은 죽메뉴라 안먹었어요ㅠ 위에ㅜ네끼만 먹어도ㅠ배불러요ㅜㅜ
​
​
​
각층 복도에 조리원 옷 수건 휴지 등 비치돼있어서 필요할때 가져가면 돼요
빨래도 넣어두면 빨아두시고 다 빤건 2층 복도에서 찾아가면 됩니다.
vip룸 침대에용
처음 입실하면 조리원 복이 걸려있어요 ㅎㅎ
안마의자도 있는 VIP룸
​
남편 외에는 아무도 출입이 안돼서 첫째때메 조금 고민했는데 첫째 와봤자 괜히 칭얼대기만 하고 ㅠㅠ 더 떼쓸거 같아서 눈 딱감고 아예 첫째 안되는 곳으로(면회도ㅠ안됨) 가자! 했는데 잘 한것 같아용ㅎㅎ
​",,0,https://cafe.naver.com/f-e/cafes/24000254/articles/6970986?boardtype=L&userDisplay=50&menuid=13&referrerAllArticles=false&inCafeSearch=true&query=%EB%B9%A8%EB%9E%98&art=aW50ZXJuYWwtY2FmZS1hcnRpY2xlLXJlYWQtaW5DYWZlLXNlYXJjaC1saXN0.eyJ0eXAiOiJKV1QiLCJhbGciOiJIUzI1NiJ9.eyJjYWZlVHlwZSI6IkNBRkVfSUQiLCJhcnRpY2xlSWQiOjY5NzA5ODYsImlzc3VlZEF0IjoxNzg4MjMzMTY4NjU5LCJjYWZlSWQiOjI0MDAwMjU0fQ.MYTWGMerkahK_fUC8Tk-kb3h2LR8Se9rb946k_zQdZA&page=2,JKS
대구맘365,24000254,13,빨래,꿈담산후조리원 VIP 찐 사용후기💜💛❤️🧡💙,2025.02.16. 12:36,"수성구 거주하며, 효성병원에서 제왕출산후
꿈담조리원에서 13박14일(2주)이용했습니다.
너무 인상에 남아🥹후기까지 작성하게 되었습니다☺️
​
​
먼저, 산후조리원 선정 순위
1. 아기케어&산모케어
2. 룸 상태
3. 남편 거주 가능여부
4. 식사
5. 모자동실 이용
6. 본아트 촬영
1. 아기케어 및 산모케어
:제일 중요한 부분 아닌가요?
다른 산후조리원과 비교했을때 압도적으로 상위권이 아닐까 싶어요!! 왜냐?? 꿈담은 원장님이 간호사출신으로 아기케어를 같이 해주십니다😊소중한 우리 아가 맘편히 믿고 맡길 수 있죠!! 그리고 원장님을 비롯해 꿈담 모든 이모님들이 친절해요🥹❣️
​
2.룸 상태
:제가 2번째로 걱정했던 부분인데, 저의 걱정을 싹 잊게 해주었습니다!! 입실 첫날 너무 놀랬어요!! 생각보다 너무 좋더라구요?? (제가 이용한 309호 강추합니다👍)
⭐️다른 방에 비해서 비교적 더 넓고
⭐️베란다가 있어서 짐을 놔둘수 있는 공간이 더 많아요!!
저처럼 깨끗함을 추구하시는 산모에겐🤣너무 강추👍
​
-방 온도조절가능, 침대 편함, 유축기 및 소독기 있음,헤어드라이기 있음
-매일 오전10:30~11:30 사이 청소해주심
-빨래망에 담아서 내놓으면 빨래도 해주심
-화장실 수압 좋음, 바닥도 뜨거움ㅋㅋ,비데있음
​
3. 남편거주 가능
:꿈담은 남편이 거주도 가능합니다!!
이외 면회는 전면 제한되지만..산모 외출이 가능해요!!
1층에 이디야카페가 있어서
카페에서 만나시면 됩니다^^!!
4. 식사
:식사 후기가 적어서 걱정했으나, 식사도 괜찮습니다
(국은 미역국만 나와요...ㅎㅎ물론,종류는 바뀜)
사실...우리 먹을려고 조리원 오는거 아니잖아여ㅋㅋ
살빼야죠!!!ㅠㅠ흑흑...근데 맛있어여ㅋㅋ살이 안빠져😂
​
이모님이 방안에 가져다 주십니다.
-아침(오전8시),점심(오전12시),저녁(오후5시)
-오후간식(오후3시)
💙❤️💛간식은💙❤️💛
5. 모자동실
:언제든지 모자동실 이용가능!
산모가 아기 보고싶을때 언제든 방에 데리고 와서 보시면 됩니다☺️사랑스러운 아기 사진도 편하게 찍어요☺️
​
6.본아트 촬영
:저는 둘째라서 처음엔 할 생각이 없었는데🤣
막상보니 너무 잘 찍어주시더라구요🤣결국 신청🤣
무료는 심플컨셉이고, 저는 유료로 B 선택!
​
이외에도 장점이 너무 많은 꿈담산후조리원🥹
다시 간다고 해도! 또 꿈담을 선택할거에요🥹
이런곳이 많이 알려지면 좋겠습니다!!
이외 부가설명 TIP.
1. 조리원 준비물
:딱 사용한것만 적었어요!!요것만 챙기세요!!!
-아기:로션 (이외는 조리원에 다 구비되있어요)
-산모:맘스팬티,물티슈,영양제,수건,세면도구,화장품
⭐️세탁망,텀블러,마스크팩,미스트,충전기선
2. 셀픽
:조리원내 셀픽 비치되어있어서 하루에 2장 무료출력가능
(산모 1장 , 남편 1장)
3.주차
:본건물 타워주차이고, 주차하시고 난후 나갈때
조리원 2층 데스크에 구비된 주차카드 가지고 가면 됩니다
4.마사지
:흠...개인적으로 마사지는 별로였어요!
저는 조리원나가서 원래받던 곳 이용하려구 3번만 받았습니다! 가격은 1회당 11만원(현금가)..
문의사항은 댓글로 남겨주시면 답변해드릴께요^^","오옷ㅡ18일 유도잡아놓고 곧 조리원 갈 예정인데 많이 도움되는 글이네요💕 | 축하드립니다^^!!건강히 순산하시구😍아기 산모님 모두 건강히 회복하시길 기원할께요❣️ | 업체명이 어떻게 되나여? | 꿈담산후조리원 입니다!ㅎ | 본아트 무료도 있나보네요~ 퇴소할때 아기 옷은 챙겨가야 하나요?? | 무료는 그냥 아무 컨셉 없이~배냇저고리만 입고 찍은 사진이에요!! (안예뻐요🤣) 유료가 확실히 예쁩니당 ㅋㅋㅋ아기옷은 !!!보통 병원에서 퇴원시( 겉싸개,속싸개,배냇저고리 )챙겨오라고 할 거에요ㅎㅎ이후 조리원 도착 후, 조리원 옷으로 환복합니다!그리고 조리원 퇴소시 원래옷으로 갈아입혀주시구요^^",6,https://cafe.naver.com/f-e/cafes/24000254/articles/6956414?boardtype=L&userDisplay=50&menuid=13&referrerAllArticles=false&inCafeSearch=true&query=%EB%B9%A8%EB%9E%98&art=aW50ZXJuYWwtY2FmZS1hcnRpY2xlLXJlYWQtaW5DYWZlLXNlYXJjaC1saXN0.eyJ0eXAiOiJKV1QiLCJhbGciOiJIUzI1NiJ9.eyJjYWZlVHlwZSI6IkNBRkVfSUQiLCJhcnRpY2xlSWQiOjY5NTY0MTQsImlzc3VlZEF0IjoxNzg4MjMzMTY4NjU5LCJjYWZlSWQiOjI0MDAwMjU0fQ.NQmMppT_qw_TdoOk2Wu516M2P33-6m0aioCCvF2g1B8&page=2,JKS
대구맘365,24000254,13,빨래,출산전에 베넷저고리 몇벌정도?!,2025.02.15. 16:17,"첫아이라 선물로 조금은 들어오지않을까 싶은데요ㅜㅜ
몇벌정도 준비해둬야할지 고민이에여
5벌정도면 너무 적을까요??...","저는 베넷은 자주 사용안하게되더라구요 5벌이면 충분할거같아여! | 3벌에 바디수트 2-3개정도면 신생아 잘지나가요! 물론 토하는아기는 빨래자주해여야하고 그 시기짧으니 우주복이나 상하복을 더 구비하는게 좋을듯요! | 당장 다음주 출산인데 배넷저고리 하나도 준비안했는데 걱정이네요... 생각보다 선물도 다른쪽만 들어오더라구요... | 충분해영 아기 손수건 매일 목욕해서 천기저귀 등등 매일 세탁해서용 ㅎㅎ그라고 오래 못입어서 너무많이 준비하지않아두되용 | 저는 하나만 준비했어요..!!! | 선물로도 들어온다고하고 베넷저고리보다 바디수트를 더 많이, 금방 입힌다고해서 일단 하나만 사두려고요 | 저는 베넷저고리는 선물받은거 포함 3개만 있고 나머진 우주복이랑 스와들업으로 4개 정도 준비했습니다!",7,https://cafe.naver.com/f-e/cafes/24000254/articles/6955918?boardtype=L&userDisplay=50&menuid=13&referrerAllArticles=false&inCafeSearch=true&query=%EB%B9%A8%EB%9E%98&art=aW50ZXJuYWwtY2FmZS1hcnRpY2xlLXJlYWQtaW5DYWZlLXNlYXJjaC1saXN0.eyJ0eXAiOiJKV1QiLCJhbGciOiJIUzI1NiJ9.eyJjYWZlVHlwZSI6IkNBRkVfSUQiLCJhcnRpY2xlSWQiOjY5NTU5MTgsImlzc3VlZEF0IjoxNzg4MjMzMTY4NjU5LCJjYWZlSWQiOjI0MDAwMjU0fQ.lhxKWSrjKh78NHKo9wuAttSASWSNGOA1IqaeI_RKJq4&page=2,JKS
대구맘365,24000254,13,세척,꿈비분리형분유포트 내돈내산 솔직후기!,2026.08.11. 13:45,"1. 꼼꼼한 포장제품 박스 포장이 흔들림 없이 짱짱하게 잘 되어 와서 개봉할 때부터 기분이 좋았습니다. 배송 중 파손 걱정은 안 해도 될 만큼 신경 써서 패키징된 느낌입니다.
2. 컴팩트하고 깔끔한 디자인실물로 보니 생각했던 것보다 크기가 더 컴팩트합니다. 은은한 크림톤 컬러에 세로 결 무늬가 들어가 있어 과하지 않고 깔끔합니다. 외출할 때 기저귀 가방이나 백팩에 넣어도 공간을 많이 차지하지 않아 부담 없습니다.
3. 배터리 분리형 구조개인적으로 이 제품의 가장 큰 장점이라고 생각합니다. 본체와 배터리가 분리되는 구조라 추가 배터리를 하나 더 챙겨두면 여행이나 장시간 외출 시에도 방전 걱정 없이 마음 편히 쓸 수 있습니다. 배터리를 떼어내고 세척할 수 있어서 위생적으로 관리하기도 수월합니다.전반적으로 포장 상태, 디자인, 실용성 면에서 돈 아깝지 않게 만족스러운 제품입니다.
​",,0,https://cafe.naver.com/f-e/cafes/24000254/articles/7366191?boardtype=L&userDisplay=50&menuid=13&referrerAllArticles=false&inCafeSearch=true&query=%EC%84%B8%EC%B2%99&art=aW50ZXJuYWwtY2FmZS1hcnRpY2xlLXJlYWQtaW5DYWZlLXNlYXJjaC1saXN0.eyJ0eXAiOiJKV1QiLCJhbGciOiJIUzI1NiJ9.eyJjYWZlVHlwZSI6IkNBRkVfSUQiLCJhcnRpY2xlSWQiOjczNjYxOTEsImlzc3VlZEF0IjoxNzg4MjMzMTgxMTE1LCJjYWZlSWQiOjI0MDAwMjU0fQ.ie5zmzvc9j3qs9ogrm066Dzr3-warDE4-4F9-qZmwzI&page=1,JKS
대구맘365,24000254,13,세척,출산준비물 중에 젖병용품 추천부탁드려요,2026.08.04. 22:28,"침대랑 기저귀갈이대는 이케아꺼샀구요
아기세제랑 섬유유연제같은 소모품은 호호에미꺼랑
레드루트꺼 샀습니다 후기 젤 많길래요.
선물받은건 슈너글 아기욕조, 아기체육관, 아가방 옷이랑 속싸개
이런것들 들어왔고 유모차랑 카시트는 남편이 고른댔는데
젖병소독기나 젖병같은건 어디걸 사야할지 모르겠네요
브랜드도 너무 많고 추천도 너무 다양해서요 되도록이면
가성비 좀 챙기고 싶은데 어디껄 사면 좋은가요?
미리 감사합니다^^","분유수유 예정이면 젖병용품 준비하면서 버들맘마도 같이 알아보세요 분유 등록해두면 바로 조유할 수 있고 자동세척까지 돼서 젖병 쓰는 시기에 정말 자주 손이 가더라고요~ | 젖병은 하겐꺼 유리젖병샀고 젖병세제는 아토오겔 열탕소독기능되고 성분좋아요, 지금 이유식까지 잘쓰고 있어요, 소독기는 UV형 핫딜뜰때 미리 사뒀어요ㅎㅎ | 젖병은 더블하트 썼어요~ 홈캠도 출산 전에 같이 준비해두면 좋아요ㅎㅎ 씨앤케어 A+ 홈캠은 500만 화소라 아기 재워두고 다른 방에 있어도 선명하게 확인돼서 초반 육아할 때 자주 쓰게 되더라구요~ | 저는 젖병은 더블하트가 괜찮았고 배앓이크게없이 잘썻어요! 그리고 홈캠도있으면 도움되고~ 젖병건조대는 아무거나 쓰셔도 다 비슷해요! 젖병세제는 아토오겔써줬는데 분유기름잘지워지고 나중에 이유식할때 야채, 과일 세척도 가능해요! 소독기는 저는 유팡잘썻고 유치원가서까지도 칫솔이나 물통소독까지해줘서 잘썻어요! | 모윰, 디프락스, 더블하트 써봤는데더블하트 추천합니다~! 모윰은 가성비로 괜찮은데 더블하트가 더 괜찮은것같아요디프락스는 젖병 체결도 ,,, 세척도 ,,, 별로였던것같아요 ㅠ",5,https://cafe.naver.com/f-e/cafes/24000254/articles/7361032?boardtype=L&userDisplay=50&menuid=13&referrerAllArticles=false&inCafeSearch=true&query=%EC%84%B8%EC%B2%99&art=aW50ZXJuYWwtY2FmZS1hcnRpY2xlLXJlYWQtaW5DYWZlLXNlYXJjaC1saXN0.eyJ0eXAiOiJKV1QiLCJhbGciOiJIUzI1NiJ9.eyJjYWZlVHlwZSI6IkNBRkVfSUQiLCJhcnRpY2xlSWQiOjczNjEwMzIsImlzc3VlZEF0IjoxNzg4MjMzMTgxMTE1LCJjYWZlSWQiOjI0MDAwMjU0fQ.yLzjepkd4wCYTkN6Zo1lceTiQkeBc1L7uNtUIu3NAkM&page=1,JKS
대구맘365,24000254,13,세척,친구 출산 선물 추천해주실 수 있나요...?,2026.07.21. 15:42,"여기로 찾아온 게 제대로 찾아온 건지 모르겠습니다만 ㅠㅠ ㅎㅎ
친구가 둘째를 출산했는데 어떤 선물을 줘야할지 제가 아직 애가 없어서 그런지
마땅한 게 떠오르질 않네요
받는 사람도 주는 사람도 그리 부담스럽지 않은 가격대의 선물 뭐가 좋을까용","둘째면 부담 없는 선에서 멜크 스미얼 아기로션이요~~성분 순하고 태열 올라오는 아기들 피부 진정 시키는데 도움이 돼서 출산 선물로 주기 괜찮은 것 같아요~ | 전 육아용품은 둘째땐 대부분 있어서 산모 육아할때 쓰라고 백온담 저주파기 선물용으로 자주하고있어요~ 조작도 쉽고 집에서 간단하게 할수 있어서 좋더라고요! | 서로 부담스럽지 않은 걸로는 손수건 괜찮은 거 같아요!! ㅎㅎ 저는 뮤라꺼 쓰고 있는데 건조기 돌려도 구김 거의 없고 관리하기 좋더라고요~ | 블랭킷이요! 신생아는 여름에 외출할때 실내로 가게되면 에어컨 바람땜에 체온조절 어려워서 덮을거 들고다니게 되는데 블랭킷이 딱이더라고요! 포몽드꺼 디자인 예쁜거 많아용~ | 저는 젖병소독기 선물해줬어요! 베ㅇ비하우스가니까 베하픽제품중에 픽셀플러스 젖병소독기있길래 사은품도 같이받아서 선물했네용 | 둘째면 손수건도 많이 쓰지만 저는 ㅆㅇ케어A+ 홈캠도 추천해요ㅎㅎ 블루투스로 연결돼서 설치가 쉽고 500만 화소에 WDR 역광보정까지 있어서 화면이 선명해요 첫째 돌보면서도 둘째 낮잠이나 분리수면 확인하기 편해서 오래 쓰는 육아템이더라구요 | 산모애꺼 샴푸 좋아요. 임산부 브랜드라 믿고 드립니다 | 다음달에 벡스코에서 베이비페어 한다는데 한번 가서 둘러보시는것도 좋을거같아요~! | 출산선물 고민하다가 산모애 바디워시 골랐어요ㅎㅎ자연유래 성분에 비건 제품이라 성분 꼼꼼하게 보는 친구도 좋아하더라구요. 은은한 편백향도 부담 없어서 추천해요 | 히요코베이비 패드 괜찮아요~ | 저는 산모선물로 탈모샴푸 많이 해줘요!! 제가 산후탈모가 너무 심했던지라ㅜㅜ 그때 두피센터까지 갔었는데 거기 원장님 추천으로 저속노화샴푸 쓰고 도움 많이 됐거든요!! 성분도 순하대서 그거 많이 해주네용~~ | 신생아때 가지고 놀수있는 장난감들은 다 처분했다고 해서 전 애플비 출산선물세트로 해줬어요! | 저는 베이비앙 출산선물세트 선물 많이 해용! 구성이 좋아서 이것저것 볼 거 없고 편하더라구요 가격대도 괜찮아요! | 저는 프롬유 아기샤워핸들 선물 받았었는데 진짜 좋았어요 목욕이 매번 전쟁이었는데아이가 혼자 잡고 서있을 수 있어서 훨씬 편하게 씻길 수 있어요~ 목욕 시간도 많이 줄었어요! | 출산 선물 센스 대박소리 들으려면 두유제조기 추천이요!저도 도자기 두유제조기로 아기 이유식까지 마스터한 선배 맘인데 이거 진짜 편해요 ㅠㅠ가격은 좀 비싸도 소음도 안나고 자동세척 기능 덕분에 육아 칼퇴하네요ㅋㅋㅋ | 저도 블랭킷 추천이요 !저는 아뜰리에슈 선물 받았는데금액대가 있다보니 제 돈 주고 사기는 고민됬었는데 선물 받아보니 예쁘기도하고 여기저기 잘 사용되서 좋았어요 | 페넬로페 선물세트 선물로많이줘요. 만족도가 높더라구요. 물티슈 세트예요. | 저도 담요가 좋을 것 같아요! | 산후 탈모 관리용 사주시는거 추천드려요!~ | 아기 턱받이, 방수요, 체온계, 아기이불 같은 실용적이고 어차피 아기 태어나면 사야하는 것들 선물 주니깐 좋더라구요!",20,https://cafe.naver.com/f-e/cafes/24000254/articles/7350112?boardtype=L&userDisplay=50&menuid=13&referrerAllArticles=false&inCafeSearch=true&query=%EC%84%B8%EC%B2%99&art=aW50ZXJuYWwtY2FmZS1hcnRpY2xlLXJlYWQtaW5DYWZlLXNlYXJjaC1saXN0.eyJ0eXAiOiJKV1QiLCJhbGciOiJIUzI1NiJ9.eyJjYWZlVHlwZSI6IkNBRkVfSUQiLCJhcnRpY2xlSWQiOjczNTAxMTIsImlzc3VlZEF0IjoxNzg4MjMzMTgxMTE1LCJjYWZlSWQiOjI0MDAwMjU0fQ.OcAivawwYCGlVAS73-OsEeuqiseXYiq2yZQIXVLnlhQ&page=1,JKS
대구맘365,24000254,13,세척,맘마존 필수템! 라비킷 장만했어요 :),2026.07.14. 07:34,"예비맘들~ 다들 맘마존 셋팅 하셨나요?
저는 이제 셋팅중인데
​
그중에 라비킷 제품이 너무 좋아서 후기 알려드리려구요!
​
작년에 친구임신선물로 가장유명한 라비킷을 사줬는데 너무 좋다고 하더라구요 ㅎㅎ
​
제가 막상 사려니까 릴리브 프로랑 라비킷 중에 너무 고민되더라구요!! 여러후기들 비교 해봤는데 저한테는 라비킷이 더잘 맞을것 같더라구요ㅎㅎ
그래서 맘마존 필수템!! 라비킷으로 결정했어요!! (만족)
​
직접 사용해 보니 생각보다 사용법도 어렵지 않고, 디자인도 깔끔해서 맘마존에 두기 좋더라고요. 매일 사용하는 제품이다 보니 세척이나 관리가 편한 점도 마음에 들었고, 사용할 때 번거롭지 않아서 만족스러웠어요!!
특히 육아용품은 한 번 사면 오래 쓰게 되는데, 남은 분유 중탕도 가능하고, 분유 시기를 지나면 이유식 도구나 쪽쪽이 등 끓는물 소독도 가능할것 같더라구요!
이모저모 야무지게 사용할 라비킷 이랍니다😁😁
​
아직 출산 준비 중이거나 맘마존을 꾸미고 계신 분들이라면 한 번쯤 비교해 보셔도 좋을 것 같아요.",잘 사셨어요~ 라비킷이랑 버들맘마 나란히 두고 쓰면 맘마존 완성된 느낌이라 보기만 해도 든든하더라구요!!,1,https://cafe.naver.com/f-e/cafes/24000254/articles/7344815?boardtype=L&userDisplay=50&menuid=13&referrerAllArticles=false&inCafeSearch=true&query=%EC%84%B8%EC%B2%99&art=aW50ZXJuYWwtY2FmZS1hcnRpY2xlLXJlYWQtaW5DYWZlLXNlYXJjaC1saXN0.eyJ0eXAiOiJKV1QiLCJhbGciOiJIUzI1NiJ9.eyJjYWZlVHlwZSI6IkNBRkVfSUQiLCJhcnRpY2xlSWQiOjczNDQ4MTUsImlzc3VlZEF0IjoxNzg4MjMzMTgxMTE1LCJjYWZlSWQiOjI0MDAwMjU0fQ.YA6EizcVQeGikUfuTrctMNF0qZryWNLIcN3TuyW9WH8&page=1,JKS
대구맘365,24000254,13,세척,대구 동구 아델리아 산후조리원 디럭스룸 2주 내돈내산 후기!,2026.07.01. 22:42,"​
결혼하자마자 바로 축복처럼 우리 부부에게 찾아온
천사같은 아이! 임신하자마자 임테기 확인하면
바로 산후조리원부터 예약해야한다는 이야기에
가장 먼저 알아본 조리원이었어요
​
사실 결혼전 미혼일때부터 주변 지인들에게
이야기를 많이 들었던 조리원이라 망설임없이 바로
예약하고 계약금부터 입금 했던 조리원이랍니다ㅎㅎ
집에서 살짝 멀었지만 친정이랑 가까워서 조리원 퇴실후
바로 친정으로 달려갈거구, 분만하기로한 칠곡경대병원이랑 가까워서
바로 주저없이 선택했어요
​
로비가 쾌적하지요?
항상 유리너머로 오픈되어있는 신생아실!
1.룸 컨디션
예약하고 머무른 방은 디럭스룸!
임신 4주2일차에 예약하러 빠르게 방문했어서
원하는 방은 다 남아있었어요
중간크기의 방이면서 모자동실 가능한
디럭스룸으로 2주를 머무르기로 했어요!
생활해보니 꼭 디럭스가 아니더라도
수유콜 시간이 2.5~3시간 간격으로 있기때문에
아기를 아주 자주 만날수 있어서
산모가 아쉬운건 없을것 같아요
단 모자동실 안되는 스탠다드 방은 아빠는
아이를 만질수 없고 신생아실 유리창 건너로만
아이를 볼 수가 있어요~!
디럭스룸
입실하면 빨래를 맡길수있는 세탁망과
입실 안내책자 리모콘이 든 바구니를 주신답니다!
책자는 몇번 읽어보면 어려운건 없더라구요
디럭스룸은 스탠다드보다 크기가 약간커요
추가로 적외선 온열 양변기가 설치되어 있어요
저는 하루에 20분정도는 앉아있었거든요ㅋㅋ
뜨끈하니 오로배출에 도움이 되는것 같았어요
퇴실할 무렵에는 소형 생리대로도 오로가 거의
묻어나오지 않을만큼 감소되었답니다
​
2.식사
아델리아 산후조리원은 밥이 너무 맛있기로 유명하죠?
먹순이인 저는 밥이 맛없는걸 참을 수 없어서
너무 중요한 포인트였어요
아침,저녁식사는 뷔폐식이고
점심은 한상차림 특식이 나옵니다!
객실에 외부음식 반입과 배달음식이 가능한데요
배달은 로비 엘리베이터 앞에서 바로 받아와야되는
시스템이긴한데 밥이 너무 맛있게 잘 나와서
배달음식 시켜먹을 겨를이 없었어요😅🤣
간식은 오후3시와 저녁8시 두타임이 있는데
3시 간식은 식당으로 가서 먹는방식이고
저녁간식은 방으로 가져다주시는 방식이에요!
간식도 머핀이나 호떡 이런거 직접 다 구우시더라구요?
식후때마다 식당 옆 오븐에서 오늘 간식은
뭐가 나오려나 슬쩍 구경도 했어요ㅎㅎ
​
3.시설
공용공간들에는 빨래를 두는 빨래보관통과
유축한 모유를 보관하는 냉장고, 개인 깔대기를 쓰고내놓으면 세척후 보관해주시는 보관함
필요시 사용하면 될 듯한 전자렌지와 냉장고가 있어요
조리원에서 깔대기를 세척 소독해주시니 너무편안...
그리고 2층 공용 거실엔 사진인화기, 반신욕기,
골반교정기, 파라핀 기계등이 있어요!
손목이 덜그덕 덜그덕 거리니 파라핀 열심히
하루세번 밥 먹으러 갈때마다 해주었고요!
사진인화기로 하루1장 최대 8장의 사진을
뽑을수 있어서 출산직후부터 모아두었던 아기사진을
성실하게 뽑아서 8장을 다 뽑았답니다ㅋㅋ
남편 휴대폰으로도 최대 2장 가능해요!
​
4.마사지
조리원에 오면서 가장 기대가 컷던게 마사지 였어요
출산전부터 시작해서 임신후기의 붓기는
출산직후에 더 심해지더라구요ㅠ
온몸에 관절이 헐거워져 있는데 부종까지 심하니
천근만근의 몸이었고 너무 삐그덕 삐그덕 아팟어요
출산 직후 설레는 마음으로 어기적대며
걸어가서 측정한 몸무게는 부종으로 인해
만삭때보다 더 늘어나 있어서 얼마나 충격적이었는지..
제왕절개라 더 심하게 부었던거 같아요
​
게다가 병원에서 출산3일차부터 젖몸살이 시작되어
딱딱해지고 열이오르는 가슴을 부여잡고
부은몸에 밤이고 낮이고 얼마나 괴롭고 아팟는지ㅠ...
퉁퉁부어버린나ㅠ 친정엄마가 보시더니 큰일난줄 아셧다고ㅜ
저는 입실당일 무료체험 1회 마사지 체험후
이틀만에 몸무게가 4키로나 쑤욱 내려가는
기적같은 경험을 하고 파워결제를 감행하고 말았습니다
붓기가 쏘옥~!!! 기적같이 빠져부럿슨!!!!
퉁퉁부은 위의 얼굴과의 차이가 보이시나요ㅜㅜㅜㅜㅜ
저는 3번방 안쪽베드의 관리사님께 마사지를 받았어요
​
입실 첫주는 좀 집중 관리를 하고싶어서 90분코스
2주차에는 60분 코스로 결제하였어요
산후붓기는 비만과도 연결이 되는 부분이고
골든타임 이내 최대한 몸의 회복에 집중해서
최상의 컨디션으로 집에 돌아가 육아전쟁에 뛰어들고 싶었는데 정말 비용이 아깝지 않았어요...
​
산후 마사지답게 제 몸의 어느부분이 안좋은지
정확히 짚어주시구 그에 맞춰 마사지 강도와 프로그램을
짜주셔서 편안하게 몸을 맞겼답니다
​
모유수유 하시는분들은 가슴마사지와
수유에대한것도 적극적으로 코칭 받으실수 있어요
수유실에서도, 마사지실에서도 다 잘 알려주셔요
저는 목표한대로 조리원에서 초유만먹이고
단유하고 나오는것에 성공햇습니다🥹
모유에 욕심이 없는 저는 젖몸살을 경험하고나니
집에가서 혼자 단유하기는 무서웠어요
발목뼈와 라인을 되찾은 나의 풍선같았던 발...
발도 다리도 퉁퉁 부어서 발을 내딪을때마다
발바닥이 찢어지는 느낌이 낫었는데
살아낫어요.. 광명찾고 집에왔습니다...
그립네요 관리사선생님... 다시가고싶다🥹❤️...
​
지내는동안 아기가 쏭스오가닉 분유와
로하스베베 라인의 바디제품들을 쓰고
특별히 탈이 없이 잘 먹고 잘바르는걸 봐서
그대로 따라 쓰기로 결정하고 싹 구매해서 왓습니다^^;
영업이나 강요같은거 전혀 없구
모유수유 강요하면서 눈치주는 조리원들도 있다던데
그런것도 전혀 없어서 완분맘인 저는
편안히 조리하다 왔어요
​
모르는것도 물어보면 다 잘 알려주시는데
울고불고 하면 다시 아기들구  뛰어가면
받아주시려나요?🤣🤣🤣
벌써 그리운 조리원........
​
또 제게 둘째라는 축복이 온다면
다시 방문 해보도록 하겠습니다
​
친절했던 식당이모님, 실장님들
마사지선생님들 신생아실 선생님들
우왕좌왕 초산맘 돌봐주셔서
모두모두 고맙습니다❤️",,0,https://cafe.naver.com/f-e/cafes/24000254/articles/7335728?boardtype=L&userDisplay=50&menuid=13&referrerAllArticles=false&inCafeSearch=true&query=%EC%84%B8%EC%B2%99&art=aW50ZXJuYWwtY2FmZS1hcnRpY2xlLXJlYWQtaW5DYWZlLXNlYXJjaC1saXN0.eyJ0eXAiOiJKV1QiLCJhbGciOiJIUzI1NiJ9.eyJjYWZlVHlwZSI6IkNBRkVfSUQiLCJhcnRpY2xlSWQiOjczMzU3MjgsImlzc3VlZEF0IjoxNzg4MjMzMTgxMTE1LCJjYWZlSWQiOjI0MDAwMjU0fQ.-996Ph84xjomu48l1mPrHQH8RNhIYLI-qrVSJ9qu46E&page=1,JKS
대구맘365,24000254,13,세척,대구 동구 아델리아 산후조리원(feat. 베르나인 마사지★) 내돈내산 후기,2026.06.27. 14:28,"이른둥이 쌍둥이를 35주에 출산하고 아기들이 니큐에 가게되어 10일동안은 집에서 남편이 몸조리를 해주었어용
잘 먹고 잘 쉬었지만,, 몸의 회복은 더디고 붓기는 안빠지고,, 온몸의 관절들은 아파지기 시작하더라구용!!
다행히 아기들이 늦지않게 퇴원하게되어 바로 조리원으로 출바르 했답니당ㅠㅠ!!
​
요즘 산후조리원 예약하기가 힘들잖아요....?
임신 7주쯤 심장소리를 듣고 집과 가까운 대구 동구, 수성구 위주로 알아보고 있었습니당
하지만 다들 예약이 꽉차있었고,, 대기도 불가한 상황,,! 운 좋게도 아델리아 산후조리원 스탠다드 룸 예약이 가능해서 디럭스룸 이상을 원했지만 스탠다드룸으로 예약 진행했었습니다!
디럭스룸 이상만 모자동실이 가능해서 디럭스룸을 원했지만, 쌍둥이인 경우에는 모자동실할 경우 산모가 쉴 시간이 없고 힘들거라고 하셔서 차라리 잘된거다 생각했습니다
​
1. 식사
아델리아 산후조리원은 식사로 유명하기도 하죠? 아침과 저녁식사는 뷔페식으로 먹고 점심은 특식으로 나옵니다
편식쟁이인 저는 솔직히 점심은 정말 맛있었는데여!
아침과 저녁식사는 쏘쏘 했습니당..ㅎ
다른 후기들과도 비교를 해보니 2주씩 식단이 짜져있는것 같더라구요? 미역국도 황태미역국, 조개미역국, 소고기미역국 골고루 나옵니당 ㅎㅎ 물리진 않아요!
​
간식은 존맛입니다;; 점심식사 이후 오후 간식은 간단한 분식, 빵, 과일 등이 나옵니다! 야식은 빵 위주와 음료 주십니다. 야식에서 나오는 빵들은 꽤나 퀄리티가 높습니다.. 후후ㅎ 직접 만드시는것 같은데 맛있어요 ㅠㅠ!!
그리고 과일들은 제철과일들로 나오는것 같은데 당도가 죽입니댜…ㅋㅋㅋ
​
​
​
​
2. 시설
저는 위에서 말씀드렸다시피 스탠다드룸으로 예약을 했었는데용! 운이 좋아서 그런지 제 방은 모션베드가 있는 방이였습니다!! 스탠다드룸이라고 해서 모든 방이 모션베드가 있는건 아니에요! 전 운이 좋았습니다 하핫ㅎ 베드 세워서 티비보는게 꿀이였습니당,, 집에 들이고 싶었던,,,ㅎ!! 방에는 TV, 드라이기, 공기청정기, 유축기가 있습니다.
앗참 휴지도 항상 구비되고 리필해주시니 따로 안챙기셔도 돼요
​
​
그리고 공용공간인 다목적실엔 빨래를 두는 빨래통과 쓰레기통, 모유를 두는 냉장고와 전자레인지, 정수기가 있습니다. 방에서 유축한 모유를 냉장고에 두고 사용한 깔대기는 수거함에 두시면 2~3시간 뒤에 세척과 살균된 깔데기가 깔대기 함? 에 놓여져있습니다.. 집에서 항상 유축하고 깔대기 설거지하다 보니까 정말 힘들었는데 조리원에선 깔대기도 세척해주시니 얼마나 감사했는지 몰라요 ㅠㅠ
​
​
그리고 공용 거실엔 사진인화기, 반신욕기, 골반교정기 등이 있습니다!! 사진인화기는 산모는 하루에 한장씩 총 8장 뽑을수 있고 남편은 총 2장까지 뽑을수있어요!! 미루지 말고 매일 사진 인화하는게 좋습니다.. 전 미루고 미루다가 6장밖에 못뽑고 퇴소했어요 ㅠㅠ 아쉽쓰,,, 그리고 식사를 다 한 산모님들 공용 거실에 모여서 수다도 떨고 합니당 ㅎㅎ
모든 공용 시설들을 이용해보는게 좋은데 다 이용하지 않고 방구석에서 티비만 본 나,, 반성합니다,,
​
​
​
3. 아기 케어 및 수유
3층에는 신생아실이 있습니다! 신생아실 뒤? 옆?에 수유실이 있어 수유콜이 오면 3층 수유실로 가 아기들을 만나고 했답니당.. 조리원 입소 전에는 수유콜 좀만 가면 되지 모~ 했지만 막상 가보니 아기들이 너무 예뻐 거의 빠짐없이 수유콜 다 나갔답니당 ㅠㅠ..
몸은 힘들고 지치고 많이 졸린데요.... 그래도 막상 아기들 보면 너무 예뻐서 힘든것도 잊혀집니당..
그래도 자기 몸을 생각한다면 보충해주세요~ 다음 타임때 불러주세요~ 하면 선생님들이 보충수유 잘 해주시니 걱정안하셔도 돼요!!
퇴소가 코앞으로 다가왔을땐 너무 피곤해서 정신을 못차리겠더라구요ㅠㅠ 수유콜이 왔을때 힘든게 보였는지 신생아실 선생님이 푹 자라고 먼저 말씀해주시는데 호르몬의 노예인 나,, 감동이였습니다,,!
그리고 모유수유 고민이나 수유자세 등 힘들거나 고민이 있음 목요일 저녁이나 밤에 수유콜 꼭 가세요! 원장쌤이 오셔서 직접 코치해주시고 상담해주시는데 엄청 도움이 많이 됩니다 ㅠㅠ!!
​
그리고 아델리아 산후조리원은 따로 분유를 안챙겨가신다면 쏭쓰오가닉 1단계 분유를 먹인다고 합니당! 저는 처음에 조리원에서 먹이는 분유로 아기들 줘야지 했다가 무난하고 접하기 쉬운 앱솔루트 명작을 주변에서 추천받았는데요..? 명작을 사서 조리원에 갖다드리니 퐁당퐁당으로 분유를 갈아타주셨습니다!! 집에서 따로 안갈아타도 되니 넘 좋았어요!
쏭쓰오가닉은 조리원 구매시 쿠팡보다 싸니 참고하세요!
​
​
​
4. 교육
월요일부터 금요일까지 매주, 격주로 2,3층 공용 거실에서 출산, 육아 관련 교육이 진행되고 있습니다! 월요일 수업 빼고는 모두 매주 진행되는데용! 월요일 수업인 응급처치, 하임리히법 배우기는 오후 늦게 입실해서 듣진 못했습니당 ㅠㅠ.. 그 외에 아기 울음소리 관련 교육은 분유 광고가 있구 초점책은 웅진?에서 광고하신다고 하더라구용 ㅎㅎ 그리고 본아트 촬영은 원본사진을 돈내고 구매해야지만 받을수 있다고해서 따로 촬영하진 않았어요..! 그리고 금요일 아빠와 함께하는 목욕, 기저귀 가는 교육은 원장쌤이 직접해주시는 교육입니당! 질문도 받아주시고 아빠들도 직접 참여해서 듣는것도 좋은것 같아요!! ㅎㅎ
​
​
​
​
5. 마사지
조리원에 온 이유의 반은 마사지를 받기 위함이였는데요! 제왕절개 후 병원에 입원해있는 동안에는 임신때보다 더 빠졌다가 퇴원 후 집에있는 동안에는 코끼리 마냥 미친듯이 붓더라구요... 일반적으로 뒤늦게 조리원 갈 시점에 제왕절개 붓기가 온다고 합니다 ㅜㅜ 집에 있는동안 풀리오로 마사지도 해보고 주물주물 마사지도 해봤는데 심해지면 심해졌지 나아지진 않더라구요.. 그래서 조리원에 들어가자마자 서비스 마사지 받고 한번에 눈에 띄게 붓기가 빠지는것이 보였어요!
저는 바로 60분 10회권을 끊었습니다!! 10회권을 끊으면 헤드스파와 얼굴관리도 서비스로 받을수 있었습니당ㅎ
​
집에서와 조리원 마사지 이후 붓기차이 장난아니죠? 집에 있는동안 붓기가 심하다 보니 친정 엄마께서 걱정하신 나머지 우시면서 조리원 언능 들어가서 마사지 10회 받으라며,,,ㅠㅠ ㅋㅋㅋ
저는 1번방 선생님으로 배정받아서 진행했었어요! 산후조리원에서 랜덤으로 담당 마사지 선생님들을 지정해주시는것 같더라구요! 저는 미리 조리원 들어가기 전에 손맛 좋은 선생님이 누구인지 써치써치를 해보고 들어갔었는데요!
다행히도 제가 마음속으로 원했던 1번방 선생님이 배정되어 속으로 나이스를 외쳤답니당 ㅎㅎ
아마 예비 산모님들께서 원하시면 지정도 가능하지 않을까 싶어요?!
​
​
산후마사지 답게 산모 몸에 맞춰 진행해주십니다! 저는 임신 전에 마사지 매니아였는데요.. 강도가 쎈 압으로 받는걸 좋아했어요! 그래서 처음 마사지 받을때 ""선생님 쎄게 해주세요~"" 하고 요청 드렸는데 선생님께서 산후마사지는 강도 쎄게 하면 오히려 몸이 망가진다고 하시더라구요! 처음엔 약하게 진행해주시다가 마사지 10회차가 끝날 무렵 쯤엔 처음보다 강도가 높아져있었어요! 조리원 들어오셔서 수유하다 보시면 느끼시겠지만 어깨랑 뒷목이 장난아니게 뻐근해지고 아픕니다..ㅠㅠ 나름 신경써서 올바른 자세로 수유한다고 해도 아파요.. 그래도 어깨, 뒷목까지 싹~ 마사지 받고나면 그렇게 개운할수가 없습니다! 완전 추천합니다!!
​
그리고 제일 궁금하실것 같은 체.중.감.량!! 저는 쌍둥이 산모였었고 임신중에 빵과 과일을 무지하게 많이 먹었다보니 20kg 쪘어요...^^... 그땐 첨이자 마지막인 임신일수도 있으니 맘껏 먹을래!! 심보였습니다 ㅎㅎ...
출산전 몸무게 86kg로 앞자리가 두번 바꼈었어요..ㅎㅎ 병원에서 퇴원할땐 83kg로 퇴원했고 집에서 78~79kg까지 뺐습니다! 아마 애기들이 빠진 몸무게이지 않을까 싶어요!
조리원에 들어와서는 현재 74~75kg까지 뺐는데요! 아마 마사지로 붓기가 다 빠져서인것 같아요! 저는 삼시세끼와 간식도 두끼 다 챙겨먹었습니다 ㅠㅠ 적당한 식단조절과 간식을 안먹었더라면 더 빼서 나갔을수도 있을것 같아요!
빠른 붓기감소와 복직근 이개와 같은 몸 회복을 원하시면 베르나인 마사지 추천드립니다! (돈 여유가 있었더라면 90분 마사지 받았을거에요 ㅠㅠ!!)",,0,https://cafe.naver.com/f-e/cafes/24000254/articles/7332235?boardtype=L&userDisplay=50&menuid=13&referrerAllArticles=false&inCafeSearch=true&query=%EC%84%B8%EC%B2%99&art=aW50ZXJuYWwtY2FmZS1hcnRpY2xlLXJlYWQtaW5DYWZlLXNlYXJjaC1saXN0.eyJ0eXAiOiJKV1QiLCJhbGciOiJIUzI1NiJ9.eyJjYWZlVHlwZSI6IkNBRkVfSUQiLCJhcnRpY2xlSWQiOjczMzIyMzUsImlzc3VlZEF0IjoxNzg4MjMzMTgxMTE1LCJjYWZlSWQiOjI0MDAwMjU0fQ.pxD8SBwE1ODHVJRhhH58xMh4EyDUGiaNKdyB6yhmFos&page=1,JKS
대구맘365,24000254,13,세척,대구 동구 아델리아 산후조리원(feat. 베르나인 마사지★) 내돈내산 후기,2026.06.27. 14:27,"이른둥이 쌍둥이를 35주에 출산하고 아기들이 니큐에 가게되어 10일동안은 집에서 남편이 몸조리를 해주었어용
잘 먹고 잘 쉬었지만,, 몸의 회복은 더디고 붓기는 안빠지고,, 온몸의 관절들은 아파지기 시작하더라구용!!
다행히 아기들이 늦지않게 퇴원하게되어 바로 조리원으로 출바르 했답니당ㅠㅠ!!
​
요즘 산후조리원 예약하기가 힘들잖아요....?
임신 7주쯤 심장소리를 듣고 집과 가까운 대구 동구, 수성구 위주로 알아보고 있었습니당
하지만 다들 예약이 꽉차있었고,, 대기도 불가한 상황,,! 운 좋게도 아델리아 산후조리원 스탠다드 룸 예약이 가능해서 디럭스룸 이상을 원했지만 스탠다드룸으로 예약 진행했었습니다!
디럭스룸 이상만 모자동실이 가능해서 디럭스룸을 원했지만, 쌍둥이인 경우에는 모자동실할 경우 산모가 쉴 시간이 없고 힘들거라고 하셔서 차라리 잘된거다 생각했습니다
​
1. 식사
아델리아 산후조리원은 식사로 유명하기도 하죠? 아침과 저녁식사는 뷔페식으로 먹고 점심은 특식으로 나옵니다
편식쟁이인 저는 솔직히 점심은 정말 맛있었는데여!
아침과 저녁식사는 쏘쏘 했습니당..ㅎ
다른 후기들과도 비교를 해보니 2주씩 식단이 짜져있는것 같더라구요? 미역국도 황태미역국, 조개미역국, 소고기미역국 골고루 나옵니당 ㅎㅎ 물리진 않아요!
​
간식은 존맛입니다;; 점심식사 이후 오후 간식은 간단한 분식, 빵, 과일 등이 나옵니다! 야식은 빵 위주와 음료 주십니다. 야식에서 나오는 빵들은 꽤나 퀄리티가 높습니다.. 후후ㅎ 직접 만드시는것 같은데 맛있어요 ㅠㅠ!!
그리고 과일들은 제철과일들로 나오는것 같은데 당도가 죽입니댜…ㅋㅋㅋ
​
​
​
​
2. 시설
저는 위에서 말씀드렸다시피 스탠다드룸으로 예약을 했었는데용! 운이 좋아서 그런지 제 방은 모션베드가 있는 방이였습니다!! 스탠다드룸이라고 해서 모든 방이 모션베드가 있는건 아니에요! 전 운이 좋았습니다 하핫ㅎ 베드 세워서 티비보는게 꿀이였습니당,, 집에 들이고 싶었던,,,ㅎ!! 방에는 TV, 드라이기, 공기청정기, 유축기가 있습니다.
앗참 휴지도 항상 구비되고 리필해주시니 따로 안챙기셔도 돼요
​
​
그리고 공용공간인 다목적실엔 빨래를 두는 빨래통과 쓰레기통, 모유를 두는 냉장고와 전자레인지, 정수기가 있습니다. 방에서 유축한 모유를 냉장고에 두고 사용한 깔대기는 수거함에 두시면 2~3시간 뒤에 세척과 살균된 깔데기가 깔대기 함? 에 놓여져있습니다.. 집에서 항상 유축하고 깔대기 설거지하다 보니까 정말 힘들었는데 조리원에선 깔대기도 세척해주시니 얼마나 감사했는지 몰라요 ㅠㅠ
​
​
그리고 공용 거실엔 사진인화기, 반신욕기, 골반교정기 등이 있습니다!! 사진인화기는 산모는 하루에 한장씩 총 8장 뽑을수 있고 남편은 총 2장까지 뽑을수있어요!! 미루지 말고 매일 사진 인화하는게 좋습니다.. 전 미루고 미루다가 6장밖에 못뽑고 퇴소했어요 ㅠㅠ 아쉽쓰,,, 그리고 식사를 다 한 산모님들 공용 거실에 모여서 수다도 떨고 합니당 ㅎㅎ
모든 공용 시설들을 이용해보는게 좋은데 다 이용하지 않고 방구석에서 티비만 본 나,, 반성합니다,,
​
​
​
3. 아기 케어 및 수유
3층에는 신생아실이 있습니다! 신생아실 뒤? 옆?에 수유실이 있어 수유콜이 오면 3층 수유실로 가 아기들을 만나고 했답니당.. 조리원 입소 전에는 수유콜 좀만 가면 되지 모~ 했지만 막상 가보니 아기들이 너무 예뻐 거의 빠짐없이 수유콜 다 나갔답니당 ㅠㅠ..
몸은 힘들고 지치고 많이 졸린데요.... 그래도 막상 아기들 보면 너무 예뻐서 힘든것도 잊혀집니당..
그래도 자기 몸을 생각한다면 보충해주세요~ 다음 타임때 불러주세요~ 하면 선생님들이 보충수유 잘 해주시니 걱정안하셔도 돼요!!
퇴소가 코앞으로 다가왔을땐 너무 피곤해서 정신을 못차리겠더라구요ㅠㅠ 수유콜이 왔을때 힘든게 보였는지 신생아실 선생님이 푹 자라고 먼저 말씀해주시는데 호르몬의 노예인 나,, 감동이였습니다,,!
그리고 모유수유 고민이나 수유자세 등 힘들거나 고민이 있음 목요일 저녁이나 밤에 수유콜 꼭 가세요! 원장쌤이 오셔서 직접 코치해주시고 상담해주시는데 엄청 도움이 많이 됩니다 ㅠㅠ!!
​
그리고 아델리아 산후조리원은 따로 분유를 안챙겨가신다면 쏭쓰오가닉 1단계 분유를 먹인다고 합니당! 저는 처음에 조리원에서 먹이는 분유로 아기들 줘야지 했다가 무난하고 접하기 쉬운 앱솔루트 명작을 주변에서 추천받았는데요..? 명작을 사서 조리원에 갖다드리니 퐁당퐁당으로 분유를 갈아타주셨습니다!! 집에서 따로 안갈아타도 되니 넘 좋았어요!
쏭쓰오가닉은 조리원 구매시 쿠팡보다 싸니 참고하세요!
​
​
​
4. 교육
월요일부터 금요일까지 매주, 격주로 2,3층 공용 거실에서 출산, 육아 관련 교육이 진행되고 있습니다! 월요일 수업 빼고는 모두 매주 진행되는데용! 월요일 수업인 응급처치, 하임리히법 배우기는 오후 늦게 입실해서 듣진 못했습니당 ㅠㅠ.. 그 외에 아기 울음소리 관련 교육은 분유 광고가 있구 초점책은 웅진?에서 광고하신다고 하더라구용 ㅎㅎ 그리고 본아트 촬영은 원본사진을 돈내고 구매해야지만 받을수 있다고해서 따로 촬영하진 않았어요..! 그리고 금요일 아빠와 함께하는 목욕, 기저귀 가는 교육은 원장쌤이 직접해주시는 교육입니당! 질문도 받아주시고 아빠들도 직접 참여해서 듣는것도 좋은것 같아요!! ㅎㅎ
​
​
​
​
5. 마사지
조리원에 온 이유의 반은 마사지를 받기 위함이였는데요! 제왕절개 후 병원에 입원해있는 동안에는 임신때보다 더 빠졌다가 퇴원 후 집에있는 동안에는 코끼리 마냥 미친듯이 붓더라구요... 일반적으로 뒤늦게 조리원 갈 시점에 제왕절개 붓기가 온다고 합니다 ㅜㅜ 집에 있는동안 풀리오로 마사지도 해보고 주물주물 마사지도 해봤는데 심해지면 심해졌지 나아지진 않더라구요.. 그래서 조리원에 들어가자마자 서비스 마사지 받고 한번에 눈에 띄게 붓기가 빠지는것이 보였어요!
저는 바로 60분 10회권을 끊었습니다!! 10회권을 끊으면 헤드스파와 얼굴관리도 서비스로 받을수 있었습니당ㅎ
​
집에서와 조리원 마사지 이후 붓기차이 장난아니죠? 집에 있는동안 붓기가 심하다 보니 친정 엄마께서 걱정하신 나머지 우시면서 조리원 언능 들어가서 마사지 10회 받으라며,,,ㅠㅠ ㅋㅋㅋ
저는 1번방 선생님으로 배정받아서 진행했었어요! 산후조리원에서 랜덤으로 담당 마사지 선생님들을 지정해주시는것 같더라구요! 저는 미리 조리원 들어가기 전에 손맛 좋은 선생님이 누구인지 써치써치를 해보고 들어갔었는데요!
다행히도 제가 마음속으로 원했던 1번방 선생님이 배정되어 속으로 나이스를 외쳤답니당 ㅎㅎ
아마 예비 산모님들께서 원하시면 지정도 가능하지 않을까 싶어요?!
​
​
산후마사지 답게 산모 몸에 맞춰 진행해주십니다! 저는 임신 전에 마사지 매니아였는데요.. 강도가 쎈 압으로 받는걸 좋아했어요! 그래서 처음 마사지 받을때 ""선생님 쎄게 해주세요~"" 하고 요청 드렸는데 선생님께서 산후마사지는 강도 쎄게 하면 오히려 몸이 망가진다고 하시더라구요! 처음엔 약하게 진행해주시다가 마사지 10회차가 끝날 무렵 쯤엔 처음보다 강도가 높아져있었어요! 조리원 들어오셔서 수유하다 보시면 느끼시겠지만 어깨랑 뒷목이 장난아니게 뻐근해지고 아픕니다..ㅠㅠ 나름 신경써서 올바른 자세로 수유한다고 해도 아파요.. 그래도 어깨, 뒷목까지 싹~ 마사지 받고나면 그렇게 개운할수가 없습니다! 완전 추천합니다!!
​
그리고 제일 궁금하실것 같은 체.중.감.량!! 저는 쌍둥이 산모였었고 임신중에 빵과 과일을 무지하게 많이 먹었다보니 20kg 쪘어요...^^... 그땐 첨이자 마지막인 임신일수도 있으니 맘껏 먹을래!! 심보였습니다 ㅎㅎ...
출산전 몸무게 86kg로 앞자리가 두번 바꼈었어요..ㅎㅎ 병원에서 퇴원할땐 83kg로 퇴원했고 집에서 78~79kg까지 뺐습니다! 아마 애기들이 빠진 몸무게이지 않을까 싶어요!
조리원에 들어와서는 현재 74~75kg까지 뺐는데요! 아마 마사지로 붓기가 다 빠져서인것 같아요! 저는 삼시세끼와 간식도 두끼 다 챙겨먹었습니다 ㅠㅠ 적당한 식단조절과 간식을 안먹었더라면 더 빼서 나갔을수도 있을것 같아요!
빠른 붓기감소와 복직근 이개와 같은 몸 회복을 원하시면 베르나인 마사지 추천드립니다! (돈 여유가 있었더라면 90분 마사지 받았을거에요 ㅠㅠ!!)",,0,https://cafe.naver.com/f-e/cafes/24000254/articles/7332234?boardtype=L&userDisplay=50&menuid=13&referrerAllArticles=false&inCafeSearch=true&query=%EC%84%B8%EC%B2%99&art=aW50ZXJuYWwtY2FmZS1hcnRpY2xlLXJlYWQtaW5DYWZlLXNlYXJjaC1saXN0.eyJ0eXAiOiJKV1QiLCJhbGciOiJIUzI1NiJ9.eyJjYWZlVHlwZSI6IkNBRkVfSUQiLCJhcnRpY2xlSWQiOjczMzIyMzQsImlzc3VlZEF0IjoxNzg4MjMzMTgxMTE1LCJjYWZlSWQiOjI0MDAwMjU0fQ.iA1dxsLQMyUaKNEKmpFgDf5RPXmsRc9uk7WgzquZAx0&page=1,JKS
대구맘365,24000254,13,세척,분유포트 출수형 중에 고르려고 하는데 조언 부탁드려용 ㅜㅜ,2026.06.12. 14:02,"지금 맘마존 만들면서 공간도 마련해놓고
정리도 싹 해뒀는데 분유포트를 못 골랐어요 ㅜㅜ
얼른 사야하는데 결정을 못하겠네용...
주전자형은 손목이 너무 안좋아서 패스구요
라비킷이나 보르르 이런 출수형으로 고민 중인데
뭐가 더 좋을까용... ㅜㅜ
그리고 쉐이커는 필수인가요?
안 사려고 하는데 없이도 괜찮죠...?",손목 불편하시면 쉐이커 있음 좋을거 같아요! 분유포트는 라비킷 추천이요~ 통 분리해서 씻을 수 있는 게 확실히 관리하기 편해요 | 추천 감사합니다 쉐이커+라비킷으로 갈까요 ㅜㅜ | 저 분유포트 라비킷 썼어용!!! 스텐이고 통세척 가능하고 A/S도 빠르게확실히 처리해줘서 좋앗어용 ㅎㅎ | AS빠른거 좋네요 ㅜㅜ 추천감사합니다! | 출수형이 편했고 분유쉐이커는 저도 굳이 ? 싶었는데 선물받아서 생각보다 더 잘 썼어요 ~~해님꺼 분유쉐이커 추천이요 소음이 작아요 | 저는 풀무원 분유포트 이용합니당ㅎㅎ | 쉐이커 편해요!! 보온기능이 있는 쉐이커도 있어서 식지않게 돌릴수도 있고 맘마먹다가 중간에 잠깐 멈춰야할 때 쉐이커에 꼽아두면 안식어요!!,7,https://cafe.naver.com/f-e/cafes/24000254/articles/7321419?boardtype=L&userDisplay=50&menuid=13&referrerAllArticles=false&inCafeSearch=true&query=%EC%84%B8%EC%B2%99&art=aW50ZXJuYWwtY2FmZS1hcnRpY2xlLXJlYWQtaW5DYWZlLXNlYXJjaC1saXN0.eyJ0eXAiOiJKV1QiLCJhbGciOiJIUzI1NiJ9.eyJjYWZlVHlwZSI6IkNBRkVfSUQiLCJhcnRpY2xlSWQiOjczMjE0MTksImlzc3VlZEF0IjoxNzg4MjMzMTgxMTE1LCJjYWZlSWQiOjI0MDAwMjU0fQ.PzFuM3K6bDvbgbq6nc16144dESVhSOD3m0yURVbZwik&page=1,JKS
대구맘365,24000254,13,세척,더블유여성병원 산후조리원 2주 특실 후기,2026.04.30. 00:50,"출산 전부터 산후조리원은 정말 많이 고민했어요.
시설, 식사, 프로그램도 중요했지만 제가 가장 우선으로 본 건
신생아실 케어
였어요.
초보엄마이다 보니 아기를 믿고 맡길 수 있는 곳인지가 가장 중요했거든요.
그런 점에서 더블유 여성병원 산후조리원을 선택한 가장 큰 이유는
한 건물 안에서 출산부터 조리까지 모두 해결되는 시스템
이었어요.
1층 소아과
2층 산부인과
3~5층 분만실 및 입원실
6~7층 산후조리원
이렇게 한 건물 안에 다 있어서 이동 동선이 정말 편리했어요.
​
산모 입장에서는 몸도 힘든데 외부 이동 없이 필요한 진료를 바로 볼 수 있다는 게 정말 큰 장점이더라고요.
​
제가 가장 만족했던 부분은 역시
신생아실 케어
였습니다.
신생아실 선생님들 모두 너무 친절하시고, 무엇보다 관리가 정말 철저해요.
코로나 관련해서도 굉장히 꼼꼼하게 관리하시는데,
산모들끼리도 너무 밀접하게 오래 대화하지 않도록 조심해달라고 안내해주시고,
남편 면회도 3일마다 코로나 검사를 받아야 가능했어요.
비용은 1만원인데, 깜빡하고 검사 없이 올라오면 바로 확인하시고
검사 후 올라오라고 안내해주실 정도로 철저했습니다.
처음에는 조금 엄격하다고 느낄 수도 있지만, 오히려 이런 부분 때문에 더 믿음이 갔어요.
“아기를 정말 안전하게 보호하고 있구나”라는 느낌이 확실히 들었거든요.
​
​
산모 건강 관리도 정말 꼼꼼했어요.
매일 혈압 체크, 오전/오후 체온 체크를 직접 기록해야 하고, 빠뜨리면 바로 연락 주세요.
그만큼 산모 컨디션까지 세심하게 보고 계신다는 게 느껴졌어요.
아기 관리도 체계적이었어요.
매일 아기 몸무게 변화, 대변 횟수 등을 기록한 신생아 일지를 붙여주셔서 매일 확인할 수 있었어요.
초보엄마 입장에서는 “우리 아기가 잘 먹고 있나?”, “배변은 괜찮나?”
이런 게 늘 걱정인데 눈으로 직접 확인할 수 있어서 안심이 됐습니다.
​
제가 조리원 생활 중 몸 상태가 안 좋아서 병원 진료를 보고 약 처방을 받은 적이 있었는데,
그때 신생아실 선생님들이 처방받은 약까지 꼼꼼하게 확인하시고,
실장님께서 직접 오셔서 상담까지 해주셨어요.
그 순간 정말 느꼈어요.
이곳은 단순히 아기를 맡아주는 곳이 아니라 산모와 아기 상태를 함께 책임감 있게 관리하는 곳이라는 걸요.
면회시간도 좋았어요.
저녁 10시부터 10시 30분까지도 면회가 가능해서 야근하고 온 남편도 잠깐 얼굴 보고 갈 수 있었어요.
면회시간에 아래 커튼이 열린답니다~
​
수유하면서도 정말 많은 도움을 받았어요.
초보엄마라 수유실에서 정말 많이 헤맸어요.
왜 우는지, 왜 자꾸 게워내는지, 제대로 먹고 있는 건지 하나하나 다 걱정됐는데,
궁금할 때 호출벨 누르면 바로 와주시고 자세하게 알려주셨어요.
무엇보다
“너무 걱정하지 마세요.”
이 한마디가 정말 큰 위로였어요.
출산 후 호르몬 영향 때문인지 생각보다 감정기복도 심하고 괜히 눈물도 나고 불안할 때가 많았는데,
이런 따뜻한 말들이 큰 힘이 됐습니다.
​
그리고 수유실에 수유쿠션도 준비되어있고,
여기서 기저귀도 갈고, 구비된 수딩젤, 크림 등도 바를 수도 있고 맨 아래칸에 보시면 발받침 할 의자까지
구비되어있어서, 산모가 좀 더 편안한 자세로 수유할 수 있는 배려가 느껴진답니다~
​
저도 자연분만 했는데, 자분 산모들을 위한 도넛방석까지 수유실에 구비되어있는 센스!!!
​
​
유축을 위한 깔대기와 젖병도 조리원에 다 구비되어있어서
유축 준비물을 하나도 챙기지 못했었는데, 편하게 잘 사용했답니다~
그리고 개인적으로 데피라 수유컵도 사용해보고,
손목이 아픈 거 같아서 핸즈프리 수유컵도 사서 사용해봤는데,
그런 개인용품도 저기 바구니에 사용 후 갖다놓으면 깨끗하게 세척 및 소독해서
소독기에 다시 넣어주신답니다~
​
조리원 용품뿐만 아니라 개인용품까지 챙겨주시는 점이 너무 좋았어요.
​
​
그리고 조리원실에서 쓸 수 있었던 이 스펙트라 유축기!
인터넷으로 대여하려고 보니 생각보다 1달 대여료가 비싸더라구요.
그만큼 유축기가 엄청 좋아요. 수유등도 3단계 켜지는 것은 물론이고,
일단 지인에게 빌린 스펙트라 유축기에 비해 소음이 훨~~~~~~씬 작고,
수유시간이 지금 몇 분 되었는지 다 카운트를 해주고,
30분이 되면 자동으로 꺼지는 기능까지... 이 좋은 유축기 쓰다가 지인에게 빌린 거 어떻게 쓰지 싶으네요 ㅎㅎ
​
​
그리고 식사.
여기는 진짜 식사가 너무 맛있어요.
지인이 예전에 여기 실습 나왔을 때 밥이 너무 맛있어서 여기 취직하고 싶었다고 했는데,
왜 그런 말 했는지 알겠더라고요.
산모식인데도 정말 맛있고 정성스럽게 나와요.
살 빼야겠다고 생각했는데 3끼를 너무 잘 챙겨 먹고 왔어요.
특히 좋았던 건 모유수유를 고려한 식단이라는 점이었어요.
빨간 김치 대신 백김치가 나와서 자극적이지 않았고,
세끼 모두 미역국만 반복되는 게 아니라 일반 국이 다양하게 나와서 질리지 않았어요.
식사가 잘 나오니까 회복에도 도움이 많이 되는 느낌이었어요.
그리고 간식도 나오는데, 솔직히 전 밥을 너무 맛있게 맛나게 먹어서
과자, 떡, 빵을 좋아하는 빵순이가 간식을 많이 못 챙겨먹어서 사진이 많이 없어요.
​
​
그리고 산후조리원 실장님도 정말 잘 챙겨주세요.
제가 원래 추위를 많이 타는 편인데 임신 후 체질이 바뀌어서 더위를 많이 타게 됐고,
조리원 내부가 산모 기준으로 따뜻하게 되어 있다 보니 더 덥게 느껴졌어요.
그걸 말씀드렸더니 바로
“옷을 원피스로 바꿔드릴까요?” 하시면서 불편하지 않도록 여러 방법을 먼저 제안해주시고
필요하신 거 있으시면 언제든 말씀하시라고 말씀주시며,
세심하게 챙겨주셔서 정말 감사했어요.
사소한 부분인데도 바로 반응해주시는 게 감사했어요.
​
그리고 실장님 계신 데스크에서
조리원에 있는 동안 신생아실에서 실제 먹이고 있는 프리미엄 산양분유를 저렴하게 구매할 수 있는 것도
큰 장점이었어요.
집에 가서 분유 연계할 때도 도움이 될 것 같아요.
​
마사지 관리도 정말 만족했습니다.
산후에는 몸도 힘들지만 마음이 더 힘들더라고요.
수유하고, 잠 못 자고, 아기 울음에 긴장하고, 내가 잘하고 있는 건지 계속 불안하고.
그럴 때 마사지 받는 시간이 정말 힐링이었어요.
마사지 선생님께서 몸만 풀어주시는 게 아니라 이야기도 많이 들어주시고,
“산모님이 먼저예요. 산모님을 먼저 생각하세요.”
라고 말씀해주셨는데 그 말씀이 정말 크게 와닿았어요.
괜히 울컥할 때도 많았는데 그 시간 덕분에 마음 정리가 많이 됐어요.
솔직히 집에 가서도 출장으로 모시고 싶다는 생각까지 했어요.
​
왼쪽 산모건강관리실이 마사지샵이랍니다.
​
그리고 프로그램도 좋았어요.
3층 병원 신생아실 수간호사 선생님께서 산후요가와 사운드베스 수업을 진행해주시는데,
단순히 몸 회복만이 아니라 마음까지 돌보는 시간 같았어요.
특히 기억에 남는 말이 있어요.
“지금 가장 소중한 사람은 누구인가요?”
다들 아기를 먼저 떠올렸는데,
선생님께서 가장 중요한 사람은 산모 본인이라고 하셨어요.
그리고 두 번째는 남편.
아이는 결국 독립할 존재이고, 평생 함께할 사람은 배우자이니
남편에게도 고맙다고 표현하고 서로 잘 지내는 모습이 아이에게 안정감을 준다고 말씀하셨는데
정말 많이 공감됐어요.
조리원 생활하면서 남편에게도 더 고맙다는 말을 하게 됐어요.
(여기가 6층 식당 옆 공간인데, 여기서 각종 수업이 이뤄지고,
사진을 못 찍었는데, 여기에 셀픽 기계가 있어서 매일 하루 1장씩 사진 인화를 할 수 있어서 좋았어요.)
​
​
생활적인 부분도 편리했어요.
6층, 7층마다 세탁물 수거함이 있어서 수유브라, 속옷, 수건, 조리원복까지 매일 세탁 가능해서 정말 편했어요.
출산 후에는 작은 집안일 하나도 버겁기 때문에 이런 시스템이 정말 도움이 됩니다.
2주 동안 지내보니 왜 더블유 여성병원 산후조리원이 만족도가 높은지 알겠더라고요.
몸 회복도 잘했고, 육아에 대한 자신감도 조금 생겼고,
무엇보다 초보엄마로서 혼자가 아니라는 안정감을 많이 얻고 갑니다.
출산 직후 가장 예민하고 불안한 시기에 따뜻하게 챙겨주신
신생아실 선생님들, 실장님, 마사지 선생님 모두 감사드립니다.
둘째가 생긴다면 다시 오고 싶을 만큼 만족했던 산후조리원이었어요.
​",저도 곧 가야하는데...혹시 빨래 이런 부분은 괜찮을까요? 병원복이 아닌 개인 빨래도 빨아주시나요? (내복),1,https://cafe.naver.com/f-e/cafes/24000254/articles/7291247?boardtype=L&userDisplay=50&menuid=13&referrerAllArticles=false&inCafeSearch=true&query=%EC%84%B8%EC%B2%99&art=aW50ZXJuYWwtY2FmZS1hcnRpY2xlLXJlYWQtaW5DYWZlLXNlYXJjaC1saXN0.eyJ0eXAiOiJKV1QiLCJhbGciOiJIUzI1NiJ9.eyJjYWZlVHlwZSI6IkNBRkVfSUQiLCJhcnRpY2xlSWQiOjcyOTEyNDcsImlzc3VlZEF0IjoxNzg4MjMzMTgxMTE1LCJjYWZlSWQiOjI0MDAwMjU0fQ.uXuthXBha8sRzSUiZCa8kofenqB4Lh0LTg8FzBn0r20&page=1,JKS
대구맘365,24000254,13,세척,유팡젖병 득템,2026.04.25. 15:53,"곧 아기 출산을 앞두고 젖병을 미리 준비하면서 여러 제품을 비교해보다가 유팡 젖병을 구매하게 되었어요.
이벤트 중으로 비교적 다른 젖병에 비해 저렴하기도 헸구요. 신생아 때부터 매일 사용하는 제품인 만큼 소재나 사용감, 세척 편의성까지 꼼꼼하게 보게 되었는데 전체적으로 만족스러워서 후기 남겨봅니다.
​
우선 젖병 자체가 가볍고 손에 잡히는 느낌이 좋아서 사용하기 편할 것 같았어요. 초보 엄마, 아빠도 부담 없이 사용할 수 있을 것 같고, 수유할 때 안정감 있게 잡을 수 있는 점이 마음에 들었습니다.
젖병 입구가 넓어서 분유를 탈 때 흘릴 걱정이 적고, 세척할 때도 손이 잘 들어가서 구석까지 깨끗하게 닦기 편해 보였어요. 젖병은 위생 관리가 정말 중요한데 세척이 편하다는 점이 큰 장점으로 느껴졌습니다.
또 소재도 튼튼하면서 투명해서 안에 내용물 확인이 쉽고 눈금도 잘 보여서 수유량 체크하기 좋을 것 같아요. 아기에게 사용하는 제품이라 안전성이 가장 중요했는데 믿고 사용할 수 있을 것 같아서 안심이 되었습니다.
아직 출산 전이라 실제 사용은 못 해봤지만 미리 받아보니 제품 마감도 깔끔하고 전체적인 품질이 좋아서 만족하고 있어요. 출산 준비하면서 젖병 고민하시는 분들이라면 한 번쯤 고려해봐도 좋을 것 같습니다.",유팡거도 좋아보이네요,1,https://cafe.naver.com/f-e/cafes/24000254/articles/7288052?boardtype=L&userDisplay=50&menuid=13&referrerAllArticles=false&inCafeSearch=true&query=%EC%84%B8%EC%B2%99&art=aW50ZXJuYWwtY2FmZS1hcnRpY2xlLXJlYWQtaW5DYWZlLXNlYXJjaC1saXN0.eyJ0eXAiOiJKV1QiLCJhbGciOiJIUzI1NiJ9.eyJjYWZlVHlwZSI6IkNBRkVfSUQiLCJhcnRpY2xlSWQiOjcyODgwNTIsImlzc3VlZEF0IjoxNzg4MjMzMTgxMTE1LCJjYWZlSWQiOjI0MDAwMjU0fQ.Jp4aeXOyu9cVF3LSxD6OGYfbldmqoJoMs0iY1F7cBM0&page=1,JKS
대구맘365,24000254,13,세척,여성메디파크 vip실 13박14일 후기,2026.04.03. 16:28,"저는 첫째 때는 출산도 메디, 조리원도  메디파크 조리원을 이용했었는데 이번에 둘째 8주 되자마자 마로 메디파크로 예약을 했답니다~
​
첫 번째는 이유는 충분한 쉼이 필요했기 때문에 밥을 방과 간식을 방으로 가져다주신다는 점!!
두 번째는 모자동실이 없다는 점
세 번째는 소아과 회진을 매일 돌아주셔서 아이에게 혹시라도 진료 필요할지 바로바로 체크가 가능하다는 점 때문이었어요!
​
산후조리원 비용은 vip 기준으로 13박 14일에 350만 원으로 수성구 내에서는 가성비 좋게 이용할 수 있고, 타 조리원 대비 넓은 방과 화장실도 두 개 있고, 좌욕도 방에서 할 수 있다는 점 그리고 보호자 식사가 보통을 1만 원씩 추가도던데 여기는 전날까지만 알려주면 무료로 제공되어서 좋았어요!
​
방에있는 식탁으로 식사와 간식 모두 챙겨서 넣어주시기 때문에 시간 관계없이 본인이 먹고 싶을 때 먹고, 밖에 내어다 두면 되는 시스템이라서 충분히 휴식하기에 좋았답니다^^방마다 유축기와 공기청정기도 마련되어 있고 tv는 kt인듯하고 ott 서비스도 되는 리모컨이더라고요!
​
​
​
그리고 vip실 같은 경우는 전자레인지랑 드라이기도 개별로 마련되어 있어서 편하게 이용 가능하고 다른 디럭스실에도 드라이기가 있긴 한데 혹시나 바람이 약하면 데스크에 잘 나오는 드라이기가 있으니 챙겨가서 이용하시고 반납해 주면 된답니다^^
​
또 탕비실에가면 유축기 깔대기도 미리세척해서 소독해서 호실별로 챙겨두시기 때문에 가져가서 사용하면되고, 세탁기도있어서 필요시 사용가능하고 수건과 옷은 언제든지 필요할때 챙겨가면된답니다^^
​
​
그리고 식사도 cj에서 준비해서 나오는 거라 깔끔하고 간식 데이 빕스데이처럼 특식이 나오는 날도 있으니 심심하지 않고, 병원밥 먹다가 조리원에 오니 확실히 조리원 밥이 더 맛있더라고요! 매 끼니마다 다양하게 식사가 제공되니 역시 남이 해준 밥이 젤 맛있는데 집에 가서는 혼자 이렇게 차려먹기 힘들 것 생각하니 더 열심히 잘 먹고 몸조리하려고요!
​
​
그리고 물도 2박스 넣어주셔서 텀블러는 따뜻한 물 마실 때 사용하고 그냥 일반 물은 편하게 충분히 마시고 있답니다^^
​
그리고 신생아실에도 베테랑 선생님들이셔요~~ 첫째 때 계시던 선생님들께서 6년이나 지났는데 그대로 계시더라고요!
아이들 사랑으로 잘 돌봐주시니 걱정하지 않으셔도 되고 신생아 면회도 목욕시간이 2-3시를 제외하고는 언제든지 가능하니 부모님들 오셔서 인터폰만 눌러주시면 가능하답니다^^
​
아무래도 저는 첫째가 있다 보니 면회도 중요한데 방에 입실은 못하지만 3층에서 만나서 잠깐 아이 얼굴도 보고 하니 그래도 견딜만하더라고요!
남은 조리원 생활 잘 마치고 잘 회복해서 집으로 가면 더욱더 사랑을 듬뿍 줘야겠어요!
​
메디파크의 유일한 장점이자 단점은 모자 동실이 없다는 건데  엄마는 수유시간에  아이 안아보고 만나볼 수 있지만  아빠가 아이를 안아보거나 만져볼 수 없다는 점 그게 아빠 입장에서는 조금 서운할 수 있을 것 같아요!
그것 말고는 모든 것들이 저는 만족스러워서 둘째 때도 메디를 선택했답니다!",메디파크도 괜찮네요~,1,https://cafe.naver.com/f-e/cafes/24000254/articles/7272801?boardtype=L&userDisplay=50&menuid=13&referrerAllArticles=false&inCafeSearch=true&query=%EC%84%B8%EC%B2%99&art=aW50ZXJuYWwtY2FmZS1hcnRpY2xlLXJlYWQtaW5DYWZlLXNlYXJjaC1saXN0.eyJ0eXAiOiJKV1QiLCJhbGciOiJIUzI1NiJ9.eyJjYWZlVHlwZSI6IkNBRkVfSUQiLCJhcnRpY2xlSWQiOjcyNzI4MDEsImlzc3VlZEF0IjoxNzg4MjMzMTgxMTE1LCJjYWZlSWQiOjI0MDAwMjU0fQ.-QWTNedBtIMTkiiEZD7YPbFDth4z4a_Rqj_R69q9P-I&page=1,JKS
대구맘365,24000254,13,세척,대구산후도우미업체 참사랑 어머니회 ‘백도연 관리사님’ 추천합니다.(내돈내산후기),2026.03.19. 15:20,"안녕하세요 😊
내돈내산으로 참사랑어머니회 이용 후기 남겨봅니다.
​
베이비페어에서도 자주 보던 업체라 이미 유명하긴 하지만, 작년부터 대구 지역 도우미 관련 안 좋은 소문도 들려서 업체 선정에 고민이 많았어요. 그래서 카페 후기를 정말 많이 찾아보고, 첫아이 케어를 맡길 곳으로 신중하게 선택했습니다.
​
저는 원래 2월 말 출산 예정이었는데, 양막파수로 1월에 조기 출산하게 되어 갑작스럽게 일정이 당겨진 케이스였어요. 그럼에도 불구하고 좋은 관리사님을 배정받아 편하게 쉴 수 있었던 점이 너무 만족스러워 이렇게 후기 남깁니다.
(초반엔 후기 쓸 생각이 없어서 사진을 많이 못 남긴 게 조금 아쉽네요 😅)
​
⸻
​
1. 출근은 일찍, 퇴근은 늦게
​
항상 5분 일찍 오시고, 정시 퇴근하시는 모습을 거의 못 봤어요.
퇴근 시간 즈음 아기가 울면 얼른 가셔서 쉬시라고 말씀드려도, 20~30분 더 안아주시다가 가시는 모습이 인상 깊었습니다.
​
직장 다니는 분들은 공감하시겠지만, 퇴근 1~2분 전부터 마음이 들뜨는 게 보통인데… 오히려 제가 부끄러워질 정도였어요.
“이것만 하고 갈게요” 하시던 모습이 가장 기억에 남아서 후기를 쓰게 된 이유이기도 합니다 😊
​
⸻
​
2. 신생아 케어 설명
​
이른둥이에 첫아이라 정보가 거의 없는 상태였는데,
아기 상태부터 케어 방법, 앞으로의 패턴, 관리사님 종료 이후 발달 과정까지 먼저 설명해주셨어요.
​
덕분에 혼자 있을 때도 당황하지 않고
‘아, 이거 말씀해주셨던 거구나’ 하고 바로 대처할 수 있었습니다.
​
요즘 챗GPT도 잘 알려주긴 하지만,
실제 육아에서는 관리사님이 주신 팁이 훨씬 현실적으로 도움이 됐던 것 같아요 👍
​
⸻
​
3. 아기 상태
​
관리사님 기간이 끝난 지 2주 정도밖에 안 됐는데,
그동안 얼마나 잘 케어해주셨는지 더 느껴지고 있어요.
​
잘 안 울던 아기가 지금은 예민해지고,
제가 미숙하다 보니 더 힘들어하는 모습 보면서 관리사님 빈자리가 크게 느껴집니다 😭
​
⸻
​
4. 아기가 자는 동안에도 부지런히
​
솔직히 아기가 자면 같이 쉬시는 경우도 있다고 들어서 어느 정도 마음의 준비(?)를 했었는데,
오히려 계속 집안일을 찾아서 하시는 모습에 정말 놀랐어요.
​
브레짜, 분유포트도 따로 말씀 안 드려도 주기적으로 세척해주시고
항상 집을 깔끔하게 유지해주셔서 너무 만족스러웠습니다.
​
혼자 해보니 더더욱 느껴지는 관리사님 존재감… 🥲
​
⸻
​
아기 케어는 물론이고,
맛있는 반찬과 찌개, 깔끔한 집 상태까지 정말 장점이 많은 분이셨어요.
​
주변에도 적극 추천하고 있고,
둘째 때도 꼭 백도연 관리사님 지정으로 다시 이용할 예정입니다 😊
(조리원 가지 않고 참사랑어머니회 업체를 더 길게 이용해볼 까도 진지하게 고민..)
​
더 맛있는 음식 해주신 날들은 정작 사진을 안 찍어 놨네요.. (후기 쓸 생각이 없었던 지라 아쉬울 따름)
항상 이쁜 그릇에 정갈하게 내어주셨고, 밖에서 사 먹는 음식보다 입맛에 맞았던 터라 매우 만족 (산후조리원 때 보다 사실 더 만족했었습니닿ㅎㅎ..)",산후도우미도 내가 픽 할수잇는걸까요? | 참사랑에 문의해보니까 지정은 안된다고 하더라구요!! | 안녕하세요 후기 잘 봤습니다 ㅎㅎ 참사랑에 지정도 가능할까요?? | 참사랑어머니회 저도 알아봐야겟어용 | 요리잘한다니 좋은데요! | 요리 잘해주신다니 고려해봐야겠어요,6,https://cafe.naver.com/f-e/cafes/24000254/articles/7262622?boardtype=L&userDisplay=50&menuid=13&referrerAllArticles=false&inCafeSearch=true&query=%EC%84%B8%EC%B2%99&art=aW50ZXJuYWwtY2FmZS1hcnRpY2xlLXJlYWQtaW5DYWZlLXNlYXJjaC1saXN0.eyJ0eXAiOiJKV1QiLCJhbGciOiJIUzI1NiJ9.eyJjYWZlVHlwZSI6IkNBRkVfSUQiLCJhcnRpY2xlSWQiOjcyNjI2MjIsImlzc3VlZEF0IjoxNzg4MjMzMTgxMTE1LCJjYWZlSWQiOjI0MDAwMjU0fQ.kHB1WAoEdxoMssque9u81G4oszhgl_p5zfyaW1uoLNM&page=1,JKS
대구맘365,24000254,13,세척,마마루 하이체어 후기,2026.03.09. 12:26,"0초
0초
100%
광고 후 계속됩니다.
다음 동영상
subject
author
취소
재생
0
재생 (space/k)
재생
00:16
0:00:00
재생 (space/k)
재생
음소거 (m)
음소거
00:00
/
00:16
실시간
설정
전체 화면 (f)
해상도
자동 (480p)
자막
사용 안함
재생 속도
1.0x (기본)
해상도
자동 (480p)
1080p
HD
720p
HD
480p
270p
자막
자막 추가
설정
사용 안함
자막 설정
글자 크기
배경색
재생 속도
0.5x
1.0x (기본)
1.5x
2.0x
죄송합니다. 문제가 발생했습니다. 다시 시도해 주세요.
도움말
음소거 상태입니다.
도움말
라이선스
디버그 정보 다운로드
고화질 재생이 가능한 영상입니다.
설정에서 해상도를 변경해보세요.
더 알아보기
00:00
하이체어
베이비페어 갔다가 한눈에 반해서 결국 데려온
🤍 마마루 하이체어 🤍
​
하이체어 종류 진짜 많아서 고민했는데
실물 보니까 왜 인기 많은지 바로 이해됐어요 👀
​
✔️ 디자인 깔끔해서 집 인테리어랑 잘 어울리고
✔️ 높이 조절이랑 각도 조절이 쉬워서 오래 쓸 수 있고
✔️ 식판이 2중이라 분리 세척 가능해서 위생 관리도 편함!
​
무엇보다 아기 이탈 방지 2중 안전가드라
안전 부분도 신경 많이 쓴 느낌이라 마음에 들었어요 👶🏻 (
mamaroo
)
​
베이비페어에서 직접 앉혀보고 설명 들으니까
온라인으로 보는 것보다 훨씬 믿음 가더라구요.
​
예비맘이라 아직 사용 전이지만
이유식 시작하면 진짜 잘 쓸 것 같은 육아템 🤍
​
베이비페어 가면 꼭 한번 앉혀보세요!
​",,0,https://cafe.naver.com/f-e/cafes/24000254/articles/7255504?boardtype=L&userDisplay=50&menuid=13&referrerAllArticles=false&inCafeSearch=true&query=%EC%84%B8%EC%B2%99&art=aW50ZXJuYWwtY2FmZS1hcnRpY2xlLXJlYWQtaW5DYWZlLXNlYXJjaC1saXN0.eyJ0eXAiOiJKV1QiLCJhbGciOiJIUzI1NiJ9.eyJjYWZlVHlwZSI6IkNBRkVfSUQiLCJhcnRpY2xlSWQiOjcyNTU1MDQsImlzc3VlZEF0IjoxNzg4MjMzMTgxMTE1LCJjYWZlSWQiOjI0MDAwMjU0fQ.fYrXNW3BwRdVm2dtZGRxy0z0FIuuqUHzVG1fqribob8&page=1,JKS
대구맘365,24000254,13,세척,아기 범퍼침대에서 데이베드 갈아타려고 합니다ㅠㅠ,2026.02.06. 11:28,"​
아기 범퍼침대 쓰고 있는데 아기가 자꾸 잡고 일어나기 시작해요
범퍼 주변에 가드 두르긴 했는데… 그냥 데이베드 갈아타려고요
처음부터 데이베드해서 오래 사용할 걸 그랬나봐요
​
안데르센 데이베드가 변형하면서 오래 사용 가능할 것 같은데
사용하시는 분들 참견 부탁드립니다 ㅎㅎ
​
안데르센 후기 찾아보면 매트리스는 다른 조합으로
사용하시는 분들이 많더라고요
저도 아기가 사용할거라 매트리스 속까지
세척되는 소재로 따로 살까 싶은데
그게 몽제랑 바르맘토퍼가 딱 맘에 드는 소재더라구요
안데르센이랑 몽제나 바르맘으로 조합해서 써보신분 후기좀 부탁드려요ㅠㅠㅠㅠㅠ","바르맘꺼 첨보는데 가격은 훨 착하네요 | 맞아요! 몽제 반절정돈데 후기가 좀 없네요 | 저도 비슷한 고민하다 숲소리 스토리 들이고 정착했는데 2년째 흔들림 없이 잘 쓰고 있어요, 튼튼한 원목이 최고더라고요 | 오 추천감사합니다!",4,https://cafe.naver.com/f-e/cafes/24000254/articles/7234839?boardtype=L&userDisplay=50&menuid=13&referrerAllArticles=false&inCafeSearch=true&query=%EC%84%B8%EC%B2%99&art=aW50ZXJuYWwtY2FmZS1hcnRpY2xlLXJlYWQtaW5DYWZlLXNlYXJjaC1saXN0.eyJ0eXAiOiJKV1QiLCJhbGciOiJIUzI1NiJ9.eyJjYWZlVHlwZSI6IkNBRkVfSUQiLCJhcnRpY2xlSWQiOjcyMzQ4MzksImlzc3VlZEF0IjoxNzg4MjMzMTgxMTE1LCJjYWZlSWQiOjI0MDAwMjU0fQ.fcYQoVwR1qy_0gA1-axAFUe_Ynx-HDMaT4sGQjStkLw&page=1,JKS
대구맘365,24000254,13,세척,출수형 분유포트 마련!!,2025.12.20. 20:04,"🔸출산후기 내용은 ""출산 성공 바이러스""
에 게시글 작성해 주시기 바랍니다.
​
🔸""예비맘정보공유"" 게시판에 위 게시글 작성시
활동정지 및 무통보 삭제됨을 알려드립니다.
​
보통 분유포트 주전자형으로 국민템인 보르르 많이 쓰시잖아요. 근데 저는 출수형이 손목 아껴템일거같아서 찾아보다가 내부가 잘 보이면서 세척도 쉬워보이고 주전자형처럼 분리도 가능한
""봄봄 출수형 분유포트"" 장만했어용~!
고인물 자동으로 버려주는 기능도 있고
세척과 관리 방법이 설명서에 잘나와있고
그렇게 어렵지도 않아서 잘 사용 할거같아서
고민하시는 분들께 추천드려요ㅎㅎ
​",,0,https://cafe.naver.com/f-e/cafes/24000254/articles/7201254?boardtype=L&userDisplay=50&menuid=13&referrerAllArticles=false&inCafeSearch=true&query=%EC%84%B8%EC%B2%99&art=aW50ZXJuYWwtY2FmZS1hcnRpY2xlLXJlYWQtaW5DYWZlLXNlYXJjaC1saXN0.eyJ0eXAiOiJKV1QiLCJhbGciOiJIUzI1NiJ9.eyJjYWZlVHlwZSI6IkNBRkVfSUQiLCJhcnRpY2xlSWQiOjcyMDEyNTQsImlzc3VlZEF0IjoxNzg4MjMzMTgxMTE1LCJjYWZlSWQiOjI0MDAwMjU0fQ.xyQVTo-NmzOZ2qBD7Fu47HcAHvptbP1DrOflhR0ZdIQ&page=1,JKS
대구맘365,24000254,13,세척,32주를 앞두고..좀 우울해지네용 ㅜㅠ,2025.12.13. 21:58,"🔸출산후기 내용은 ""출산 성공 바이러스""
에 게시글 작성해 주시기 바랍니다.
​
🔸""예비맘정보공유"" 게시판에 위 게시글 작성시
활동정지 및 무통보 삭제됨을 알려드립니다.
​
어느덧 32주가 하루남은 임산부에요..
곧 9개월이 된다니...믿기지가 않네요!
​
임신초기 입덧이 좀 있어 힘들었는데
활동이 자유롭던 임신중기를 지나
임신후기가 되니 활동에 확실히 제약이 생기고 힘드네요.
​
배가 매번 이보다 더나온다구? 생각드는데
훅 나와있고 ㅋㅋ 그래서인지 걷기가 좀 힘들어요.
어느순간부터 걷다보면 밑빠질것같이 무겁구
뻐근하니 아프더라구요.
여성아이병원 정기검진때 여쭤보니 자궁경부 길이는
이상없고 자연스런 현상이라고 하시더라구오.
​
매일 강아지 산책을 시켜주는데
숨차서 따라가기가 힘들어졌어요 ㅠㅠ
신랑이랑 보내는데 저랑가는거 좋아해서 미안하기도 하고 걷는거 좋아하는데 요즘은 날도 춥고
잘 안나가게 되네요.
​
잘때 앉을때 할거없이 불편하구
배가 어느정도 나왔을땐 신기하다~ 그랬는데
요즘은 뭔가 진격의거인같고 안이뻐보이고
손도 붓고 하니 괜시리
우울해지네요.
​
그런 감정들이 이것저것 쌓였는지
얼마전엔 바구니카시트를 당근했는데
문득 신랑한테 설명하기도 지친거에요;
​
얼마전 유모차도 디럭스 절충형 휴대용 어쩌구
설명했었는데 하나도 모르기도 하고
제가 보기엔 묻는다거나 하는
관심이 없어보여서 좀 쌓였나봐요.
혼자 다 준비하는 기분...
사거나 당근하거나 다 동의하고 가주는데
그날은 괜시리 기분이 그랬어요.
​
또 카시트 어쩌구
설명하기가 지쳐 혼자 가져와서 덩그러니 두고
그 날 바구니카시트라는걸 당근했는데
뭔지 아냐 관심이 있냐 아기용품 관해서 묻지를 않니
말하니까 미안한 표정짓고 운동가더니 가서 찾아보고와서 줄줄 읊더라구요 ㅠㅠㅋㅋ
바구니카시트는 신생아부터 언제까지 쓰고
방향은 어떻게 하고 하면서..
속상했는데 웃기기도 하고 분리해서 세척하길래
풀리긴 했어요.
​
평소에도 저 혼자 잘 알아보고 해서 괜찮았는데
(어차피 제가 원하는거 하는 타입 ㅜㅜㅋㅋㅋ)
호르몬 영향인지 출산일이 다가와서 그런지
여러모로 불편해서인지 감정기복이 심해진듯 하네요.
​
임신후기이신 임산부 분들
잘지내고 계신가용 ㅠㅠ
이제 곧 코앞으로 출산이 다가오니 싱숭생숭
무섭기도 해서 그런가봐요.
그래도 남은기간 맘을 잘 다잡아야겠죠...!
​
​
​
​
​
​
​
​","뒤로 갈수록 더 힘들어지고 심지어 잠도 편히 못 자요. 배가 무겁고 당겨서~ 근데 아이 낳고 3개월까지는 진짜 제 정신으로 잠자고 그런거 힘드니까 그 때를 위해 걷기 운동 열심히 하고 그럼 아이 낳을 때 수월하고 애 낳고 나서도 체력이 좀 있어 도움이 될 거에요. 원래 집에만 있게 되면 임산부든 누구든 우울해지더라고요. 시간이 지나면 언제 그랬냐는 듯 아이 키우는 맛에 또 즐거울거에요~ 힘내용~~ | 진짜 긍정맘님 다운 댓글이세용.. 걷는게 좀 버거워도 이상없다니 체력이나 감정을 위해서도 살살 다니는게 낫겠다는 생각이 드네요~ 감사해요❤️ | 저도 이제 30주차에 접어들어서 그런지 배가 정말 많이 나왔더라구요. 곧 튀어나갈 것 처럼 나왔는데 더 나온다고? 라는 생각이 매번 들고 있어요 ㅎㅎ 저희 남편도 아직까지는 애기 용품에 관심이 크게 없고 제가 리스트 보여줘도 우와 많다라고만 하지 뭐가 좋은지 안 좋은지 찾아보지는 않더라구요 ㅜ 바쁘니깐~ 이라고 생각하면서 넘어가(?)줍니다 ㅎㅎ날씨가 추워져서 그런지 밖에 걸어다니면 허리도 아프고 심할 땐 배도 아프더라구요. 그래서 핫팩 작은거라도 꼭 들고 다니면 좋아요!! 임신 후기 같이 잘 견뎌보아요! | 아무래도 부인들이 더 관심가지고 하니 믿는게(?) 신랑들 맘인가봐요.. 저도 사러가고 가지러가고 잘해주니 괜찮았는데 문득 저렇게 올라오는게 호르몬 때문인가.. 생각하긴 했어요🥲 살짜기 걸어보면서 맘을 다스려야겠네요. | 임신 후반기로 갈수록 출산도 다가와서 설레이기도 하시면 걱정도 많이 앞서다보니 정말 우울감도 들고 하는거 충분히 이해해요배는 나중에 아기 출산하고 나면 빼면 되니 지금 배가 쑥쑥 커지면 아이가 잘 자라고 있구나 하고 태동도 많이 느끼고 하세요~남편은 아무래도 태동이 느껴진다거나 하는게 아니나 현실적으로 덜 다가올수있겠더라구요~저도 셋째넷째 쌍둥이까지 출산하고 나니 그때 그랬구나가 되더라구요^^이제 출산하면 한동안 카페도 잘 못 가고 하니, 걷기 힘드셔서 낮에 카페도 좀 다녀오세요^^그리고 아기 출산하고 나면 둘째 생각이 있으신지는 모르겠지만 태동이 정말 그리울때가 많아요^^~배 속에 아기랑 많이 교감하시고 지금의 여유를 즐겨보세요^^~이런 저런 생각 들때는 지금처럼 털어놓으시고 하시는게 최고입니당^^~~!! | 셋째넷째 쌍둥이까지 낳으시다니 지금의 저에겐 넘 존경스럽네요 ㅠㅠ👍 답글쓰는데도 태동이 느껴져서 잘 기억해놔야겠단 생각들어요. 담주 낮에 카페도 나가야겠어요! 따뜻한 조언 감사합니다🙏🏻 | 몸도 마음도 동시에 무거워지는 때라 사소한 것도 더 크게 느껴지는 것 같아요.혼자 준비하는 기분 들 때 서운해지는 것도 너무 이해되고요.그래도 남편분이 뒤늦게라도 찾아보고 행동으로 보여준 게 괜히 웃기면서 풀리는 포인트네요 ㅎㅎ 지금 느끼는 감정들 다 자연스러운 임신후기 과정인 것 같아요. 저두 정말그래요 ㅎㅎ남은 기간만큼은 너무 애쓰지 말고, 하루하루 잘 버티는 것만으로도 충분히 잘하고 있다고 생각하구~ 출산까지 같이 무사히 잘 지나가요 우리!! | 맞아요.. 생각지도 못했는데 찾아와서 카시트 뒤보기를 안하면 부딪히면 앞으로 튕겨나갈 위험이 있고 어쩌고하는데 풉 웃음부터 나가더라구요 ㅋㅋ 이것저것 배려해주는부분도 많은데 그런것도 생각해야겠어요. 자연스러운 과정이라니 위안이 되어요 지니맘님도 같이 힘내요😃❤️ | 저도 이제 곧 임신 후기에 접어들면서 용품 준비중인데 공감가네요 ㅠㅠ 뭐그리 종류도 많고 알아볼 것도 많은지.. 조금만 걸어도 허리 아프고 밤에 잘때 최소 2-3번은 깨는거같아요.. 그래도 이제 얼마 안남았으니 남은 임신 기간 같이 잘 버텨봐요!! | 저도 계속 이거 나도 필요한거 맞나? 스스로 묻는데 의논도 하고파서 관심이 필요했나봐요 ㅋㅋ 최소한만 사고 나중에 필요할때 사자 결심해도 자꾸 생각나고 🥲 아가 태어난 후 미래를 상상해보게 되네요.. 잠 설치는거 저두 그래요! 후 보들이맘님도 화이팅입니다🥰 | 저 역시도 제가 원하는걸로 해야하는편이라 저도 혼자 다 준비하고 있어요😂 한번씩 섭섭해도 관심은 없지만 지원은 해주는 신랑이 전 편하더라구요... 배도 무거워서 앉고 눕고 일어서고 걷고 하는게 무거워졌지만 그것 또한 출산이 다가 오고 있어서 그런가보다..하고 그러려니 편하게 생각하려구요 ㅠㅠ 엄마가 되는 과정은 정말 어렵고 힘든거 같아요.. 그래도 남은기간 좋은생각 많이 하며 지내보아용💚 | 이제는 앉았다가 일어날라치면 맘의 준비를 하고 끙차아ㅏ 일어나곤 해요 ㅋㅋ 하긴.. 저도 혼자 생각하고 결정하는거에 익숙한 편이라 신랑도 익숙해진듯 해요. 요청하면 다 따라주는데 가끔은 그런 생각도 들더라구요. 이제 빨리 아가를 보고싶네요 ㅎㅎ 같이 파이팅입니다 :) | 진짜 배나온거보면 이게안터진다고..?싶긴해요..ㅠㅠ 저도 어차피 제가하고싶은거 다알아서 하긴하는데 남편이 너무관심없고 무지하니까 서운하긴하더라구요..이번 베페가서 직접보고 큰것들구매하면서 같이의논해보고 하니까 쫌나아졌어요! 잠도 편히못자고 내몸부터 맘대로 가누지못하니까 더예민해지는 시기인거같아요~ 우리조금만 더 힘내봐요!! | 호르몬 영향도 있는지 어떨땐 그러다가 또 잘해줄땐 이만하면 되었다 이런생각도 들고 ㅋㅋㅋ 남편도 혼란스러울지도... 그런데 저도 혼란스러운데 어쩌겠어요 ㅠㅠ 밤이 진짜 뒤척이고 옷도 낑기고 좀 힘들긴 하네요.. 감사합니다~ 같이힘내요!",14,https://cafe.naver.com/f-e/cafes/24000254/articles/7196077?boardtype=L&userDisplay=50&menuid=13&referrerAllArticles=false&inCafeSearch=true&query=%EC%84%B8%EC%B2%99&art=aW50ZXJuYWwtY2FmZS1hcnRpY2xlLXJlYWQtaW5DYWZlLXNlYXJjaC1saXN0.eyJ0eXAiOiJKV1QiLCJhbGciOiJIUzI1NiJ9.eyJjYWZlVHlwZSI6IkNBRkVfSUQiLCJhcnRpY2xlSWQiOjcxOTYwNzcsImlzc3VlZEF0IjoxNzg4MjMzMTgxMTE1LCJjYWZlSWQiOjI0MDAwMjU0fQ.IWSxeZJiMrckF9b_ueguqCljrbgZ1PR4U5KwNe1Qt_M&page=1,JKS
대구맘365,24000254,13,세척,감성 매트 크림하우스 프리매트!,2025.11.28. 18:31,"​
단순한 아기놀이매트가 아니라 거실 인테리어까지 잡아주는 포인트템이라서 공유하고 싶어요.
​
📏 사이즈 & 구성
– 폴더형이라 접었다 펼 수 있고 공간 절약도 되고
– 여러 사이즈 중 선택 가능해서 집 구조에 맞췄어요
– 두께도 적당해서 아가가 넘어져도 안심!
​
🌿 컬러 & 소재
– 부드러운 크림톤이라 거실 색감과도 은근히 잘 어울려요
– 커버 + 폼 조합으로 겉감도 좋고 손쉬운 세척 가능
​
🛡 사용감 & 장점
– 바닥에 깔면 놀이공간 + 휴식공간으로 한 번에 활용 가능
– 접히는 구조라 이동 & 보관도 간편해서 집 안 정리할 때도 부담 적어요
– 아이가 활동량 많아져서 바닥 사고 걱정이었는데, 이 매트 덕분에 안심하고 놀이시켜요
​
​
베페도 하고 쇼룸도 있고 !
집꾸미기에 진심인 육아맘이라면 크림하우스 프리매트 무조건 추천이요🤎",,0,https://cafe.naver.com/f-e/cafes/24000254/articles/7184393?boardtype=L&userDisplay=50&menuid=13&referrerAllArticles=false&inCafeSearch=true&query=%EC%84%B8%EC%B2%99&art=aW50ZXJuYWwtY2FmZS1hcnRpY2xlLXJlYWQtaW5DYWZlLXNlYXJjaC1saXN0.eyJ0eXAiOiJKV1QiLCJhbGciOiJIUzI1NiJ9.eyJjYWZlVHlwZSI6IkNBRkVfSUQiLCJhcnRpY2xlSWQiOjcxODQzOTMsImlzc3VlZEF0IjoxNzg4MjMzMTgxMTE1LCJjYWZlSWQiOjI0MDAwMjU0fQ.hxLGH_kasn_kb3F9TXco0zd-B3m0T7w8kV8F-wwzl_s&page=1,JKS
대구맘365,24000254,13,세척,신생아 육아준비,2025.11.24. 00:49,"🔸출산후기 내용은 ""출산 성공 바이러스""
에 게시글 작성해 주시기 바랍니다.
​
🔸""예비맘정보공유"" 게시판에 위 게시글 작성시
활동정지 및 무통보 삭제됨을 알려드립니다.
​
초산이라 육아에 대해 잘모르고 인스타 유명템만 보고 꼭 필요할까 싶기도하고,,
리안침대
귀저기 갈이대
손수건
손싸게
속싸게
바디슈트 6벌
베넷저고리 4벌
이렇게만 준비되어있는데
12월 베이비 페어때 꼭 추천하시는게 있을까요???
​
예정일은 26년 3월 2일 입니다
​","분유포트요 | 감사합니다~ | 가서 카시트 유모차 설명들어보시고 마음에 드는거 있으시면 다음번때 오픈런해서 전시상품 사는것도 추천드려요! | 오 꿀팁 감사합니다 좋응하루되세요~ | 소독기요 | 목욕제품(워시,타올) 욕조2개, 로션분유포트, 역방쿠, 기갈대, 모빌이요! | 유모차 꼭 비교요 | 젖병세척기요!! 그것도 유용해요 ㅎㅎ",8,https://cafe.naver.com/f-e/cafes/24000254/articles/7180484?boardtype=L&userDisplay=50&menuid=13&referrerAllArticles=false&inCafeSearch=true&query=%EC%84%B8%EC%B2%99&art=aW50ZXJuYWwtY2FmZS1hcnRpY2xlLXJlYWQtaW5DYWZlLXNlYXJjaC1saXN0.eyJ0eXAiOiJKV1QiLCJhbGciOiJIUzI1NiJ9.eyJjYWZlVHlwZSI6IkNBRkVfSUQiLCJhcnRpY2xlSWQiOjcxODA0ODQsImlzc3VlZEF0IjoxNzg4MjMzMTgxMTE1LCJjYWZlSWQiOjI0MDAwMjU0fQ.w8mQ_U6Zyi5MTWAx9khnBMxMImgPsAf4b9x5frScXl8&page=1,JKS
대구맘365,24000254,13,세척,세탁기 분해청소 OR 통세척,2025.11.20. 12:09,"🔸출산후기 내용은 ""출산 성공 바이러스""
에 게시글 작성해 주시기 바랍니다.
​
🔸""예비맘정보공유"" 게시판에 위 게시글 작성시
활동정지 및 무통보 삭제됨을 알려드립니다.
​
세탁기, 건조기 3년정도 사용했는데요.
분해청소 해야하는지..
통세척도 주기적으로 하고있었구요.
​
안쪽에 청소솔로 문질러도 안나오긴했는데
찝찝해서요.
​
혹시 분해청소 해보신분이시거나
세탁조 관리 잘하시는분 계신가용?
​
(아기세탁기 별도구매 안할예정 입니다.)
​","저요! 지난 연말에 했었는데 만족.. 올해 또 하려고 합니다!부부 사업자 방문이라 혼자 있어도 괜찮구요,챗 주시면 업체 알려드릴께요~~",1,https://cafe.naver.com/f-e/cafes/24000254/articles/7178076?boardtype=L&userDisplay=50&menuid=13&referrerAllArticles=false&inCafeSearch=true&query=%EC%84%B8%EC%B2%99&art=aW50ZXJuYWwtY2FmZS1hcnRpY2xlLXJlYWQtaW5DYWZlLXNlYXJjaC1saXN0.eyJ0eXAiOiJKV1QiLCJhbGciOiJIUzI1NiJ9.eyJjYWZlVHlwZSI6IkNBRkVfSUQiLCJhcnRpY2xlSWQiOjcxNzgwNzYsImlzc3VlZEF0IjoxNzg4MjMzMTgxMTE1LCJjYWZlSWQiOjI0MDAwMjU0fQ.j4Dx341DkADrEMF_A-VHcKXnRXHFcH5Xd1_dqI-tZzk&page=1,JKS
대구맘365,24000254,13,세척,동생 출산 선물로 가습기 생각 중인데 괜찮을까요?,2025.11.03. 17:01,"이번에 여동생이 첫 조카를 출산했는데ㅎㅎ
이미 아기 용품은 많은 듯 해서 괜찮은 게 뭐 있을까 고민중이에요
가습기 선물해주면 좋을 것 같긴한데
신생아방용으로 써도 괜찮은 제품 있을까요?
위생이나 세균 문제 없는 걸로 추천 부탁드려요!","이미있을수도 있으니  물어보고 필요한건 사주시면 어떨가요? | 저번에 갔을 때 없던 거 같아서 픽해봤던 건데 ㅎㅎ 한 번 물어볼게용 | 오 가습기 필수니까 좋아할 거 같아요ㅎㅎ웰핀 꺼 알아보세요 저희 집 쓰고 있는데 가열식이구 자동세척 기능 있어서 관리 편해용 | 진짜 좋아했으면 좋겠어요ㅠㅠ 정보 주셔서 감사해요 알아볼게요!! | 가습기도 좋구 건조해서 아기 살성크림이나 수딩젤, 체온계 같은것도 필수템이라서 좋아영 ㅎㅎ | 체온계는 있는 거 같아서 한 번 물어봐야겠어요ㅎㅎ 감사해요 | 정보 감사해요 | 건조기 선물이 확실히 좋네요 | 저도 엄청고민하다가 샀어요.방에서만 쓰는거면 에어메이드 가열식 추천드려요.(타워형 아닌 미니버전)세척도 자동도 되구요. 내부 스텐이구요.온가족이 다쓸꺼다 거실에둘꺼다 하시면타워형 추천드려욥 | 정보 감사합니다아 | 전 숨시내 써요ㅋㅋ 자동습도조절되고 자동세척되서 편하더라구요ㅋㅋ 손연재도 쓰던데용? | 웰핀 더퓨어 맥스요! 물폭발 안전 특허 출원한 거라 저희 집에서도 아이 방에 두고 잘 쓰고 있어용!! | 저는 조지루시써요 | 챗 드렸어요~ | 가습기 좋죠~ 신생아때부터 아이 어느정도 클때까진 가습기 계속 쓰니까 선물로 좋을거 같아요ㅎㅎ | 가열식이 세균번식은 적은디 ㅜㅜ 신생아 있는집에 끓어넘치거나 화상의 위험도 있다해서복합식으로 추천드려요(가열식+초음파식)전 에어메이드 가습기 잘쓰고 있어요 | 금액선을 정해주고. 필요한거 얘기 하라고 하는게 좋지 않을까요?난. 출산선물로. 20만원 정도면 내한테는 부담스럽지 않을거 같아20만원대 가습기를 사줄려고 한다...혹시 가습기 말고 더 필요한게 있어?하고...가습기 괜찮다 하면 사주고...다른거 원한다 하면 다른거 사주면 되지 않늘까요?",17,https://cafe.naver.com/f-e/cafes/24000254/articles/7165197?boardtype=L&userDisplay=50&menuid=13&referrerAllArticles=false&inCafeSearch=true&query=%EC%84%B8%EC%B2%99&art=aW50ZXJuYWwtY2FmZS1hcnRpY2xlLXJlYWQtaW5DYWZlLXNlYXJjaC1saXN0.eyJ0eXAiOiJKV1QiLCJhbGciOiJIUzI1NiJ9.eyJjYWZlVHlwZSI6IkNBRkVfSUQiLCJhcnRpY2xlSWQiOjcxNjUxOTcsImlzc3VlZEF0IjoxNzg4MjMzMTgxMTE1LCJjYWZlSWQiOjI0MDAwMjU0fQ.kUrTUcGGHJMgxoPg4X-TSgTqbklkz73Ci5MvHpI-uaE&page=1,JKS
대구맘365,24000254,13,세척,겨울아기 가습기추천,2025.10.29. 17:17,"안녕하세용 가습기 살려고하는데 어떤거 쓰시는지
저는 가열식으로 알아보고 있는데 뭐가 좋은지 모르겠어요. ㅠㅠ
​
대충 비교해봤는데 비교할수록 머리가 아프네용
​","저는 아키텍꺼 쓰고잇는데 잘 사용하고있어요 | 저도 그게 제일맘에드는데 가격대가있어서가열식인데 많이 안뜨겁고 좋은가요? | 네에 많이 안뜨거워요ㅎㅎ 가습기 무게가 좀 있는 편이라 들고 옮기고 하기엔 다소 불편할 순 있지만, 기능에 자동세척 기능이 있어 간편하게 세척 가능하며 분리세척이 되서 세척하기도 편해요~ 무엇보다 제조국이 대한민국이라 믿을만해요:) | 가열식이 좋데요범위가 넓게 퍼지고따뜻한게 코를 촉촉하게 해주고차가운거는 오히려 감기를 유발한다고 해요ㅡ 소아과 의사 왈 ㅡ | 앗 저도 참고해야겠네요! | 이번에 암웨이에서 나오눈 가습기 한번 보세요! 가열식 쓰는데 세척이 너무 힘들어요ㅜㅜ | 챗드려요~ | 케어팟 사용하는데 공청이랑 같이 사용 못해요 ㅜ 가습기 틀어두고 공기청정기 틀어두니 공청난리예요.. 화재위험 있다고 알람뜨고.. 가습기를 먼지로 인식 한다더라구요.. | 공청기 같이 쓰면안되죠ㅠㅠ수증기를 연기로 인식해서먼저 공기순환시키고 가습기틀어야합니다ㅠ",9,https://cafe.naver.com/f-e/cafes/24000254/articles/7161426?boardtype=L&userDisplay=50&menuid=13&referrerAllArticles=false&inCafeSearch=true&query=%EC%84%B8%EC%B2%99&art=aW50ZXJuYWwtY2FmZS1hcnRpY2xlLXJlYWQtaW5DYWZlLXNlYXJjaC1saXN0.eyJ0eXAiOiJKV1QiLCJhbGciOiJIUzI1NiJ9.eyJjYWZlVHlwZSI6IkNBRkVfSUQiLCJhcnRpY2xlSWQiOjcxNjE0MjYsImlzc3VlZEF0IjoxNzg4MjMzMTgxMTE1LCJjYWZlSWQiOjI0MDAwMjU0fQ.09bXoUzkjcWsCwb17f9Wx3p7CtGOLbdobIe6s4OUtaU&page=1,JKS
대구맘365,24000254,13,세척,젖병소독기 꼭 사야할까요??,2025.10.12. 15:27,"브레짜 분유제조기랑 + 젖병세척기 구매 예정인데 집에 식세기는 없어요 ~~
세척기 있어도 따로 소독기 사는게 좋은가요??
​
🔸출산후기 내용은 ""출산 성공 바이러스""
에 게시글 작성해 주시기 바랍니다.
​
🔸""예비맘정보공유"" 게시판에 위 게시글 작성시
활동정지 및 무통보 삭제됨을 알려드립니다.",세척하고 보관도하고 소독도 해야하니 있는게 나을거 같아요~ | 젖병세척기는 젖병만되는거죠?보통 소독기로 치발기나 나중에 이유식관련도 하다보니 필요하긴 하더라구요 | 저는 세척기를 안사고 스팀소독기만 사려구요..! 보통 소독기를 보관하는 용도로도 쓰는것 같아요 ㅎㅎ | 처음에 소독기 당연히 사야지 생각했는데 스팀소독기만 사려구요! | 매번 열탕소독할 자신이 없어서.. 살균기 구입햇어여 | 저는 소독은 이유식기까지 커버할 계획으로 UV로 샀고 열탕소독 기능되는 젖병세제 쓰니깐 미세플라스틱 걱정도없고 딱 좋은거 같아요ㅠ | 젖병 세척기를 사지말고 소독기를 사세요소독기사서 이유식용품까지 오래쓰는게 나아요 | 소독기저는잘쓰고잇어요! | 열탕소독보다 진짜 uv소독 엄청 편하고 활용도도 뛰어나요  저도 첨에 잘몰라서 맘마존에 스팀소독기도 써보고 세척건조소독 다되는거 써봤는데 세척은 손으로하면 5분이면 되는데 기계는 적어도 30-90분 걸리더라구요ㅜ 걍 답답해서 손으로 세척하고 소독기에 넣어 건조하고 소독하고 있습니다  매번 열탕소독도 자신없구요 ㅎㅎ 신생아는 소독 매번 해줘야 한다고 하더라구요 ㅎㅎ,9,https://cafe.naver.com/f-e/cafes/24000254/articles/7148005?boardtype=L&userDisplay=50&menuid=13&referrerAllArticles=false&inCafeSearch=true&query=%EC%84%B8%EC%B2%99&art=aW50ZXJuYWwtY2FmZS1hcnRpY2xlLXJlYWQtaW5DYWZlLXNlYXJjaC1saXN0.eyJ0eXAiOiJKV1QiLCJhbGciOiJIUzI1NiJ9.eyJjYWZlVHlwZSI6IkNBRkVfSUQiLCJhcnRpY2xlSWQiOjcxNDgwMDUsImlzc3VlZEF0IjoxNzg4MjMzMTgxMTE1LCJjYWZlSWQiOjI0MDAwMjU0fQ.pQQhUPWFvAKwBMqoc8QbM1Okt7D-Hph6anV9VyutpTI&page=1,JKS
대구맘365,24000254,13,세척,산후도우미는 조은맘산후도우미 추천해요,2025.08.25. 12:35,"산후도우미를 고민하고 있으실 예비맘들에게 도움될까하여 후기 적어봅니다 ㅎㅎ
성격상 내집에 누가오는 걸 부담스럽고, 신경쓰여서 첫째때는 도우미 없이 지냈고, 둘째때는 진짜 고민하다가
산전마사지 받으러 간 곳에서 산후도우미중 조은맘산후도우미를 추천받았었어요.
추천해주신 이유가 친절하고, 애기케어를 잘 해주고, 교육을 철저히 받으신 분들만 있으시다기에 참고하였고
출산 후 뒤늦게 신청하였지만 운이 좋았는지 원하는 날짜에 산후도우미님께서 와주셨습니다.
오시기 전엔 불안하고 걱정많았는데
웬걸, 하루만에 맘이 바뀌어서 믿음이 가더라구요
우선 아기상태를 넘 잘 아셔요
숨소리로 아기가 아직 소화가 덜 되었다며 바로 소화시켜주고
또 산모 불편하지 않게 쉬게 해주셔서 잠도 자고 휴식도 갖게 되었네요
반찬만 만들어주신다고 하셨는데 집에 재료가 없어서 이모님께서 직접 가져오셔서 반찬도 여러개 만들어주셨어요 첫째애기 좋아하는반찬도 만들어주셔서 넘 감사했어요 👍
매일 청소도 해주시고, 빨래도 애기꺼 외에도 해주시고
젖병도 항상 가시기 전까지 다 세척하고 가셔서 이모님 퇴근하고 나서도 할게 많이 없어서 좋았어요 ㅎㅎ
이모님 계시는 동안 병원진료도 잘 갔다올 수 있어서 좋았어요
고민하시는 분들께
조은맘산후도우미 추천합니다.👍👍",,0,https://cafe.naver.com/f-e/cafes/24000254/articles/7110785?boardtype=L&userDisplay=50&menuid=13&referrerAllArticles=false&inCafeSearch=true&query=%EC%84%B8%EC%B2%99&art=aW50ZXJuYWwtY2FmZS1hcnRpY2xlLXJlYWQtaW5DYWZlLXNlYXJjaC1saXN0.eyJ0eXAiOiJKV1QiLCJhbGciOiJIUzI1NiJ9.eyJjYWZlVHlwZSI6IkNBRkVfSUQiLCJhcnRpY2xlSWQiOjcxMTA3ODUsImlzc3VlZEF0IjoxNzg4MjMzMTgxMTE1LCJjYWZlSWQiOjI0MDAwMjU0fQ.vVOL-Wu35d-wwJaLovNRfFkY40RBFfu5Dffw7zi64tk&page=1,JKS
대구맘365,24000254,13,세척,릴리브 분유포트 세척,2025.08.13. 09:45,"🔸출산후기 내용은 ""출산 성공 바이러스""
에 게시글 작성해 주시기 바랍니다.
​
🔸""예비맘정보공유"" 게시판에 위 게시글 작성시
활동정지 및 무통보 삭제됨을 알려드립니다.
​
분유포트 고민중인데
릴리브  쓰시는분 세척을
구연산넣고 끓이고 출수하는것만 하시나요?
아니면 스텐레스통 안쪽 표면도 닦으시나요?
닦으시면 어떻게 세척하시나요??
분리가안되서 세척땜에 고민인데
생각보다 추천을 많이하셔서~
궁금해서요",,0,https://cafe.naver.com/f-e/cafes/24000254/articles/7101550?boardtype=L&userDisplay=50&menuid=13&referrerAllArticles=false&inCafeSearch=true&query=%EC%84%B8%EC%B2%99&art=aW50ZXJuYWwtY2FmZS1hcnRpY2xlLXJlYWQtaW5DYWZlLXNlYXJjaC1saXN0.eyJ0eXAiOiJKV1QiLCJhbGciOiJIUzI1NiJ9.eyJjYWZlVHlwZSI6IkNBRkVfSUQiLCJhcnRpY2xlSWQiOjcxMDE1NTAsImlzc3VlZEF0IjoxNzg4MjMzMTgxMTE1LCJjYWZlSWQiOjI0MDAwMjU0fQ.dd5bNhNhG7Kji3XhOIhTIKvp9OKMLYJ2Z_ootq0dtoM&page=1,JKS
대구맘365,24000254,13,세척,라비킷 연마제거 후 일반주방세제로 세척하면 될까요?,2025.08.02. 19:07,"11월 중순 출산인데 이번 핫딜때 라비킷 샀거든요!
연마제거 후 한번 잘되는지 작동해보려하는데
(불량시 교환위함)
미리 사신분들 언제쯤 작동해보실 예정이신가요?
​
그리고
연마제거 후 일반주방세제로 세척하면 될까요?",,0,https://cafe.naver.com/f-e/cafes/24000254/articles/7093280?boardtype=L&userDisplay=50&menuid=13&referrerAllArticles=false&inCafeSearch=true&query=%EC%84%B8%EC%B2%99&art=aW50ZXJuYWwtY2FmZS1hcnRpY2xlLXJlYWQtaW5DYWZlLXNlYXJjaC1saXN0.eyJ0eXAiOiJKV1QiLCJhbGciOiJIUzI1NiJ9.eyJjYWZlVHlwZSI6IkNBRkVfSUQiLCJhcnRpY2xlSWQiOjcwOTMyODAsImlzc3VlZEF0IjoxNzg4MjMzMTgxMTE1LCJjYWZlSWQiOjI0MDAwMjU0fQ.Zhkjt-3FEGshzwJh88Z7TFVk7uA3vg6giVGYrA9H1so&page=1,JKS
대구맘365,24000254,13,세척,"유팡 젖병소독기 ,기저귀 트롤리 꼭 사야할까요..????ㅠㅠㅠ",2025.06.26. 14:09,"🔸출산후기 내용은 ""출산 성공 바이러스""
에 게시글 작성해 주시기 바랍니다.
​
🔸""예비맘정보공유"" 게시판에 위 게시글 작성시
활동정지 및 무통보 삭제됨을 알려드립니다.
​
안녕하세요! 8월 출산예정인 예비맘입니다!
이제 슬슬 아기용품 하나씩 준비중인데..
젖병소독기랑 기저귀 트롤리 꼭 필요한가요???
일단 저는 직수로 완모가 목표인사람이라 젖병을 많이 쓸것같지도 않구...(물론 이것두 모유양이 많아야 가능한거지만 일단 저의 목표입니다..!!!) 혹시 소독기가 젖병외에두 다른 아기 용품이나 나중에 이유식할때 유용하게 쓰이나요..?
그리구 트롤리는 기저귀갈이대를 집에 당근으로 구해놨는데 따로 트롤리정리함이 필요한가 궁금합니당!!!","젖병소독기 ㅡ 길어야 이삼일안에 옵니다.. 나중에 아이 낳아 보고 .. 조리원에서  완모 되는지 보고 그때 사시면 되요..기저귀갈이대는 ㅡ 이케아 트롤리가 더 편했어요... 덮개가 필요하시면 ..  기저귀트롤리.. | 아항!! 답변감사합니당! 구럼 젖병소독기는 아이 낳고 구매하는게 좋겠네용!!혹시 서구 파랑구름님은 기저귀갈이대도 있고 이케아 트롤리도 구비하셨었나용????? | 완모를 꿈꿨으나..  80% 분유로 키워서 ㅎ 젖병소독기는 선물로 들와서 나름 잘 썼고..기저귀 갈이대는 안써봤고..(지인집에 봤는데 넘 가벼워서 자꾸 넘어져요)이케아트롤리 (아가때산거)  코스트코 트롤리(좀 커서 ) .. 중소꺼.. 추가.집에 트롤리만 3개인지라..  지금 책문제집 두는 용도로도 잘 쓰고 있어요.. 철이라 아직도 튼튼한... | 아항 정보 감사합니당❤️ | 젖병 소독기는 젖병말고 나중에 이유식용기나 스푼할때 그리고 빨대컵 소독에 썼어요. 그쯤가서 고민해보셔도 될거같아요전 트롤리는 없이 둘 키웟어요 | 아항 답변감사합니당!!❤️❤️ | 저는 젖병소독기 아이 유치원때까지 썻어요~수저랑 아이가 쓰는것들 돌려서 잘썻어요~ 식판도 돌리구~그리고 집에 흡입기용품 같은것도 돌려서 쓰고 ~이번에 완전히 고장나서 버렸어요 ㅎㅎ 큰애부터 쓰던거 ㅎㅎ저도 둘다 완모입니다 ㅎㅎ | 답변감사합니당!!! 흡입기면 콧물흡입기 같은걸까용??? | 그 호흡기치료요 ㅎㅎ 네블라이져~ 은근히 마니써서 집에사뒀거든요 ㅎㅎ 콧물흡입도 되서 그것들 돌렸어요 ㅎㅎ 저는 사실트롤리는 있었는데 걍 그저그랬고 소독기는 지인들 출산선물로 마니해줬어여 ㅎㅎ 요새는 배송도 마니안걸리니까 필요하실시기에 사셔도 됡것같아요 ㅎㅎ 아 그리고 공갈이나 장난감도 ㅋㅋ 돌렸어여 치발기이런것들 ㅋㅋ | 정보 감사합니당!❤️ | 젖병소독기 저 육아꿀템 중 하나에요 없으면 안되는^^ 이거 말고도 리안드림콧이랑 포몽드 쿨매트도 육아 편해지는 템이였어요~ 트롤리는 따로 사용 안했었네요 | 답변 감사합니당!❤️ 젖병소독기두 트롤리두 사람에 따라 쓰시는게 달라 고민이네옹 ㅠㅠ | 주변에서도 다들 무조건 필수템이라구 둘다 사라하는데 집에 물건 많이 두는걸 안좋아해서 고미이네옹 ㅠㅠ 답변 감사합니당❤️ | 저도 처음에는 소독기 없이 열심히 열탕소독 하다가 신랑이 답답해서 하나 사자고 하더라고요ㅋㅋㅋ있으면 정말정말 편하지만 완모가 목표라고 하시니 집에서 좀 지내보시고 구매하시는걸 추천드려요.그리고 기저귀갈이대는 지금 쓰고있는데 키가 좀 큰 편이고 허리도 안좋아서 잘 쓰고있는데 아기가 막 뒤집기를 시작해서 슬슬 졸업해야할 것 같네요.. 앞으로 어떡하지..ㅠ 그래도 기저귀갈이대 저에게는 정말 꿀템이었어요! | 소독기는 필수요 | 전 그냥 당근으로 다 구입했어요!! ㅋㅋㅋ 안쓰면 다시 팔지뭐라는생각으로 ....  유팡소독기랑 기갈대, 트롤리도 싹다 당근!!! ㅋㅋㅋ당근으로 사면 돈이 얼마안되니 그냥 부담없이 준비했어욥 | 젖병소독기는 있으면 좋은것같긴해요!!! | 트롤리 새상품 내놧는대 필요하실까요,,? | 기저귀갈이대가 잇으면 트롤리는 다른 정리함을 쓰면될것같아요!!소독기는 세척후 구냥 보관해두기에 편하긴 합니당",19,https://cafe.naver.com/f-e/cafes/24000254/articles/7062033?boardtype=L&userDisplay=50&menuid=13&referrerAllArticles=false&inCafeSearch=true&query=%EC%84%B8%EC%B2%99&art=aW50ZXJuYWwtY2FmZS1hcnRpY2xlLXJlYWQtaW5DYWZlLXNlYXJjaC1saXN0.eyJ0eXAiOiJKV1QiLCJhbGciOiJIUzI1NiJ9.eyJjYWZlVHlwZSI6IkNBRkVfSUQiLCJhcnRpY2xlSWQiOjcwNjIwMzMsImlzc3VlZEF0IjoxNzg4MjMzMTgxMTE1LCJjYWZlSWQiOjI0MDAwMjU0fQ.yRyn8fgl_O0gXwP_gSVxiKlVT2anBGyp032TAaouRoM&page=1,JKS
대구맘365,24000254,13,세척,젖병구매 꿀팁알려주세요ㅠㅠ,2025.04.22. 10:55,"🔸출산후기 내용은 ""출산 성공 바이러스""
에 게시글 작성해 주시기 바랍니다.
​
🔸""예비맘정보공유"" 게시판에 위 게시글 작성시
활동정지 및 무통보 삭제됨을 알려드립니다.
​
​
6월 출산예정인데 아무리 찾아봐도 뭐가 뭔지..
살건 왜케 많은지 진짜 몸도 무거운데 알아봐야할것도 너무 많고.....
젖병도 ml 다 다르고 젖꼭지도 다른거 써야한다는데 출산때 미리 어떤걸 사두면될까요?","모유냐 분유냐 따라 다르지만 160미리 하나 구매했었어요 조리원나올때 필요해서 근데 조리원에서 젖양이 많지않아서 분우먹일생각이엿고 160미리 8개 구매해서 돌려쓰고 양 늘어가면서 240미리 6개 샀어요 텀 잡히면 금방 분유도 4번먹거든요 지금은 9개월인데 2~3번 먹어요 | 미세플라스틱 걱정돼서 유리젖병만 구매했어요 전 란시노 유리160 네개랑 닥브유리 150 네개요!! 젖병크기는 처음에 작은걸로 준비해야 배앓이 안와요 | 혼합하셔도 넉넉하게 6개 정도 있음 좋아요~ 저는 베베그로우 젖병+젖꼭지 조합 추천해요! | 젖병+젖꼭지 세트로 파는거 사면 돼요 ㅎㅎ 눈금 잘보이는거 사세요~ 어떤 젖병은 눈금이 흰색으로 있어서 잘 안보이더라구요ㅠ 처음엔 160미리 6개 샀고 좀 더 양이 늘면 그때 더 큰거 사면 돼요! | 저도 젖병 160짜리 6개 샀는데 모유수유 안하니까 하루 한번 설거지는 꼭 해야하긴 해요. 그래도 그정도면 충분한 것 같아요! | 저는 첨에 160ml 4개 준비해뒀어요. 모유수유할지 분유로 갈지 미정이었거든요. 근데 생각보다 모유가 잘 나와서 현재는 모유수유 위주로 하는데 그래도 보충하거나 직수하기 귀찮을 때 분유 먹일 때도 하루에 1-2번 있으니 4개면 충분하더라구요. 너무 한꺼번에 동일한 브랜드꺼 많이 사둘 필요는 없어요. 집에와서 수유해보면서 차차 필요하면 그 때 사도 안 늦어요. 각 브랜드마다 행사는 아주 많이 수시로 하거든요 ㅎㅎ 아이에게 잘 맞지 않거나 배앓이를 하면 이래저래 젖병, 젖꼭지 바꿔봐야하니 미리 대량구매는 절대 하지 마시구요. 우리 아기는 큰 문제 없이 수유 중이라 더블하트 젖병 4개에 젖꼭지는 더블하트 2개, 베베그로우 2개 쓰고 있어요. | 처음이면 160 4개 정도면 될 거예요~ 저는 베베그로우 퓨어베이비 썼는데 세척이랑 소독 넘 편해서 4개로 계속 돌려썼어요",7,https://cafe.naver.com/f-e/cafes/24000254/articles/7009950?boardtype=L&userDisplay=50&menuid=13&referrerAllArticles=false&inCafeSearch=true&query=%EC%84%B8%EC%B2%99&art=aW50ZXJuYWwtY2FmZS1hcnRpY2xlLXJlYWQtaW5DYWZlLXNlYXJjaC1saXN0.eyJ0eXAiOiJKV1QiLCJhbGciOiJIUzI1NiJ9.eyJjYWZlVHlwZSI6IkNBRkVfSUQiLCJhcnRpY2xlSWQiOjcwMDk5NTAsImlzc3VlZEF0IjoxNzg4MjMzMTgxMTE1LCJjYWZlSWQiOjI0MDAwMjU0fQ.Xi-9REZm2eCnXrDx8oLpCHAjkw1G1ewOISc06QtnS0A&page=1,JKS
대구맘365,24000254,13,세척,헤겐젖병 추천해보아요,2025.04.17. 20:23,"처음 미리 다른 젖병으로 준비했다가
젖병이 더 필요해서 도우미선생님 추천으로
헤겐젖병을 구매하여 같이 사용해보니
확실한 차이를 느낄수 있었습니다.
기존 젖병보다 입구가 넓어 분유탈때 흘릴일없고
세척할때도 훨씬편해요
특히나 아기가 먹을때 공기주입없이 편하게 먹고
트름도 훨씬 잘하는 편이라고 느끼게 해주었어요
그래서 다음 단계 젖병은 전부 헤겐젖병으로 정착하게 되었습니다.
알고보니 젖병만으로 사용이 끝나는게 아니라
뚜껑모양에따라 쓰임새도 다양하더라구요
젖병으로 뽕뽑는 템으로 추천할만 합니다.",,0,https://cafe.naver.com/f-e/cafes/24000254/articles/7006786?boardtype=L&userDisplay=50&menuid=13&referrerAllArticles=false&inCafeSearch=true&query=%EC%84%B8%EC%B2%99&art=aW50ZXJuYWwtY2FmZS1hcnRpY2xlLXJlYWQtaW5DYWZlLXNlYXJjaC1saXN0.eyJ0eXAiOiJKV1QiLCJhbGciOiJIUzI1NiJ9.eyJjYWZlVHlwZSI6IkNBRkVfSUQiLCJhcnRpY2xlSWQiOjcwMDY3ODYsImlzc3VlZEF0IjoxNzg4MjMzMTgxMTE1LCJjYWZlSWQiOjI0MDAwMjU0fQ.pWv-dYQuuLd2pL14g_Pk0RQNiJQXzfQ-FsopsVAsYLs&page=1,JKS
대구맘365,24000254,13,세척,강소라씨가 쓰는 보관용기,2025.04.16. 12:41,"보관 용기, 종류도 많고 다 비슷비슷해서 뭘 써야 할지 고민 많았는데
이번에 데비마이어에서 새로 출시한 데비박스 퍼플 에디션을 써보고...
와, 진짜 딱 이거다! 싶었어요!!
​
​
​
기존 신선보관 기능은 똑같고 칸칸이랑 채반까지 나와서 여러모로 활용도가 너무 좋네요~
배우 강소라씨도 유튜브 보니까 촬영 다닐 때 데비마이어만 쓴다고 하던데
괜히 미국 주부들이 열광하는 게 아니더라고요...
​
​
​
근데 전 이번 신제품에서 제일 마음에 들었던 게 컬러였어요!
은은한 라벤더 퍼플 컬러라 주방에 딱 두기만 해도 분위기가 너무 화사하고 고급스러워져요.
친정 엄마 오셨다가 이거 어디서 샀냐며 찜콩하고 가셨네요ㅎㅎ
실리콘 패킹이 없어서 세척도 너무 편하고 냄새배임이나 물때 걱정도 덜해서 진짜 만족감 최고예요!
저처럼 반찬통 세척 스트레스 받으셨던 분들 강추드립니다
무엇보다... 냉장고 열었을 때 예뻐서 냉장고 열 맛 나네요~
이건 진짜 써보면 압니다 여러분ㅋㅋ",저장 해둿다가 써봐야겠어요~ 저희 시엄니도 홈쇼핑에서 사서 잘 쓰시더라구요 ㅎㅎ,1,https://cafe.naver.com/f-e/cafes/24000254/articles/7005554?boardtype=L&userDisplay=50&menuid=13&referrerAllArticles=false&inCafeSearch=true&query=%EC%84%B8%EC%B2%99&art=aW50ZXJuYWwtY2FmZS1hcnRpY2xlLXJlYWQtaW5DYWZlLXNlYXJjaC1saXN0.eyJ0eXAiOiJKV1QiLCJhbGciOiJIUzI1NiJ9.eyJjYWZlVHlwZSI6IkNBRkVfSUQiLCJhcnRpY2xlSWQiOjcwMDU1NTQsImlzc3VlZEF0IjoxNzg4MjMzMTgxMTE1LCJjYWZlSWQiOjI0MDAwMjU0fQ.ZkVfaqH3nKUKR0WhNW9JIqdHyhLzH0HJF8foZQzoqDM&page=1,JKS
대구맘365,24000254,13,세척,여성메디파크 조리원 VIP룸 2주 이용 후기입니다!,2025.04.14. 13:51,"안녕하세요! 지난 달 말에 아기를 낳고 벌써 보름이 넘는 시간이 흘렀네요~
출산 후 조리원 들어온 게 엊그제 같은데 벌써 2주가 흘렀다니ㅠㅠ시간 정말 빠르네요
​
임신 사실을 알고 나서 저는 가장 먼저 조리원부터 고민을 했는데요
여러 군데 알아보고 고민도 많이 했는데 결국 여성메디파크로 골랐고 2주간 이용을 하게 되었어요
제가 여성메디파크 조리원을 최종적으로 선택하게 된 이유는
신생아 케어가 너무 잘된다는 후기가 많았고
또 병원과 바로 연계되어 있어 소아과 선생님 회진을 하루 한 번 꼭 해주신다는 게 가장 큰 이유였어요
그리고 실제로 와서 보니 시설도 깔끔하고 좋아서 집이랑 조금 멀었지만 이곳을 선택하게 되었어요
​
그리고 실제로 와서 느낀 조리원의 좋았던 점들!
​
1. 단연 최고의 신생아 케어
조리원 알아볼 때 가장 고려했던 부분이라 걱정도 많았지만 걱정했던 게 무색할 만큼 케어를 잘 해주신다고 느꼈어요
신생아실 선생님들이 모두 아기를 너무너무 예뻐해 주시는 게 느껴졌고 아기 한 명 한 명 특징을 다 기억해 주시고 꼼꼼하게 관리해 주신다고 느꼈어요 우리 아기는 태열이나 엉덩이 발진, 황달 등 신생아 시기에 나타날 수 있는 여러 가지 문제들이 발생하지는 않았지만 수유하면서 엿들은(?) 바로는 다른 애기들이 태열이나 엉덩이 발진 같은 게 올라오면 수시로 계속 체크해서 관리를 해주시는 것 같더라고요 내가 옆에 있지 않아도 나보다 더 베테랑 선생님들이 내 아이처럼 돌봐주시는 것 같아 안심할 수 있었어요!
그리고 여성메디파크는 목욕시간을 제외하고 24시간 면회가 가능하고 베베캠으로 하루에 두 번 아가를 또 볼 수 있어서 그것도 좋았어요 병원에 있을 때는 하루에 두 번으로 면회 시간이 정해져 있어서 너무 아쉬웠거든요
부모님들도 언제든지 오셔서 아기 면회가 가능해서 부모님들도 좋아하셨어요
​
2. 산후 마사지
저는 자연분만하고 병원에서 멋도 모르고 유축도 안하고 직수는 불가한 병원이라 그냥 그저 열심히 먹고 자고만 하다가 조리원을 넘어왔는데 조리원 입소 첫 날밤... 젖몸살이 시작되었어요
진통보다 더한 아픔에 밤을 꼬박 새고 마사지실을 찾았답니다 돌덩이만큼 딴딴해진 가슴을 부여잡고 선생님께 도움을 요청드렸어요 선생님께서 가슴을 풀어주었지만 너무 상태가 너무 심해서 쉽게 풀리지 않았어요 제가 너무 아파하고 힘들어해서 퇴근하시고도 다른 선생님께 저를 부탁하고 가셨더라고요ㅠㅠ(정말 너무 감사했습니다) 그래서 가슴만 또 다른 선생님께서 봐주셨어요 그렇게 두 번 세 번 가슴을 풀어주셨는데 정말 처음보다 훨씬 훨씬 낫더라고요 살겠다 싶었어요 가슴이 딴딴해진 상태로 유축을 했더니 모유가 진짜 다섯방울?ㅋㅋㅋㅋ밖에 안 나오더라고요 그랬던 저인데 선생님들의 도움으로 10미리 20미리 늘더니 많지는 않지만 70미리까지 늘더라고요 가슴도 훨씬 편안하고 말랑말랑해졌고요 산후마사지는 진짜진짜 필수입니다 특히나 저처럼 젖몸살로 고생하신다면 무조건 받으셔야 해요.. 가슴마사지 뿐만 아니라 다른 곳도 엄청 시원하게 잘 풀어주십니다 안 들어갈 것 같던 배가 많이 들어갔어요! 신기하더라고요?
Previous image
Next image
점점 늘어가는 모유양을 보면 꽤나 뿌듯하답니다
​
3. 맛있는 밥
조리원 들어오면 살이 쪽쪽 빠져나갈 줄 알았는데 웬걸.... 사육 당합니다 밥이 맛있거든요
아침 점심 저녁에 간식까지 야무지게 챙겨먹게 되는ㅠㅠ 그리고 모유수유 하니까 배가 더럽게 고파요^^;
무튼 기본 밥들도 다 맛있고 다과 뷔페, VIPS 데이 같은 것들이 있어 특별한 메뉴들도 맛볼 수 있습니다
​
요것은 빕스데이
​
4. 쾌적한 방
룸 컨디션도 좋았어요 저는 VIP룸을 이용해서 넓고 쾌적하게 이용할 수 있었어요
저 하운드체크 소파 진짜 편안하고 좋아요ㅋㅋㅋ
그리고 자연분만 하신 분들은 좌욕 많이 해야 회음부 빨리 아문다고들 하는데 VIP룸 안에는 좌욕기가 따로 있어서 이 점이 정말 정말 편안하고 좋았어요 아마 방 안에 없었더라면 잘 이용하지 않았을 것 같은데 방 안에 좌욕기가 따로 있어서 하루에 두번도 하고 세번도 하고 그랬더니 외래 진료 갔을 때 회음부가 아주 잘 아물고 있다고 하셨었어요
집에도 하나 들이고 싶습니다... 방 안에 유축기도 구비되어 있어서 편안하게 잘 사용했어요
​
5. 기타
그 외에도 모빌 만들기나 초점책 만들기 등 외부 강사가 오셔서 해주시는 프로그램들도 잘 짜여져 있는 것 같고
무엇보다 일하시는 모든 분들이 다 너무 친절하셨어요
세탁기도 있어 빨래도 다 가능했고
유축기 깔때기나 유두보호기 같은 건 내놓으면 모두 세척, 소독 해주시는 것도 너무 편리했어요
휴게실에는 안마의자도 있어 편안하게 이용할 수 있습니다
​
2주 동안 너무 안락하게 잘 지내다가 저는 이만 현실로 돌아갑니다 모든 엄마 아빠들 육아 화이팅입니다!",,0,https://cafe.naver.com/f-e/cafes/24000254/articles/7003900?boardtype=L&userDisplay=50&menuid=13&referrerAllArticles=false&inCafeSearch=true&query=%EC%84%B8%EC%B2%99&art=aW50ZXJuYWwtY2FmZS1hcnRpY2xlLXJlYWQtaW5DYWZlLXNlYXJjaC1saXN0.eyJ0eXAiOiJKV1QiLCJhbGciOiJIUzI1NiJ9.eyJjYWZlVHlwZSI6IkNBRkVfSUQiLCJhcnRpY2xlSWQiOjcwMDM5MDAsImlzc3VlZEF0IjoxNzg4MjMzMTgxMTE1LCJjYWZlSWQiOjI0MDAwMjU0fQ.cX16W0wumaaULNwO17-7kdv9zbWbxLZVvjN37pJInmw&page=1,JKS
대구맘365,24000254,13,세척,꿈비 젖병세척기 내돈내산 구매후기,2025.04.09. 21:51,"젖병세척기 고민하시는 분들 꿈비 추천드려요~~
모유가 가능하면 모유 먹일 생각이어서 세척기랑 소독기 진짜 고민많았는데 꿈비로 해결했습니댜
젖병 세척부터 건조에 uv소독까지 한번에 가능해요!
그리고 젖병 뿐만 아니라 쪽쪽이 이유식 식기까지 가능해서 넝 좋아용
그리고 이모든 기능이 다있는데 저렴해요!
진짜 강추👍👍
안그래도 애기용품 넘쳐나는데 이쁘고 실용적이 꿈비로 해결하세용",추천 감사합니다!,1,https://cafe.naver.com/f-e/cafes/24000254/articles/7000579?boardtype=L&userDisplay=50&menuid=13&referrerAllArticles=false&inCafeSearch=true&query=%EC%84%B8%EC%B2%99&art=aW50ZXJuYWwtY2FmZS1hcnRpY2xlLXJlYWQtaW5DYWZlLXNlYXJjaC1saXN0.eyJ0eXAiOiJKV1QiLCJhbGciOiJIUzI1NiJ9.eyJjYWZlVHlwZSI6IkNBRkVfSUQiLCJhcnRpY2xlSWQiOjcwMDA1NzksImlzc3VlZEF0IjoxNzg4MjMzMTgxMTE1LCJjYWZlSWQiOjI0MDAwMjU0fQ.2Pv5TLlgM3IGwZmOTgEB6X8qTxq0Xq03Bmc0Xe1f8IY&page=1,JKS
대구맘365,24000254,13,세척,본베베 폴더매트 추천드려요,2025.03.14. 17:16,"​
​
시공매트는 비싸고, 관리가 어렵다해서
비교적 저렴한 폴더매트를 알아보다 본베베매트를 구매했어요.
​
새제품인데도, 향균매트라서 그런지 새제품 냄새가 안나서 좋네요. 별도 세척없이 물티슈로 닦고 잘 쓰고있습니다.
사은품으로 미끄럼방지 패드도 주는데, 따로 안붙여도 잘 안밀리네요.
적당히 폭신해서, 신생아 눕혀두기도 좋을 것 같아요!
지금은 임산부라서 막달 운동할때 요가매트 안펴고 본베베 매트에서 하는데 편하네요👍
​",,0,https://cafe.naver.com/f-e/cafes/24000254/articles/6979472?boardtype=L&userDisplay=50&menuid=13&referrerAllArticles=false&inCafeSearch=true&query=%EC%84%B8%EC%B2%99&art=aW50ZXJuYWwtY2FmZS1hcnRpY2xlLXJlYWQtaW5DYWZlLXNlYXJjaC1saXN0.eyJ0eXAiOiJKV1QiLCJhbGciOiJIUzI1NiJ9.eyJjYWZlVHlwZSI6IkNBRkVfSUQiLCJhcnRpY2xlSWQiOjY5Nzk0NzIsImlzc3VlZEF0IjoxNzg4MjMzMTgxMTE1LCJjYWZlSWQiOjI0MDAwMjU0fQ.KeQWfRhcKN5dUJUcHIMMAAsBvb-q1E650f9Pfrqo0X0&page=1,JKS
대구맘365,24000254,13,세척,카시트 세탁 너무좋습니다 ㅎㅎ,2025.03.03. 16:43,"깔끔덕후라 매번 시트 벗겨서 세탁하다가
이번엔 전문 세척 업체에 맡겨봤는데
진심 세탁상태 맘에듭니다 ㅎㅎ
​
대구업체이고 뽀송이라는 곳인데
수거부터 배송까지 친절하게 잘 해주시네요",,0,https://cafe.naver.com/f-e/cafes/24000254/articles/6969786?boardtype=L&userDisplay=50&menuid=13&referrerAllArticles=false&inCafeSearch=true&query=%EC%84%B8%EC%B2%99&art=aW50ZXJuYWwtY2FmZS1hcnRpY2xlLXJlYWQtaW5DYWZlLXNlYXJjaC1saXN0.eyJ0eXAiOiJKV1QiLCJhbGciOiJIUzI1NiJ9.eyJjYWZlVHlwZSI6IkNBRkVfSUQiLCJhcnRpY2xlSWQiOjY5Njk3ODYsImlzc3VlZEF0IjoxNzg4MjMzMTgxMTE1LCJjYWZlSWQiOjI0MDAwMjU0fQ.i7afWw1FVBzPXyi9Sxm8ZW6yFLPCte2XfY273bBU9d0&page=1,JKS
대구맘365,24000254,13,세척,예비 부모님들! 집에 정수기 어떤거 쓰시나요??,2025.02.02. 13:22,"안녕하세요!
​
10주차 예비맘입니당
​
매번 물을 사서 마시다가 임신중 미세플라스틱도 걱정되고 아기 태어나면 분유타거나 할때
​
정수기 있으면 좋을 것 같아 찾아보는중인데
​
전부 광고같고 어떤걸 사야할지 모르겠네요 ㅠㅠ
​
혹시 신생아 키우시는 부모님들 혹은 출산준비중이신 예비 부모님들은 어떤걸로 정수기 하셨나요~!
​
자랑, 추천! 편하게 정보공유 부탁드려요~~",저도 2년 고민하다가 정수기 코웨이 얼음 되는걸루 했어요 !! 여름에 얼음으로 커피도 태워먹고 머니머니해도 100도 끓는 물 가능해서요 | 코웨이 100많이 쓰긴 하더라구요!! 제 후보에도 있어요~ 후기 감사합니당 | 안녕하세요 회원님~친구업체 코웨이 입니다.정수기 관련해서 채팅 또는 아래 오픈톡으로 상세히 소개 드리겠습니다^^https://open.kakao.com/o/sZOrnmIg(차병곤 팀장 010.6815.2331) | 저는 싱크대 옆에 엘지 빌트인 정수기 달았어요. 깔끔하고 자리차지 안하는게 좋아서요😊 과일채소세척수도 있어서 좋은데 얼음은 안되는 점이 아쉬울수있어요.그런데 분유는 어차피 일반 정수기물 아니고 끓여서 식혀 써야해서 분유포트 따로 준비하셔야될 거에요. 분유포트는 주전자모양보단 출수형으로 추천해요! | 감사합니다!! 빌트인도 고민되네요 ㅠ,5,https://cafe.naver.com/f-e/cafes/24000254/articles/6943513?boardtype=L&userDisplay=50&menuid=13&referrerAllArticles=false&inCafeSearch=true&query=%EC%84%B8%EC%B2%99&art=aW50ZXJuYWwtY2FmZS1hcnRpY2xlLXJlYWQtaW5DYWZlLXNlYXJjaC1saXN0.eyJ0eXAiOiJKV1QiLCJhbGciOiJIUzI1NiJ9.eyJjYWZlVHlwZSI6IkNBRkVfSUQiLCJhcnRpY2xlSWQiOjY5NDM1MTMsImlzc3VlZEF0IjoxNzg4MjMzMTgxMTE1LCJjYWZlSWQiOjI0MDAwMjU0fQ.duy_Jl3znWLFRuNcHw9GeYCsM4GGQ3N12JzVaSeV204&page=1,JKS
대구맘365,24000254,13,소독,김혜정조리원 수성점 2번 이용한 찐후기!,2026.08.19. 19:54,"저는 첫째때 김혜정조리원을 이용하고 넘 만족해서 둘째가 생긴다면 다시 와야겠다고 생각했어요
​
둘째임신 확인하자마자 전화로 예약문의를 했고 이미 예약이 다 찬 상태라 대기했다가 다행히 자리가 나서 입실했습니다
​
임신 극초기에 전화했는데도 자리가 없다고해서 깜짝놀랐어요 그만큼 산모들이 많이 찾는 조리원이라는 말이겠죠ㅎㅎ
​
[시설]
Previous image
Next image
6층: 안내데스크, 신생아실, 수유실, 유방관리실, 휴게실
사진에서도 보이겠지만 신생아실은 24시간 오픈되어있어서 언제든 아기를 볼 수 있어요
남편이나 첫째아이가 면회왔을 때도 원하면 언제든지 아기를 볼 수 있다는게 큰 장점이에요!
신생아실 안쪽으로 수유실과 유방관리실이 있어요 여기는 산모만 출입할 수 있습니다
5층: 반신욕기, 골반교정기, 마사지실
반신욕기는 땀빼는데 아주 좋아요👍 이용하는 산모들이 많아서 시간대를 잘 맞춰가야 비어있습니다 ㅎㅎ
5층 복도에서는 요가, 디즈니 등 프로그램도 진행됩니다
7층: 건식족욕기, 마사지실
건식족욕기는 아침 청소시간에 나와서 하기 딱좋아요!
띠뜻하면서 땀도 적당히 나서 부담없이 할 수 있어요
​
​
[식사]
식당은 8층에 있어요
아침 8:30 / 점심 12:30 / 저녁 17:30
간식 15:00 / 야식 20:00
아침식사, 주말은 뷔페식,
그외에는 한상차림으로 준비됩니다
김혜정조리원 밥 맛있어요!ㅎㅎ
다먹으면 엄청 배부르답니다
보호자 식사도 미리 말씀드리면 제공됩니다~!
​
​
[면회, 모자동실]
조리원에서 지내는 동안 둘째맘들이 많았어요
아마 첫째면회가 가능한게 가장 큰 이유가 아닐까싶어요
첫째아이가 엄마가 지내는 방까지 올 수 있습니다
대신 면회한 다음날 오후 4시까지 수유, 모자동실은 제한되어요
​
모자동실은 매일 오후1시~4시(신생아실 소독시간)에 자율적으로 선택하면 됩니다 ㅎㅎ
강요하는 분위기 전~혀 아니고 컨디션에 맞춰서 하시면 되요 모자동실 안해도 신생아실 선생님들께서 아주 잘 봐주십니다~~
​
​
[프로그램]
프로그램이 있는 날은 시간맞춰 방송으로 알려주세요
원하는 프로그램에 자율적으로 참여하시면 됩니다ㅎㅎ
월요일마다 있는 원장님 특강은 매주 다른 내용으로 진행되어서 특히 참여도가 높았어요
원장님이 질문도 최대한 다 받아주셔서 유익한 시간이었습니다 ㅎㅎ
​
​
[마사지]
조리원 입실하면 아이통곡마사지와 전신마사지를 1회 서비스받을 수 있어요
가슴마사지 받고 나면 뭉쳐있는 가슴이 정말 시원하게 풀어져요 ㅠㅠ 또 오전타임에는 수유실에서 모유수유자세도 잡아주신답니다👍
​
전신마사지는 사실 큰 기대안했는데 너무 좋았어요
돔안에 들어가서 순환마사지받으며 땀을 쫙 빼니까 확실히 붓기가 많이 빠지더라구요
저는 마사지추가해서 2주동안 잘 받았습니다
수유하면 어깨도 많이뭉치고 다리도 잘 붓는데 틈틈히 마사지 받으니 정말 좋았어요!
​
​
사실 둘째 임신기간동안 조리원을 갈지말지 참 고민이 많았어요
그치만 내가 빨리 회복해야 앞으로의 육아에 더 전념할 수 있다 생각하고 입실을 결정했답니다
​
저는 2주 지내는동안 건강한 식단에 몸도 많이 회복하고 신생아실 선생님들도 항상 친절하게 알려주셔서 잊고있던 아기케어방법도 많이 배우고왔어요
​
조리원 고민하고 계시는 예비맘님들~ 빠른 회복을 위해서라도 조리원 꼭 이용하세요ㅜㅠ!!","아빠는 괜찮고 첫째아이 만났읕때만 다음날 4시까지 수유,모자동실 금지인가요? | 네네맞아요 남편출입은 자유로워요 첫째면회시에만 4시까지 금지되더라구요!",2,https://cafe.naver.com/f-e/cafes/24000254/articles/7372436?boardtype=L&userDisplay=50&menuid=13&referrerAllArticles=false&inCafeSearch=true&query=%EC%86%8C%EB%8F%85&art=aW50ZXJuYWwtY2FmZS1hcnRpY2xlLXJlYWQtaW5DYWZlLXNlYXJjaC1saXN0.eyJ0eXAiOiJKV1QiLCJhbGciOiJIUzI1NiJ9.eyJjYWZlVHlwZSI6IkNBRkVfSUQiLCJhcnRpY2xlSWQiOjczNzI0MzYsImlzc3VlZEF0IjoxNzg4MjMzMTkzNTg3LCJjYWZlSWQiOjI0MDAwMjU0fQ.CijFpoMfgMfoVj1kV7frFV73I7-bFUUYXds__euQ82M&page=1,JKS
대구맘365,24000254,13,소독,의사맘들 맘마존 분석해봤어요~,2026.08.13. 10:11,"출산 준비하면서 맘마존 고민이 엄청 많았는데
의사맘들이 올린 영상이랑 추천글 찾아보고 분석해서 정리해봤습니당
추천템 다양하게 있었는데 그중에 다들 많이 쓰는 제품들만 정리했어요~
다 살 순 없으니 ㅜㅜ 가성비로만 준비하실 엄마들은 참고하심 좋을 것 같아요!
​
1. 젖병 소독기
젖병 말고도 치발기나 장난감 같은 것도 같이 소독할 수 있어서
소독기를 더 오래 쓴다고 하시는 분들이 많더라구요
그래서 저도 세척기랑 소독기 중에 엄청 고민했는데 유팡으로 결정하고
세척기 대신 식세기 고민 중이에요 ㅠㅠ
​
2. 분유포트
저는 위생 때문에 다들 주전자형 쓰실 줄 알았는데
출수형 쓰시는 분들이 훨씬 많더라구요?!
출수형 고른 의사맘들 보면 대부분 아기를 안고 분유 타기 힘들고
손목 통증 때문에 출수형을 골랐다고하더라고요!
출수형이 관리만 잘하면 위생적으로 사용하는 데 문제 없고
오히려 물 식히는 시간이나 밤수유할 때 편하다고해서
전 산부인과맘 출수형 세척법 영상보다가 라비킷으로 결정…!
​
​
3. 젖병 건조대
아마 젖병 건조대, 젖병 보관함으로 고민하시는 분들 계실 듯한데
보니까 젖병 소독기 돌리기 전 물기 잘 빠지는 게 중요하다고
보관함보다는 건조대를 많이 쓰더라고요! 그래서 저는 건조대에서 말리고
소독기에 보관하는 걸로 하려고 합니다!
(근데 보관함 있으면 미리 조립해둬서 편하다고 하긴 하는데 전 사실 둘다 비슷한 거 같아요 ㅋㅋㅋ)
​
요 정도? 알아봤는데 이렇게만 있어도 맘마존 끝이라고 하더라구요..
더 많이 뭘 살 필요는 없을 거 같아요
저도 딱 이렇게만 사두려구요!!",참고할게요 정보 감사합니다~~ | 네네 ㅋㅋㅋ | 감사합니당^^ | 네에~,4,https://cafe.naver.com/f-e/cafes/24000254/articles/7367605?boardtype=L&userDisplay=50&menuid=13&referrerAllArticles=false&inCafeSearch=true&query=%EC%86%8C%EB%8F%85&art=aW50ZXJuYWwtY2FmZS1hcnRpY2xlLXJlYWQtaW5DYWZlLXNlYXJjaC1saXN0.eyJ0eXAiOiJKV1QiLCJhbGciOiJIUzI1NiJ9.eyJjYWZlVHlwZSI6IkNBRkVfSUQiLCJhcnRpY2xlSWQiOjczNjc2MDUsImlzc3VlZEF0IjoxNzg4MjMzMTkzNTg3LCJjYWZlSWQiOjI0MDAwMjU0fQ.w8AzX9d7DAODJb_dlhudi-N3IDrQ4_ka9u_tTFT1rlc&page=1,JKS
대구맘365,24000254,13,소독,대구 더블유여성병원 산후조리원,2026.08.10. 14:58,"안녕하세요~
대구 더블유여성병원 산후조리원 후기 몇자 작성해보아요.
​
대구에 타 조리원도 많지만 산부인과 + 소아과 + 조리원이 한건물에 있다는게 장점으로 생각되어 계약하게 되었습니다. 분만후 아기를 안고 엘리베이터만 타면 바로 조리원으로 이동가능 한 점도 좋았습니다.
​
제왕절개 후 소독, 실밥 풀러 갈 때도 엘리베이터만 타고 내려가서 진료보고 올라오면 되서 편했어요.
신생아실아기 문제가 생겨도 소아과 선생님이 계시다보니 문제에 대해서도 설명해주십니다.
​
제왕절개 후 입원 중 조리원 6,7층을 갑작스럽게 벽지, 장판 공사 한다는 연락을 받았습니다.(누수로 인해) 갑자기 수리해서 유해물질이 나올까 걱정되지만 3일뒤 병원 퇴원인데 다른 조리원 받아주는 곳도 없고 차라리 산후도우미 2주 더 쓸까 생각해보다가 몸 회복이 덜 되어 입소하게 되었습니다.
​
남편 숙박 x, 면회 o (면회 시간: 09:00 ~ 23:00)남편은 일주일에 2번 코로나 검사를 받아야 합니다.
​
7층방 - 화장실이 너무 좁음 / 쇼파O / 세면대 방안에 있음
6층방  - 7층 보다 화장실 약간 큼 / 샤워가능
아침식사 룸서비스, 간식
조리원 금액, 선물",저렴하군용 | 저도 입원중에 통보 받고 갈곳없어서 어쩔수없이 갔다가 조기퇴소하고 나왔어요 ㅠㅠㅠㅠㅠㅜㅜ진짜 황당했어요 | 허허 저도 비슷한 시기에 해당 조리원 이용했어요..ㅋㅋ 심지어 공사 관련 이야기를 제왕 수술 1시간 전에 듣고 이게 뭔소린가 했네요ㅠ 편하게 쉬고싶어서 VVIP실로 예약했는데 일주일간 제일 작은 일반실 써야된다고 했다가 또 공사 일정 바뀌어서 Vip실로 이동하라고 했다가..무튼 잡음이 엄청 많았던 기억이ㅠㅠ다시생각해도 황당하네요 쩝..ㅋ | 저도여기병원연계라갔는데 시설이....하.... 그리고애기관리도 잘안되는거같고 친정엄마가 룸상태보고 너무안좋아서 눈물나실거같다고ㅠ 애기도 여기있다가 집오자마자 콧물에 기침소리너무안좋아져서 ㅠㅠ | 저는 병원이랑 같은건물이라 애기 이동안하고싶어서했는데 일반실은 너무 좁고 편히 쉬는느낌이 아니여서 아쉬웠어요 ㅠㅠ,5,https://cafe.naver.com/f-e/cafes/24000254/articles/7365435?boardtype=L&userDisplay=50&menuid=13&referrerAllArticles=false&inCafeSearch=true&query=%EC%86%8C%EB%8F%85&art=aW50ZXJuYWwtY2FmZS1hcnRpY2xlLXJlYWQtaW5DYWZlLXNlYXJjaC1saXN0.eyJ0eXAiOiJKV1QiLCJhbGciOiJIUzI1NiJ9.eyJjYWZlVHlwZSI6IkNBRkVfSUQiLCJhcnRpY2xlSWQiOjczNjU0MzUsImlzc3VlZEF0IjoxNzg4MjMzMTkzNTg3LCJjYWZlSWQiOjI0MDAwMjU0fQ.jEKrEn6Xiu_ouEeubdFOo9MYTEtHqr3hS2BpfVkSc-E&page=1,JKS
대구맘365,24000254,13,소독,출산준비물 중에 젖병용품 추천부탁드려요,2026.08.04. 22:28,"침대랑 기저귀갈이대는 이케아꺼샀구요
아기세제랑 섬유유연제같은 소모품은 호호에미꺼랑
레드루트꺼 샀습니다 후기 젤 많길래요.
선물받은건 슈너글 아기욕조, 아기체육관, 아가방 옷이랑 속싸개
이런것들 들어왔고 유모차랑 카시트는 남편이 고른댔는데
젖병소독기나 젖병같은건 어디걸 사야할지 모르겠네요
브랜드도 너무 많고 추천도 너무 다양해서요 되도록이면
가성비 좀 챙기고 싶은데 어디껄 사면 좋은가요?
미리 감사합니다^^","분유수유 예정이면 젖병용품 준비하면서 버들맘마도 같이 알아보세요 분유 등록해두면 바로 조유할 수 있고 자동세척까지 돼서 젖병 쓰는 시기에 정말 자주 손이 가더라고요~ | 젖병은 하겐꺼 유리젖병샀고 젖병세제는 아토오겔 열탕소독기능되고 성분좋아요, 지금 이유식까지 잘쓰고 있어요, 소독기는 UV형 핫딜뜰때 미리 사뒀어요ㅎㅎ | 젖병은 더블하트 썼어요~ 홈캠도 출산 전에 같이 준비해두면 좋아요ㅎㅎ 씨앤케어 A+ 홈캠은 500만 화소라 아기 재워두고 다른 방에 있어도 선명하게 확인돼서 초반 육아할 때 자주 쓰게 되더라구요~ | 저는 젖병은 더블하트가 괜찮았고 배앓이크게없이 잘썻어요! 그리고 홈캠도있으면 도움되고~ 젖병건조대는 아무거나 쓰셔도 다 비슷해요! 젖병세제는 아토오겔써줬는데 분유기름잘지워지고 나중에 이유식할때 야채, 과일 세척도 가능해요! 소독기는 저는 유팡잘썻고 유치원가서까지도 칫솔이나 물통소독까지해줘서 잘썻어요! | 모윰, 디프락스, 더블하트 써봤는데더블하트 추천합니다~! 모윰은 가성비로 괜찮은데 더블하트가 더 괜찮은것같아요디프락스는 젖병 체결도 ,,, 세척도 ,,, 별로였던것같아요 ㅠ",5,https://cafe.naver.com/f-e/cafes/24000254/articles/7361032?boardtype=L&userDisplay=50&menuid=13&referrerAllArticles=false&inCafeSearch=true&query=%EC%86%8C%EB%8F%85&art=aW50ZXJuYWwtY2FmZS1hcnRpY2xlLXJlYWQtaW5DYWZlLXNlYXJjaC1saXN0.eyJ0eXAiOiJKV1QiLCJhbGciOiJIUzI1NiJ9.eyJjYWZlVHlwZSI6IkNBRkVfSUQiLCJhcnRpY2xlSWQiOjczNjEwMzIsImlzc3VlZEF0IjoxNzg4MjMzMTkzNTg3LCJjYWZlSWQiOjI0MDAwMjU0fQ.DAa5oDfq0nqIdKeMNpkJb-kofsUKU1O9IE6FHXDcMx8&page=1,JKS
대구맘365,24000254,13,소독,여성메디파크(수성점) 조리원 VIP 2주 이용 후기,2026.07.17. 21:10,"대구에 연고가 없어 임신 후 조리원을 무한고민하던 중 여러군데 다녀보고
이미 다녀 온 지인들의 추천을 받아 최종 선택했던 조리원이 만족스러워서 후기 공유 합니다.
*****내돈 내산*****
​
​
1. 기본 정보
- 위치 : 대구광역시 수성구 동대구로 271 (여성메디파크병원 내)
- 전화번호 : 053-740-7760
- 이용요금 : 하단 사진 참고
​
2. 선택 기준
- 조리에 집중할 수 있는 조용한 분위기 : 방에 식사를 시간 맞춰 직접 넣어주시기 때문에 내향인들에게 더할 나위 없는.. 조리원 입니다. 강추!
- 주차 : 병원이나 조리원 모두 나름 1주일 이상 머무는데 주차가 불가능하거나 어려움이 있다면 꺼려져서 처음부터 주차가 어려운 곳은 제외했습니다. 이곳은 지하 1층과 지상 1층에 주차장이 있고 매번 주차가 가능했습니다(별도 요금 부과 없음).
​
​
3. 관련 사진
- 객실 관련(VIP실 기준) : 2주나 있는데 너무 좋으면 갑갑할 것 같아 침실과 거실이 나누어져 있는 VIP실로 이용했습니다. 입소 선물은 하단 사진 참고(26년 7월 기준 분유가 아이엠마더에서 트루맘으로 변경) + 퇴소 선물은 신생아 욕조를 제공해주셨습니다. 기본으로 생활하는데 필요한 어메니티가 갖추어져 있어 불편함 없이 머물렀습니다.
- 식사 관련 : 수술 후 인근 병원에서 머물다 왔는데.. 그곳 음식이 굉장히 부실해서였는지 이곳에서는 넘칠만큼 매 끼니+간식을 잘 챙겨 주셔서 2주간 만족스러웠어요. 격주 월요일마다 빕스데이, 매주 금요일 간식뷔페를 운영합니다.
- 기타 시설 : 매주 한 두번 타 업체와 연계하여 소소한 프로그램이 운영되고 있고(한번도 안들었음...), 비품실에서 유축깔대기 소독, 새타올 및 조리원복을 가져갈 수 있고 간단한 빨래가 가능해요. 비품실 바로 옆은 마사지실 입니다. VIP실 조리원 이용 시 가슴 마사지가 포함 된 아로마 마사지 1회가 포함!
머무는 동안 마유마사지 받았더니 산후 붓기에 효과가 있었어요!
Previous image
Next image
​
4. 이용 후 느낀 장점
- 24시간 아기 면회 가능 :
정해진 면회 시간 제한 없이, 24시간 언제든 신생아실을 통해 아기 면회 가능
- 온전한 휴식 환경 :
공동 식사가 아닌 각 개인 객실로 식사와 간식을 직접 전달하는 시스템
- 신생아실 전문인력의 정성스런 아기 케어 :
아기를 진심으로 아끼는 신생아실 간호사님들의 세심한 신생아 케어 및 초보 산모를 위한 수유 및 육아 지도(소아과 의사선생님이 매일 신생아실 회진도 하신다는?)
- 합리적인 비용 :
우수한 환경을 제공함에도 타 조리원 + 타 지역 대비 합리적인 이용요금
​
​
모자동실이 없고 조리원 자체 프로그램은 운영하지 않는 다는 점은 조금 아쉬웠지만
지내는 동안 불편함 없이 전반적으로 만족스러웠기에 대구 조리원 고민하시는 분은 여성메디파크 추천합니다!
​",,0,https://cafe.naver.com/f-e/cafes/24000254/articles/7347747?boardtype=L&userDisplay=50&menuid=13&referrerAllArticles=false&inCafeSearch=true&query=%EC%86%8C%EB%8F%85&art=aW50ZXJuYWwtY2FmZS1hcnRpY2xlLXJlYWQtaW5DYWZlLXNlYXJjaC1saXN0.eyJ0eXAiOiJKV1QiLCJhbGciOiJIUzI1NiJ9.eyJjYWZlVHlwZSI6IkNBRkVfSUQiLCJhcnRpY2xlSWQiOjczNDc3NDcsImlzc3VlZEF0IjoxNzg4MjMzMTkzNTg3LCJjYWZlSWQiOjI0MDAwMjU0fQ.k_MxbUk9eYDNEP83b2J6FIPI-G7UPoP4lNA6NgzHF4g&page=1,JKS
대구맘365,24000254,13,소독,맘마존 필수템! 라비킷 장만했어요 :),2026.07.14. 07:34,"예비맘들~ 다들 맘마존 셋팅 하셨나요?
저는 이제 셋팅중인데
​
그중에 라비킷 제품이 너무 좋아서 후기 알려드리려구요!
​
작년에 친구임신선물로 가장유명한 라비킷을 사줬는데 너무 좋다고 하더라구요 ㅎㅎ
​
제가 막상 사려니까 릴리브 프로랑 라비킷 중에 너무 고민되더라구요!! 여러후기들 비교 해봤는데 저한테는 라비킷이 더잘 맞을것 같더라구요ㅎㅎ
그래서 맘마존 필수템!! 라비킷으로 결정했어요!! (만족)
​
직접 사용해 보니 생각보다 사용법도 어렵지 않고, 디자인도 깔끔해서 맘마존에 두기 좋더라고요. 매일 사용하는 제품이다 보니 세척이나 관리가 편한 점도 마음에 들었고, 사용할 때 번거롭지 않아서 만족스러웠어요!!
특히 육아용품은 한 번 사면 오래 쓰게 되는데, 남은 분유 중탕도 가능하고, 분유 시기를 지나면 이유식 도구나 쪽쪽이 등 끓는물 소독도 가능할것 같더라구요!
이모저모 야무지게 사용할 라비킷 이랍니다😁😁
​
아직 출산 준비 중이거나 맘마존을 꾸미고 계신 분들이라면 한 번쯤 비교해 보셔도 좋을 것 같아요.",잘 사셨어요~ 라비킷이랑 버들맘마 나란히 두고 쓰면 맘마존 완성된 느낌이라 보기만 해도 든든하더라구요!!,1,https://cafe.naver.com/f-e/cafes/24000254/articles/7344815?boardtype=L&userDisplay=50&menuid=13&referrerAllArticles=false&inCafeSearch=true&query=%EC%86%8C%EB%8F%85&art=aW50ZXJuYWwtY2FmZS1hcnRpY2xlLXJlYWQtaW5DYWZlLXNlYXJjaC1saXN0.eyJ0eXAiOiJKV1QiLCJhbGciOiJIUzI1NiJ9.eyJjYWZlVHlwZSI6IkNBRkVfSUQiLCJhcnRpY2xlSWQiOjczNDQ4MTUsImlzc3VlZEF0IjoxNzg4MjMzMTkzNTg3LCJjYWZlSWQiOjI0MDAwMjU0fQ.98i5wn-DqwdRVuHPC70LUayD-dMvcF9Oe8C_BvDduPc&page=1,JKS
대구맘365,24000254,13,소독,대구북구 정산후조리원 후기,2026.07.11. 11:29,"안녕하세요~!대구 정산후조리원 2주 vvip룸
후기입니다! 로0마리에서 가까운 조리원이 3군데 있었는데 그중에 지인분이 추천해줘서 정산후조리원에 등록하게되었습니다!
​
1. 시설
-우선 제가 머물렀던 vvip룸은 넒고 깨끗했어요! 스탠바이미, 마사지기 등 잘 구비되어있고, 매일매일 청소를 깨끗하게해줘서 조리원있는동안 쾌적하게 생활했습니다!
​
-전체적인 조리원 시설도 깨끗하고 청결했으며, 소독 관리시스템이 잘 되어있어 걱정이 없었습니다!
​
-산모들이 쉴 수 있는 휴게공간, 교육공간, 수유공간이 잘 나누어져있습니다! 그리고 건물에 한 층 전체가 조리원이라 외부사람을 볼 일이없는것도 좋았어요!
​
2. 식사
-정말 제일 좋았던 점이에요!  밥 종류도 다양해서 맛있어요!  간식도 잘 나오고 조리원에있는동안 건강챙기면서 다이어트도 됩니당!
​
3. 신생아 관리 및 모자동
-제가 지인분께 추천받았을때 다른 조리원보다 신생아 관리부분에서 잘 신경써주신다하셔서, 정산후조리원을 선택했어요! 우선 신생아실은 24시간 개방이라 지나가며 볼 수 있는 점이 좋았어요! 안에 계신 신생아 관리해주시는 선생님들도 잘 케어해주셨습니다! 무엇보다도 원장님과 팀장님이 오며가며 산후관리도 해주시고, 모유수유방법 등 잘 알려주셔서 도움이 많이 되었어요!
​
전반적으로 정산후조리원에 2주머물면서
시설이나 음식, 신생아 및 산모케어에 진심인 것 같아 만족스러웠습니다!
대구 북구쪽이나 경북에서도 많이오시고, 무엇보다 접근성이 좋아요!  주위에 칠곡경대병원, 소아과, 내과 등 병원이나 먹거리도 많이 팔아서 잠깐 급할때 외출다녀오기에도 좋아요!
​",참고할게요! | 공유 감사해요~ | 저도 정산후조리원 너무 좋았어요 ~!,3,https://cafe.naver.com/f-e/cafes/24000254/articles/7343038?boardtype=L&userDisplay=50&menuid=13&referrerAllArticles=false&inCafeSearch=true&query=%EC%86%8C%EB%8F%85&art=aW50ZXJuYWwtY2FmZS1hcnRpY2xlLXJlYWQtaW5DYWZlLXNlYXJjaC1saXN0.eyJ0eXAiOiJKV1QiLCJhbGciOiJIUzI1NiJ9.eyJjYWZlVHlwZSI6IkNBRkVfSUQiLCJhcnRpY2xlSWQiOjczNDMwMzgsImlzc3VlZEF0IjoxNzg4MjMzMTkzNTg3LCJjYWZlSWQiOjI0MDAwMjU0fQ.k3iG98wa8aijNwHhKyE6eD7CIPtGWmq4aUAKgakKcz4&page=1,JKS
대구맘365,24000254,13,소독,로즈마리병원 산후조리원 후기입니다.,2026.07.06. 16:59,"안녕하세요.
둘째 라서 병원 생활
한주간 병동생활을 무사히 마치고
2주간의 조리원 생활까지 무사히 마치며 감사한 마음으로 후기를 남깁니다.
재이용을 해보니 그만큼 첫째 때의 기억이 좋았고, 실제로 재이용을 했던 경험 으로 그 기대를 저버리지 않았습니다.
병동 관련 생활과 조리원 선택을 고민하시는 분들, 특히 재 이용을 고민하시는 분들께 도움이 되길 바라는 마음으로 후기글 남겨봅니다.
게시물 작성자가 AI 활용 표시 설정
AI 기술을 활용하여 콘텐츠의 이미지, 영상 또는 소리를 변형하였거나 새로이 생성하였을 수 있습니다.
자세히 보기
AI 활용
​
먼저 첫번째 호텔처럼 깔끔하고 쾌적한 객실입니다.
입실하자마자 가장 먼저 든 생각은 “정말 깨끗하다.“였어요.
매일 청소가 꼼꼼하게 이루어지고 침구도 항상 포근하게 관리되어 있어서 산모가 편안하게 쉬기에 정말 좋은 환경이었습니다.
출산 후에는 몸이 생각보다 많이 지쳐있는데, 조용하고 아늑한 객실 덕분에 회복하는 데 큰 도움이 되었어요.
두번째는요.철저한 위생 관리 입니다.
신생아와 함께 생활하는 공간인 만큼 가장 중요하게 생각했던 부분이 위생이었는데요.
공용공간은 물론 신생아실까지 항상 청결하게 관리되고 있었고,
직원분들도 손소독과 위생수칙을 철저하게 지켜주셔서 안심이 되었습니다.
초보 부모 입장에서는 이런 부분이 정말 큰 신뢰로 다가오더라고요.
세번째는 믿을수 있는 신생아 케어가 잘 되어있어요.
재이용을 결심한 가장 큰 이유 중 하나는 역시 신생아 케어였습니다.
첫째 때도 느꼈지만, 아기들을 진심으로 예뻐해주시는 선생님들의 모습은 이번에도 변함이 없었어요.
아가들 다정하게 말을 건네 주시는 모습에 저도 덩달아 맘이 푸근해지곤 했습니다.
24시간 신생아실이 개방되어 있어 언제든 아기 얼굴을 볼 수 있다는 점도 여전히 큰 안심이 되었습니다.
둘째라 조금은 익숙하다고 생각했지만,
모유수유는 아이마다 다르더라고요.
수유실에 타임별로 모유수유 담당 선생님이 항상 계셔서 언제든 도움을 받을 수 있는 것도 엄청 큰 장점이라고 생각해요.
혼자 끙끙 앓지 않고 바로바로 피드백을 받을 수 있으니 정말 든든했습니다.
그리고 이번에는 첫째 아이 면회가 가능하다는 점도 재이용을 결정한 중요한 이유였습니다.
첫째가 동생을 처음 만나는 순간을 조리원 안에서 함께할 수 있어서 정말 소중한 시간이 되었어요.
마지막으로 다양한 산후 관리둘째로그램이 잘 짜여져 있어요.
마사지, 모유수유 교육, 신생아 케어 교육 등 다양한 프로그램이 준비되어 있어서 단순히 쉬기만 하는 공간이 아니라 육아를 배우는 시간이 되었습니다.
특히 모유수유 자세나 트림시키는 방법처럼 집에 가서 바로 활용할 수 있는 내용들이 많아서 정말 유익했어요.
처음에는 조리원이 꼭 필요할까 고민도 했지만 직접 생활해보니 그 시간이 얼마나 소중한지 알게 되었습니다.
​
그리고 아주 아주 맛있는 산모식이 식단이 잘 나와요.
​",저도 로즈에서 산모식이 너무 맛있었던 기억이 ㅎㅎ | 공유 감사해요 로즈마리 좋네요 !!,2,https://cafe.naver.com/f-e/cafes/24000254/articles/7339274?boardtype=L&userDisplay=50&menuid=13&referrerAllArticles=false&inCafeSearch=true&query=%EC%86%8C%EB%8F%85&art=aW50ZXJuYWwtY2FmZS1hcnRpY2xlLXJlYWQtaW5DYWZlLXNlYXJjaC1saXN0.eyJ0eXAiOiJKV1QiLCJhbGciOiJIUzI1NiJ9.eyJjYWZlVHlwZSI6IkNBRkVfSUQiLCJhcnRpY2xlSWQiOjczMzkyNzQsImlzc3VlZEF0IjoxNzg4MjMzMTkzNTg3LCJjYWZlSWQiOjI0MDAwMjU0fQ.0I0S5HYl74MyfHaDSd67GhE33x-EfmbkiabIs2Zkav4&page=1,JKS
대구맘365,24000254,13,소독,대구 동구 아델리아 산후조리원 디럭스룸 2주 내돈내산 후기!,2026.07.01. 22:42,"​
결혼하자마자 바로 축복처럼 우리 부부에게 찾아온
천사같은 아이! 임신하자마자 임테기 확인하면
바로 산후조리원부터 예약해야한다는 이야기에
가장 먼저 알아본 조리원이었어요
​
사실 결혼전 미혼일때부터 주변 지인들에게
이야기를 많이 들었던 조리원이라 망설임없이 바로
예약하고 계약금부터 입금 했던 조리원이랍니다ㅎㅎ
집에서 살짝 멀었지만 친정이랑 가까워서 조리원 퇴실후
바로 친정으로 달려갈거구, 분만하기로한 칠곡경대병원이랑 가까워서
바로 주저없이 선택했어요
​
로비가 쾌적하지요?
항상 유리너머로 오픈되어있는 신생아실!
1.룸 컨디션
예약하고 머무른 방은 디럭스룸!
임신 4주2일차에 예약하러 빠르게 방문했어서
원하는 방은 다 남아있었어요
중간크기의 방이면서 모자동실 가능한
디럭스룸으로 2주를 머무르기로 했어요!
생활해보니 꼭 디럭스가 아니더라도
수유콜 시간이 2.5~3시간 간격으로 있기때문에
아기를 아주 자주 만날수 있어서
산모가 아쉬운건 없을것 같아요
단 모자동실 안되는 스탠다드 방은 아빠는
아이를 만질수 없고 신생아실 유리창 건너로만
아이를 볼 수가 있어요~!
디럭스룸
입실하면 빨래를 맡길수있는 세탁망과
입실 안내책자 리모콘이 든 바구니를 주신답니다!
책자는 몇번 읽어보면 어려운건 없더라구요
디럭스룸은 스탠다드보다 크기가 약간커요
추가로 적외선 온열 양변기가 설치되어 있어요
저는 하루에 20분정도는 앉아있었거든요ㅋㅋ
뜨끈하니 오로배출에 도움이 되는것 같았어요
퇴실할 무렵에는 소형 생리대로도 오로가 거의
묻어나오지 않을만큼 감소되었답니다
​
2.식사
아델리아 산후조리원은 밥이 너무 맛있기로 유명하죠?
먹순이인 저는 밥이 맛없는걸 참을 수 없어서
너무 중요한 포인트였어요
아침,저녁식사는 뷔폐식이고
점심은 한상차림 특식이 나옵니다!
객실에 외부음식 반입과 배달음식이 가능한데요
배달은 로비 엘리베이터 앞에서 바로 받아와야되는
시스템이긴한데 밥이 너무 맛있게 잘 나와서
배달음식 시켜먹을 겨를이 없었어요😅🤣
간식은 오후3시와 저녁8시 두타임이 있는데
3시 간식은 식당으로 가서 먹는방식이고
저녁간식은 방으로 가져다주시는 방식이에요!
간식도 머핀이나 호떡 이런거 직접 다 구우시더라구요?
식후때마다 식당 옆 오븐에서 오늘 간식은
뭐가 나오려나 슬쩍 구경도 했어요ㅎㅎ
​
3.시설
공용공간들에는 빨래를 두는 빨래보관통과
유축한 모유를 보관하는 냉장고, 개인 깔대기를 쓰고내놓으면 세척후 보관해주시는 보관함
필요시 사용하면 될 듯한 전자렌지와 냉장고가 있어요
조리원에서 깔대기를 세척 소독해주시니 너무편안...
그리고 2층 공용 거실엔 사진인화기, 반신욕기,
골반교정기, 파라핀 기계등이 있어요!
손목이 덜그덕 덜그덕 거리니 파라핀 열심히
하루세번 밥 먹으러 갈때마다 해주었고요!
사진인화기로 하루1장 최대 8장의 사진을
뽑을수 있어서 출산직후부터 모아두었던 아기사진을
성실하게 뽑아서 8장을 다 뽑았답니다ㅋㅋ
남편 휴대폰으로도 최대 2장 가능해요!
​
4.마사지
조리원에 오면서 가장 기대가 컷던게 마사지 였어요
출산전부터 시작해서 임신후기의 붓기는
출산직후에 더 심해지더라구요ㅠ
온몸에 관절이 헐거워져 있는데 부종까지 심하니
천근만근의 몸이었고 너무 삐그덕 삐그덕 아팟어요
출산 직후 설레는 마음으로 어기적대며
걸어가서 측정한 몸무게는 부종으로 인해
만삭때보다 더 늘어나 있어서 얼마나 충격적이었는지..
제왕절개라 더 심하게 부었던거 같아요
​
게다가 병원에서 출산3일차부터 젖몸살이 시작되어
딱딱해지고 열이오르는 가슴을 부여잡고
부은몸에 밤이고 낮이고 얼마나 괴롭고 아팟는지ㅠ...
퉁퉁부어버린나ㅠ 친정엄마가 보시더니 큰일난줄 아셧다고ㅜ
저는 입실당일 무료체험 1회 마사지 체험후
이틀만에 몸무게가 4키로나 쑤욱 내려가는
기적같은 경험을 하고 파워결제를 감행하고 말았습니다
붓기가 쏘옥~!!! 기적같이 빠져부럿슨!!!!
퉁퉁부은 위의 얼굴과의 차이가 보이시나요ㅜㅜㅜㅜㅜ
저는 3번방 안쪽베드의 관리사님께 마사지를 받았어요
​
입실 첫주는 좀 집중 관리를 하고싶어서 90분코스
2주차에는 60분 코스로 결제하였어요
산후붓기는 비만과도 연결이 되는 부분이고
골든타임 이내 최대한 몸의 회복에 집중해서
최상의 컨디션으로 집에 돌아가 육아전쟁에 뛰어들고 싶었는데 정말 비용이 아깝지 않았어요...
​
산후 마사지답게 제 몸의 어느부분이 안좋은지
정확히 짚어주시구 그에 맞춰 마사지 강도와 프로그램을
짜주셔서 편안하게 몸을 맞겼답니다
​
모유수유 하시는분들은 가슴마사지와
수유에대한것도 적극적으로 코칭 받으실수 있어요
수유실에서도, 마사지실에서도 다 잘 알려주셔요
저는 목표한대로 조리원에서 초유만먹이고
단유하고 나오는것에 성공햇습니다🥹
모유에 욕심이 없는 저는 젖몸살을 경험하고나니
집에가서 혼자 단유하기는 무서웠어요
발목뼈와 라인을 되찾은 나의 풍선같았던 발...
발도 다리도 퉁퉁 부어서 발을 내딪을때마다
발바닥이 찢어지는 느낌이 낫었는데
살아낫어요.. 광명찾고 집에왔습니다...
그립네요 관리사선생님... 다시가고싶다🥹❤️...
​
지내는동안 아기가 쏭스오가닉 분유와
로하스베베 라인의 바디제품들을 쓰고
특별히 탈이 없이 잘 먹고 잘바르는걸 봐서
그대로 따라 쓰기로 결정하고 싹 구매해서 왓습니다^^;
영업이나 강요같은거 전혀 없구
모유수유 강요하면서 눈치주는 조리원들도 있다던데
그런것도 전혀 없어서 완분맘인 저는
편안히 조리하다 왔어요
​
모르는것도 물어보면 다 잘 알려주시는데
울고불고 하면 다시 아기들구  뛰어가면
받아주시려나요?🤣🤣🤣
벌써 그리운 조리원........
​
또 제게 둘째라는 축복이 온다면
다시 방문 해보도록 하겠습니다
​
친절했던 식당이모님, 실장님들
마사지선생님들 신생아실 선생님들
우왕좌왕 초산맘 돌봐주셔서
모두모두 고맙습니다❤️",,0,https://cafe.naver.com/f-e/cafes/24000254/articles/7335728?boardtype=L&userDisplay=50&menuid=13&referrerAllArticles=false&inCafeSearch=true&query=%EC%86%8C%EB%8F%85&art=aW50ZXJuYWwtY2FmZS1hcnRpY2xlLXJlYWQtaW5DYWZlLXNlYXJjaC1saXN0.eyJ0eXAiOiJKV1QiLCJhbGciOiJIUzI1NiJ9.eyJjYWZlVHlwZSI6IkNBRkVfSUQiLCJhcnRpY2xlSWQiOjczMzU3MjgsImlzc3VlZEF0IjoxNzg4MjMzMTkzNTg3LCJjYWZlSWQiOjI0MDAwMjU0fQ.1c2csm2SLSoyZNz2XlYqJ5ycSK2Q_5HNU4qHwXNn414&page=1,JKS
대구맘365,24000254,13,소독,리엘산후조리원 13박14일 후기,2026.06.18. 13:10,"안녕하세요 리엘 산후조리원 후기입니다~
제가 생각하는 장점을 모아봤어요!
단점은 평일 남편 출입이 불가능하다라는것 말곤
크게 느끼지 못했습니다!
근데 하루가 생각보다 바쁘게 지나가서 나름 괜찮았어요ㅎㅎ
​
산모가 너무많아서 디럭스에서 지내다가
VIP룸으로 옴겼어요~
디럭스는 창이없는데 확실이 창이있으니 좋더라구요!
8층 VIP룸이에요~ 8층은 여기뿐이 없는 것 같더라구요ㅎㅎ
무엇보다 제왕절개라 모션베드가 있는게 최고였어요!
라클라우드 모션베드!
그리고 리엘의 장점인 맛있는밥!!!
밥이 진짜 맛있어요ㅎㅎㅎ
주말에 남편와도 유축하는 저는 배달해먹을게 크게없어
밥먹으러 갔ㅇㅓ요...ㅎㅎ
간식도 다양하고 맛있습니다!
목요일은 간식데이라 식당에서 저렇게 먹을 수 있어요ㅎㅎ
매주 월요일은 본아트 (위드유스튜디오)에서 와서 찍을 수 있었어요! 저는 미리알고 베이비페어에서 계약했답니다ㅎㅎ
하루한장 뽑을 수 있는 포토 프린터도 너무 좋았구요!!!
젖병소독을 열탕소독으로 해주시는것도 장점이라 생각합니다ㅎㅎ
매주 다양한 프로그램도 있구요!!ㅎㅎ
사용하는 제품이나 분유도 마음에 들었구요ㅎㅎ
무엇보다 24시간 유리창으로 개방되어있는 신생아실과!
(목욕시간 제외)
아기 이름도 외우시면서
예쁘다예쁘다하며 사랑으로 돌봐주세요ㅎㅎ!!
저는 전반적으로 너무 만족합니다!!ㅎㅎㅎ",,0,https://cafe.naver.com/f-e/cafes/24000254/articles/7325732?boardtype=L&userDisplay=50&menuid=13&referrerAllArticles=false&inCafeSearch=true&query=%EC%86%8C%EB%8F%85&art=aW50ZXJuYWwtY2FmZS1hcnRpY2xlLXJlYWQtaW5DYWZlLXNlYXJjaC1saXN0.eyJ0eXAiOiJKV1QiLCJhbGciOiJIUzI1NiJ9.eyJjYWZlVHlwZSI6IkNBRkVfSUQiLCJhcnRpY2xlSWQiOjczMjU3MzIsImlzc3VlZEF0IjoxNzg4MjMzMTkzNTg3LCJjYWZlSWQiOjI0MDAwMjU0fQ.aREuVHVu560hehcOlOtSabOmf6pBV3DVAYcGnW_5S5g&page=1,JKS
대구맘365,24000254,13,소독,리엘 산후조리원 스위트룸 사용 후기,2026.06.17. 18:41,"안녕하세요!
​
올해 6월 첫주에 출산하고 리엘 산후조리원에서 아기는 13박14일 저는 11박12일 이용했어요~
​
조리원은 7층에서 9층에 있으며, 9층에서 상담과 입실 안내를 해주세요.
퇴원시 바로 방이 없어서 아기만 먼저 들어가고 전 2일 정도 집에서 지내고 들어갔어요.
​
​
스위트룸 706호로 배정 받았어요.
​
방 컨디션은 이렇습니다.
퇴실 준비하면서 찍어둔 사진이랍니다.
​
입실할 때 산모 원피스와 수건 2개가 제공되며, 원피스 경우는 매일 세탁 후 방으로 가져다주신답니다.
​
청소도 휴일을 제외한 매일 오전 8시 중 청소를 진행해주세요.
세탁도 세탁망에 넣어서 세탁 바구니에 오전 8시까지 넣어두면 오후4시 세탁완료 서랍에 넣어주신답니다.
​
​
입실을 오전 11시 이후로 진행되다보니 첫날부터 점심 식사를 먹었어요.
점심은 거의 매일 특식 같고, 아침 저녁으로는 미역국과 매번 다른 반찬들이 나온답니다.
​
9층 식당에 들어가서 반찬만 덜어서 자리에 앉으면 밥과 국은 자리로 가져다주신답니다.
​
음식들이 너무 맛있어서 진짜 살 빼서 돌아가기 힘들더라구요..ㅎㅎ
​
식당에 주전자 옆에 텀블러 놓고 밥먹으면 텀블러 안에 보리차 담아주시더라구요.
리엘 산후조리원 보리차 물! 다른 후기들 보면 꼭 나오더라구요.
​
​
​
교육실도 따로 있고, 각 층마다 전자레인지랑 정수기가 있어요.
​
그리고 각 복도에 간식 트레이가 있어서 간식 시간에 맞춰서 간식 챙겨서 방에서 먹으면 되더라구요.
​
​
간식들도 너무 맛있게 먹었어요.
​
​
​
매주 목요일은 간식데이로 오후 3시에 식당으로 가면 과일, 떡, 과자, 요플레 등 많아서 먹을만큼 먹을 수 있더라구요.
​
​
​
아무도 없을 때 찍은 수유실인데, 수유실에 쿠션들도 매번 세탁하고 수유실도 매번 소독하다보니 항상 깨끗한 환경에서 아기를 수유할 수 있었어요.
​
그리고 선생님들이 정말 옆에서 잘 가르쳐주시더라구요.
초산이라 하나도 모르고 아무것도 못하는데 퇴실할 때 되니 많이 배우고 익혀져서 그런지 좀 익숙해진 것 같아요ㅎ
​
​
친절하고 좋은 선생님들 덕분에 정말 편하게 쉬고 많이 배워서 가는 것 같아요.
​
이상 리엘 산후조리원 실제 내돈내산 후기랍니다.",둘째는 리엘이용해봐야겠아요!,1,https://cafe.naver.com/f-e/cafes/24000254/articles/7325210?boardtype=L&userDisplay=50&menuid=13&referrerAllArticles=false&inCafeSearch=true&query=%EC%86%8C%EB%8F%85&art=aW50ZXJuYWwtY2FmZS1hcnRpY2xlLXJlYWQtaW5DYWZlLXNlYXJjaC1saXN0.eyJ0eXAiOiJKV1QiLCJhbGciOiJIUzI1NiJ9.eyJjYWZlVHlwZSI6IkNBRkVfSUQiLCJhcnRpY2xlSWQiOjczMjUyMTAsImlzc3VlZEF0IjoxNzg4MjMzMTkzNTg3LCJjYWZlSWQiOjI0MDAwMjU0fQ.JeQ6VHahZ5v0sOXdWSZxtwpzLdXJaMXhUHETlfFgxZo&page=1,JKS
대구맘365,24000254,13,소독,코코맘 2세대 이동식 트롤리 좋아요 !,2026.06.16. 15:58,"이동식 트롤리 어떤거 구매하지 계속 고민만 하다가 찾아봤는데 코코맘 2세대 이동식 트롤리 괜찮아보여서 구매했어요 ! 좀 미리 구매해서 이제서야 조립 하는 ^^
10분도 안되서 후딱 조립해서 소독티슈로 다 닦고 준비해놨어요 ㅎㅎ
여러가지 고민했는데 이정도도 튼튼하다고 생각해서 충분하다고 생각해요 ! 추천 드려용 ~~",,0,https://cafe.naver.com/f-e/cafes/24000254/articles/7324230?boardtype=L&userDisplay=50&menuid=13&referrerAllArticles=false&inCafeSearch=true&query=%EC%86%8C%EB%8F%85&art=aW50ZXJuYWwtY2FmZS1hcnRpY2xlLXJlYWQtaW5DYWZlLXNlYXJjaC1saXN0.eyJ0eXAiOiJKV1QiLCJhbGciOiJIUzI1NiJ9.eyJjYWZlVHlwZSI6IkNBRkVfSUQiLCJhcnRpY2xlSWQiOjczMjQyMzAsImlzc3VlZEF0IjoxNzg4MjMzMTkzNTg4LCJjYWZlSWQiOjI0MDAwMjU0fQ.CotdMieXJ8mN3ly6sKmx94yGvoo1vB3wJ5G0p3lwbsc&page=1,JKS
대구맘365,24000254,13,소독,내돈내산!! 칠곡 정 산후조리원 이용후기!!,2026.06.13. 18:38,"저는 칠곡경대병원에서 제왕으로 분만을 하게되어
근처 조리원을 찾아보게 되었는데요!!
​
제가 가장 중요하게 생각했던것은
1.아기를 신경써서 봐주시는 것(모자동실 가능한곳)
2. 시설의 편의성
3. ,음식이 깔끔하고 맛있게 나오는 것
4. 모유수유 도움 받을 수 있는것 이였습니다!
​
이런 조건들을 모두 부합하는 곳이 정 산후조리원이였어요!! ( 완전 꿀팁하나! 제가 젖몸살이 심했었는데 오자마자 원장님께서 가슴 쫌 봐주셔서 가슴마사지 따로 받으러 안가고 무사히 조리원 있는 내내 직수 잘했구요!! 모유양도 꾸준히 늘었습니다. 있는동안 수유 자세 등 분유 모유 상관없이 잘알려주셔서 수유하는 동안 도움이 많이됐어요!)
​
​
여기서 목욕시간, 소독시간 제외하고는 아기 24시간 오픈되어 있어서 실시간으로 지나가며 볼수 있어서 좋았습니다.
다들 친절하시고 애기들도 잘 봐주시고 좋았습니다.
​
그리고 모든 시설물들을 한층에서 이용 가능하니 진짜 편리했어요. 엘리베이터 타고 올라가고 내려가고 안해도 돼서 좋았습니다.
식당 밥도 뷔페식으로 먹을만큼 퍼서 방에서 편하게 먹을 수 있어서 좋았어요. 밥도 간이 잘된 집밥같은 느낌들의 음식이라 좋았어요. 밥도 수유한다고 못먹으면 신경써 주시고 너무 감사했습니다.
​
정 산후조리원은 이름 같은 곳이였습니다.
정이 넘치는 곳이예요. 원장님 팀장님 다른 선생님들 다들 친절하시고요 엄마들 아기들 신경 많이 쓰시는게 느껴져요. 다른 곳보다 시설이 화려하지 않을진 몰라도 가격도 합리적이고 편안하게 2주 잘있다가 집으로 갈수 있었어요!
추천합니다!!!",오 좋은 정보 감사드려용!! | 좋은정보감사합니다^^,2,https://cafe.naver.com/f-e/cafes/24000254/articles/7322258?boardtype=L&userDisplay=50&menuid=13&referrerAllArticles=false&inCafeSearch=true&query=%EC%86%8C%EB%8F%85&art=aW50ZXJuYWwtY2FmZS1hcnRpY2xlLXJlYWQtaW5DYWZlLXNlYXJjaC1saXN0.eyJ0eXAiOiJKV1QiLCJhbGciOiJIUzI1NiJ9.eyJjYWZlVHlwZSI6IkNBRkVfSUQiLCJhcnRpY2xlSWQiOjczMjIyNTgsImlzc3VlZEF0IjoxNzg4MjMzMTkzNTg4LCJjYWZlSWQiOjI0MDAwMjU0fQ.EGvZgXAghu2EFN4iE6Ajpj5FfkQCLbn4muYfKAcgx-s&page=1,JKS
대구맘365,24000254,13,소독,조리원에서 젖병 사도 괜찮을까요?,2026.05.28. 09:38,"자연 분만 예정인데
젖병이랑 분유 결정을 아직 못했어요ㅠㅠ
​
당장 조리원 나오면
분유 먹여야 할텐데
분유는 사실 크게 생각안하고
조리원 분유가 앱솔루트 명작이라고 해서
그거 먹일 생각인데
젖병 같은 경우는 조리원에서 구매하면
열탕을 미리 해놓은게 아니니
시간이 좀 빠듯할거 같아
미리 사두는게 좋지 않을까 싶은데요
​
몇개 정도 필요한지
사이즈나 브랜드도 추천 부탁드려요
그리고.. 혹시 조리원에서 사도 시간적 여유가 충분한지도
혹시 아시는 분 있으면 알려주세용ㅠ
​",저는 그냥 기본적인걸로 준비하긴했어요 ㅠ 아니면 조리원에서 머쓰는지 물어보고 미리주문해보세요 ㅠ | 선물받은거 미리 열탕해놓고 쓰긴했어요! 베베그로우 PA 젖병인데 와서 써보니까 관리도 편하고 괜찮은 거 같아용 | 더블하트 160로 몇개 사서 소독해두시고 아이 태어나면 먹이시다가 더 원하시는 젖병 구매 하셔도 되세요^^~ | 조리원에서 사도 괜찮아요 ~~ | 돌돌트돌고돌아 더블하트이지만아기가 좋아하는 젖꼭지가 있을거에요🥹그래도 더블하트 160미리 짜리가 선호도 좋더라구요 | 저도 앱솔루트 명작으로 완분중인데 지금은 8개 쓰고 있어용ㅎㅎ 근데 처음부터 같은 브랜드로 쭉 사라고는 못하겠어요ㅜㅜ기존에 먹이던 분유가 배앓이가 심해서 젖병도 배앓이에 좋다는 닥브로 바꿨다가 지금은 hmo 분유 명작 먹이고 아이도 조금씩 크면서 배앓이 좋아져서 젖병도 또 바꾸고.. 생각보다 아기 키우다 보니 예상하지 못하는 변수들이 생기더라구요ㅜㅜ | 전미리 2개준비했어요~ 병원에서 챙겨오라했어요 | 저는 젖병은 더블하트 사용하고 분유는 아이배냇 골든저지 먹이고있어요젖병은 출산 전 4개정도 구매하여 소독하고 유팡 돌리고 출산하러 갔다왔어요,8,https://cafe.naver.com/f-e/cafes/24000254/articles/7310194?boardtype=L&userDisplay=50&menuid=13&referrerAllArticles=false&inCafeSearch=true&query=%EC%86%8C%EB%8F%85&art=aW50ZXJuYWwtY2FmZS1hcnRpY2xlLXJlYWQtaW5DYWZlLXNlYXJjaC1saXN0.eyJ0eXAiOiJKV1QiLCJhbGciOiJIUzI1NiJ9.eyJjYWZlVHlwZSI6IkNBRkVfSUQiLCJhcnRpY2xlSWQiOjczMTAxOTQsImlzc3VlZEF0IjoxNzg4MjMzMTkzNTg4LCJjYWZlSWQiOjI0MDAwMjU0fQ.ediwWjAdHVQUqbYbXL1socikM4nd-IKHdgVP3QIjaaI&page=1,JKS
대구맘365,24000254,13,소독,제왕절개 + 모유수유 산모의 산후도우미 내돈내산 강력추천 후기(대구산후도우미업체 참사랑어머니회),2026.05.18. 14:03,"(임신부 여러분, 특히 제왕절개 예정이시거나 모유수유 고민 중이시라면 꼭 읽어주세요!)
안녕하세요, 지금 막 산후 40일을 넘긴 30중후 초산모 엄마입니다.
이번이 첫아이인데, 아이 몸무게가 3.8키로에 개인적인 사유로 제왕절개로 출산했어요. 솔직히 수술 후 통증도 통증이지만, 모유수유 하면서 몸 회복까지 신경 쓰다 보니 “도대체 어떻게 버티지?” 싶을 정도로 막막하더라고요. 그래서 산후도우미를 3주간 모시기로 결정했는데… 정말 인생 선택이었다고 말하고 싶어요.!!
(조리원보다 천국이라고 감히 말합니다!!)
제가 모신 산후도우미님은 진짜 ‘산모 중심’ 이 무엇인지 ‘참사랑’을 담은 케어를 제대로 보여주신 분입니다.
1. 산모한테 절대 부담 주지 않는 조언 + 세심한 배려
많은 도우미님들이 “이렇게 해야 해요”, “저렇게 해야 해요” 하면서 산모를 압박하시는데, 이 분은 전혀 그러지 않으셨어요.
제가 모유수유 때문에 고민할 때마다 “산모님 지금 컨디션이 제일 중요하니, 제가 있을 때 충분히 쉬고 잘 챙겨드세요. 제가 이렇게 도와드릴게요” 하시면서 부담 없이 자연스럽게 조언을 주셨어요.
그 한마디가 얼마나 큰 위로가 되는지… 모유수유와 유축의 힘듦으로 우울감도 살짝 있었는데, 매일 “산모님 오늘도 정말 잘하고 계세요”라는 말이 진짜 약이 됐습니다.
2. 오직 산모와 아기만
3주 내내 핸드폰을 손에 든 적이 거의 없으셨어요.
반찬 만들고, 청소하고, 빨래하고, 아기 기저귀 갈고, 아기랑 놀아주고, 산모 마사지까지…
“하나라도 더 해드리겠다”는 마음이 정말 느껴졌어요.
특히 아기랑 놀아주실 때 그 미소가… 저보다 더 행복해 보이실 정도였어요. 제가 쉬는 동안 아기가 울면 바로 달려가서 달래주시고, 제가 수유 중일 때는 조용히 주변 정리만 해주셨죠.
3. 영양식, 모유수유 엄마를 위한 진짜 ‘맛집’ 요리
모유수유 하다 보면 “이거 먹어도 되나?” 고민이 끝이 없잖아요.
이 분은 사놓은 재료만 보고도 모유에 부담 없는 메뉴를 착착 만들어주셨어요.
원하는 음식 있으면 바로 “네, 만들어 드릴게요!” 하시고, 요리 솜씨가 진짜 좋으세요. 집밥맛 ㅠㅠ
산모 보양식 + 모유수유에 좋은 재료들로 가득한 한 상을 차려주셨어요.
“산모님이 잘 먹어야 된다. 모유수유하고 육아하면 힘이 많이 드니 잘 먹는 게 중요하다” 하시면서 항상 따뜻하게 챙겨주셨습니다.
4. 위생과 존중, 기본 중의 기본을 완벽하게
• 손씻기 + 마스크 착용은 기본 중의 기본
• 요리할 때는 반드시 앞치마 착용
• 아기 볼 때는 손소독까지 철저히
• 산모가 35살 젊은데, 본인보다 나이가 많으심에도 말씀이나 행동이 100% 존중 그 자체
이런 부분들이 모이는 순간, “아, 이 분은 진짜 믿고 맡겨도 되겠다” 라는 안심이 딱 들더라고요. 제왕절개 후 면역이 약해진 상태라 위생이 제일 걱정이었는데, 그 부분에서 스트레스 하나도 받지 않았어요.
솔직 후기 한 줄 요약
친구에 참사랑어머니회 추천받아서 이용하게 되었고, 업체에서 추천해주신 분으로 매칭되었는데 정말 ‘참사랑’이 왜 붙었는지 알게될정도로 만족스러웠습니다. 조리원도 좋았지만 제왕절개 모유수유 유축 쓰리콤보의 어려움에도 집에서 행복하게 육아할 수 있음은 선생님 덕분이라고 할정도입니다..
(육아해보신 분은 알겠지만 정말 핸드폰 볼 시간이 없어서 리뷰남기기도 어려움. 근데 너무 만족해서 진짜 올립니다)
“산후도우미를 부르는 이유가 ‘집안일 도움’만이 아니라, ‘마음의 안정과 몸의 회복’ 이라는 걸 제대로 알려주신 분입니다.”
임신부 여러분, 특히
• 제왕절개 예정이시거나
• 모유수유를 꼭 하고 싶은데 걱정이 많으신 분
• 고위험 산모라 더 신경이 쓰이시는 분
이런 분들께 강력 추천 드려요.
저처럼 “아, 이 분이 와주셔서 다행이다”라고 매일 생각하게 되는 산후도우미님을 만나실 수 있기를 진심으로 바랍니다.
산후도우미님, 정말 감사했습니다.
덕분에 몸도 마음도 많이 회복됐어요.
다음에 또 기회가 된다면 꼭 다시 모시고 싶습니다 ❤️
둘째때는 조리원 1주 도우미님 한달 이상은 하고 싶네요!!
(임신부님들, 산후 우울·통증·모유 고민으로 힘드시면 댓글로 이야기 나눠요. 서로 응원하면서 이겨내요!)",이수정관리사님이신데 동구만 하고계신대요! | 조리원은 아예 안가신건가요??,2,https://cafe.naver.com/f-e/cafes/24000254/articles/7303568?boardtype=L&userDisplay=50&menuid=13&referrerAllArticles=false&inCafeSearch=true&query=%EC%86%8C%EB%8F%85&art=aW50ZXJuYWwtY2FmZS1hcnRpY2xlLXJlYWQtaW5DYWZlLXNlYXJjaC1saXN0.eyJ0eXAiOiJKV1QiLCJhbGciOiJIUzI1NiJ9.eyJjYWZlVHlwZSI6IkNBRkVfSUQiLCJhcnRpY2xlSWQiOjczMDM1NjgsImlzc3VlZEF0IjoxNzg4MjMzMTkzNTg4LCJjYWZlSWQiOjI0MDAwMjU0fQ.3mI3CMOqAJikBfSTHUWf4vMtQ2Itw20S-zg-Li3KiSE&page=1,JKS
대구맘365,24000254,13,소독,더블유여성병원 산후조리원 2주 특실 후기,2026.04.30. 00:50,"출산 전부터 산후조리원은 정말 많이 고민했어요.
시설, 식사, 프로그램도 중요했지만 제가 가장 우선으로 본 건
신생아실 케어
였어요.
초보엄마이다 보니 아기를 믿고 맡길 수 있는 곳인지가 가장 중요했거든요.
그런 점에서 더블유 여성병원 산후조리원을 선택한 가장 큰 이유는
한 건물 안에서 출산부터 조리까지 모두 해결되는 시스템
이었어요.
1층 소아과
2층 산부인과
3~5층 분만실 및 입원실
6~7층 산후조리원
이렇게 한 건물 안에 다 있어서 이동 동선이 정말 편리했어요.
​
산모 입장에서는 몸도 힘든데 외부 이동 없이 필요한 진료를 바로 볼 수 있다는 게 정말 큰 장점이더라고요.
​
제가 가장 만족했던 부분은 역시
신생아실 케어
였습니다.
신생아실 선생님들 모두 너무 친절하시고, 무엇보다 관리가 정말 철저해요.
코로나 관련해서도 굉장히 꼼꼼하게 관리하시는데,
산모들끼리도 너무 밀접하게 오래 대화하지 않도록 조심해달라고 안내해주시고,
남편 면회도 3일마다 코로나 검사를 받아야 가능했어요.
비용은 1만원인데, 깜빡하고 검사 없이 올라오면 바로 확인하시고
검사 후 올라오라고 안내해주실 정도로 철저했습니다.
처음에는 조금 엄격하다고 느낄 수도 있지만, 오히려 이런 부분 때문에 더 믿음이 갔어요.
“아기를 정말 안전하게 보호하고 있구나”라는 느낌이 확실히 들었거든요.
​
​
산모 건강 관리도 정말 꼼꼼했어요.
매일 혈압 체크, 오전/오후 체온 체크를 직접 기록해야 하고, 빠뜨리면 바로 연락 주세요.
그만큼 산모 컨디션까지 세심하게 보고 계신다는 게 느껴졌어요.
아기 관리도 체계적이었어요.
매일 아기 몸무게 변화, 대변 횟수 등을 기록한 신생아 일지를 붙여주셔서 매일 확인할 수 있었어요.
초보엄마 입장에서는 “우리 아기가 잘 먹고 있나?”, “배변은 괜찮나?”
이런 게 늘 걱정인데 눈으로 직접 확인할 수 있어서 안심이 됐습니다.
​
제가 조리원 생활 중 몸 상태가 안 좋아서 병원 진료를 보고 약 처방을 받은 적이 있었는데,
그때 신생아실 선생님들이 처방받은 약까지 꼼꼼하게 확인하시고,
실장님께서 직접 오셔서 상담까지 해주셨어요.
그 순간 정말 느꼈어요.
이곳은 단순히 아기를 맡아주는 곳이 아니라 산모와 아기 상태를 함께 책임감 있게 관리하는 곳이라는 걸요.
면회시간도 좋았어요.
저녁 10시부터 10시 30분까지도 면회가 가능해서 야근하고 온 남편도 잠깐 얼굴 보고 갈 수 있었어요.
면회시간에 아래 커튼이 열린답니다~
​
수유하면서도 정말 많은 도움을 받았어요.
초보엄마라 수유실에서 정말 많이 헤맸어요.
왜 우는지, 왜 자꾸 게워내는지, 제대로 먹고 있는 건지 하나하나 다 걱정됐는데,
궁금할 때 호출벨 누르면 바로 와주시고 자세하게 알려주셨어요.
무엇보다
“너무 걱정하지 마세요.”
이 한마디가 정말 큰 위로였어요.
출산 후 호르몬 영향 때문인지 생각보다 감정기복도 심하고 괜히 눈물도 나고 불안할 때가 많았는데,
이런 따뜻한 말들이 큰 힘이 됐습니다.
​
그리고 수유실에 수유쿠션도 준비되어있고,
여기서 기저귀도 갈고, 구비된 수딩젤, 크림 등도 바를 수도 있고 맨 아래칸에 보시면 발받침 할 의자까지
구비되어있어서, 산모가 좀 더 편안한 자세로 수유할 수 있는 배려가 느껴진답니다~
​
저도 자연분만 했는데, 자분 산모들을 위한 도넛방석까지 수유실에 구비되어있는 센스!!!
​
​
유축을 위한 깔대기와 젖병도 조리원에 다 구비되어있어서
유축 준비물을 하나도 챙기지 못했었는데, 편하게 잘 사용했답니다~
그리고 개인적으로 데피라 수유컵도 사용해보고,
손목이 아픈 거 같아서 핸즈프리 수유컵도 사서 사용해봤는데,
그런 개인용품도 저기 바구니에 사용 후 갖다놓으면 깨끗하게 세척 및 소독해서
소독기에 다시 넣어주신답니다~
​
조리원 용품뿐만 아니라 개인용품까지 챙겨주시는 점이 너무 좋았어요.
​
​
그리고 조리원실에서 쓸 수 있었던 이 스펙트라 유축기!
인터넷으로 대여하려고 보니 생각보다 1달 대여료가 비싸더라구요.
그만큼 유축기가 엄청 좋아요. 수유등도 3단계 켜지는 것은 물론이고,
일단 지인에게 빌린 스펙트라 유축기에 비해 소음이 훨~~~~~~씬 작고,
수유시간이 지금 몇 분 되었는지 다 카운트를 해주고,
30분이 되면 자동으로 꺼지는 기능까지... 이 좋은 유축기 쓰다가 지인에게 빌린 거 어떻게 쓰지 싶으네요 ㅎㅎ
​
​
그리고 식사.
여기는 진짜 식사가 너무 맛있어요.
지인이 예전에 여기 실습 나왔을 때 밥이 너무 맛있어서 여기 취직하고 싶었다고 했는데,
왜 그런 말 했는지 알겠더라고요.
산모식인데도 정말 맛있고 정성스럽게 나와요.
살 빼야겠다고 생각했는데 3끼를 너무 잘 챙겨 먹고 왔어요.
특히 좋았던 건 모유수유를 고려한 식단이라는 점이었어요.
빨간 김치 대신 백김치가 나와서 자극적이지 않았고,
세끼 모두 미역국만 반복되는 게 아니라 일반 국이 다양하게 나와서 질리지 않았어요.
식사가 잘 나오니까 회복에도 도움이 많이 되는 느낌이었어요.
그리고 간식도 나오는데, 솔직히 전 밥을 너무 맛있게 맛나게 먹어서
과자, 떡, 빵을 좋아하는 빵순이가 간식을 많이 못 챙겨먹어서 사진이 많이 없어요.
​
​
그리고 산후조리원 실장님도 정말 잘 챙겨주세요.
제가 원래 추위를 많이 타는 편인데 임신 후 체질이 바뀌어서 더위를 많이 타게 됐고,
조리원 내부가 산모 기준으로 따뜻하게 되어 있다 보니 더 덥게 느껴졌어요.
그걸 말씀드렸더니 바로
“옷을 원피스로 바꿔드릴까요?” 하시면서 불편하지 않도록 여러 방법을 먼저 제안해주시고
필요하신 거 있으시면 언제든 말씀하시라고 말씀주시며,
세심하게 챙겨주셔서 정말 감사했어요.
사소한 부분인데도 바로 반응해주시는 게 감사했어요.
​
그리고 실장님 계신 데스크에서
조리원에 있는 동안 신생아실에서 실제 먹이고 있는 프리미엄 산양분유를 저렴하게 구매할 수 있는 것도
큰 장점이었어요.
집에 가서 분유 연계할 때도 도움이 될 것 같아요.
​
마사지 관리도 정말 만족했습니다.
산후에는 몸도 힘들지만 마음이 더 힘들더라고요.
수유하고, 잠 못 자고, 아기 울음에 긴장하고, 내가 잘하고 있는 건지 계속 불안하고.
그럴 때 마사지 받는 시간이 정말 힐링이었어요.
마사지 선생님께서 몸만 풀어주시는 게 아니라 이야기도 많이 들어주시고,
“산모님이 먼저예요. 산모님을 먼저 생각하세요.”
라고 말씀해주셨는데 그 말씀이 정말 크게 와닿았어요.
괜히 울컥할 때도 많았는데 그 시간 덕분에 마음 정리가 많이 됐어요.
솔직히 집에 가서도 출장으로 모시고 싶다는 생각까지 했어요.
​
왼쪽 산모건강관리실이 마사지샵이랍니다.
​
그리고 프로그램도 좋았어요.
3층 병원 신생아실 수간호사 선생님께서 산후요가와 사운드베스 수업을 진행해주시는데,
단순히 몸 회복만이 아니라 마음까지 돌보는 시간 같았어요.
특히 기억에 남는 말이 있어요.
“지금 가장 소중한 사람은 누구인가요?”
다들 아기를 먼저 떠올렸는데,
선생님께서 가장 중요한 사람은 산모 본인이라고 하셨어요.
그리고 두 번째는 남편.
아이는 결국 독립할 존재이고, 평생 함께할 사람은 배우자이니
남편에게도 고맙다고 표현하고 서로 잘 지내는 모습이 아이에게 안정감을 준다고 말씀하셨는데
정말 많이 공감됐어요.
조리원 생활하면서 남편에게도 더 고맙다는 말을 하게 됐어요.
(여기가 6층 식당 옆 공간인데, 여기서 각종 수업이 이뤄지고,
사진을 못 찍었는데, 여기에 셀픽 기계가 있어서 매일 하루 1장씩 사진 인화를 할 수 있어서 좋았어요.)
​
​
생활적인 부분도 편리했어요.
6층, 7층마다 세탁물 수거함이 있어서 수유브라, 속옷, 수건, 조리원복까지 매일 세탁 가능해서 정말 편했어요.
출산 후에는 작은 집안일 하나도 버겁기 때문에 이런 시스템이 정말 도움이 됩니다.
2주 동안 지내보니 왜 더블유 여성병원 산후조리원이 만족도가 높은지 알겠더라고요.
몸 회복도 잘했고, 육아에 대한 자신감도 조금 생겼고,
무엇보다 초보엄마로서 혼자가 아니라는 안정감을 많이 얻고 갑니다.
출산 직후 가장 예민하고 불안한 시기에 따뜻하게 챙겨주신
신생아실 선생님들, 실장님, 마사지 선생님 모두 감사드립니다.
둘째가 생긴다면 다시 오고 싶을 만큼 만족했던 산후조리원이었어요.
​",저도 곧 가야하는데...혹시 빨래 이런 부분은 괜찮을까요? 병원복이 아닌 개인 빨래도 빨아주시나요? (내복),1,https://cafe.naver.com/f-e/cafes/24000254/articles/7291247?boardtype=L&userDisplay=50&menuid=13&referrerAllArticles=false&inCafeSearch=true&query=%EC%86%8C%EB%8F%85&art=aW50ZXJuYWwtY2FmZS1hcnRpY2xlLXJlYWQtaW5DYWZlLXNlYXJjaC1saXN0.eyJ0eXAiOiJKV1QiLCJhbGciOiJIUzI1NiJ9.eyJjYWZlVHlwZSI6IkNBRkVfSUQiLCJhcnRpY2xlSWQiOjcyOTEyNDcsImlzc3VlZEF0IjoxNzg4MjMzMTkzNTg4LCJjYWZlSWQiOjI0MDAwMjU0fQ.WPlNKxZXt0S_6NLsx3wmyw1y4_gILWjJYrvDO7TEefc&page=1,JKS
대구맘365,24000254,13,소독,여성메디파크 vip실 13박14일 후기,2026.04.03. 16:28,"저는 첫째 때는 출산도 메디, 조리원도  메디파크 조리원을 이용했었는데 이번에 둘째 8주 되자마자 마로 메디파크로 예약을 했답니다~
​
첫 번째는 이유는 충분한 쉼이 필요했기 때문에 밥을 방과 간식을 방으로 가져다주신다는 점!!
두 번째는 모자동실이 없다는 점
세 번째는 소아과 회진을 매일 돌아주셔서 아이에게 혹시라도 진료 필요할지 바로바로 체크가 가능하다는 점 때문이었어요!
​
산후조리원 비용은 vip 기준으로 13박 14일에 350만 원으로 수성구 내에서는 가성비 좋게 이용할 수 있고, 타 조리원 대비 넓은 방과 화장실도 두 개 있고, 좌욕도 방에서 할 수 있다는 점 그리고 보호자 식사가 보통을 1만 원씩 추가도던데 여기는 전날까지만 알려주면 무료로 제공되어서 좋았어요!
​
방에있는 식탁으로 식사와 간식 모두 챙겨서 넣어주시기 때문에 시간 관계없이 본인이 먹고 싶을 때 먹고, 밖에 내어다 두면 되는 시스템이라서 충분히 휴식하기에 좋았답니다^^방마다 유축기와 공기청정기도 마련되어 있고 tv는 kt인듯하고 ott 서비스도 되는 리모컨이더라고요!
​
​
​
그리고 vip실 같은 경우는 전자레인지랑 드라이기도 개별로 마련되어 있어서 편하게 이용 가능하고 다른 디럭스실에도 드라이기가 있긴 한데 혹시나 바람이 약하면 데스크에 잘 나오는 드라이기가 있으니 챙겨가서 이용하시고 반납해 주면 된답니다^^
​
또 탕비실에가면 유축기 깔대기도 미리세척해서 소독해서 호실별로 챙겨두시기 때문에 가져가서 사용하면되고, 세탁기도있어서 필요시 사용가능하고 수건과 옷은 언제든지 필요할때 챙겨가면된답니다^^
​
​
그리고 식사도 cj에서 준비해서 나오는 거라 깔끔하고 간식 데이 빕스데이처럼 특식이 나오는 날도 있으니 심심하지 않고, 병원밥 먹다가 조리원에 오니 확실히 조리원 밥이 더 맛있더라고요! 매 끼니마다 다양하게 식사가 제공되니 역시 남이 해준 밥이 젤 맛있는데 집에 가서는 혼자 이렇게 차려먹기 힘들 것 생각하니 더 열심히 잘 먹고 몸조리하려고요!
​
​
그리고 물도 2박스 넣어주셔서 텀블러는 따뜻한 물 마실 때 사용하고 그냥 일반 물은 편하게 충분히 마시고 있답니다^^
​
그리고 신생아실에도 베테랑 선생님들이셔요~~ 첫째 때 계시던 선생님들께서 6년이나 지났는데 그대로 계시더라고요!
아이들 사랑으로 잘 돌봐주시니 걱정하지 않으셔도 되고 신생아 면회도 목욕시간이 2-3시를 제외하고는 언제든지 가능하니 부모님들 오셔서 인터폰만 눌러주시면 가능하답니다^^
​
아무래도 저는 첫째가 있다 보니 면회도 중요한데 방에 입실은 못하지만 3층에서 만나서 잠깐 아이 얼굴도 보고 하니 그래도 견딜만하더라고요!
남은 조리원 생활 잘 마치고 잘 회복해서 집으로 가면 더욱더 사랑을 듬뿍 줘야겠어요!
​
메디파크의 유일한 장점이자 단점은 모자 동실이 없다는 건데  엄마는 수유시간에  아이 안아보고 만나볼 수 있지만  아빠가 아이를 안아보거나 만져볼 수 없다는 점 그게 아빠 입장에서는 조금 서운할 수 있을 것 같아요!
그것 말고는 모든 것들이 저는 만족스러워서 둘째 때도 메디를 선택했답니다!",메디파크도 괜찮네요~,1,https://cafe.naver.com/f-e/cafes/24000254/articles/7272801?boardtype=L&userDisplay=50&menuid=13&referrerAllArticles=false&inCafeSearch=true&query=%EC%86%8C%EB%8F%85&art=aW50ZXJuYWwtY2FmZS1hcnRpY2xlLXJlYWQtaW5DYWZlLXNlYXJjaC1saXN0.eyJ0eXAiOiJKV1QiLCJhbGciOiJIUzI1NiJ9.eyJjYWZlVHlwZSI6IkNBRkVfSUQiLCJhcnRpY2xlSWQiOjcyNzI4MDEsImlzc3VlZEF0IjoxNzg4MjMzMTkzNTg4LCJjYWZlSWQiOjI0MDAwMjU0fQ.HQfCfGkMrnGePcOZMYvyEmYSLVkhIDue03KE8wSYusc&page=1,JKS
대구맘365,24000254,13,소독,닥터안 산후조리원 9박10일 후기,2026.04.01. 15:55,"이번이 두 번째 출산이었기 때문에 조리원과 산후도우미 사이에서 고민을 많이 했어요. 고민 끝에 집 가까운 곳에서 푹 쉬며 몸조리를 하고 돌아오는 게 좋겠다고 생각해서 조리원을 선택하게 되었답니다.
​
처음에는 출산 병원과 연계된 조리원을 알아봤는데, 모자동실이 안 되고 아이를 자유롭게 볼 수 없는 점이 마음에 걸려서 선택하지 않게 되었어요.
​
제가 조리원을 고를 때 중요하게 생각했던 조건은
✔ 집과 가까울 것
✔ 첫째가 있어 산모 외출이 자유로울 것
✔ 남편이 편하게 자주 방문해 아기를 볼 수 있을 것
​
이 세 가지였는데, 이 조건에 딱 맞는 곳이 바로 닥터안 산후조리원이었어요. 그래서 고민 없이 바로 예약했습니다.
​
가성비 좋은 조리원이라는 이야기를 많이 들어서 기대를 했는데, 실제로 입실해보니 방 컨디션이 다른 조리원들에 비해 훨씬 좋고 전반적으로 깔끔하고 조용해서 정말 푹 쉴 수 있는 환경이었어요.
​
특히 일반실도 다른 곳보다 넓어서 전혀 답답하지 않았고, 가격 대비 만족도가 정말 높았어요.
​
식사는 하루 3번(조식 8시, 중식 12시, 석식 17시), 간식은 하루 2번(14시, 19시) 제공되고,
매일 오전 9시쯤 빨래 수거와 방 청소(수건 2장, 산모복 1벌 리필)가 진행됩니다.
​
무엇보다 식사와 간식을 방으로 가져다 주셔서 수유 시간과 겹쳐도 편하게 먹을 수 있었던 점이 정말 좋았어요.
​
1층에는 신생아실, 수유실, 허그룸이 있는데요.
다른 조리원은 모자동실이 아니면 남편이 아기를 안아보기 어려운 경우가 많은데, 이곳은 허그룸이 있어서 남편도 언제든 방문해서 아기를 안아볼 수 있어 좋았어요.
​
신생아실은 소독 시간과 저녁 7시 이후부터 다음날 오전 9시까지는 블라인드가 내려오지만, 그 외 시간에는 자유롭게 오가며 창문을 통해 아기를 볼 수 있고, 아침/저녁 8시~8시 40분에는 베베캠으로도 확인할 수 있어요.
​
​
모자동실은 오전 9시부터 저녁 9시까지 원하는 시간에 가능하고(최소 3시간), 요청하면 아기를 방으로 데려다 주시고 다시 데리고 가주셔서 편리했어요.
​
* 산모가 외출한 날에는 수유 및 모자동실이 불가*
* 4층 찜질방,족욕실
*입소선물(손수건세트,아기모자,손싸개,족욕소금)
​
​
같은 건물 2층에 아세아연합의원이 있어서 퇴소 전에 BCG 접종을 할 수 있어, 신생아를 데리고 따로 외출할 필요가 없다(신생아실로 원장님께서 오셔서 접종진행) 는 점도 큰 장점이었어요. RSV접종도 할인된 가격으로 할수있어요!
​
​
아직 3일 정도 남았지만 신생아실 선생님들도 아기를 정말 잘 돌봐주시고, 도와주시는 여사님들도 모두 친절하셔서 몸도 마음도 편안하게 지내다 돌아갈거 같아요 🧡","저도 곧 가는데요! 첫째가있어서 궁금했는데 외출에 시간제한? 같은건 없나욧 ㅜ 주말에는 중간에 집에와서 첫째좀보고 집정리좀 할까해서요~ | 네 시간 제한은 없었어요😊다만 외출후 당일은 수유실,허그룸 다 이용이 안되는거말고는 제한 없었어요, | 같은곳 예약한 예비맘인데 떨리네요..!",3,https://cafe.naver.com/f-e/cafes/24000254/articles/7271103?boardtype=L&userDisplay=50&menuid=13&referrerAllArticles=false&inCafeSearch=true&query=%EC%86%8C%EB%8F%85&art=aW50ZXJuYWwtY2FmZS1hcnRpY2xlLXJlYWQtaW5DYWZlLXNlYXJjaC1saXN0.eyJ0eXAiOiJKV1QiLCJhbGciOiJIUzI1NiJ9.eyJjYWZlVHlwZSI6IkNBRkVfSUQiLCJhcnRpY2xlSWQiOjcyNzExMDMsImlzc3VlZEF0IjoxNzg4MjMzMTkzNTg4LCJjYWZlSWQiOjI0MDAwMjU0fQ.QarsOueov7a956TzpF7Rtgmv32hV9mZXlbXvsmILfvY&page=1,JKS
대구맘365,24000254,13,소독,대구산후도우미업체 참사랑 어머니회 추천 합니다!!,2026.03.30. 21:27,"안녕하세요^^ 대구산후도우미업체 참사랑 어머니회 추천 하기 위해서 글을 작성 합니다!
​
먼저 임신 기간중.. 산후도우미업체를 어디로 해야할지 정말 고민이 많았습니다!
아는 지인분께서 참사랑을 정말 추천하더라고요! 그래서 믿고 2주를 신청했습니다~
제일 큰 이유는 업체가 큰 것도 있고 지인도 경험과 블로그, 맘카페 후기를 봤을때도 다들 추천해서 믿음이 가더라구용 ㅎㅎㅎㅎ!
​
첫날 방문전에 먼저 배정 받으신 도우미 선생님께서 전화가 오셔서 방문시간과 잘지내보자는 이야기와 함께 통화를 1-2분 정도 짧게 합니당! ㅎㅎㅎㅎ 전화상으로 너무 친절함이 느껴져서 좋았습니다
​
첫날 아침 8시 20분경 집으로 오셔서 짧게 오리엔테이션으로 일정 설명과 산모 니즈에 맞추어서 아기와 산모, 집안일을 케어해주십니다 ㅎㅎ
​
제가 느낀 산후도우미 업체 참사랑의 장점을 적어볼게요~
​
1. 초산모라서 모르는 부분이 참~ 많았는데 목욕하는 방법, 분유 먹이는 자세, 배꼽 소독하는 방법, 트름 자세 등등 정말 섬세하게 알려주세요~ 그리고 일하시는 동안 하루 일정과 산모가 더 잘 케어하기 위해서 해야할 일 등을 적어주세요! 저는 정말 글이 도움이 많이 되었습니다
하루 일정 및 교육글
2. 섬세하게 느낀 것 중에 하나는 복장입니다
두건, 미끄럼 방지 신발, 마스크, 앞치마 완벽하게 복장을 착용하시고 아이를 케어해주세요ㅎㅎ
목욕하면서 애기가 도우미님 바지에 응가를 싼적이 있는데...ㅠㅠ 옷 여유분도 여러벌 들고오셔서 금방 또 갈아입고 케어를 도와주시고 정말 청결면에서도 감동 받았습니당..ㅎㅎㅎ
수유하시는 복장
3. 맛있는 식사 준비
아침, 점심, 저녁 식사를 산모의 잠자는 시간에 맞추어 식사 준비를 해주십니다!
음식 솜씨도 정말 좋으시고! 제가 한식을 많이 안좋아하는데 브런치식으로 맞추어서 준비 해주셨어요 ㅎㅎ
그리고 다이어트를 하고 싶다고 말씀 드리니.. 지금은 몸조리 해야한다고 단백질 식단 위주로 맛있게 음식을 해주십니니다 ㅎㅎㅎㅎ 밥먹고 싶어서 깰.. 정도로 ㅋㅋㅋㅋ 맛있었어요
산모 니즈에 맞춘 식사
4. 믿음가는 청결
처음에는 저는 그냥 아기와 산모 케어만 해주실줄 알았는데.. 첫날부터 화장실 청소하시는 모습을 보고 놀랐습니당!
세탁기 건조기 쓰시고 안에 먼지까지 싹 제거 및 필터 청소까지 해주시고 항상 안보이는 곳 까지 깨끗하게 청소해주셔서 도우미 선생님이 퇴근하시면 제가 집안일을 하나도 건들지 않을 정도로 완벽하세요 ㅎㅎ
5. 완벽한 목욕 교육
목욕 하기 세시간 전부터 안방에 보일러를 26도로 맞추시고 방이 아기 온도에 맞춰서 따듯하질때 목욕을 시작하십니당~ 보통 수유하고 트름하고 30-1시간 뒤에 아기가 기분이 최상일때 시작하세요~ 목욕하시면서 어떻게 하면 되는지 뭐가 중요한지에 대해서 꼼꼼히 알려주시고 동영상도 찍어서 나중에 주말에 없을때 참고하라고 하세요! 아기가 원래는 정말 많이 우는데 도우미 선생님이 목욕을 하실때는 빵긋 웃으면서 엄청 좋아하더라구요!
그리고 저희집에 작은 물뜨는 다라이가 없었는데 다음날 필요할 거 같다고 직접 사서 오셨더라구용.. 정말 감사했습니당!! 지금도 잘쓰고 있어요 ㅎㅎㅎ  김채연 도우미 선생님 최고! 입니당
​
6. 예방접종 동행
아기가  집밖을 처음 나가는 날이기도 하고.. 예방 접종 후에는 열도 날수 있고 혹시나 감기라도 걸릴까봐 정말 긴장 많이 한 아침이에요! 하지만~ 도우미 선생님의 완벽한 준비 덕에 열도 안나고 아기가 안힘들어 하고 잘 넘어 갔습니당!
그리고 아기가 조금의 바람도 안들어가게 얇은 겉싸게로 푹 덮고 감싸서 병원까지 동행 해주세요~
이렇게 가방을 드리면 분유, 보온병, 쪽쪽이, 아기수첩, 기저귀, 물티슈 등 완벽하게 준비 해주십니당!
​
7. 터미 타임 및 놀이 교육
항상 아기한테 이쁘다 똑똑하다 등등 긍정적인 말로 많이 아기와 대화를 해주시고 터미 타임 등 아기와 놀이를 하실때 엄마가 쉬는동안 귀여운 모습과 성장하는 과정을 모시라고 사진 몇장을 문자로 보내주세요! ㅎㅎㅎ 덕분에 우리 아기 첫 터미타임을 볼 수 있어서 좋았습니다
​
아! 그리고.. 제가 7일차에 몸살이 심하게 와서.. 저녁 6시에 선생님 퇴근시간인데.. 병원을 급하게 가야해서 어떻하지.. 하며 발을 동동 거릴때 김채연 도우미 선생님께서 천천히 병원 갔다 오시라고 자기는 늦게 퇴근해도 되니깐 수액이랑 진료 보고 오라고 해주셔서 수액도 맞고 올 수 있었습니다.. 그날 선생님께서 7시 넘어서 퇴근해서 정말 죄송하면서도 감사했던 기억이 있습니당..!! 감동 감동했습니당...^^ㅎㅎㅎ 심지어 다음날 산모가 아플까봐 8시 20분쯤 일찍 출근하셔서 산모를 케어 해주셔서 더 감동했어요..!!!!
​
2주간 대구산후도우미업체 참사랑 어머니회 김채연 도우미 선생님께서 아기와 산모를 케어 잘 해주셔서 너무 좋았습니당! 저는 2주동안 정말 너무 좋았고 3주 등록 할껄.. 후회했습니다 ㅋㅋㅋㅋㅋㅋㅋ 예미맘들도 산후도우미업체 선정에 도움이 되면 좋겠어요! 참사랑 정말로~~~~완전~~~추천 합니당!!",이모님 성함이 궁금해요! | 김채연 관리사님 입니당!,2,https://cafe.naver.com/f-e/cafes/24000254/articles/7269725?boardtype=L&userDisplay=50&menuid=13&referrerAllArticles=false&inCafeSearch=true&query=%EC%86%8C%EB%8F%85&art=aW50ZXJuYWwtY2FmZS1hcnRpY2xlLXJlYWQtaW5DYWZlLXNlYXJjaC1saXN0.eyJ0eXAiOiJKV1QiLCJhbGciOiJIUzI1NiJ9.eyJjYWZlVHlwZSI6IkNBRkVfSUQiLCJhcnRpY2xlSWQiOjcyNjk3MjUsImlzc3VlZEF0IjoxNzg4MjMzMTkzNTg4LCJjYWZlSWQiOjI0MDAwMjU0fQ.WzsxxGfRljfd-_jD-2qidwAhES5HsqXN7ceQgCZPEMk&page=1,JKS
대구맘365,24000254,13,소독,닥터안산후조리원 후기에요,2026.03.26. 18:54,"산후조리원 고민고민하다가 정한
닥터안 산후조리원
만족후기입니다!
입구 들어가시면 또 다른 자동문이 있어요
들어가자마자 바로 왼쪽편에는 모유수유실, 허그실이 있답니다
손을 씻고 모유수유실 들어가면 유축한 모유를 먹이셔도 되고 분유를 먹이셔도 되고 모유수유를 하셔도 되요! 자유롭게 하시면 되요 수유자세가 서투르면 자세 잡아주시고ㅠㅠ
허그실는 아빠와의 캥거루케어를 위한 곳이라고 생각하시면 되요!
안쪽으로 더 들어가시면 신생아실이 보여요
신생아실 오픈시간은
오전9시-오후1시, 오후3시-오후7시
오후1시-오루3시는 신생아실 소독시간이에요!
소독은 매일매일 하신다고 해요
​
1층 내려갈때마다 마사지도 하고 파라핀도 하고 마사지기계들은 다 매일매일 했던거같아요
전신마사지기계 강추!
​
아래에 있는 입실안내문 보시면 자세하게 설명되어있어요!
조리원에 있다가 불편한부분이 있으면 2층에 바로 진료를 볼수있어서 좋았어요!!
​
아! 2층에 산후마사지 받는곳이 있는데
조리원이용시 기본서비스 40분짜리가 들어가는데 저는 추가금+2만원 내고 스톤베이직60분짜리로 받았어요!
확실히 스톤이라 몸이 따뜻해져서 붓기가 더 잘 풀리는 느낌이였어요 그래서 몇회 더 결제해서 받기로 했답니다..
조리원나가면 못받을듯하여….
4층에는 족욕실 찜질방이 있어서 매일 족욕하며
붓기빼기에 좋습니다
입소때 족욕 소금을 챙겨주셔요
부족하면 더 주시니까 족욕 많이 하세요!!
​
밥도 아침점심저녁 이외에  간식 야식까지도 나와서 너무 좋았어요
든든하게 먹어야 몸 회복도 빨리 되니까요!
요리해주시는 이모님도 좋으시고
청소해주시는 이모님도 필요한거있으면 바로 말하니 챙겨주시고 좋으셔요
​
둘째라 아쉽게도 일주일밖에 이용 못했지만
닥터안 산후조리원 추천드려요!!!",저도 여기 예약했는데..  기대되네용 | 저도 여기서 조리했눈데 조리원퇴소한지 5개월이됐네영ㅎㅎ | 저도 이곳 생각중인데 지금 임신초기에요 언제쯤 예약하는게 나을까요? | 마사지비용 1회당 얼마인지 알수있을까요?,4,https://cafe.naver.com/f-e/cafes/24000254/articles/7267361?boardtype=L&userDisplay=50&menuid=13&referrerAllArticles=false&inCafeSearch=true&query=%EC%86%8C%EB%8F%85&art=aW50ZXJuYWwtY2FmZS1hcnRpY2xlLXJlYWQtaW5DYWZlLXNlYXJjaC1saXN0.eyJ0eXAiOiJKV1QiLCJhbGciOiJIUzI1NiJ9.eyJjYWZlVHlwZSI6IkNBRkVfSUQiLCJhcnRpY2xlSWQiOjcyNjczNjEsImlzc3VlZEF0IjoxNzg4MjMzMTkzNTg4LCJjYWZlSWQiOjI0MDAwMjU0fQ.0dBlsJGue1tA6ofOileINx0dDdqMnHOnRkC82u51rpk&page=1,JKS
대구맘365,24000254,13,소독,대구 참사랑어머니회 산후도우미 후기,2026.03.23. 16:25,"초산맘입니다
산후도우미에 대해 요즘 이슈도종종 있다보니
개인적으로 사실 큰기대가 없었어요
낯선분이 집에오신다는것도 아기를 잘봐주실까등등
걱정이많이되더라구요
여러 후기와 업체를 알아보고 정한곳이 참사랑 어머니회였습니다
상담부터 엄청 친절하셨고 제가 걱정되는부분및
특히 원하는부분을 잘말씀드렸어요
​
걱정되는부분이 많았던것만큼
아기터치시 위생에 철저하신분
아기 조심스럽게 대해주실분(가장 중요)
주관이 너무 쎄지않으신분
사적인 말씀 많지않으신분
요청드렸습니다>< (요청드리면서도 큰기대는없었어요
그저 무난하신분이 오시기만 기다렸죠)
​
조리원연장했다가 취소하고 집으로 일찍오는바람에 기존 날짜가아닌 날짜변경을 급히 요청드렸는데 이틀뒤에 바로와주셨어요!
​
오시자마자 환복하시고 마스크끼고 손깨끗이씻고
아기를 바로안아주셔서
위생적으로 신경써주시는모습에 첫인상이 너무너무좋았어요
​
저는 산모방청소패스하고 거실.주방 동선위주로만
간단 청소해주시면되고
요리나 청소보다는 아기케어중심 위주로 봐달 라고 부탁드렸어요.
​
이모님이오시고 아기를대하는 모습을보고
저의 걱정들이 눈녹듯 사라졌어요
아기한테 계속대화거시면서 예뻐해주시고 아기와 교감을 많이해주시는분이라 진짜 감동ㅜ ㅜ
아기의 울음. 작은찡얼거림 등 작은반응에도 즉각 반응하여 안아주시고 대화해주시는부분이
제일 만족스럽고 감사했어요
​
임신하고 주방에 거의 신경을못써서
겉만깨끗한상태?였는데 이모님이 배수구.가스레인지 등
묵은때까지 다벗겨내주셨더라구요
이모님오시고 집이 반질반질해졌어요ㅎ ㅎ
청소기와 돌돌이로 먼지하나없이 구석구석 아기이불및 거실매트. 식탁밑등 깔끔하게 청소해주십니다 최고!
새벽수유하느라 쌓인젖병은 늘그대로 모아두라고하시며
아침에오셔서 열탕소독 말끔히해주셔요~
그리구 일하시는시간에 핸드폰을 아에안보시더라구요
업무시간에 최선을 다하시는게 느껴졌어요
​
조리원퇴소후 집와서 정신없이 아기보다보니
입맛도없고 장도 거의안봐놓았는데
지금잘먹어야한다며 장볼 목록 간단히 알려주시고
건강식으로 맛있게 매번차려주셨어요
​
초산이고 잘모르는게많았는데 분유량. 아기소화속도.트림자세.분유사출막는법등 알려주셔서
도움이많이됬어요!
아기를 볼때도 꿀이뚝뚝떨어지는 이모님 ^^
​
저희집아기가 얌전한편인데 며칠전부터 갑자기 울거나보채는일이 늘어나 원인을찾으려고 걱정이엄청 많았는데. .
이모님께 얘기하니 아기는 열안나고 잘먹고 대변잘보면
아무문제 없이 잘크고있는거다라고 말해주셔서
마음을 좀내려놓고 육아할수있었어요><
그뒤로 아기가 보채는일도줄고 알아서잘자고 놀기도하고
때론울기도하지만 과민반응하지않고 잘지켜보고
육아하고있어요^^
아기가 이제 커가면서 먹놀잠패턴과 엄마아빠가 해줘야할일등도 알려주고가셔서 많은도움이됬어요
좋은이모님을 만나 정말 주위에도 추천하고 있습니다
​
신체적뿐만아니라 심리적으로도 케어받는 느낌이라
참사랑 어머니회에서 산후도우미를 신청한게
너무잘한일이라고 생각합니다!
좋은분만나 산후조리잘할수있어서 너무감사합니다
​",저도 참사랑 어머니회 했어요 아기를 예뻐해주셔서 엄청 좋았어요 | 좋은 분 정말 잘 만나셨네요 ㅠㅠ 저는 지각하고 계란찜도 할 줄 모르시는 분이 오셔가지구..🥹 | 참사랑에서요?? | 네 ㅠㅠㅠㅠㅠㅠ,4,https://cafe.naver.com/f-e/cafes/24000254/articles/7265063?boardtype=L&userDisplay=50&menuid=13&referrerAllArticles=false&inCafeSearch=true&query=%EC%86%8C%EB%8F%85&art=aW50ZXJuYWwtY2FmZS1hcnRpY2xlLXJlYWQtaW5DYWZlLXNlYXJjaC1saXN0.eyJ0eXAiOiJKV1QiLCJhbGciOiJIUzI1NiJ9.eyJjYWZlVHlwZSI6IkNBRkVfSUQiLCJhcnRpY2xlSWQiOjcyNjUwNjMsImlzc3VlZEF0IjoxNzg4MjMzMTkzNTg4LCJjYWZlSWQiOjI0MDAwMjU0fQ._wzyVK-1EIqNH0vKVLIojup5_79RDKKCj_L5oOClVG0&page=1,JKS
대구맘365,24000254,13,소독,,,,,0,https://cafe.naver.com/f-e/cafes/24000254/articles/7259245?boardtype=L&userDisplay=50&menuid=13&referrerAllArticles=false&inCafeSearch=true&query=%EC%86%8C%EB%8F%85&art=aW50ZXJuYWwtY2FmZS1hcnRpY2xlLXJlYWQtaW5DYWZlLXNlYXJjaC1saXN0.eyJ0eXAiOiJKV1QiLCJhbGciOiJIUzI1NiJ9.eyJjYWZlVHlwZSI6IkNBRkVfSUQiLCJhcnRpY2xlSWQiOjcyNTkyNDUsImlzc3VlZEF0IjoxNzg4MjMzMTkzNTg4LCJjYWZlSWQiOjI0MDAwMjU0fQ.7M5tP28z2qHGEVEripAaK4HDsVO-Ktgt6RULNRWv7tg&page=1,JKS
대구맘365,24000254,13,소독,대구몽베베산후도우미 추천해요!,2026.03.09. 23:38,"저는 1월 27일에 둘째를 출산한 엄마에요ㅎㅎ
첫째가 작년 1월31일생으로 완전 연년생이거든요
게다가 신랑 직업상 출산휴가도 없구요ㅠㅠ
그래서 애초부터 조리원은 못 가겠다 마음을 내려놓고 집에서 산후도우미 4주와 출장마사지로 몸조리 하기로 결정했어요😂 처음엔 산모교실을 다니면서 거기 홍보나온 타 산모도우미업체에 계약을 했으나 지인분의 추천으로 몽베베업체를 알게 되고 바꾸게 되었는데요, 너무 잘한 선택이었죠!
​
둘째가 예정일보다 4일 일찍 태어난 관계로 3일간은 조리원 간호사이셨던 다른 관리사님께서 도와주셨고 4일차부터 강♡숙 관리사님과 함께 했는데요, 너무너무 만족했어요~♡
​
1. 산모와 아이를 진심으로 대해주시는 마음이 느껴졌어요. 아이에게 다정하게 말도 계속 걸어주시고 ""우리 도련님~"" ""아구 이뻐라~~""하시는 말을 계속 달고 사셨어요😍😍 목욕할때도 처음 관리사님 오시기 전 주말에 저희가 시켰을 땐 그토록 자지러지게 울던 아기가 관리사님 오시고서부터는 목욕을 어찌나 편하게 잘 했는지요ㅎㅎ
저도 관리사님과 이런저런 이야기를 나누며 즐거웠어요. 공감도 잘 해주셔서 위로를 받았네요~
2. 식사를 정말정말 맛있고 다양하게 잘 챙겨주셔요! 관리사님 손맛이 진짜 좋으실 뿐만 아니라, 재료 활용을 참 잘 하셔서 다양한 메뉴로 골고루 잘 챙겨먹을 수 있었어요~! 원래 자극적인 음식 좋아하는 사람인데 관리사님 음식 덕분에 외부음식 생각도 안 났네요.. 젊은 산모분들이 어떤 입맛인지 딱 알고 계신달까요.. 아기가 잘 누워 있어줄 땐 간식까지 챙겨주실때도 있었어요. 늘 줄지 않던 식재료들이 관리사님 다녀가신 후로 텅텅이네요ㅋㅋ
특히 이 브런치토스트는 제 최애~♡
3. 위생, 청결을 잘 지키세요! 사실 첫째때는 젖병열탕소독도 안 해주시고 젖병소독기만 돌려주셨는데 매일 열탕소독 꼭꼭 해주셨고 주방 기름때, 물때 하나없이 늘 깨끗이 청소해주셨어요. 바닥도 한번이 아니라 머리카락이나 먼지 보일때마다 청소해주셨어요.. (물론 저희 아기가 잘 누워있어줘서
가능하셨을거 같긴 해요~! ㅎㅎㅎ )
​
🩵산후출장마사지 추천_나혜경마사지
몽베베에서 제휴하는 출장마사지도 받았어요.
마사지용 베드를 집에 계속 보관했다가 마사지 오실 때마다 펴서 그 위에서 받았는데요, 저는 90분(10회 110만원) 마사지로 받았는데..(120분짜리 있는줄 모르고.. 120분은 135만원으로 금액차이 얼마 안 나니 120분 하는게 더 좋을 것 같아용.)
90분을 정말 알차게 꽉꽉 채워 전신마사지 해주시더라구요! 처음 시작 전에 집중 관리 받고 싶은 부위, 몸상태 등을 늘 물어보시고 말씀드린대로 참고하셔서 그 부분을 더 신경써주셨어요.
편안하게 휴식하도록 음악도 틀어주시고 시작해요.
1.엎드린채로 건식마사지 하고
2. 엎드린채로 오일마사지 하는데 마사지 안 받는 부위엔 돔을 올려 열찜질을 해주셔요.
3. 앞으로 바로 누워서 마사지 하는데 호흡법을 알려주셨어요. 호흡하고나면 확실히 늘어난 복직근이 닫힌게 느껴지더라구요. 그리고 배 위에 머드팩? 같은걸 올려서 찜질 또 해주셔요.
​
마사지 받고나면 온 몸에 땀이 줄줄 나는데 열관리 제대로 한 느낌이었어요. 관리 받고서 체중도 둘째 임신전 무게로 줄었구요.. 바디라인도 정리가 되었어요.
​
연년생육아라 주말과 설연휴엔 몸조리는 커녕 육아전쟁이었는데 다행히 몽베베와의 소중한 인연으로 몸 잘 회복한거 같아요. 벌써 그리워지네요ㅜㅜ
지금 생각해보면 너무 꿈같았던 시간이었습니다😂😅🥲",연년생이라니 얼마나 힘드실지정성스러운 음식 드시고 기운 내세요 육아는 체력이 제일 중요하니까요ㅠㅠ | 넹..ㅠㅠ 근데 관리사님 안 오시니 제 밥 차려먹을 시간도 없네요..ㅠㅠㅠ 첫째가 이제 막 유아식 시작단계라 첫째 식단 챙겨주기 바쁘고.. 요새 자다가 엄마가 옆에 없음 깨서 울어서 재워놓고 뭘 할수도 없구요..ㅜ,2,https://cafe.naver.com/f-e/cafes/24000254/articles/7255985?boardtype=L&userDisplay=50&menuid=13&referrerAllArticles=false&inCafeSearch=true&query=%EC%86%8C%EB%8F%85&art=aW50ZXJuYWwtY2FmZS1hcnRpY2xlLXJlYWQtaW5DYWZlLXNlYXJjaC1saXN0.eyJ0eXAiOiJKV1QiLCJhbGciOiJIUzI1NiJ9.eyJjYWZlVHlwZSI6IkNBRkVfSUQiLCJhcnRpY2xlSWQiOjcyNTU5ODUsImlzc3VlZEF0IjoxNzg4MjMzMTkzNTg4LCJjYWZlSWQiOjI0MDAwMjU0fQ.RB7F9MY1b0yHM9BKXPB1XPUzlkJ8NOU_3-XXh0jZyrM&page=1,JKS
대구맘365,24000254,13,소독,베베루미아 산후도우미 3주 이용 후기,2026.03.02. 16:48,"예약할때나 지금이나 이 업체에 대한 후기가 많지 않아서
어느업체를 골라야할지 고민이 됐던 , 저같은 예비산모분들에게 이 후기가 도움이 될수있을까하여 올려보아용
​
50m
© NAVER Corp.
더보기
/OpenStreetMap
지도 데이터
x
© NAVER Corp.
/OpenStreetMap
지도 컨트롤러 범례
부동산
거리
읍,면,동
시,군,구
시,도
국가
베베루미아 대구점
대구광역시 중구 명륜로 39 1층 베베루미아 산후도우미
​
​
저는 총 3주 이용하고 넘 만족스러워 남겨보는 후기에요!
​
우선 제가 업체 선정시 가장 중요하게 생각했던 부분은 알아서 아기케어나 집안일을 유도리있게 잘 챙겨 주시는 부분이었고 저는 나이가 너무 많은신분들은 제가 조금 불편할것같아서 미리 말씀드렸어요(통화하는데 대표님이 젊으셔서인지 요런 소통이 잘되는점도 일단 좋았습니다)
​
총 세군데 전화를 돌렸는데 결론적으론 여기가 제가 원하는 이모님에 대해서도 제일 잘 맞춰 주실거 같았고 대표님두 친절하셔서 혹시나 문제가 생겨도 소통이 잘될거같아서 여기로 결정했어요!!
그리고 대부분은 그냥 넘어가는 서비스에 대해서도 한번더 꼼꼼하게 알려주셨구용ㅎㅎ
​
그래도 혹시나 저랑 안맞을까해서 걱정했는데 인상도 너무 좋으시고 유쾌한 이모님이 오셔서 걱정할 필요가 없었네용ㅋㅋ
​
우선 아기를 너무 예뻐해주셨고 넘 잘봐주셨는데 음식솜씨도 좋으셔서 진짜 배불리 먹었고 각종 밑반찬부터 신경써서 정말 많이 챙겨주셨어요(친정엄마가 와보시곤 놀라실 정도였습니다ㅋㅋ)
​
또 저한테나 남편에게도 혹시나 불편한건 없는지 여쭤봐주셨고 아기가 잠잘때면 알아서 청소나 빨래, 젖병 소독 등등 착착 다해주셔서 진짜 편하게 집에서 쉴 수 있었어요!
​
아기에게도 늘 예쁘다 사랑스럽다고 노래불러주시고 안보이는데서도 사랑을 많이 주시는게 느껴져서 4일째쯤 부터는 아예 마음을 놓고 쉬었던거 같아요 ㅎㅎ
(요즘 이런저런 이슈가 많아서 사실 좀 걱정이 됐었거든요ㅜㅜ)
남편도 육휴중이라 집에있는데 늘 다정하게 말걸어주시고 너무 정답게 챙겨주셔서 진짜 감동이었숩니당...
​
사실 그냥 일하러왔다 생각하고 아기만 보고 딱 가실거라 생각했었는데 그런게 아니라 정말 마음으로 아기를 대해주시고 이 일을 좋아하시는게 느껴져서 너무 좋았어용ㅎㅎ
​
퇴근전까지도 여유가 있으면 대충 시간 떼우시는게 아니라 뭐라도 더 하시려고 저한테 여쭤봐주시구 조금이라도 더 도움주려하셔서 마지막날까지도 넘 감사했어용,,
​
지금 이모님 가시고나서야 그동안 얼마나 많은 도움을 주셨었는지 그리고 그 덕분에 얼마나 수월한 육아를 할 수 있었는지 알게되었습니다,,ㅜㅜ
지금도 남편과 육아하면서 이모님 얘기를 할정도로 많이 기억이 나요!! 하나의 추억이 됐달까요...?ㅋㅋ
그래서 남편이랑 혹시나 둘째를 낳게된다면 어김없이 이 이모님을 찾기로했어용ㅋㅋ
이만 저의 후기가 도움이 되셨길 바라며, 모두 육아 화이팅입니당~
​
#베베루미아 #산후도우미후기 #대구산후도우미
마지막으로 울 기요미 사진투척🤍",저는 여기 베페가서 신청했었는데 후기보니 더 믿음이 가네요 ~ 이모님 정보 부탁드려도 될까요? | 네 쪽지드릴게요!! | 저두 이모님 정보좀 부탁드려용 | 댓글확인이 늦었네요ㅠㅠ 쪽지 드릴게요~~!,4,https://cafe.naver.com/f-e/cafes/24000254/articles/7250808?boardtype=L&userDisplay=50&menuid=13&referrerAllArticles=false&inCafeSearch=true&query=%EC%86%8C%EB%8F%85&art=aW50ZXJuYWwtY2FmZS1hcnRpY2xlLXJlYWQtaW5DYWZlLXNlYXJjaC1saXN0.eyJ0eXAiOiJKV1QiLCJhbGciOiJIUzI1NiJ9.eyJjYWZlVHlwZSI6IkNBRkVfSUQiLCJhcnRpY2xlSWQiOjcyNTA4MDgsImlzc3VlZEF0IjoxNzg4MjMzMTkzNTg4LCJjYWZlSWQiOjI0MDAwMjU0fQ.NN9PzRmS2qZUjDAa4wOaH0xrUEHNX5xF1Q5SBqWi8fc&page=1,JKS
대구맘365,24000254,13,소독,수성 여성메디파크 조리원 후기,2026.02.22. 07:35,"수성 여성메디파크조리원에서 만족 한 후기 남깁니다 !!
​
1. 친절함
우선 임신하고서 몇군데 알아보며 전화로 상담할때부터 형식적이지 않고 친절한 말투에서 따뜻함이 느껴졌고, 방문해보니 빈방위주로 직접 보여주시며 설명 해 주셔서 조리원 고르는데도 도움이 되었어요
예정일보다 많이 이르게 입소하게 되어서 빈 방이 있을지
걱정했는데 다행히 일정에 맞춰주셨고, 입소해보니 수건과 산모복은 편하게 가져갈 수 있도록 따로 비치되어있고 조리원선생님들도 마주칠때마다 컨디션 어떤지 여쭤봐주시고 혈압과 체온도 매일 재며 케어해주십니다
​
2. 아기 케어
입소 해 보니 조리원간호사실 선생님들은 물론이고, 신생아실 선생님들은 진심으로 아기를 대하고 사랑으로 케어 한다는 부분이 느껴지더라고요
아기랑 외래진료 갔다가 제가 아기 태명을 부르는 것을 들으시고는 (아직 이름 짓기 전이라ㅠㅠ) 너무 귀여워 하시며 가지고 계시던 쪽지에 적어가시던데 그 뒤에 아기 면회 가 보니 머리맡에 놓인 아기 정보카드?에 우리아기 태명도 적어두시고 수유콜 갈때마다 아기에게는 태명 불러주시고 저에게는 00이 엄마~하며 기억해주시고.. 작은것에도 감동이었어요 ㅎㅎ
​
3. 시설
저는 vip룸에 2주간 이용하였는데 방2개를 터서 만든 방이라고 하던데 거실 겸 테이블소파가 있는 공간과 침대가 있는
공간이 구분되어 있어서 병원에서의 갑갑함이 조리원방에 들어오자마자 숨통이 트이는 기분이었어요~~
화장실도 2개인데 저는 제왕이라 좌욕기 사용은 필요없었지만 자분하시는분들에게는 더욱 좋을 것 같아요
​
4. 식사와 간식
삼시세끼와 간식3번이 나오는데 방으로 직접 가져다 주세요 사실 방으로 가져다주시니 처음에는 조동을 만나기 어려운 부분이라 고르는데 조금 고민되는 부분이긴 했는데요 막상 겪어보니.. 제 시간에 밥먹기 어렵거나 잠자느라 때를 놓치거나 하는 경우도 있을수 있으니 한편으로는 또 편하긴 해서 만족했어요
자고있거나 빠른이동이 어려운 산모들도 문 두드리고 테이블에 놔두고가시기때문에 너무 편했고요
금요일에는 간식데이와 격주월요일 빕스데이도 좋아요
​
5. 기타
방 안에 소독도 함께 가능 한 유축기, 냉장고, 전자레인지 있어서 편하게 이용했어요
베베캠으로 하루 두번 아기를 만날 수 있고
조리원 신생아실은 시간에 상관없이 언제든지 면회가 가능해서 남편이 늦게 퇴근해서 저녁에 가도 면회가 되서 너무 좋았어요 ㅎㅎ 아기 조부모님들도 아기 보고싶어해서 3층 신생아실 앞에서 다같이 면회하고 너무 좋아하셨습니다
vip실은 남편식사도 무료여서 같이 먹을 수 있어요 ㅎㅎ
​
만약 둘째를 낳게 된다면 또 여성메디파크로 올거에요!!!
​","안녕하세요~혹시 여기 빨래는 해주나요??? | 산모복, 수건은 자유롭게 이용 가능하게 비치되어있고 개인빨래는 공용 작은 세탁기 이용 가능하더라고요~ | 감사합니다!! | 좋네요 | 여기 너무 만족👍 | 화장실이 진짜 넓네요",6,https://cafe.naver.com/f-e/cafes/24000254/articles/7245005?boardtype=L&userDisplay=50&menuid=13&referrerAllArticles=false&inCafeSearch=true&query=%EC%86%8C%EB%8F%85&art=aW50ZXJuYWwtY2FmZS1hcnRpY2xlLXJlYWQtaW5DYWZlLXNlYXJjaC1saXN0.eyJ0eXAiOiJKV1QiLCJhbGciOiJIUzI1NiJ9.eyJjYWZlVHlwZSI6IkNBRkVfSUQiLCJhcnRpY2xlSWQiOjcyNDUwMDUsImlzc3VlZEF0IjoxNzg4MjMzMTkzNTg4LCJjYWZlSWQiOjI0MDAwMjU0fQ.HKbvLmf-3RxLUrBs7gsO-du6yUb-IpkqSHtX8AMY7fc&page=1,JKS
대구맘365,24000254,13,소독,참사랑 어머니회 생후 40일부터 서비스 이용 후기,2026.02.14. 15:48,"안녕하세요 ʕ︲ᴥ︲ʔ
둘째 엄마의 산후도우미 서비스 이용 후기 입니다.
​
🏷️생후 40일부터 서비스 이용 시작
출산 입원 7일 조리원 10일,
남편이 한달동안 일을 안하게되어서
어차피 남편 있는 기간에는 도우미님 없어도 될 것 같아서  산후도우미를 늦게 부르게 되었어요.
​
​
🏷️식사 준비
첫째때는 시댁에서 반찬을 며칠에 한번씩 해주셔서 도우미님께 요리는 부탁하지않고 차려만 달라고 했죠.
​
이번에는 시어머니의 반찬 배달은 둘째라그런가 좀 줄었어요 ㅎㅎ 대신 이모님께서 요리를 맛있게 잘 해주셔서  이모님 퇴근 후 저녁, 다음날 아침까지 감사히 잘 먹었답니다.
​
전날 끓인 국이 남았어도 국은 매일 새롭게 해주시더라구요. 있는 거 먹으면되니 하지마시라고 할 때도 있었어요☺️ 그정도로 음식에 신경써주셨습니다.
​
남편이 이모님 밥이 너무 맛있다고 헤어지기 아쉽다고😅
​
​
🏷️집안일, 위생
➰ 집 오시면 옷 갈아입으시고 손부터 씻는 건 필수죠? 당연하지만 마스크도 항시 쓰고 계셔요.
열탕소독은 하루 한 번
​
➰ 집안일은 디테일하게는 안들어가요.
청소기 돌리고 물건 치워주시고 빨래, 빨래 개기,
식사준비
​
그냥 청소기 돌리고 물건만 정리해도 집이 깨끗해집니다. 첫날에 첫째 장난감 방도 청소기 부탁드렸더니 매일 해주셨어요. *첫째 있는 집은 추가요금 있어요.
​
​
​
🏷️60대 이모님이신데 힘드실법한데도 등센서 아기가 보채는 거 다 받아주시고 그 와중에 요리까지;;
이*옥 이모님 많이 보고싶을거에요 ㅠㅠ",아직 산후도우미 신청도 알아보지도 않은 31주차 산몬데ㅠㅠㅠㅠㅠ 왜케 도통 움직여지지를 않을까요 제손가락…,1,https://cafe.naver.com/f-e/cafes/24000254/articles/7240799?boardtype=L&userDisplay=50&menuid=13&referrerAllArticles=false&inCafeSearch=true&query=%EC%86%8C%EB%8F%85&art=aW50ZXJuYWwtY2FmZS1hcnRpY2xlLXJlYWQtaW5DYWZlLXNlYXJjaC1saXN0.eyJ0eXAiOiJKV1QiLCJhbGciOiJIUzI1NiJ9.eyJjYWZlVHlwZSI6IkNBRkVfSUQiLCJhcnRpY2xlSWQiOjcyNDA3OTksImlzc3VlZEF0IjoxNzg4MjMzMTkzNTg4LCJjYWZlSWQiOjI0MDAwMjU0fQ.tN9F3cNydBkIcIX-1m-dzkV60ttlezmq8GDYKjKXxaA&page=1,JKS
대구맘365,24000254,13,소독,닥터안 산후조리원 이용 후기,2026.01.19. 13:20,"🔸출산후기 내용은 ""출산 성공 바이러스""
에 게시글 작성해 주시기 바랍니다.
​
🔸""예비맘정보공유"" 게시판에 위 게시글 작성시
활동정지 및 무통보 삭제됨을 알려드립니다.
​
산후조리원 고민하다가 집에서 가까운 곳에 닥터안 산후조리원이 있어서 이용하게 됐어요~
​
저는 일반실 이용했는데, 방 넓이도 혼자 또는 두명이서 지내기에 적당하고, 아늑하다는 느낌이었어요~ 지내는 내내 불편함 없이 이용했습니다~
​
신생아실이 하루 한 번 소독시간 1~3시 빼고는 9~21시동안 계속 오픈돼있어서 아기 보고싶을때 요청하면 유리창 앞으로 데려다 주셔요~
아기 모습 오전8시, 오후8시 하루 두번 40분씩 베베캠으로도 볼수 있었던게 또다른 재미였어요!
모유수유실은 수유콜 오면 내려가서 수유하실 수 있어요~ 허그실은 엄마아빠랑 아기랑 만나볼 수 있는 곳이에요!
​
찜질방, 족욕실도 언제든지 이용할 수 있었어요. 족욕할 때 쓰는 소금비누를 입소할 때 주시는데, 물에 풀어 쓰니 향도 좋고 매끄러워서 좋았어요!
​
밥은 8시,12시,5시에 나오고 간식은 2시,7시에 나와요! 밥 조금만 먹고 살 빼서 나가야지 했던 다짐과는 달리 밥이 너무 맛있어서 많이 못빼고 나갑니다ㅋㅋㅋ 방까지 직접 밥을 넣어주셔요!
산모실 청소는 아침 8:30~11시 사이에 이루어지고,  선물로 받은 빨래망에 빨래 담아두면 가져가셔서 당일 점심때쯤 주셔서 편했어요.
​
무엇보다도 실장님, 관리사님들이 친절하시고, 모르는거 질문하면 자세히 답해주셔서 편하게 이용할 수 있었습니다! 2층에서 병원도 운영하고 계시는데, 의사선생님께서 매일 아기들 회진도 도시는 것 같더라구요! 그래서 더욱 신뢰가 갔습니다~
​
산후에 최고로 편하게 쉬고싶다는 생각이었는데, 닥터안에서 푹 쉬었어요!",,0,https://cafe.naver.com/f-e/cafes/24000254/articles/7221991?boardtype=L&userDisplay=50&menuid=13&referrerAllArticles=false&inCafeSearch=true&query=%EC%86%8C%EB%8F%85&art=aW50ZXJuYWwtY2FmZS1hcnRpY2xlLXJlYWQtaW5DYWZlLXNlYXJjaC1saXN0.eyJ0eXAiOiJKV1QiLCJhbGciOiJIUzI1NiJ9.eyJjYWZlVHlwZSI6IkNBRkVfSUQiLCJhcnRpY2xlSWQiOjcyMjE5OTEsImlzc3VlZEF0IjoxNzg4MjMzMTkzNTg4LCJjYWZlSWQiOjI0MDAwMjU0fQ.9du5q7GgFdZJnFjdQY5iajt-mYWfyMZZZC579JgXf68&page=1,JKS
대구맘365,24000254,13,소독,산후도우미 신청해야할까요..?,2025.12.17. 22:08,"안녕하세요 1월말 출산을 앞두고있는 33주차 예비맘입니다. 요즘 산후관리사님 신청을 할지말지때문에 고민이 많아요ㅠㅠ 제가 성격이 워낙 꼼꼼+위생철저+타인과 함께하는걸 선호하는 스타일이 아니라서 걱정이 많네요..
몸은 편할지언정 오히려 더 스트레스받을까 싶기도하구용..
​
남편이 출산휴가+육아휴직3개월정도 쓸꺼라 100일까진 같이 육아를 할 예정이기도 한데, 그래도 신청을 하는게 나을까요?🥹😭
​
저와 비슷한 고민을 하셨던분들 결정과 후기가 궁금합니당..!","저 역시 처음엔 망설였는데, 지인이 업체 이용하고 만족도가 정말 높다고 해서 여러 군데 비교하다가 예약 신청해뒀어요! 일단 상담 한 번 받아보는 것만으로도 판단에 도움이 되더라고요.😆 사실 출산 후엔 휴식이 제일 중요한데, 막상 육아 시작하면 몸도 마음도 너무 힘들어서 주변에서는 “그땐 무조건 도움 받는 게 낫다”라고 다들 추천하더라고요. 저도 아직 고민 중이지만, 미리 알아두는 건 손해 아닌 것 같아요. 같이 잘 결정해봐요❤️저도 받아보고 후기남겨볼게용. | 따듯한 말씀 너무 감사합니다..🥹🩵혹시 실례가 안된다면 어디에 예약하셨는지 업체정보 알수있을까요~~? | 베베루미아요! 여기 실장님이 대학병원 간호사 출신이셔서 상담이 꼼꼼했고, 개인적으로 만족스러웠어요. | 앗 저는 깔끔하지는 않지만 ㅋㅋ 제 성격상 누구랑 있으면 불편한 성격이라서 ㅋㅋ 조리원 2주갔다가 집에서 제가 했어요 ! ㅎㅎ 남편도 중간중간에 연차쓰고 지금은 70일정도됬구요 저는 안쓰기를 잘했다고 생각했어요 ㅋㅋ 저는 사람 있는거 좋아하지 않는 편이라서 더 그런거 같구요 ㅎㅎ 남편은 지금 출산휴가 쓰고 있거든요 ㅋㅋ 할만해요 저는 첫째 케어도 같이했는데 할만했어요 ㅋㅋ | 저는 친정 어머니께서 산후조리사 해주세요~ | 저도 약간 맘님이랑 비슷한 스타일이여서 이번에 쌍둥이 출산하고 산후 도우미 따로 안 불렀어요~남편분 출산휴가 + 육아휴직 3개월 이시면 제가 봤을때는 안 부르셔도 나쁘지 않을 것 같긴해용~다른사람 집에 오는게 오히려 저는 더 스트레스일 것 같고, 잘 못 쉴 것 같더라구요~애들이랑 집에서 그냥 편하게 쉬어서 전 좋았어요^^ | 그래도 계시면 집정리나 청소에 젖병 소독까지 해주시니 계시면 편할것 같아요제주변에보면 없어도 되겠다하고 급하게 부른지인들 꽤됩니다몽베베 산후도우미 추천드려요 | 저도 쓰니님과 같은상황인데 산후도우미분한테 배울것도 많다고해서 쓸예정이에요! 3주신청해놓긴했는데 2주로 줄일까는 고민중입니당 | 저는 안 하려 하다가 몸이 너무 안 좋아서 퇴원 하는 날 신청 해서 바로 했어요 ~~처음에 저도 굳이 .. 라는 생각으로 말성였는데 가족보다전문가의 손길이 조금이라도 더 나음을 알았고이모님한테 아기 맡겨 두고 잠깐씩 볼일 보러 다니니 엄청 좋았어요 ~~낮잠도 편안하게 잘 수 있어요 ~~생각보다 안 불편해요 !!!!! 신청 해보세여 ~~~참고로 저도 집에 신랑이랑 같이 있었어요 ㅎㅎ이모님이 아기 봐 주고 저는 출장 마사지도 받고신랑은 자고 ~ 편했어요 | 저도 걱정했던거랑 달리 안?! 불편하더라구요싱크대 정리도 해주시고 옷 세탁기 돌린거 정리해주시니 그것도 큰도움됐고 몽베베 추천드림돠 | 신청하세요저도 안 하려다가 산후 도우미 신청했는데 안에 쓰면 어쩔 뻔했나 싶더라고요세탁기 돌리고 옷 개어주시고 이런게 별거아닌것 같아도 애땜에 밤새도록 잠을 제대로 못 잔상태에서 집안을 까지 하려면 진짜 힘들더라고요특히 저는 모유수유 할거라 잠을 푹 자야 돼서 몽베베 산후도우미 여기 모유 수유 권장해 주시고 해서 도움 많이 받았네요 | 이용해보고 너무 불편하면 중단하셔도 될 꺼 같아요 | 전 해보니까 너무 좋았어요. 남편이 있다해도 사실 육아상식을 모르니까 좀 배우고 계시는동안은 쉰다는 느낌으로 만족해요..❤ | 저도 망설였는데!! 산후도우미 이모 필수인가 같아요!! | 저도 고민했는데 엄청 좋아요ㅠ궁금한것도 많이 여쭤보고 | 주변에서 모두 만족해하길래 저는 신청했어요 ㅠㅠㅠㅠ초보맘이기에 도움을 받을 수 있는 부분은 받는 것도 좋다고 생각해요!!! | 저는 첫째 는 혼자서 키웟는데 넘힘들엇어오 무조건 산후도우미신청하세요 추천!!!!! | 안했으면 어떻게 그시기를 보냇나 싶을정도로ㅠㅠ 도움도많이받고 힐링되는 시간이였어요!~ | 저두 불편할까봐 고민했는데잠깐이라도 쓰는게나을꺼같아요ㅠ남편있어도 산후도우미분 오셔서 이것저것가르쳐주시고, 새벽에 잠도 못자고 헬이에요ㅠ그리고 애기들이 초보인거아는것처럼 엄마.아빠랑있을때랑 완전 달라요ㅠㅠ | 저도 누가 오는거 싫었는데요.아우 잠을못잡니다 혼자 할려면요. 엄마힘들어요 저는 추천드립니다. 진짜 새벽수유하고 낮에도 수유하고 하면 잠을 못자요.저는 산후조리원퇴소하고 토,일 혼자 생으로 했는데 잠을못자 죽겠더라구요. 월요일에 오신 관리사님이 얼마나 반갑던지 | 저도 남편이랑같이 있었는데 안하면큰일날뻔했어요 꼭꼭하세유~ | 해도 후회 안해도 후회기 때문에 맘에 안드심 계약해지하더라도 이용해 보는게 좋지 않을까요? 저도 누구랑 있음 불편할꺼 같아 안하려고 했는데 생각보단 불편하지 않고 많이 도와주시니 감사하더라구요. | 걱정하시는거랑 달리 정말 깔끔하게 해주시고 젖병소독이나 아기관리 철저히 해주세요 ㅎㅎ 그리고 새벽수유...정말 쉽지않아요 ㅠㅠㅠ 이모님 오셨을때만이라도 잠시 주무셔야할거예요",23,https://cafe.naver.com/f-e/cafes/24000254/articles/7199151?boardtype=L&userDisplay=50&menuid=13&referrerAllArticles=false&inCafeSearch=true&query=%EC%86%8C%EB%8F%85&art=aW50ZXJuYWwtY2FmZS1hcnRpY2xlLXJlYWQtaW5DYWZlLXNlYXJjaC1saXN0.eyJ0eXAiOiJKV1QiLCJhbGciOiJIUzI1NiJ9.eyJjYWZlVHlwZSI6IkNBRkVfSUQiLCJhcnRpY2xlSWQiOjcxOTkxNTEsImlzc3VlZEF0IjoxNzg4MjMzMTkzNTg4LCJjYWZlSWQiOjI0MDAwMjU0fQ.bUjotHJGqt0uHcVSNrI0NMlPukxZV5LCqnrKBlKyMVg&page=1,JKS
대구맘365,24000254,13,소독,여성메디파크 조리원,2025.11.13. 17:32,"효성네서 출산하고 메디파크 조리원으로 급하게 오게 된 산모입니다. 처음에 병원 연계 조리원을 임신 초기 아주 힘들게 예약했는데 출산 다음날 전화가 와서 병원 퇴원 후 5일을 더 병원에 대기한 후 조리원에 입소해야한다며 연락을 받았습니다.
2박 3일 병원에서 보내고 퇴원 당일 도저히 병원에 못 있겠어서 당일 입소 가능한 조리원을 알아보다가 맘카페에 메디파크 관련 좋은 후기가 많더라구요.
당장 전화해서 방이 있는지 여쭤봤고 일요일임에도 불구하고 친절하게 안내받고 퇴원하자마자 입소했습니다.
물론 큰 방을 하고 싶었지만..  저는 둘째 출산이라 남편이 올 수가 없을 것 같고 디럭스 방이라도 자리가 있다는 점에 너무 감사했습니다. 결론은 너무나도 만족스럽습니다.
첫째 때도 여기 조리원을 알았더라면 여기로 왔을거에요.
진심으로 만족 100% 입니다.
​
1. 마사지
신기하게도 첫째 때 타 조리원에서 관리해주신 분을
여기서 다시 만나서 신기했어요. 첫째 때 굉장히 만족스러웠거든요. 정성스럽게 관리해주시는데 힘도 좋으시고 안 좋은 부분도 척척 찾아주십니다. 출산하고 많이 부어 있었는데 세심한 관리 덕에 붓기 다 빠지고 조리원에 있는 기간동안 원래 몸무게로 돌아왔어요.
​
2. 밥
저에게 밥은 딱히 중요하진 않았는데
매끼 정말 다 맛있었습니다 !!!!!
틈틈이 나오는 간식도 빼먹지 않고 잘 챙겨먹었어요
​
3. 신생아실
진짜 신생아실 선생님들 최고입니다 .
수유 자세 잘 잡아주시고 아기를 사랑으로 케어하시는게 느껴집니다. 작은 부분까지 신경쓰시는게 보입니다.
배꼽도 소독약 보다는 자연건조로 깨끗하게 말려주시고
홀수 날 짝수 날 나눠서 아이 머리를 왼쪽 오른쪽 눕혀 예쁘게 두상 관리도 해주십니다 ㅎㅎ 클래식 음악도 틀어놓으셔요.
매일매일 소아과 선생님이 아침에 오셔서 아기들 건강 상태 체크해주시는 것 또한 큰 이점 같습니다.
​
4. 면회
신생아실 유리창 면회가 24시간 가능합니다
남편과 첫째 아이가 종종 왔다가서 얼굴도 보고 너무 좋았어요
​
그 외 조리원 로비에 상주해 계신 간호사 선생님이 매일매일 혈압과 열 체크를 해주십니다
​
매주 두 번 교육이 있는데 휴게실에서 진행되고 이니셜 고리 만들기 초점책 만들기 모빌 만들기 등 프로그램도 알차요.
휴게실에 모유차도 준비되어 있어서 따뜻하게 자주 마셨습니다.
​
모자동실 시간은 없지만
베베캠으로 하루 두 번 아기를 볼 수도 있어요^^
​
방 청소도 매일 해주시고 미니세탁기도 있습니다.
젖병, 유축 깔대기도 수시로 씻어서 소독해주시고 여러모로 산모가 편하게 조리하며 잘 쉴 수 있도록 배려 많이해주십니다
​
퇴소 며칠 안 남았는데 2주가 순식간에
지나가네요 덕분에 편하게 지내다 갑니다:)
​
​
​
​",넘 축하드리고 고생많으셧어요~^^ | 상세한 후기 감사합니다 ^^ | 혹시 마사지 관리사분 알 수 있을까요 ? ^^,3,https://cafe.naver.com/f-e/cafes/24000254/articles/7173203?boardtype=L&userDisplay=50&menuid=13&referrerAllArticles=false&inCafeSearch=true&query=%EC%86%8C%EB%8F%85&art=aW50ZXJuYWwtY2FmZS1hcnRpY2xlLXJlYWQtaW5DYWZlLXNlYXJjaC1saXN0.eyJ0eXAiOiJKV1QiLCJhbGciOiJIUzI1NiJ9.eyJjYWZlVHlwZSI6IkNBRkVfSUQiLCJhcnRpY2xlSWQiOjcxNzMyMDMsImlzc3VlZEF0IjoxNzg4MjMzMTkzNTg4LCJjYWZlSWQiOjI0MDAwMjU0fQ.J9k2OFylrvomghAf5DZg7DJ0JXU8T6ueZYYUuRyvTD0&page=1,JKS
대구맘365,24000254,13,소독,✏️파티마여성병원 산모대학3기 2주차 후기✏️,2025.11.13. 10:39,"파티마여성병원에서 진행하는 산모대학 2주차 강의를 듣고왔어요 ❤️
⭐️산모교실 처음으로 다녀보는데, 생각보다 유익해서 다음 4기,5기때도 관심있으시면 꼭 신청 해보세요 추천드려요 😊
​
1주차에 이어 너무 유익한 시간이라 후기 남깁니다🥰
​
✏️1교시는
신생아 관리
시간으로
실제 파티마여성병원 신생아실 수간호사님께서
강의를 해주셨는데 아주 알차고 필요한 내용들이었어요 !!
아기 분유먹이기, 트림시키기, 목욕시키기, 배꼽 소독법, 속싸개 싸기...등
정말 필요한 내용들로만 준비하셨더라구요
너무 알차고 좋은 시간이었습니다
실제로 출산 후에 많은 도움이 될거 같아요!
​
2교시는
맛있는 떡 만들기
시간 이었어요
1교시는 머리를 썼다면 , 2교시는 태교로 예쁜 떡만들기를 진행했어요
어렵지 않았고 예쁘고 맛좋은 떡이 완성되니
기분이 좋더라구요 ㅎㅎ 아마 뱃속 아이도 좋아했겠죠? 🥰
차근차근 설명해주셔서 예쁜 떡을 만들 수 있었고 집에와서 남편한테 자랑하니
바로 1개 먹어보더니 맛있다고 하더라구요😆
​",넘 유익한 시간 신생아 관리 짱 마니 배웠어용손재주가 진짜 좋으시네요!! | 1교시에 정말 많은 양의 정보가 들어와서 쉴틈이 없었은데 2교시에는 또 너무 재밌더라구요~ | 떡 진짜 잘만드셨네요😀,3,https://cafe.naver.com/f-e/cafes/24000254/articles/7172833?boardtype=L&userDisplay=50&menuid=13&referrerAllArticles=false&inCafeSearch=true&query=%EC%86%8C%EB%8F%85&art=aW50ZXJuYWwtY2FmZS1hcnRpY2xlLXJlYWQtaW5DYWZlLXNlYXJjaC1saXN0.eyJ0eXAiOiJKV1QiLCJhbGciOiJIUzI1NiJ9.eyJjYWZlVHlwZSI6IkNBRkVfSUQiLCJhcnRpY2xlSWQiOjcxNzI4MzMsImlzc3VlZEF0IjoxNzg4MjMzMTkzNTg4LCJjYWZlSWQiOjI0MDAwMjU0fQ.t8FTfswWjiB4z4tK2u2QfCE-XOyrGxUbCWIzBzTfuJs&page=1,JKS
대구맘365,24000254,13,소독,28주차 제왕절개 예정 초산모 출산가방 계획리스트 도움 부탁드려요ㅠㅠ,2025.11.11. 15:40,"안녕하세요!
28주에 들어서서 이제 출산가방을 슬슬 준비해볼까 하고있는데 양이 너무 방대해 선배님들의 조언을 구해보려고합니다ㅜㅜ 지금까지 추린 리스트와 나름의 이유를 함께 작성해보았는데 보시고 피드백 많이 주세요 :)
​
1. 위생용품🧴🧺
- 세면도구, 수건, 바디로션, 머리끈,
- 맘스안심팬티 2팩 + 생리대 1통(오버나이트를 챙기려했는데 중형을 많이 추천하시네요,,!)
- 가위, 손톱깎이
- 마이비데 2팩, 물티슈(베베숲 아기 물티슈)
- 손세정제, 소독티슈
​
2. 산모용품👩‍🍼(산모수첩, 신분증, 국민행복카드 챙기기)
- 속옷, 수유브라(소임, 2개)
- 무압박양말(다이소), 산후복대(추천해주세요ㅜㅜ)
- 압박스타킹 & 손목보호대(아직 붓기가 심하지 않아 착용하지 않는데 임신 후기에 둘 다 병원에서 구매예정)
- 발마사지기(풀리오)
- 비판텐 연고(기본 상비용)
- 에프시트(제왕 흉터 관리용, 후기 좋아서 구매)
- 모유사 와이즈맘픽 쿨링패치(출산한 친구들이 관리실에서 많이 쓴다고 추천 받음. 양배추팩보다 덜 흘러내린다해서 구매)
- 란시노 HPA 라놀린 크림(유두보호뿐 아니라 각종 보습에도 좋다고)
- 란시노 수유패드(란시노 수유패드 후기가 좋아서 일회용, 다회용 구매)
- 모유사 카보크림(열감완화 등 가슴 진정용, 양배추 팩의 크림 버전이라해서!)
- 베이비스텔라 수유쿠션, 마더케이 모유저장팩(조리원용)
- 뽀로로 보리차(몇개 정도 가져가면 될까요?), 꺾이는 빨대, 텀블러
- 마스크(KF94), 다이소 구름슬리퍼
- 파머스 튼살크림, 오일(출산 후에도 살이 틀 수 있다하더라구요ㅜㅜ)
​
3. 아기용품👶🏻
- 겉싸개(병원에서 주는지 확인하기)
- 밤부베베 손수건(10장?)
- 아토팜 수딩크림
- 아기영양제(바이오가이아가 가장 유명한 것 같아서 구매예정)
- 모자, 양말
- 에어보스 바구니카시트
​
4. 기타
- 멀티탭, 충전기
​
일단 지금까지 정리한 것들인데 혹시 더 추가하거나 좋은 아이템이 있으면 알려주세요🫶🩵","오 무소음이라니 훨씬 더 좋을 것 같아요! 마더케이 무소음 복대,, 당장 검색해봐야겠어요☺️ 건티슈도 손수건 대신 가져가서 편하게 써야겠어요!! 꿀팁 감사합니다💓 | 수유쿠션은 조리원에서 집에와서도 모유수유 예정이면 사셔요~~ | 아 분유수유할때는 수유쿠션이 필요없겠네요! 아직 뭘 할지 잘 모르겠어서 챙겨뒀다 가닥이 잡히면 빼던지 해야겠어요ㅎㅎ 감사합니다! 따순 하루 되셔요💗 | 저는 병원이나 조리원에서 걸칠 가디건 챙겨가려고 하고, 조리원에서 돌아올 때 혹시 모르니 젖병도 하나 들고가려구용! 베냇저고리, 손싸개, 발싸개, 속싸개도 챙기려고 하는데 이것도 필요한가요 ㅎㅎㅎ 다른맘들 의견도 저도 궁금!",4,https://cafe.naver.com/f-e/cafes/24000254/articles/7171503?boardtype=L&userDisplay=50&menuid=13&referrerAllArticles=false&inCafeSearch=true&query=%EC%86%8C%EB%8F%85&art=aW50ZXJuYWwtY2FmZS1hcnRpY2xlLXJlYWQtaW5DYWZlLXNlYXJjaC1saXN0.eyJ0eXAiOiJKV1QiLCJhbGciOiJIUzI1NiJ9.eyJjYWZlVHlwZSI6IkNBRkVfSUQiLCJhcnRpY2xlSWQiOjcxNzE1MDMsImlzc3VlZEF0IjoxNzg4MjMzMTkzNTg4LCJjYWZlSWQiOjI0MDAwMjU0fQ.Ye5PNlDV1peL4jqA1-ERQp4LUm5GaVRaagzrEtTrSao&page=1,JKS
대구맘365,24000254,13,소독,젖병소독기 꼭 사야할까요??,2025.10.12. 15:27,"브레짜 분유제조기랑 + 젖병세척기 구매 예정인데 집에 식세기는 없어요 ~~
세척기 있어도 따로 소독기 사는게 좋은가요??
​
🔸출산후기 내용은 ""출산 성공 바이러스""
에 게시글 작성해 주시기 바랍니다.
​
🔸""예비맘정보공유"" 게시판에 위 게시글 작성시
활동정지 및 무통보 삭제됨을 알려드립니다.",세척하고 보관도하고 소독도 해야하니 있는게 나을거 같아요~ | 젖병세척기는 젖병만되는거죠?보통 소독기로 치발기나 나중에 이유식관련도 하다보니 필요하긴 하더라구요 | 저는 세척기를 안사고 스팀소독기만 사려구요..! 보통 소독기를 보관하는 용도로도 쓰는것 같아요 ㅎㅎ | 처음에 소독기 당연히 사야지 생각했는데 스팀소독기만 사려구요! | 매번 열탕소독할 자신이 없어서.. 살균기 구입햇어여 | 저는 소독은 이유식기까지 커버할 계획으로 UV로 샀고 열탕소독 기능되는 젖병세제 쓰니깐 미세플라스틱 걱정도없고 딱 좋은거 같아요ㅠ | 젖병 세척기를 사지말고 소독기를 사세요소독기사서 이유식용품까지 오래쓰는게 나아요 | 소독기저는잘쓰고잇어요! | 열탕소독보다 진짜 uv소독 엄청 편하고 활용도도 뛰어나요  저도 첨에 잘몰라서 맘마존에 스팀소독기도 써보고 세척건조소독 다되는거 써봤는데 세척은 손으로하면 5분이면 되는데 기계는 적어도 30-90분 걸리더라구요ㅜ 걍 답답해서 손으로 세척하고 소독기에 넣어 건조하고 소독하고 있습니다  매번 열탕소독도 자신없구요 ㅎㅎ 신생아는 소독 매번 해줘야 한다고 하더라구요 ㅎㅎ,9,https://cafe.naver.com/f-e/cafes/24000254/articles/7148005?boardtype=L&userDisplay=50&menuid=13&referrerAllArticles=false&inCafeSearch=true&query=%EC%86%8C%EB%8F%85&art=aW50ZXJuYWwtY2FmZS1hcnRpY2xlLXJlYWQtaW5DYWZlLXNlYXJjaC1saXN0.eyJ0eXAiOiJKV1QiLCJhbGciOiJIUzI1NiJ9.eyJjYWZlVHlwZSI6IkNBRkVfSUQiLCJhcnRpY2xlSWQiOjcxNDgwMDUsImlzc3VlZEF0IjoxNzg4MjMzMTkzNTg4LCJjYWZlSWQiOjI0MDAwMjU0fQ.3QaIzwq8B9y5l3bjsEkp4eXdiR-OCHaxIlSryg1-x3c&page=1,JKS
대구맘365,24000254,13,소독,리엘산후조리원 13박 14일 다녀왔어요.,2025.10.07. 03:13,"둘째 출산 후 13박 14일 동안 리엘산후조리원을 이용했어요.
​
처음에는 첫째 때 이용했던 미즈맘산후조리원으로 다시 가고 싶었는데, 아쉽게도 문을 닫았다고 하더라고요. 그래서 고민 끝에 리엘로 결정했어요. 마침 미즈맘이 있던 곳 바로 옆이라 어느 정도 신뢰가 갔고, “밥이 맛있다”는 소문이 워낙 자자해서 선택에 망설임이 없었어요. 직접 식당에 가서 먹어야한다는 번거로움은 있었지만 그래도 맛있는 밥이 더 중요하더라고요 ㅎ
​
출산 후 병원에서 2박 3일을 보내고 바로 리엘로 이동했는데, 들어가보니 방이 거의 꽉 차 있었어요. 들어간지 얼마 안됬을때 혹시 하루이틀정도 일찍 퇴소하실분 찾을정도로 많이들 찾으시는거같더라고요. 요즘 출산율이 낮다더니 리엘의 인기만큼은 예외인가..? 싶었어요
디럭스룸 창문.. 저는 창문없는게 더 좋았어요 낮에도 편하게 잤답니다 ㅋㅋ작은데 알찬느낌.
화장실도 깔끔하고 좋았어요!
처음에는 스위트룸으로 계약했지만, 창문 유무만 다르다고 해서 디럭스로 변경했어요. 막상 지내보니 창문이 없는 게 단점이라기보다는 오히려 조용하고 빛이 차단돼서 숙면하기 좋아서 개인적으로는 대만족이었어요. 무엇보다 모션베드가 있어서 회음부 통증이나 골반통이 있을 때 자세를 바꾸기 훨씬 편했어요. 산후에 몸이 아직 덜 회복된 상태라 누워있거나 일어날 때마다 큰 도움이 됐어요.
잊지말고 꼭 챙겨가자구요!
입실할 때 기본 준비물로 물티슈(70매)와 비닐장갑 1개를 챙겨야하는데, 이건 아가 용도라 엄마가 쓸 물티슈나 부드러운 비데형 티슈는 따로 챙기는 걸 추천드려요. 회음부가 예민할 시기라 자극이 적은 게 좋더라고요. 그리고 방 안에는 빗이 없으니 개인 빗도 챙겨오시면 좋아요. 사실 급하면 쿠팡으로 다 해결되니까 걱정할 건 없었어요. “쿠팡 없인 못 살아”를 다시 한 번 느꼈던 2주였어요.
신생아실 앞에는 이렇게 유축한 모유를 넣어두는 냉장고도 있고 젖병두는데도 있어요! 체온이랑 혈압도 매일 잰답니다!
신생아실은 매일 오전 11시쯤부터 오후 2시 정도까지 소독 시간이 있어요. 그시간엔 수유콜이 안와서 개인적으로는 쪽잠자기 좋았어요. 2~3시간마다 유축해야하다보니 잠이 너무 부족했거든요 ㅜ 모자동실도 가능하지만, 저는 ‘집에 가면 어차피 아가를 계속 보게 되니까 조리원에서는 내가 최대한 푹 쉬자’는 마음으로, 아침 8시 전이나 밤 10시 이후에는 수유콜 자제를 부탁드렸어요. 그래서 정말 푹 쉴 수 있었어요.
신생아실 선생님들이 전반적으로 다들 친절하시고 믿음이 가는 분들이라 안심하고 맡길 수 있었어요. 모유나 분유 관련해서도 꼼꼼히 설명해주셔서, 아이 키운 지 4년이 지나 다 까먹어버린 바보엄마(ㅋㅋ)에게 정말 큰 도움이 됐어요.
​
참고로 예전엔 리엘에서 남양 아이엠마더 분유를 썼다고 들었는데, 요즘은 루비락 분유로 바뀌었다고 하더라고요. 생각보다 꽤 비싸서 다른 걸로 바꿀까 싶었는데, 우리 아기가 루비락 먹고 황금변을 누는 걸 보고 바로 생각을 바꿨어요. 퇴소 후에도 별문제 없으면 계속 루비락을 먹일 생각이에요. 첫째 때 분유 유목민 생활을 했던 터라 이번에는 그냥 고정하려고요 ㅎㅎ
식당가는길..ㅠ 그리울거에요
그리고 정말 많은 분들이 추천하신 식당 밥! 명불허전이었어요. 간이 세지도 않고 자극적이지 않은데 맛은 확실히 있었어요. 식단 구성이 다양하고 반찬 하나하나 정성이 느껴졌어요. “이건 좀 별로다” 싶은 게 하나도 없을 정도였어요. 식사 시간이 기다려질 만큼 매일 맛있게 먹었고, 입맛이 없던 날에도 리엘 밥상 앞에서는 고봉밥이었어요. 매주목요일의 간식파티, 특식나오는 날은 너무 행복했어요 ㅜ 도너츠 너무 맛있었는데...햄버그도... 집에 돌아가면 이 밥이 제일 그리울 것 같아요.
또 가고싶다 ㅜ
13박 14일 패키지에는 유방 마사지와 전신 마사지 1회가 포함되어 있었는데, 진짜 최고였어요. 첫째 때는 무료 체험만 받고 추가로 안 받았는데, 이번엔 젖몸살이 심해서 결국 한 번 더 받았어요. 마사지를 받고 나니 가슴에 있던 돌덩이 같은 뭉침이 싹 풀리고 유축도 훨씬 시원하게 됐어요. “전문가는 역시 다르구나” 싶었어요. 유축 관련 팁도 많이 얻어서 퇴소 후에도 큰 도움이 될 것 같아요. 회당 현금가 13만원정도였는데 5회 이렇게 횟수를 올리면 더 저렴해졌어요! 진짜 그돈이 안아까울정도로 좋았어요 ㅜ
저기 저 초인종벨을 누르면 신생아실로 곧장 연결됩니다 ㅜ
그리고보니 갑자기 생각난건데, 리엘에서 생활하면서 작은 에피소드도 있었어요. 새벽에 유축한 걸 신생아실에 가져다두러 비몽사몽 나갔다가, 세상에… 카드키를 방에 두고 나와버린 거예요 😂 복도에서 한참 발만 동동 구르다가 다행히 다른 방 산모님이 나오셔서 카드키를 잠깐 빌려 들어갔어요. 다음날 직원분께 여쭤보니 문 앞 초인종을 누르면 신생아실에서 열어주신다고 하시더라고요. 그걸 몰라서 한참 고생했어요 ㅎㅎ 지금 생각해도 잊을 수 없는 해프닝이에요.
찜질기랑 골반교정기! 이용은 안했다 ㅋㅋㅋ 자느냐고!
교육실~
이제 내일이면 집으로 돌아가야 하는데, 솔직히 너무 아쉬워요. 편하고 따뜻했던 리엘 생활 덕분에 몸과 마음이 모두 회복된 느낌이에요. 집에 가면 본격적인 육아전쟁이 시작되겠지만, 리엘에서 충분히 쉬었던 덕분에 다시 힘낼 수 있을 것 같아요.
​
제인생에 셋째는 없을 예정이지만, 만약 다시 산후조리원을 고른다면? 저는 주저 없이 또 리엘을 선택할 것 같아요. 가성비나 가심비나 여기만한데가 없는거같아서요 ㅎㅎ
나갈생각하니까 싱숭생숭하지만 이젠 진짜 잘 시간이겠죠 ㅜ
​
조리원 금액 혹시 궁금하신분들은 나라에서 전국 조리원 금액 제공하는게 있으니 꼭 찾아보시길 바래요!",후기 도움됐어요~~궁금한게 있는데 디럭스는 창문을 아예 못여나요??? | 제기있던 방은 아예 못여는건 아니였어요 화장실에 있는 외창같이 생긴 조그만 창문이 있어서 아래쪽으로 방 밖에서 안쪽으로 안보이게 조금은 열수는 있었답니다! 건물밖이 아니라 안쪽으로 연결된 창이라 복도소리가 들리고 해서 전 안열었었어요 ㅎㅎ,2,https://cafe.naver.com/f-e/cafes/24000254/articles/7144550?boardtype=L&userDisplay=50&menuid=13&referrerAllArticles=false&inCafeSearch=true&query=%EC%86%8C%EB%8F%85&art=aW50ZXJuYWwtY2FmZS1hcnRpY2xlLXJlYWQtaW5DYWZlLXNlYXJjaC1saXN0.eyJ0eXAiOiJKV1QiLCJhbGciOiJIUzI1NiJ9.eyJjYWZlVHlwZSI6IkNBRkVfSUQiLCJhcnRpY2xlSWQiOjcxNDQ1NTAsImlzc3VlZEF0IjoxNzg4MjMzMTkzNTg4LCJjYWZlSWQiOjI0MDAwMjU0fQ.uH-554oBkx0f-co8aCN_HlIxkeU6S4gSu4o4-0RBEoQ&page=1,JKS
대구맘365,24000254,13,소독,대구 리엘산후조리원 13박 14일 후기 (마사지/가격/본아트/부대시설),2025.09.12. 11:26,"🔸출산후기 내용은 ""출산 성공 바이러스""
에 게시글 작성해 주시기 바랍니다.
​
🔸""예비맘정보공유"" 게시판에 위 게시글 작성시
활동정지 및 무통보 삭제됨을 알려드립니다.
​
​
​
안녕하세요🐰
​
대구 여성아이병원에서 출산 후,
병원과 거리가 멀지 않은 산후조리원 여러곳을 비교해보다
밥 맛있고, 모자동실 가능, 남편 주말 1박 가능한 이유
로
리엘산후조리원을 택했어요 !
만족한 후기를 적어볼까 합니다 ㅎㅎ
​
​
더 상세한 내용은 블로그 적어놨어요🤍
대구 리엘산후조리원 스위트룸 13박 14일 후기 마사지 가격 본아트 부대시설
대구 여성아이병원에서 아기 낳고 병원과 거리가 멀지 않은 대구 산후조리원 여러곳을 비교해보다가 거리는...
blog.naver.com
​
​
​
리엘산후조리원
50m
© NAVER Corp.
더보기
/OpenStreetMap
지도 데이터
x
© NAVER Corp.
/OpenStreetMap
지도 컨트롤러 범례
부동산
거리
읍,면,동
시,군,구
시,도
국가
리엘산후조리원
대구광역시 달서구 월배로 58 HCL 빌딩 7층
​
생각보다 빠른 예약 마감이더라구요 ••
12주차 안정기 되고나서 예약 했는데
vip, vvip 룸은 다 나가고 없었어요 !
​
그래서 스위트룸을 했었는데
지금 생각하면 아주 잘한 선택인 것 같아요
​
예약 시 10% 예약금 있으며
아기 출산 후 한번 더 연락 드리고
병원 퇴원 후 오전 11시까지 조리원 입소해요
​
​
데스크에서 계약금 제외 잔금 결제 등 완료 후
아기는 신생아실로 보내고 남편과 함께 룸으로 안내 받아요
​
남편은 짐 같이 풀어주고 빠빠이 .. 👋🏻
​
​
(스위트룸 기준) 잔금 결제 시 tip 💥
의료비 공제 최대 200만원 - 카드/현금
ex) 200만원 체크카드
대구로페이 50만원 - 미리 충전
ex) 43만 5천원으로 50만원 충전
계약금 10% + 깔대기 구입 비용 2만원 - 현금영수증
ex) 계약금 28만원 + 2만원 = 30만원
​
이렇게 하시면 대구로페이 충전으로 할인도 받고
의료비 공제까지 톡톡히 혜택 볼 수 있어요
​
저는 첫만남이용권 사용 대신
지역화폐로 6만5천원 이득 봤어요 😇
​
​
디럭스, 스위트, vip - 7층
vip - 8층
vvip - 9층
​
​
룸 컨디션은 좋았어요
엄청 노후화 되지 않았고 기본적으로 있을건 있었고
다만, 스위트룸만! 모션베드는 아니에요
​
제왕절개를 한 저도
산후조리원 입소 할 때는 모션베드가 필요할 만큼
거동이 안되지는 않아서 오히려 좋았어요
운동 할 겸 스스로 누웠다 일어나기 해보니까
빨리 회복 되는 것 같더라구요 ㅎㅎ
​
​
🧺
내실 제공 물품
- 드라이기
- 냉장고
- 유축기, 젖병소독기 (시밀레S8)
- TV
- 와이파이
- 킹사이즈 침대
- 옷장
- 시스템 에어컨 (난방 가능)
- 도넛방석
- 입실 안내문
- 전화기 (수유콜 올 때 사용)
- 휴지
- 얇은 실내화
- 탁자/의자
- 수건 2장 (입소 날만 제공)
- 원피스 (매일 교체 가능)
- 세탁망 (조금 사용감 있음)
​
✨
챙기면 좋을 물품
- 푹신한 슬리퍼 실내화
- 수건 여러장
- 스킨케어 및 세안물품
(ex. 샴푸/린스/바디워시/칫솔/치약/샤워타올 포함)
- 세탁망
- 멀티탭
- 텀블러
- 아기 물티슈 (모자동실 할 시 따로)
- 충전기
- 속옷/생리대 등
- 마스크 (수유 시 필요)
- 핸드워시
​
​
​
7층 교육실
​
한 달 동안의 교육 프로그램 일정이 게시 되어 있어
참고하셔서 듣고 싶은 교육 들으시면 좋아요
​
신생아 관리 교육 같은 경우는 원장님이 직접 해주시고
나머지는 업체 연계되서 해주시더라구요
유익한 내용들이 많아서 도움이 되었어요 !
​
​
​
7층 찜질방
​
옥돌돔 / 골반교정기
제왕절개 하신 산모님들은 실밥 제거 후 사용하시더라구요
​
개인적으로 마사지 안 받는 날에는
여기서 찜질 하면서 골반교정기 하면 아주 시원해요 👍🏻
​
​
​
8층 마사지
​
마사지는 전신+유방+얼굴 케어까지 !
전부 해주시는데 가격대도 좋아서 정~~~말 추천 드려요
처음엔 유방 마사지 해주실때 많이 아팠는데
이후 유축해보면 양도 늘고 아프지도 않고 최고 ..♥️
​
입소 하는 날 오후에 불러 주시는데 무료 1회 해주시고
더 이용하시려면 결제 하시면 되더라구요
​
아쉽지만 저는 주말이 2번이나 있어서 7회만 끊었지만
9회 진짜 진짜 추천해요👍🏻
​
​
​
9층 식당
​
밥 맛있기로 소문난 리엘산후조리원 !!!
반찬은 뷔페식으로 되어 있어서 드시고 싶은 만큼 드시고
밥과 국은 퍼서 자리로 가져다 주시더라구요
​
그리고 개인 텀블러 들고가면 보리차 담아주시는데
고소하고 따끈하니 너무 맛있어요ㅎㅎ
보리차 맛집 🙂
​
​
아침 8시 / 점심 12시 / 저녁 5시30분
보통 아침과 저녁엔 미역국 제공
점심 때는 조금 특식처럼(?) 나와서 맛있었어요 !
​
​
오후 3시 간식 타임
과하지 않게 딱 배고플 타이밍에 간식이 나오는데
식당에 가지 않아도 복도 상 위에 제공되서
각자 방으로 들고 들어가서 드시면 됩니다 🍴
​
​
오후 8시 야식 타임
보통 죽인데, 매일 마다 메뉴가 다른 죽 !
수유하면 배가 자꾸만 고파지는 .... 😭
식당가서 드시고 싶은 만큼 드시도록 되어 있어요
​
​
​
9층 셀픽
​
하루 1회씩 아가 사진을 인화해주는 서비스 !
핸드폰 연동 시켜 즉석에서 인화 가능하더라구요 ㅎㅎ
저도 매일 한장씩 꼭 뽑아두었어요 📸
​
​
​
9층 수유실
​
수유실은 사진 촬영이 안되지만 아무도 없을 때 찍었어요 !
​
방마다 전화기가 있는데 수유콜이 오면
직수하거나 직접 분유 먹일 수 있도록 되어 있어요
다만 1시간 이내로 아가와 만나 애착 형성 할 수 있어요
​
모르는게 있으면 신생아실 선생님들께 여쭤보시면
친절하게 답변 주셔서 믿고 맡길 수 있었답니다 👶🏻
​
​
​
9층 젖병/깔대기 소독
​
유축을 위해
깔대기는 입소 시 조리원에서 2개 구매 !
​
각 호실이 적힌 젖병 4개와 깔대기 2개 사용하시면 되는데
한번 사용한 깔대기는 소독 돌려야 하므로 따로 보관하시고
유축한 모유는 무조건 냉장 보관 해야 함으로 냉장고 넣어두시면 되요 🍼
​
각 방마다 유축기/젖병소독기 있으니 사용하시면 됩니다
​
​
​
모자동실
​
현재 남편 출입 가능하나, 아래 해당 요일만 가능
화/목 평일 10:00-20:00
토 10:00-일 20:00 (1박 가능)
​
방 안에 아기 침대 있어서 모자동실 할 때 사용하고
아빠가 있을 때는 신생아실에서 직접 안고 오시면 되요
​
​
​
베베캠
​
하루 2번, 20분간 캠으로 아기를 시청(?) 할 수 있어요
산모 1명만 이용할 수 있고
가족들이 보려면 추가 요금을 더 내야한다고 하는데
굳이 사용 안해도 될 것 같아요 !
​
산모님들은 수유콜 할 때 아기 많이 볼 수 있어요
그리고 식당 왔다갔다 하면서 신생아실 지나가기 때문에
유리로도 가끔 볼 수 있어요 !
​
저 또한 시간도 놓친 적 많고 직접 보는게 좋아서
1-2번 밖에 보지 않았어요
​
​
​
본아트
​
조리원과 연계된
위드유스튜디오 !
몇일 전에 미리 연락주시고 일정 조율 해주시더라구요
​
무료/유료 컨셉이 나뉘는데
무료는 진짜 무료 다워요 .. ㅎㅎ
머리에 리본 머리띠 하고는 조금 촌스러웠다는 🤣
​
유료는 22만원 정도 추가요금을 낸다던데
저는 집에 가서 셀프 뉴본 찍을거라서 굳이 하지 않았고
무료만 촬영 했어요 (엄마만 만족하면 됐죠 ㅎㅎ)
​
다만 50일 촬영은 1-5만원 정도만 추가하면
미리 예약 가능하더라구요 !
컨셉도 다양하길래 예약 해놨어요 🤞🏻
​
​
​
외출
​
비교적 외출은 자유로운 편인데 수유콜이 자주 오기 때문에
신생아실 선생님들과 일정 공유를 위해서
외출증 or 마사지 일정을 적어주셔야 해요 !
​
보통은 산모나 아기 병원 진료 아니면
다들 외출은 잘 안하시긴 하더라구요 ㅎㅎ
​
그리고 생각보다 조리원 스케줄이 아주 조금 바쁠뿐 〰️
심심하고 답답하다고 느낄 겨를이 없었어요
​
​
그래도 비교해보고 택한
‘ 리엘산후조리원 ’
마사지부터 식사, 스위트룸까지 전부 대만족이였어요☘️
다음에도 둘째가 생긴다면 또 가고 싶어요 !!!",정보 잘 보고갑니다 :)저도 여성아이병원에 다니고 있고 리엘산후조리원 예약했는데 vip룸이 없다고 해서 스위트로 예약했어요방 상태나 이런건 조금 오래전에 찍힌 사진으로 보다보니 괜찮을까 싶었는데 덕분에 잘 구경했습니다! | 먼저 축하드려요! 병원 퇴원 하면 일주일 뒤에 외래 진료 오라고 하시는데 리엘산후조리원에서 거리도 안멀어서 좋았어요ㅎㅎ 룸 컨디션도 사진이 조금 어둡게 나오는데 실제로 보면 괜찮아요! 모든걸 따져봤을때 금액적인 부분도 괜찮았어요 :),2,https://cafe.naver.com/f-e/cafes/24000254/articles/7125973?boardtype=L&userDisplay=50&menuid=13&referrerAllArticles=false&inCafeSearch=true&query=%EC%86%8C%EB%8F%85&art=aW50ZXJuYWwtY2FmZS1hcnRpY2xlLXJlYWQtaW5DYWZlLXNlYXJjaC1saXN0.eyJ0eXAiOiJKV1QiLCJhbGciOiJIUzI1NiJ9.eyJjYWZlVHlwZSI6IkNBRkVfSUQiLCJhcnRpY2xlSWQiOjcxMjU5NzMsImlzc3VlZEF0IjoxNzg4MjMzMTkzNTg5LCJjYWZlSWQiOjI0MDAwMjU0fQ.RREcNHNzTOJPTm9PLQNSrfqfeZQTI2M3kaMYZ2Q8Mjo&page=1,JKS
대구맘365,24000254,13,소독,잘 사용하고 있는 육아템 best 5 추천!,2025.09.09. 04:26,"육아는 장비빨이라는데 육아용품 다 사기는 경제적으로도, 환경적으로도 힘들잖아요~
​
제 기준 추천템 골라봤어요!
​
1. 크림하우스 아기범퍼침대
아기가 잠만 잘자줘도 너무 행복해지는데ㅎ
기능과 감성을 더한 크림하우스 아기범퍼침대 추천해요
“안전 + 놀이 공간 + 낮잠 공간까지 한 번에”
높은 안전가드와 좋은 소재, 크기도 넉넉해 놀이 매트나 낮잠 공간으로도 활용할 수 있어요.
탈부착 가능한 벽면은 나중에 울타리나 놀이방으로도 변신 가능!
​
2. 스토케 하이체어
“이유식 시작한다면 무조건 필수!”
이유식이 시작되면 꼭 필요한 하이체어!
아이의 바른 자세를 잡아주고, 식사에 집중할 수 있는 환경을 만들어줘요. 성인 될때까지 쭉~
​
3. 베이비뵨 바운서
“손이 부족할 때, 아이를 달래주는 육아 요정”
수유 후 소화시키거나 집안일을 해야 할 때나, 잠깐 손이 필요할 때 큰 도움이 되요.. 단, 사용 가능한 무게 제한이 있으니 앉힐 수 있을때부터 사용하기!
​
4. 에시앙 범보의자
“앉기 전, 아이 자세 교정은 이걸로 시작해요”
이유식 초기에는 범보의자에 앉혀 간단하게 먹이기도 좋고 기념일마다 사진 찍을때도 유용!
바운서 지겨워하거나 혼자 놀기 싫어할때 범보의자 앉혀서 끌고 집안 구경시켜주면 좋아해요.
​
5. 폴레드 젖병소독기
“살균 걱정 끝! 육아 위생 필수템”
매일같이 사용하는 젖병과 젖꼭지, 소독은 필수! 자외선(UV)이나 열풍 방식 등 다양한 옵션이 있어, 육아 스타일에 따라 선택 가능해요.
​
​
아기들마다 기질이 다르니 저희 아기는 잘써도 또 다른집 아기한테는 안맞을 수도 있어요,
어디까지나 저희 집 기준이니 참고하세요❤️
​",,0,https://cafe.naver.com/f-e/cafes/24000254/articles/7123065?boardtype=L&userDisplay=50&menuid=13&referrerAllArticles=false&inCafeSearch=true&query=%EC%86%8C%EB%8F%85&art=aW50ZXJuYWwtY2FmZS1hcnRpY2xlLXJlYWQtaW5DYWZlLXNlYXJjaC1saXN0.eyJ0eXAiOiJKV1QiLCJhbGciOiJIUzI1NiJ9.eyJjYWZlVHlwZSI6IkNBRkVfSUQiLCJhcnRpY2xlSWQiOjcxMjMwNjUsImlzc3VlZEF0IjoxNzg4MjMzMTkzNTg5LCJjYWZlSWQiOjI0MDAwMjU0fQ.J_G57mjoJmxMPjGtwOjIBmEGhx0MM_5YPEsu3u9l_p4&page=1,JKS
대구맘365,24000254,13,소독,조은맘 산후도우미 후기 ”이정화 관리사님“ 추천,2025.08.23. 21:57,"🔸출산후기 내용은 ""출산 성공 바이러스""
에 게시글 작성해 주시기 바랍니다.
​
🔸""예비맘정보공유"" 게시판에 위 게시글 작성시
활동정지 및 무통보 삭제됨을 알려드립니다.
​
안녕하세요, 7월 20일 출산 후 조은맘산후도우미 서비스를 이용했는데요. 이제 서비스가 종료되어가는 시점에 담당 관리사님께서 너무 잘해주셔서 추천드리고싶어 후기남깁니다.
​
저희 담당 관리사님은 이정화 관리사님 이셨어요. 랜덤으로 배정되었지만 너무 좋으신 분이 오셔서 만족했습니다. 조은맘 산후도우미 이용하실분들은 이정화 관리사님 추천드려요!
​
우선 이정화 관리사님께서는 아기를 너무 예뻐해주시고, 조심스럽게대해주십니다. 오히려 저보다도 아기에 대한 위생적인 부분과 아기용품 관리부분에 더 신경써주셔서 좋았어요. 젖병 열탕소독도 매일 해주시고, 손수건도 더 쉽게 사용할 수 있도록 정리해주셔서 편하게 육아하는데 도움이 되었습니다. 특히 아기목욕과 대변 본 후 엉덩이 씻기기 등 친절하게 하나하나 알려주셔서 좀 더 빨리 익숙해질 수 있었던 것 같아요.
​
그리고 꼼꼼한 집안일과 더불어 맛있는 음식도 만들어 주셔서 만족했습니다. 아기를 키우면서도 집을 깨끗하게 유지할 수 있어 좋았고, 저희집에 식재료가 별로 없는데도 반찬과 샌드위치 등 준비해주셔서 감동이었습니다!
출산 후 몸이 지쳐있는 상태였는데 빨리 회복할 수 있도록 몸조리에 신경써주셔서 빠르게 회복할 수 있었어요.
​
믿고 맡길 수 있는 좋은 분을 만나게 되어 정말 감사드리고, 출산을 앞둔 다른 분들께도 꼭 조은맘 산후도우미 이정화 관리사님을 추천드리고 싶습니다!!
​
​",,0,https://cafe.naver.com/f-e/cafes/24000254/articles/7109897?boardtype=L&userDisplay=50&menuid=13&referrerAllArticles=false&inCafeSearch=true&query=%EC%86%8C%EB%8F%85&art=aW50ZXJuYWwtY2FmZS1hcnRpY2xlLXJlYWQtaW5DYWZlLXNlYXJjaC1saXN0.eyJ0eXAiOiJKV1QiLCJhbGciOiJIUzI1NiJ9.eyJjYWZlVHlwZSI6IkNBRkVfSUQiLCJhcnRpY2xlSWQiOjcxMDk4OTcsImlzc3VlZEF0IjoxNzg4MjMzMTkzNTg5LCJjYWZlSWQiOjI0MDAwMjU0fQ.DjPDx7fwhDMizH6wpTepotAvQoycnpUm9HI3MZvwNuI&page=1,JKS
대구맘365,24000254,13,소독,분만병원과 조리원간에 거리가 있는경우,2025.08.22. 11:37,"🔸출산후기 내용은 ""출산 성공 바이러스""
에 게시글 작성해 주시기 바랍니다.
​
🔸""예비맘정보공유"" 게시판에 위 게시글 작성시
활동정지 및 무통보 삭제됨을 알려드립니다.
​
​
안녕하세요!
이제 11주차에 접어들었어요
모든 게 처음이라 아는 게 없어서.. 여쭤봅니당🥹
​
잘 몰라 카페에 글을 많이 읽다보니 출산 후 조리원에 있는 기간동안 제왕절개하신분들만 해당되는건 지 병원에 상처부위 소독하러 다니신다는 글을 봐서용..
​
혹시 병원과 연계된? 한 건물에 있는 산후조리원이 아닌 거리가 조금 있는 조리원으로 갈 경우 소독하러?차를 타고 이동을 하는걸까요?
​
조리원에 있으면서 산모나 아기가 병원진료를 봐야하는 경우가 있다면 어떤진료인지와 이동여부가 궁금해서 여쭤봅니당
​
이동할 일이 있다면 가능하면 한 건물에 분만병원과 조리원이 있는곳으로 갈까 싶기도 하고 ..
그러기엔 조리원시설이 마음에 들지않아서 고민되어요 .. 😭
​
분만병원과 조리원간에 거리가 멀 경우 어떠한 불편한점이 있으셨는 지, 조금씩 조언과 경험을 나눠주실 수 있을까요?
​","출산 준비하시느라 고민이 많으시겟어요 | 지인보니 오고가는 시간(거리)이 소요되니 불편하다고 하더라구요. 병원은 칠곡로즈마리였고 집은 서변동 조리원은 달서구에 위치해 있었어요. 집에 왔다갔다 심부름하는 남편도 힘들어했다 하구요. | 그럼 조리원 입소시 이동 이외에도 갈 일이 또 있는가보네요 ...고민됩니당..ㅜㅜ따뜻한 말씀 감사드립니다! | 네 몸조리잘하시고,좋은생각만하시고,순산기원합니다😊 | 감사합니다!행복한 하루 되세용ㅎㅎ | 확실히 병원연계가 출산후 산모&아기 진료보기에 편해서좋아요~ 산모진료만해도 자분하고 2~3번정도봤는데, 그때마다 외출끊고 병원다녀오는것도 일이에요 ㅠㅠ 병원연계는 퇴실할때도 아기 수유시간 맞춰 수유 다하고 소아과 접수 바로해줘서 BCG바로맞고 퇴원해서 편했어요! | 헉 생각보다 병원진료 볼 일이 많군요..결정하는 데 도움되는 말씀 감사드립니다! 🙇‍♀️ | 저는 소아과, 조리원, 병원 모두 한 건물에 있는 여성아이를 다니고 있어요. 출산 후 같은 건물이 아닌 조리원으로 이동을 해야하는 경우 안그래도 엄빠가 처음인데.. 막 태어난 아가랑 이동할 생각을 하니 엄두가 안나더라구요 ㅠㅠ 그리고 태어나서 아가에게도 문제가 있을 경우 바로 소아과 진료도 받을 수 있고 다 연계되어있는게 좋을 것 같아 저는 모든게 다 있는 병원으로 선택하게 되었어요. ㅠㅠ 동네가 멀어서 저희병원 추천은 못해드리는게 아쉽네요 ㅠㅠ",8,https://cafe.naver.com/f-e/cafes/24000254/articles/7108821?boardtype=L&userDisplay=50&menuid=13&referrerAllArticles=false&inCafeSearch=true&query=%EC%86%8C%EB%8F%85&art=aW50ZXJuYWwtY2FmZS1hcnRpY2xlLXJlYWQtaW5DYWZlLXNlYXJjaC1saXN0.eyJ0eXAiOiJKV1QiLCJhbGciOiJIUzI1NiJ9.eyJjYWZlVHlwZSI6IkNBRkVfSUQiLCJhcnRpY2xlSWQiOjcxMDg4MjEsImlzc3VlZEF0IjoxNzg4MjMzMTkzNTg5LCJjYWZlSWQiOjI0MDAwMjU0fQ.JiUkf2rfu9elV8LIOhlVAx8qCq2wbk2ita0IxZ6inCs&page=1,JKS
대구맘365,24000254,13,소독,,,,,0,https://cafe.naver.com/f-e/cafes/24000254/articles/7092628?boardtype=L&userDisplay=50&menuid=13&referrerAllArticles=false&inCafeSearch=true&query=%EC%86%8C%EB%8F%85&art=aW50ZXJuYWwtY2FmZS1hcnRpY2xlLXJlYWQtaW5DYWZlLXNlYXJjaC1saXN0.eyJ0eXAiOiJKV1QiLCJhbGciOiJIUzI1NiJ9.eyJjYWZlVHlwZSI6IkNBRkVfSUQiLCJhcnRpY2xlSWQiOjcwOTI2MjgsImlzc3VlZEF0IjoxNzg4MjMzMTkzNTg5LCJjYWZlSWQiOjI0MDAwMjU0fQ.vCzOsykhDED77lKclTpRxL6_d-X9JssdwkDDwEH45AY&page=1,JKS
대구맘365,24000254,13,소독,34주차 출산가방 미리 쌌어요!,2025.07.25. 12:23,"안녕하세요! 34주차 돌파한 푸름맘입니다ㅎㅎ
​
출산가방을 쌀까말까고민하다가 미리 준비해놓는게 맘이 편할거 같아서 출산가방 리스트 정리하고 짐싸놨어요ㅎㅎ
​
저는 여성아이병원 다니면서 산후조리원도 여성아이로 예약해서 조리원에서 주는 물품도 미리 확인해서 최대한 짐 줄일려고 해봤어요ㅎㅎ
​
✔️조리원 지급물품
- 로라애슐리 실내화
- 수면양말
- 손목보호대
- 가제손수건
- 수유패드
- 생리대 (대)
- 마스크
- 모유촉진차
-에비앙 생수
-10몰튼브라운 어메니티
​
이렇게 지급된다는데 수량이 부족할까봐 수유패드랑 생리대, 세면도구는 따로 또 챙겨놨어요ㅎㅎ
​
✔️출산가방 리스트
- 산모수첩/신분증
- 오버나이트 팬티형/ 생리대(대/중)
- 수유패드
- 수유티슈
- 모유저장팩
- 수유브라
- 산모팬티
- 산모양말
- 물티슈
- 마이비데
- 샤워티슈
- 소독티슈
- 슬리퍼
- 머리끈 / 립밤 / 기초화장품
- 휴대폰충전기
- 손수건 / 배냇저고리
- 편한 추리닝 바지 / 얇은 가디건
​
짐을 다싸도 빠진게 있는지 계속 불안해서 몇번이나 다시 확인했어요ㅎㅎ혹시나 더 추천해줄 게 있다면 언제든지 알려주시면 감사하겠습니다ㅎㅎ
​
출산가방싸고 애기방 짐정리하고 하니까 진짜 출산이 임박한거 같아서 기분이 묘하기도 하고 설렘, 두려움까지 하네요ㅎㅎ아가도 얼렁 보고싶지만, 무사히 건강하게 잘태어나주길만을 바라고 있어요ㅎㅎ
​","후. 저도이제 짐 싸야하는데 너무나 귀찮네욤..이 달까지 근무하고있어서 더 그런거 같은데 8.1일되면 진짜.. 싸야죠..허허 살거 다 사두긴 했는데 ..가방에 넣어두기만 하면 되긴한데..8월 출산 맘 화이팅입니다요!! | 앗.... 저 오늘부로 33주 들어갓는데 한 주뒤에 저의 모습일까요...?ㅠㅠ 아직 준비안한것들이 눈에 많이 들어오네요ㅠㅠ저도 조금씩 체크하면서 준비 해야겟네요ㅠㅠㅠㅠ 참고하겟슴당!!! ㅎㅎ | 주수가 저랑 비슷하네요초산?  경산?저도 오늘 짐 쌌어요아기 물티슈 뭐가 좋은지 몰라 일단 막 시켰는데 ㅜㅜ혹시 아기 물티슈 뭐 챙기셨어요? | 이런 댓글 달아도 될까요? 저는 미마물티슈 그린 구매했어요! 하늘색(오리지날인듯?)도 신생아에게 사용 가능하다고 하긴하던데.. 다음엔 그걸로 써보려구요 ㅠㅠ 신생아한테는 그린이 더 적합하대서^^ 일단 두께감이 있고, 무향이라 주문했고, 다른데서 받은 하기스 물티슈도 쓰고 있어요! 미마물티슈그린은 캡이 똑땅이가 아니고 슬라이드라서 좀 불편해요 ㅠㅜ 광고x 제가 직접 사서 쓰고있슴당 | 저랑 거의 비슷하게 챙기셨네요저는 검색해보니 조리원 2주 기준손톱깍이, 드라이기도 필요할 수 있다고 하더라구요 | 저도 36준데 이제 다쌌네요 ㅎㅎ | 저는 한 달 전 출산한 맘입니다^^나름 제 기준에서 추천을 드리자면저는 아나이스 조리원에서 2주 있었구요. 드라이기, 바디워시, 샴푸 있는지 확인하시고 세안도구까지 잘 챙기시길 바라요 ㅎㅎ 이건 병원에 있어도 필요한거라^^그리고 자연분만이신지 모르겠는데, 일단 자연분만이먼 맘스팬티(기저귀처럼 생긴거)는 꼭 꼭 제발 꼭 챙기시길 바라요.. ㅜ 저는 두 팩이 부족할 정도 였습니다.. 오로가 생각보다 많이나오고, 생리대가 계속 구겨져서 붙어서 아픈데 맘스팬티는 괜찮더라고요!!혹시 모르니 어두운색 수건 한 두개 정도는 챙기심 편하실 것 같아요^^ | 혹시 모르니 속싸개도 하나 챙기심 좋을 것 같아요! 병원에서 조리원으로 이동할 때 차량이동 하신다면 바구니 카시트와 속싸개 필요하실 듯 해요^^ 겉싸개  노노!! 날이 더워서 속싸개로 충분하고 애매하면 속싸개 두 개 챙기심 될 듯합니다! 혹시 미리 준비한 아가 비타민이나 유산균 있다면 따로 챙겨서 조리원으로 넣어주시고요~^^산모님 혹시 철분제 꾸준하게 챙겨드시고 있으면 출산 후 많이 어지럽거든요 ㅠㅠ 꼭 드시는 철분제도 챙기셔요^^~ | 저도 참고해서 출산가방 챙겼어요 ! ㅎㅎ 감사합니다",9,https://cafe.naver.com/f-e/cafes/24000254/articles/7087005?boardtype=L&userDisplay=50&menuid=13&referrerAllArticles=false&inCafeSearch=true&query=%EC%86%8C%EB%8F%85&art=aW50ZXJuYWwtY2FmZS1hcnRpY2xlLXJlYWQtaW5DYWZlLXNlYXJjaC1saXN0.eyJ0eXAiOiJKV1QiLCJhbGciOiJIUzI1NiJ9.eyJjYWZlVHlwZSI6IkNBRkVfSUQiLCJhcnRpY2xlSWQiOjcwODcwMDUsImlzc3VlZEF0IjoxNzg4MjMzMTkzNTg5LCJjYWZlSWQiOjI0MDAwMjU0fQ.iIM5q0xbikqHFT7qp__sdqK8gJkOSEid8kPhu5lriVU&page=1,JKS
대구맘365,24000254,13,소독,맘마존 필수템이라고 하면??,2025.07.11. 14:01,"맘마존 구성할때 필수 아이템이라는 것이 있을까요?
맘마존 꾸미려고 하는데 생각보다 준비할게 많고
넘 다양해서 뭘 사야될지 모르겠네요..
일단 꼭 필요한 것들로만 준비하려는데
분유제조기랑 소독기는 선물받기로 했고요
다른 필수 아이템 있으면 조언 부탁드려요~!
​
​
🔸출산후기 내용은 ""출산 성공 바이러스""
에 게시글 작성해 주시기 바랍니다.
​
🔸""예비맘정보공유"" 게시판에 위 게시글 작성시
활동정지 및 무통보 삭제됨을 알려드립니다.","저는 분유제조기, 소독기, 분유포트, 세척기 이렇게만 준비했던 것 같아요ㅎ | 브레짜제조기+전기포트 브레짜세척기 젖병보관함이요 | 완분이라서..저는 젖병소독기에다가 픽셀팟 자동출수형 분유포트 요거 셋팅해서 썼네요 | 분유제조기, 소독기 제외하면 분유포트나 세척기, 쉐이커 이정도 더 준비하면 되지 않을까요? | 저는 픽셀 소독기, 꿈비쉐이커, 라비킷 분유포트 이렇게 같이 쓰고 있네요 | 저희집은 맘마존엔 세척기랑 분유포트 분유쉐이커만 있어요! | 라비킷 분유포트 소베맘세척기 유팡소독기 이렇게 준비했네요ㅎ | 모유수유할지 분유먹일지 따라 너무 달라지고 이또한 어떻게 될지 몰라 굳이 미리 다 사실필요없을거같아요 ㅠㅠ | 예비맘이라 댓글들 잘 참고하고가용 !! ㅎㅎㅎㅎ 아직 애기가 나오지않아서 모유일지 분유일지 모르지만유팡소독기 , 분유쉐이커만 구비해뒀어요 ㅋㅋㅋ | 젖병 열탕소독할 건조대같은거요~",10,https://cafe.naver.com/f-e/cafes/24000254/articles/7075289?boardtype=L&userDisplay=50&menuid=13&referrerAllArticles=false&inCafeSearch=true&query=%EC%86%8C%EB%8F%85&art=aW50ZXJuYWwtY2FmZS1hcnRpY2xlLXJlYWQtaW5DYWZlLXNlYXJjaC1saXN0.eyJ0eXAiOiJKV1QiLCJhbGciOiJIUzI1NiJ9.eyJjYWZlVHlwZSI6IkNBRkVfSUQiLCJhcnRpY2xlSWQiOjcwNzUyODksImlzc3VlZEF0IjoxNzg4MjMzMTkzNTg5LCJjYWZlSWQiOjI0MDAwMjU0fQ.tXtqVdx-26GhuxRYUsSpEFS2weVsozBP2WvyKl0A3yA&page=1,JKS
대구맘365,24000254,13,소독,"유팡 젖병소독기 ,기저귀 트롤리 꼭 사야할까요..????ㅠㅠㅠ",2025.06.26. 14:09,"🔸출산후기 내용은 ""출산 성공 바이러스""
에 게시글 작성해 주시기 바랍니다.
​
🔸""예비맘정보공유"" 게시판에 위 게시글 작성시
활동정지 및 무통보 삭제됨을 알려드립니다.
​
안녕하세요! 8월 출산예정인 예비맘입니다!
이제 슬슬 아기용품 하나씩 준비중인데..
젖병소독기랑 기저귀 트롤리 꼭 필요한가요???
일단 저는 직수로 완모가 목표인사람이라 젖병을 많이 쓸것같지도 않구...(물론 이것두 모유양이 많아야 가능한거지만 일단 저의 목표입니다..!!!) 혹시 소독기가 젖병외에두 다른 아기 용품이나 나중에 이유식할때 유용하게 쓰이나요..?
그리구 트롤리는 기저귀갈이대를 집에 당근으로 구해놨는데 따로 트롤리정리함이 필요한가 궁금합니당!!!","젖병소독기 ㅡ 길어야 이삼일안에 옵니다.. 나중에 아이 낳아 보고 .. 조리원에서  완모 되는지 보고 그때 사시면 되요..기저귀갈이대는 ㅡ 이케아 트롤리가 더 편했어요... 덮개가 필요하시면 ..  기저귀트롤리.. | 아항!! 답변감사합니당! 구럼 젖병소독기는 아이 낳고 구매하는게 좋겠네용!!혹시 서구 파랑구름님은 기저귀갈이대도 있고 이케아 트롤리도 구비하셨었나용????? | 완모를 꿈꿨으나..  80% 분유로 키워서 ㅎ 젖병소독기는 선물로 들와서 나름 잘 썼고..기저귀 갈이대는 안써봤고..(지인집에 봤는데 넘 가벼워서 자꾸 넘어져요)이케아트롤리 (아가때산거)  코스트코 트롤리(좀 커서 ) .. 중소꺼.. 추가.집에 트롤리만 3개인지라..  지금 책문제집 두는 용도로도 잘 쓰고 있어요.. 철이라 아직도 튼튼한... | 아항 정보 감사합니당❤️ | 젖병 소독기는 젖병말고 나중에 이유식용기나 스푼할때 그리고 빨대컵 소독에 썼어요. 그쯤가서 고민해보셔도 될거같아요전 트롤리는 없이 둘 키웟어요 | 아항 답변감사합니당!!❤️❤️ | 저는 젖병소독기 아이 유치원때까지 썻어요~수저랑 아이가 쓰는것들 돌려서 잘썻어요~ 식판도 돌리구~그리고 집에 흡입기용품 같은것도 돌려서 쓰고 ~이번에 완전히 고장나서 버렸어요 ㅎㅎ 큰애부터 쓰던거 ㅎㅎ저도 둘다 완모입니다 ㅎㅎ | 답변감사합니당!!! 흡입기면 콧물흡입기 같은걸까용??? | 그 호흡기치료요 ㅎㅎ 네블라이져~ 은근히 마니써서 집에사뒀거든요 ㅎㅎ 콧물흡입도 되서 그것들 돌렸어요 ㅎㅎ 저는 사실트롤리는 있었는데 걍 그저그랬고 소독기는 지인들 출산선물로 마니해줬어여 ㅎㅎ 요새는 배송도 마니안걸리니까 필요하실시기에 사셔도 됡것같아요 ㅎㅎ 아 그리고 공갈이나 장난감도 ㅋㅋ 돌렸어여 치발기이런것들 ㅋㅋ | 정보 감사합니당!❤️ | 젖병소독기 저 육아꿀템 중 하나에요 없으면 안되는^^ 이거 말고도 리안드림콧이랑 포몽드 쿨매트도 육아 편해지는 템이였어요~ 트롤리는 따로 사용 안했었네요 | 답변 감사합니당!❤️ 젖병소독기두 트롤리두 사람에 따라 쓰시는게 달라 고민이네옹 ㅠㅠ | 주변에서도 다들 무조건 필수템이라구 둘다 사라하는데 집에 물건 많이 두는걸 안좋아해서 고미이네옹 ㅠㅠ 답변 감사합니당❤️ | 저도 처음에는 소독기 없이 열심히 열탕소독 하다가 신랑이 답답해서 하나 사자고 하더라고요ㅋㅋㅋ있으면 정말정말 편하지만 완모가 목표라고 하시니 집에서 좀 지내보시고 구매하시는걸 추천드려요.그리고 기저귀갈이대는 지금 쓰고있는데 키가 좀 큰 편이고 허리도 안좋아서 잘 쓰고있는데 아기가 막 뒤집기를 시작해서 슬슬 졸업해야할 것 같네요.. 앞으로 어떡하지..ㅠ 그래도 기저귀갈이대 저에게는 정말 꿀템이었어요! | 소독기는 필수요 | 전 그냥 당근으로 다 구입했어요!! ㅋㅋㅋ 안쓰면 다시 팔지뭐라는생각으로 ....  유팡소독기랑 기갈대, 트롤리도 싹다 당근!!! ㅋㅋㅋ당근으로 사면 돈이 얼마안되니 그냥 부담없이 준비했어욥 | 젖병소독기는 있으면 좋은것같긴해요!!! | 트롤리 새상품 내놧는대 필요하실까요,,? | 기저귀갈이대가 잇으면 트롤리는 다른 정리함을 쓰면될것같아요!!소독기는 세척후 구냥 보관해두기에 편하긴 합니당",19,https://cafe.naver.com/f-e/cafes/24000254/articles/7062033?boardtype=L&userDisplay=50&menuid=13&referrerAllArticles=false&inCafeSearch=true&query=%EC%86%8C%EB%8F%85&art=aW50ZXJuYWwtY2FmZS1hcnRpY2xlLXJlYWQtaW5DYWZlLXNlYXJjaC1saXN0.eyJ0eXAiOiJKV1QiLCJhbGciOiJIUzI1NiJ9.eyJjYWZlVHlwZSI6IkNBRkVfSUQiLCJhcnRpY2xlSWQiOjcwNjIwMzMsImlzc3VlZEF0IjoxNzg4MjMzMTkzNTg5LCJjYWZlSWQiOjI0MDAwMjU0fQ.ZFPbSQWp80C5FccRlNkU77D5rKJNq6UiAQPxWG5KrHY&page=1,JKS
대구맘365,24000254,13,소독,대구 층간소음매트 내돈내산 든든매트 시공 2달 찐 사용후기,2025.05.28. 11:02,"대구 층간소음매트 내돈내산 든든매트 시공 2달 찐 사용후기
​
미리보는 결론: 어차피  시공매트를 결심했다면 아이를 낳기전에 미리 설치해두면 훨씬 편함!
4월에 아기가 태어난 동생부부에게도 추천해서 아이가 집으로 오기 전에 시공완료^^
나: 84 판상형 기준 주방제외 거실 복도 시공/
동생: 74 판상형 기준 주방제외 거실 복도 시공/
모두  디지털온누리상품권으로 결제하여 이득!
(디지털온누리상품권은 특정시기에 할인율이 높으므로 미리 충전해두는 것 추천)
​
​
1. 매트시공을 결심한 계기
1) 아기가 6개월이 지나면서 이동반경이 넓어짐. (방안에서만의 생활이 불가함)
-거실은 절대 아이의 공간으로 내어줄 수 없다는 굳은 결심 바로 포기
3) 아기가 강마루에 넘어지면 크게 다치지 않을까 걱정.
-매일 머리쿵, 헬맷을 씌우는 것도 너무 번거롭고 아기가 거부하면 답없음
4) 아기를 안전하게 보면서 집안일도 할 수 있는 생활 희망
5) 아랫집의 혹시 모를 층간소음의 연락 미연에 방지 희망
- 아기가 장난감을 던질 때 생각보다 큰 소음이 발생, 층간소음을 겪어봐서 미리 최대한 배려해드리고 싶은 마음
​
2. 시공업체 선정 기준 및 방법
1) 기존 인터넷 검색을 통하여 샘플매트 및 문자 상담, 전화 상담 등을 이용
- 집 도면이 있으면 훨씬 정확한 견적이 나오는 편,
2) 베이비페어 참여 업체를 모두 돌아보고 상담 후 다시 집으로
-아기 데리고 힘들어죽을뻔
3) 그동안 모은 데이터를 기준으로
내가 선정한 기준:
-매트 두께 (어느 정도 층간소음을 방지하면서도, 경사로 설치 없이 로봇청소기가 올라갈 수 있는 매트 희망)
-가격 (디지털온누리상품권 사용 가능 및 최대한의 할인율로 확인 계산)
-대표 직접 시공 (새아파트 입주하면서 하청을 주는 느낌의 업체에서 많이 실망한 경험)
-국내 공장에서 생산
3. 든든매트 선정 이유
-대표직접시공 상담 요청했으 때에도 매우 친절하고 빠른 답변과 여러 질문에도 귀찮아하지 않으시고 답변해주시고 직접 시공 확인도 받고 친절 및 응대 만족!
-국내생산매트로 여러 샘플 매트와 비교했을 때에도 품질 만족!
-디지털 온누리 상품권 사용 가능 및 공장직영 유통마진제로로 가격 만족!
​
4. 2달 찐 사용 후기
-시공할 때 소음걱정 없이 아기가 잘 잤음/시공하시는 중에도 이동은 가능했음
-보통 페이백을 위해 매트시공한 날부터 후기를 쓰는 리뷰어들이 많았지만 좀 더 실질적인 후기와 찐 후기를 위해
2달간 사용을 해보고 리뷰를 쓰기로 함.
- 내가 시공한 공간은 거실과 복도, 아일랜드 라인까지! /주방은 고민했으나 펜트리가 있어서 펜트리 전용 매트 설치공간도 생기게 되어 굳이 안함 이부분은 개인취향인듯!
- 처음에 매트가 조금 미끄럽다고 느껴짐/ 바로 생산되어 나온 거라 그런 것 같음 로봇청소기 2번 바로 돌리고 다음날 돌리고 3~4번 돌리니 미끄러움 사라짐.
- 아크릴 받침이나 식탁 테니스공 등을 미리 사두면 시공하면서 바로 생기는 자국도 걱정 없음
(식탁 및 아기 책장은 아크릴 받침, 쇼파, 아마존 소서에는 남은 매트로 고정, 식탁의자와 졸리점퍼는 테니스공으로 자국 방지함)
- 무거운 가구는 자국이 생기지만 일반적인 가구들은 금방 복원이 되는 편
- 아기가 거실과 복도를 자유롭게 돌아다니면서 넘어져도 걱정이 없음. 실제로 쇼파를 잡고 서다가 뒤로 넘어졌지만 매트 덕분에 아기가 울지도 않았고 나도 크게 신경쓰지 않음/ 머리쿵방지쿠션 및 헬맷을 사용하지않아도 되었음
- 로봇청소기가 첫날 탐색하면서 조금 주저주저하는 모습이 보였지만 다음날부터 잘 청소하고 다님/ 특별한 경사로 및 나의 도움 필요없음- 나의 로봇청소기 로보락s7plus 기준
- 이염이나 오염/아기가 토하기도 했고, 물을 쏟은적도 있고, 액상철분제를 쏟은 적도 있지만 금방 닦아서 그런지 이염이나 오염 없었음.
- 황변/고층 남향 아파트라 햇빛과 관련하여 황변 걱정이 있었으나 특정부분이 황변이 되거나 매트를 보았을 때 특별히 느껴지는 이질감은 없음. 하지만 황변은 자연스러운 현상이라 서서히 황변이 되더라도 큰 티가 나지 않을 것 같음.
-층간소음/ 시공완료하고 주신 층간소음매트시공팻말도 현관문에 두니 마음이 편함/ 층간소음으로 연락온적없음
-공기 순환 및 곰팡이/ 직접 손수 롤매트를 깔았던 지인이 곰팡이얘기를 해서 걱정했는데 나는 한달에 한번 정도 매트를 오픈해서 공기 순환이나 곰팡이를 확인하였으나 전혀 문제가 없었음.
5. 결론
개인적으로 아이를 낳고나서 여러 육아템들을 구매했고 만족했지만 시공매트가 가장 만족스러웠음.
아기방은 태어나자마자 폴더매트를 사용중이라서 그대로 사용하고 있으나 폴더매트 특유의 매트 냄새가 많이나서
주말마다 소독하고 닦고 있는데 시공매트는 그런게 없어서 더 만족!
진작 했으면 출산후유증을 앓았던 내 발바닥도 안아프고 좋았을 것 같은데 아쉬움 가득!
내 주변 모든 분들에게는 어차피 쓰는 돈 출산직전에 미리 설치하는 거 완전 추천중!
문의는 댓글달아주시면 육아시간을 제외할 때에는 성실하게 답변드려볼 예정!
​
​
​
0초
0초
100%
광고 후 계속됩니다.
다음 동영상
subject
author
취소
재생
2
재생 (space/k)
재생
00:22
0:00:00
재생 (space/k)
재생
음소거 (m)
음소거
00:00
/
00:22
실시간
설정
전체 화면 (f)
해상도
HD
720p
자막
사용 안함
재생 속도
1.0x (기본)
해상도
720p
HD
480p
270p
자막
자막 추가
설정
사용 안함
자막 설정
글자 크기
배경색
재생 속도
0.5x
1.0x (기본)
1.5x
2.0x
죄송합니다. 문제가 발생했습니다. 다시 시도해 주세요.
도움말
음소거 상태입니다.
도움말
라이선스
디버그 정보 다운로드
고화질 재생이 가능한 영상입니다.
설정에서 해상도를 변경해보세요.
더 알아보기
00:00
대구 층간소음매트 내돈내산 든든매트 시공 2달 찐 사용후기 (1)
0초
0초
100%
광고 후 계속됩니다.
다음 동영상
subject
author
취소
재생
1
재생 (space/k)
재생
00:11
0:00:00
재생 (space/k)
재생
음소거 (m)
음소거
00:00
/
00:11
실시간
설정
전체 화면 (f)
해상도
480p
자막
사용 안함
재생 속도
1.0x (기본)
해상도
480p
270p
자막
자막 추가
설정
사용 안함
자막 설정
글자 크기
배경색
재생 속도
0.5x
1.0x (기본)
1.5x
2.0x
죄송합니다. 문제가 발생했습니다. 다시 시도해 주세요.
도움말
음소거 상태입니다.
도움말
라이선스
디버그 정보 다운로드
고화질 재생이 가능한 영상입니다.
설정에서 해상도를 변경해보세요.
더 알아보기
00:00
접기/펴기
대구 층간소음매트 내돈내산 든든매트 시공 2달 찐 사용후기 (2)
50m
© NAVER Corp.
더보기
/OpenStreetMap
지도 데이터
x
© NAVER Corp.
/OpenStreetMap
지도 컨트롤러 범례
부동산
거리
읍,면,동
시,군,구
시,도
국가
든든매트
부산광역시 동래구 명서로 120 지하1층
예약",,0,https://cafe.naver.com/f-e/cafes/24000254/articles/7038176?boardtype=L&userDisplay=50&menuid=13&referrerAllArticles=false&inCafeSearch=true&query=%EC%86%8C%EB%8F%85&art=aW50ZXJuYWwtY2FmZS1hcnRpY2xlLXJlYWQtaW5DYWZlLXNlYXJjaC1saXN0.eyJ0eXAiOiJKV1QiLCJhbGciOiJIUzI1NiJ9.eyJjYWZlVHlwZSI6IkNBRkVfSUQiLCJhcnRpY2xlSWQiOjcwMzgxNzYsImlzc3VlZEF0IjoxNzg4MjMzMTkzNTg5LCJjYWZlSWQiOjI0MDAwMjU0fQ.ww5loJGYLM4ShL9J4Q4z1MiHMujI-1RHc3JRJdyJFlE&page=1,JKS
대구맘365,24000254,13,소독,젖병 소독하고 출산가방 마무리 한것같아요 :),2025.04.22. 20:31,"🔸출산후기 내용은 ""출산 성공 바이러스""
에 게시글 작성해 주시기 바랍니다.
​
🔸""예비맘정보공유"" 게시판에 위 게시글 작성시
활동정지 및 무통보 삭제됨을 알려드립니다.
​
​
37주입니다. 애기가 많이 커서 언제나와도 괜찮을시간이지만 ..
너무 커서 선생님이 제왕절개가 좋을것같다고 하셨어요 ㅠ..
자연분만 기대했었는데 아기가 나오고싶을때 나오는거지만.. 지금처럼 크다면 제왕절개가 좋을것같다고하시니
선생님말씀 따르는게 좋겠지요 ...
언제나올지 몰라 우선 출산가방을 마무리해야할것같아 젖병까지 구매하고 소독하고 포장까지 딱 해놨습니다.
젖병을 젤 마지막에 구매하게될줄 몰랐네요 ㅎㅎ.
그래도 젖병까지 구비해놓으니 든든합니다.
헤겐이 나중에 이유식 보관용으로 좋다고하더라구요 ! 나중에 캡이랑 호환이된다고하니 작은 사이즈로 선물받았어요 :)
처음 패키지 받았을때 가위로 자르라고 해서 너무 당황 ..
이런 불편한 패키지는 처음이었어요 ㅎㅎ. 자르다가 젖병 다칠까 걱정했습니다 ;
​
​",열탕냄비몬지여쭤바도될까요오! | 이케아 제품이에요 ! ㅎㅎ | 그러게요 열탕냄비 정보궁금해요,3,https://cafe.naver.com/f-e/cafes/24000254/articles/7010447?boardtype=L&userDisplay=50&menuid=13&referrerAllArticles=false&inCafeSearch=true&query=%EC%86%8C%EB%8F%85&art=aW50ZXJuYWwtY2FmZS1hcnRpY2xlLXJlYWQtaW5DYWZlLXNlYXJjaC1saXN0.eyJ0eXAiOiJKV1QiLCJhbGciOiJIUzI1NiJ9.eyJjYWZlVHlwZSI6IkNBRkVfSUQiLCJhcnRpY2xlSWQiOjcwMTA0NDcsImlzc3VlZEF0IjoxNzg4MjMzMTkzNTg5LCJjYWZlSWQiOjI0MDAwMjU0fQ.ZEpKAIW8Ht-yJUAnVWnxU3Qd1pA9nB6R54oOlulty_Q&page=1,JKS
대구맘365,24000254,13,소독,젖병구매 꿀팁알려주세요ㅠㅠ,2025.04.22. 10:55,"🔸출산후기 내용은 ""출산 성공 바이러스""
에 게시글 작성해 주시기 바랍니다.
​
🔸""예비맘정보공유"" 게시판에 위 게시글 작성시
활동정지 및 무통보 삭제됨을 알려드립니다.
​
​
6월 출산예정인데 아무리 찾아봐도 뭐가 뭔지..
살건 왜케 많은지 진짜 몸도 무거운데 알아봐야할것도 너무 많고.....
젖병도 ml 다 다르고 젖꼭지도 다른거 써야한다는데 출산때 미리 어떤걸 사두면될까요?","모유냐 분유냐 따라 다르지만 160미리 하나 구매했었어요 조리원나올때 필요해서 근데 조리원에서 젖양이 많지않아서 분우먹일생각이엿고 160미리 8개 구매해서 돌려쓰고 양 늘어가면서 240미리 6개 샀어요 텀 잡히면 금방 분유도 4번먹거든요 지금은 9개월인데 2~3번 먹어요 | 미세플라스틱 걱정돼서 유리젖병만 구매했어요 전 란시노 유리160 네개랑 닥브유리 150 네개요!! 젖병크기는 처음에 작은걸로 준비해야 배앓이 안와요 | 혼합하셔도 넉넉하게 6개 정도 있음 좋아요~ 저는 베베그로우 젖병+젖꼭지 조합 추천해요! | 젖병+젖꼭지 세트로 파는거 사면 돼요 ㅎㅎ 눈금 잘보이는거 사세요~ 어떤 젖병은 눈금이 흰색으로 있어서 잘 안보이더라구요ㅠ 처음엔 160미리 6개 샀고 좀 더 양이 늘면 그때 더 큰거 사면 돼요! | 저도 젖병 160짜리 6개 샀는데 모유수유 안하니까 하루 한번 설거지는 꼭 해야하긴 해요. 그래도 그정도면 충분한 것 같아요! | 저는 첨에 160ml 4개 준비해뒀어요. 모유수유할지 분유로 갈지 미정이었거든요. 근데 생각보다 모유가 잘 나와서 현재는 모유수유 위주로 하는데 그래도 보충하거나 직수하기 귀찮을 때 분유 먹일 때도 하루에 1-2번 있으니 4개면 충분하더라구요. 너무 한꺼번에 동일한 브랜드꺼 많이 사둘 필요는 없어요. 집에와서 수유해보면서 차차 필요하면 그 때 사도 안 늦어요. 각 브랜드마다 행사는 아주 많이 수시로 하거든요 ㅎㅎ 아이에게 잘 맞지 않거나 배앓이를 하면 이래저래 젖병, 젖꼭지 바꿔봐야하니 미리 대량구매는 절대 하지 마시구요. 우리 아기는 큰 문제 없이 수유 중이라 더블하트 젖병 4개에 젖꼭지는 더블하트 2개, 베베그로우 2개 쓰고 있어요. | 처음이면 160 4개 정도면 될 거예요~ 저는 베베그로우 퓨어베이비 썼는데 세척이랑 소독 넘 편해서 4개로 계속 돌려썼어요",7,https://cafe.naver.com/f-e/cafes/24000254/articles/7009950?boardtype=L&userDisplay=50&menuid=13&referrerAllArticles=false&inCafeSearch=true&query=%EC%86%8C%EB%8F%85&art=aW50ZXJuYWwtY2FmZS1hcnRpY2xlLXJlYWQtaW5DYWZlLXNlYXJjaC1saXN0.eyJ0eXAiOiJKV1QiLCJhbGciOiJIUzI1NiJ9.eyJjYWZlVHlwZSI6IkNBRkVfSUQiLCJhcnRpY2xlSWQiOjcwMDk5NTAsImlzc3VlZEF0IjoxNzg4MjMzMTkzNTg5LCJjYWZlSWQiOjI0MDAwMjU0fQ.7VNNKPzcaPnhN-hnQb1UEvKhBIi908eNbbOHJ8KR7pw&page=1,JKS
대구맘365,24000254,13,소독,여성메디파크 조리원 VIP룸 2주 이용 후기입니다!,2025.04.14. 13:51,"안녕하세요! 지난 달 말에 아기를 낳고 벌써 보름이 넘는 시간이 흘렀네요~
출산 후 조리원 들어온 게 엊그제 같은데 벌써 2주가 흘렀다니ㅠㅠ시간 정말 빠르네요
​
임신 사실을 알고 나서 저는 가장 먼저 조리원부터 고민을 했는데요
여러 군데 알아보고 고민도 많이 했는데 결국 여성메디파크로 골랐고 2주간 이용을 하게 되었어요
제가 여성메디파크 조리원을 최종적으로 선택하게 된 이유는
신생아 케어가 너무 잘된다는 후기가 많았고
또 병원과 바로 연계되어 있어 소아과 선생님 회진을 하루 한 번 꼭 해주신다는 게 가장 큰 이유였어요
그리고 실제로 와서 보니 시설도 깔끔하고 좋아서 집이랑 조금 멀었지만 이곳을 선택하게 되었어요
​
그리고 실제로 와서 느낀 조리원의 좋았던 점들!
​
1. 단연 최고의 신생아 케어
조리원 알아볼 때 가장 고려했던 부분이라 걱정도 많았지만 걱정했던 게 무색할 만큼 케어를 잘 해주신다고 느꼈어요
신생아실 선생님들이 모두 아기를 너무너무 예뻐해 주시는 게 느껴졌고 아기 한 명 한 명 특징을 다 기억해 주시고 꼼꼼하게 관리해 주신다고 느꼈어요 우리 아기는 태열이나 엉덩이 발진, 황달 등 신생아 시기에 나타날 수 있는 여러 가지 문제들이 발생하지는 않았지만 수유하면서 엿들은(?) 바로는 다른 애기들이 태열이나 엉덩이 발진 같은 게 올라오면 수시로 계속 체크해서 관리를 해주시는 것 같더라고요 내가 옆에 있지 않아도 나보다 더 베테랑 선생님들이 내 아이처럼 돌봐주시는 것 같아 안심할 수 있었어요!
그리고 여성메디파크는 목욕시간을 제외하고 24시간 면회가 가능하고 베베캠으로 하루에 두 번 아가를 또 볼 수 있어서 그것도 좋았어요 병원에 있을 때는 하루에 두 번으로 면회 시간이 정해져 있어서 너무 아쉬웠거든요
부모님들도 언제든지 오셔서 아기 면회가 가능해서 부모님들도 좋아하셨어요
​
2. 산후 마사지
저는 자연분만하고 병원에서 멋도 모르고 유축도 안하고 직수는 불가한 병원이라 그냥 그저 열심히 먹고 자고만 하다가 조리원을 넘어왔는데 조리원 입소 첫 날밤... 젖몸살이 시작되었어요
진통보다 더한 아픔에 밤을 꼬박 새고 마사지실을 찾았답니다 돌덩이만큼 딴딴해진 가슴을 부여잡고 선생님께 도움을 요청드렸어요 선생님께서 가슴을 풀어주었지만 너무 상태가 너무 심해서 쉽게 풀리지 않았어요 제가 너무 아파하고 힘들어해서 퇴근하시고도 다른 선생님께 저를 부탁하고 가셨더라고요ㅠㅠ(정말 너무 감사했습니다) 그래서 가슴만 또 다른 선생님께서 봐주셨어요 그렇게 두 번 세 번 가슴을 풀어주셨는데 정말 처음보다 훨씬 훨씬 낫더라고요 살겠다 싶었어요 가슴이 딴딴해진 상태로 유축을 했더니 모유가 진짜 다섯방울?ㅋㅋㅋㅋ밖에 안 나오더라고요 그랬던 저인데 선생님들의 도움으로 10미리 20미리 늘더니 많지는 않지만 70미리까지 늘더라고요 가슴도 훨씬 편안하고 말랑말랑해졌고요 산후마사지는 진짜진짜 필수입니다 특히나 저처럼 젖몸살로 고생하신다면 무조건 받으셔야 해요.. 가슴마사지 뿐만 아니라 다른 곳도 엄청 시원하게 잘 풀어주십니다 안 들어갈 것 같던 배가 많이 들어갔어요! 신기하더라고요?
Previous image
Next image
점점 늘어가는 모유양을 보면 꽤나 뿌듯하답니다
​
3. 맛있는 밥
조리원 들어오면 살이 쪽쪽 빠져나갈 줄 알았는데 웬걸.... 사육 당합니다 밥이 맛있거든요
아침 점심 저녁에 간식까지 야무지게 챙겨먹게 되는ㅠㅠ 그리고 모유수유 하니까 배가 더럽게 고파요^^;
무튼 기본 밥들도 다 맛있고 다과 뷔페, VIPS 데이 같은 것들이 있어 특별한 메뉴들도 맛볼 수 있습니다
​
요것은 빕스데이
​
4. 쾌적한 방
룸 컨디션도 좋았어요 저는 VIP룸을 이용해서 넓고 쾌적하게 이용할 수 있었어요
저 하운드체크 소파 진짜 편안하고 좋아요ㅋㅋㅋ
그리고 자연분만 하신 분들은 좌욕 많이 해야 회음부 빨리 아문다고들 하는데 VIP룸 안에는 좌욕기가 따로 있어서 이 점이 정말 정말 편안하고 좋았어요 아마 방 안에 없었더라면 잘 이용하지 않았을 것 같은데 방 안에 좌욕기가 따로 있어서 하루에 두번도 하고 세번도 하고 그랬더니 외래 진료 갔을 때 회음부가 아주 잘 아물고 있다고 하셨었어요
집에도 하나 들이고 싶습니다... 방 안에 유축기도 구비되어 있어서 편안하게 잘 사용했어요
​
5. 기타
그 외에도 모빌 만들기나 초점책 만들기 등 외부 강사가 오셔서 해주시는 프로그램들도 잘 짜여져 있는 것 같고
무엇보다 일하시는 모든 분들이 다 너무 친절하셨어요
세탁기도 있어 빨래도 다 가능했고
유축기 깔때기나 유두보호기 같은 건 내놓으면 모두 세척, 소독 해주시는 것도 너무 편리했어요
휴게실에는 안마의자도 있어 편안하게 이용할 수 있습니다
​
2주 동안 너무 안락하게 잘 지내다가 저는 이만 현실로 돌아갑니다 모든 엄마 아빠들 육아 화이팅입니다!",,0,https://cafe.naver.com/f-e/cafes/24000254/articles/7003900?boardtype=L&userDisplay=50&menuid=13&referrerAllArticles=false&inCafeSearch=true&query=%EC%86%8C%EB%8F%85&art=aW50ZXJuYWwtY2FmZS1hcnRpY2xlLXJlYWQtaW5DYWZlLXNlYXJjaC1saXN0.eyJ0eXAiOiJKV1QiLCJhbGciOiJIUzI1NiJ9.eyJjYWZlVHlwZSI6IkNBRkVfSUQiLCJhcnRpY2xlSWQiOjcwMDM5MDAsImlzc3VlZEF0IjoxNzg4MjMzMTkzNTg5LCJjYWZlSWQiOjI0MDAwMjU0fQ.AJWOckKTnhmYlcSQoRvIQ7a66gjomiALvVDQH8KM4UM&page=1,JKS
대구맘365,24000254,13,소독,꿈비 젖병세척기 내돈내산 구매후기,2025.04.09. 21:51,"젖병세척기 고민하시는 분들 꿈비 추천드려요~~
모유가 가능하면 모유 먹일 생각이어서 세척기랑 소독기 진짜 고민많았는데 꿈비로 해결했습니댜
젖병 세척부터 건조에 uv소독까지 한번에 가능해요!
그리고 젖병 뿐만 아니라 쪽쪽이 이유식 식기까지 가능해서 넝 좋아용
그리고 이모든 기능이 다있는데 저렴해요!
진짜 강추👍👍
안그래도 애기용품 넘쳐나는데 이쁘고 실용적이 꿈비로 해결하세용",추천 감사합니다!,1,https://cafe.naver.com/f-e/cafes/24000254/articles/7000579?boardtype=L&userDisplay=50&menuid=13&referrerAllArticles=false&inCafeSearch=true&query=%EC%86%8C%EB%8F%85&art=aW50ZXJuYWwtY2FmZS1hcnRpY2xlLXJlYWQtaW5DYWZlLXNlYXJjaC1saXN0.eyJ0eXAiOiJKV1QiLCJhbGciOiJIUzI1NiJ9.eyJjYWZlVHlwZSI6IkNBRkVfSUQiLCJhcnRpY2xlSWQiOjcwMDA1NzksImlzc3VlZEF0IjoxNzg4MjMzMTkzNTg5LCJjYWZlSWQiOjI0MDAwMjU0fQ.SaKrXuaTpuLOR-Phh6RTRsgaYEqlUMccLRkJPZaXCGU&page=1,JKS
대구맘365,24000254,13,소독,꿈담 산후조리원 후기,2025.04.03. 12:49,"🔸출산후기 내용은 ""출산 성공 바이러스""
에 게시글 작성해 주시기 바랍니다.
​
🔸""예비맘정보공유"" 게시판에 위 게시글 작성시
활동정지 및 무통보 삭제됨을 알려드립니다.
​
​
1. 위치/시설
​
위치는 지하철 성서산업단지역 근처 쇼핑월드내에 위치해있어요. 동산병원과 미래여성병원 중간에 위치해있어서 두곳에서 출산한 산모님들이 많이 오시는것같더라구요.
건물 2,3,7층이 조리원으로 이용되고있어요. 7층은 마사지실이있어서 마사지받을때만 올라갓다오면 되구요. 2층과 3층은 방이 있어요. 계단으로 연결되어있어서 내부에서 위아래층 이동은 자유롭게 되어있어요. 방 컨디션은 깔끔해서 좋았어요. 침대,테이블,냉장고,화장대,TV,아기침대,수유쿠션,드라이기,유축기,wifi 등등 기본적으로 필요한것들은 다 준비되어있어요.
​
​
2. 아빠 출입
꿈담조리원은 아빠만 출입가능해요. 자유롭게 출입가능해서 조리원에서 출퇴근하시는분들도 계시는것같고, 산모가 필요한것 있을때 언제든지 가져다줄수있는 환경이에요.
​
3. 신생아실/수유실/모자동실
2층에 신생아실이 위치해있어요. 모동은 원할때 할수있고, 수유콜도 산모맞춤으로 해주세요. 저는 직수는 안하겠다고 말씀드리니 수유콜은 안주셨답니다. 그리고 모유 유축하는 산모를 위해서 신생아실앞에는 소독된 젖병들이 있어서 이용에 편했습니다. 모동하려고할때 수유시간이랑 겹치면 분유타서 주시는데 식으면 새로타주시기도하고, 애기가 신생아실에서 너무 잘 자고있을때는 애기깨면 다시 연락주시기도 하셨어요. 여러가지로 아기와 엄마의 컨디션을 세심하게 신경써주시는 모습에 믿고 맡길수있었어요.
​
4. 마사지
마사지실은 7층에 위치해있어요. 조리원 입소 첫날부터 가슴이 많이부어서 힘들었는데 마사지선생님께서 시간내서 한번 봐주셨구요. 서비스마사지1회 받을수있어요. 받아보니 선생님께서 산모컨디션파악도 빠르게해주시고, 단유상담도 같이해주시면서 맞춤형으로 마사지해주셔서 퇴소전날까지 매일매일 받았는데 너무너무 만족했습니당.
​
5. 식사/청소
식사는 아침 8시, 점심 12시, 간식 15시, 저녁 18시 이렇게 4번 제공됩니다. 방까지 직원분께서 식판을 가져다주셔서 방에서 혼자 자유롭게 먹을수있어서 좋았어요. 저처럼 식당가서 밥먹기 부담스럽다~하시는분들에게 매우 좋은 시스템이라고 생각해요😄
청소는 오전 10~11시사이에 직원분이 오셔서 쓰레기비워주시고 청소기도 밀어주세요. 매일오전 빨래망에 빨래넣어서 내놓으면 빨래도 해서 가져다주십니다.
직원분들 모두 친절하셔서 이용하는동안 너무 편했답니다.
6. 셀픽(사진인화서비스)/교육프로그램
2층에는 셀픽사진인화기가 설치되어있어서 하루1장 사진인화가 무료에요. 신생아들은 하루하루 얼굴도 달라지고 엄마들이 사진도 많이찍는데 이런서비스가 있어서 매일 사진1장 인화하는 소소한 즐거움도 있었어요.
교육프로그램은 공지되어있지만 필수로 들어야하는건아니고 자율적으로 들어볼수있어요. 교육으2층에 큰테이블에서 진행되구요~ 목욕교육이나 초점책만들기 등등 다양하게있어서 선택해서 들을수있답니다.
​",꿈담 너무 좋아보이네요~^^ 고생많으셧어요~ | 저도 꿈담갔었어용 | 저도 내년초 꿈담갑니당,3,https://cafe.naver.com/f-e/cafes/24000254/articles/6995438?boardtype=L&userDisplay=50&menuid=13&referrerAllArticles=false&inCafeSearch=true&query=%EC%86%8C%EB%8F%85&art=aW50ZXJuYWwtY2FmZS1hcnRpY2xlLXJlYWQtaW5DYWZlLXNlYXJjaC1saXN0.eyJ0eXAiOiJKV1QiLCJhbGciOiJIUzI1NiJ9.eyJjYWZlVHlwZSI6IkNBRkVfSUQiLCJhcnRpY2xlSWQiOjY5OTU0MzgsImlzc3VlZEF0IjoxNzg4MjMzMTkzNTg5LCJjYWZlSWQiOjI0MDAwMjU0fQ.0FlKvAAqIs46mIHZ0uTu3GI4K62qqJ7GeqPyjNgQu_E&page=1,JKS
대구맘365,24000254,13,소독,젖병 갯수랑 종류 추천해주세요,2025.03.02. 23:54,"3월 12일에 조리원 퇴소를 앞두고 있는 예비 맘이에요.
완전 분유 수유를 할 예정인데
젖병을 한 개도 아직 안 샀어요.
160ml 젖병을 몇 개 정도 사야 할까요? 고민이 많이 되네요...
그리고 PPSU 소재의 젖병을 사용하면
세척기에서 미세플라스틱이 나오는지 궁금해요....
배앓이 덜하는 젖병 추천도 부탁드려요~~","저는 6개 산거 같아요..모윰 젖병 사용 했었어요..식세기 사용보다는저는 끊인물 소독했었어요 | 저도 끓인물에 소독을 해보려고요.. 6개 참고해볼게요! | 유리젖병은 좀 무겁지 않나요? 언니가 나중에 손목 아프다고 해서 따로 생각은 안해봤거든요ㅠ | 저도 6개 . 아벤트, 더블하트, 란시노유리로 골고루 샀었어요~애기는 다 잘 먹었고 저도 끓인물로 소독했어요~ | 골고루 사서 아이한테 맞는걸로 쓰신거에요? | 저희애는 다행히 여러개 쓰는데 거부감이 없었어요~ 아벤트는 신생아때 많이 썼고 란시노랑 더블하트 젖꼭지 호환이 되어서 쭉  편하게 썼어요~ | 완분이면 편하게 쓰시려면 6개정도 있으면 되어요ㅎㅎ 지금 베베그로우 매직 젖병 쓰는데 소재가 식물이라서 플라스틱은 걱정은 없어요^^ | 식물로 만든 젖병도 있었나 보네요? | 저는 완분이라 닥브 유리 젖병 6개/fed유산균/분유 4통 이렇게 미리 사놨어요 | 생각보다 많이드네요~ | 젖병 6개.. 메모메모 갑니다.. | 저는 더블하트, 모윰 네개 준비했었는데 지금 란시노 두개 더 쓰고있어요 ! 5개정도가 편한거같아요 | 모윰 유리젖병 8개 사용 중입니다…깨질까봐 걱정 많았는데 겉면이 실리콘이라 괜찮은듯해요. | 저도 완분이라 베베그로우 퓨어베이비 젖병 6개 준비해서 잘 쓰고 있어요. 가벼워서 너무 좋아요. | 닥터브라운 유리젖병 무겁긴한데 괜찮아요",15,https://cafe.naver.com/f-e/cafes/24000254/articles/6969350?boardtype=L&userDisplay=50&menuid=13&referrerAllArticles=false&inCafeSearch=true&query=%EC%86%8C%EB%8F%85&art=aW50ZXJuYWwtY2FmZS1hcnRpY2xlLXJlYWQtaW5DYWZlLXNlYXJjaC1saXN0.eyJ0eXAiOiJKV1QiLCJhbGciOiJIUzI1NiJ9.eyJjYWZlVHlwZSI6IkNBRkVfSUQiLCJhcnRpY2xlSWQiOjY5NjkzNTAsImlzc3VlZEF0IjoxNzg4MjMzMTkzNTg5LCJjYWZlSWQiOjI0MDAwMjU0fQ.9V1jAnJ_Ri1Vfu3DbU0ICBEuK7N6pcV1gJrStygQ6To&page=1,JKS
대구맘365,24000254,13,소독,젖병 추천해주세요!,2025.02.14. 12:05,"젖병 종류가 엄청 많아서 못고르겟어요..ㅠㅠ
배앓이? 안하는 젖병 으로 추천해주세요!",오오! 유리젖병이있나요?! 찾아볼게요 ㅎㅎ | 오호!! 많이쓰시나봐요 찾아볼게여 ㅎㅎ | 저도 닥브 유리 젖병으로 사놨어용!! | 저희 아기도 배앓이 넘 심해서 두달 전 부터 베베그로우 퓨어베이비 젖병으로 바꿨는데 바꾼 뒤로 배앓이 한번도 없었고 열탕소독도 되서 만족하며 쓰고 있어요~! | 베베그로우 PPSU젖병 괜찮아요^^ 지금 저희 애 쓰고 있는데 가볍고 열탕 소독도 돼서 잘 쓰고 있어요 | 전 유미 쓰는데 배앓이 없이 잘 쓰고 있어요! | 저희 애기는 베베그로우 PPSU 젖병이랑 젖꼭지 쓰고 있는데 배앓이 없네요!,7,https://cafe.naver.com/f-e/cafes/24000254/articles/6954881?boardtype=L&userDisplay=50&menuid=13&referrerAllArticles=false&inCafeSearch=true&query=%EC%86%8C%EB%8F%85&art=aW50ZXJuYWwtY2FmZS1hcnRpY2xlLXJlYWQtaW5DYWZlLXNlYXJjaC1saXN0.eyJ0eXAiOiJKV1QiLCJhbGciOiJIUzI1NiJ9.eyJjYWZlVHlwZSI6IkNBRkVfSUQiLCJhcnRpY2xlSWQiOjY5NTQ4ODEsImlzc3VlZEF0IjoxNzg4MjMzMTkzNTg5LCJjYWZlSWQiOjI0MDAwMjU0fQ.CiYiDNdtntGPGUzBgNKwN50JcnfHk-Mh3bDtsGdd1lo&page=1,JKS
대구맘365,24000254,13,소독,본베베 아기매트 사용후기,2025.01.25. 21:04,출산전에 미리 구매해보았습니다. 향균 매트라 소독과 청소가 용이해요. 크기도 적당하고 두께도 적당해서 신생아부터 육아하기에 알맞을 것 같아요 맨바닥보다 안전상으로도 안심될 것 같네요 추천합니다,깔끔하게 인테리어랑도 어울리네요 :),1,https://cafe.naver.com/f-e/cafes/24000254/articles/6938473?boardtype=L&userDisplay=50&menuid=13&referrerAllArticles=false&inCafeSearch=true&query=%EC%86%8C%EB%8F%85&art=aW50ZXJuYWwtY2FmZS1hcnRpY2xlLXJlYWQtaW5DYWZlLXNlYXJjaC1saXN0.eyJ0eXAiOiJKV1QiLCJhbGciOiJIUzI1NiJ9.eyJjYWZlVHlwZSI6IkNBRkVfSUQiLCJhcnRpY2xlSWQiOjY5Mzg0NzMsImlzc3VlZEF0IjoxNzg4MjMzMTkzNTg5LCJjYWZlSWQiOjI0MDAwMjU0fQ.Nf064KhPlyxTNHaN2iz39Eu_FoS3muz08CsM0CguelM&page=1,JKS
대구맘365,24000254,13,소독,닥터안 산후조리원 후기^^,2025.01.05. 23:02,"이번에 출산하며 닥터안에서 산후조리한 후기입니다.
​
일단 저는 조산을 하게 되었어요.
그래서 여러 사정상 원래 예약했던 산후조리원을 못가게 되었어요ㅠㅠ(그쪽 규정상..)
넘 당황해서 급하게 닥터안에 젤먼저 연락드렸는데
감사하게도 방을 마련해주셔서 닥터안으로 가게 되었어요.
사실 닥터안은 제가 그전부터 눈여겨 보던 곳인데,
위치상 다른곳을 선택했었죠. 근데 이렇게 된거보니
닥터안을 가게 될 운명이었나봐요^^ 오히려 좋았아요.
​
닥터안을 눈여겨봤던 이유는 여러가지인데요.
적합한 가격, 남편의 자유로운 출입, 자유로운 외출 그리고 주변분들이 많이 추천해준 곳이었어요.
저는 병원으로 모유를 배달해야 되는 상황이었기 때문에 남편이 자유롭게 들어와서 모유배달해주는게 넘 편했구요. 그리고 저도 병원으로 아기면회를 자주 가야했어서 산모의 자유로운 외출도 필요했어서 닥터안이 너무 맞았어요. 그렇다고 무분별한 외출이 된다기보단 어디가는지 체크는 해야해요!
​
그리고 닥터안에 와서 만족했던 것이
방이 생각보다 크더라구요! 일반실이었는데도 넓고 쾌적한 방 컨디션에 너무 만족했구요.
(방 사진은 홈피사진 퍼왔어융)
​
그리고, 실장님은 물론이고 청소해주시는 여사님과 식사 가져다주시는 여사님들 정말 너무 친절하세요.ㅠㅠ
이건 정말 너무너무 좋았던 부분이라 백번 강조하고 싶어요!!
​
출산하고 나니 왜이리 호르몬이 널뛰던지요…
복도에서 마주친 여사님께서 위로해주신거.. 잊지못할거에요^^ 감사해요.
그리고 식사 가져다주신 여사님.. 항상 먹기좋게 식판을 돌려주시며 웃어주시던 얼굴도 잊지 못할거에요!
​
그리고 식사. 밥도 너무 맛있었고 간식도 넘 맛났어요!
오늘은 무슨 간식이 나올까~~~ 하며 기대도 하고 ㅎㅎ 매번 실망시키지 않던 밥과 간식들!
정말 맛있게 잘 먹었습니다.
그리고 방까지 배달해주시니 편하게 밥 먹을수 있어서 좋았어요.
​
유축기도 사용하면 그때그때 소독 빨리 해주셨네요.
안마기도 찜질방도 족욕탕도 너무 편하게 잘 사용했어요.^^
​
그리고 마사지 1회가 무료인데요~
관리쌤이 이것저것 알려주신 것들이 많이 도움이 되었어요. 저는 1주 있으면서 두번 더 추가해서 받았는데 넘 만족했어요. 첫날엔 이것저것 알려주시고 싶으신 맘에 엄청난 정보가 들어오는데요 ㅋㅋㅋ 두번째 세번째땐 온전히 마사지 받으며 쉴수 있게 해주셨어요! 압도 세고 뭉쳐있던 가슴도 살짝 풀어주시고 좋았어요!
​
앞으로 전 출산 계획이 없어요…
이번으로 내생에 더이상 출산은 없거든요 ㅋㅋ
그래서 다시 올순 없겠지만 주변 지인들에게 무조건 추천하는 조리원이 될것같네요!!!!!!
​
너무 잘 있다가 갑니다^^
​
​
​
​
​",,0,https://cafe.naver.com/f-e/cafes/24000254/articles/6919757?boardtype=L&userDisplay=50&menuid=13&referrerAllArticles=false&inCafeSearch=true&query=%EC%86%8C%EB%8F%85&art=aW50ZXJuYWwtY2FmZS1hcnRpY2xlLXJlYWQtaW5DYWZlLXNlYXJjaC1saXN0.eyJ0eXAiOiJKV1QiLCJhbGciOiJIUzI1NiJ9.eyJjYWZlVHlwZSI6IkNBRkVfSUQiLCJhcnRpY2xlSWQiOjY5MTk3NTcsImlzc3VlZEF0IjoxNzg4MjMzMTk3MTE0LCJjYWZlSWQiOjI0MDAwMjU0fQ.YP7rccrxFSklAqOIdoGGF2If14mmu65RCm6J8dc74-Y&page=2,JKS
대구맘365,24000254,13,살균,대구 동구 아델리아 산후조리원(feat. 베르나인 마사지★) 내돈내산 후기,2026.06.27. 14:28,"이른둥이 쌍둥이를 35주에 출산하고 아기들이 니큐에 가게되어 10일동안은 집에서 남편이 몸조리를 해주었어용
잘 먹고 잘 쉬었지만,, 몸의 회복은 더디고 붓기는 안빠지고,, 온몸의 관절들은 아파지기 시작하더라구용!!
다행히 아기들이 늦지않게 퇴원하게되어 바로 조리원으로 출바르 했답니당ㅠㅠ!!
​
요즘 산후조리원 예약하기가 힘들잖아요....?
임신 7주쯤 심장소리를 듣고 집과 가까운 대구 동구, 수성구 위주로 알아보고 있었습니당
하지만 다들 예약이 꽉차있었고,, 대기도 불가한 상황,,! 운 좋게도 아델리아 산후조리원 스탠다드 룸 예약이 가능해서 디럭스룸 이상을 원했지만 스탠다드룸으로 예약 진행했었습니다!
디럭스룸 이상만 모자동실이 가능해서 디럭스룸을 원했지만, 쌍둥이인 경우에는 모자동실할 경우 산모가 쉴 시간이 없고 힘들거라고 하셔서 차라리 잘된거다 생각했습니다
​
1. 식사
아델리아 산후조리원은 식사로 유명하기도 하죠? 아침과 저녁식사는 뷔페식으로 먹고 점심은 특식으로 나옵니다
편식쟁이인 저는 솔직히 점심은 정말 맛있었는데여!
아침과 저녁식사는 쏘쏘 했습니당..ㅎ
다른 후기들과도 비교를 해보니 2주씩 식단이 짜져있는것 같더라구요? 미역국도 황태미역국, 조개미역국, 소고기미역국 골고루 나옵니당 ㅎㅎ 물리진 않아요!
​
간식은 존맛입니다;; 점심식사 이후 오후 간식은 간단한 분식, 빵, 과일 등이 나옵니다! 야식은 빵 위주와 음료 주십니다. 야식에서 나오는 빵들은 꽤나 퀄리티가 높습니다.. 후후ㅎ 직접 만드시는것 같은데 맛있어요 ㅠㅠ!!
그리고 과일들은 제철과일들로 나오는것 같은데 당도가 죽입니댜…ㅋㅋㅋ
​
​
​
​
2. 시설
저는 위에서 말씀드렸다시피 스탠다드룸으로 예약을 했었는데용! 운이 좋아서 그런지 제 방은 모션베드가 있는 방이였습니다!! 스탠다드룸이라고 해서 모든 방이 모션베드가 있는건 아니에요! 전 운이 좋았습니다 하핫ㅎ 베드 세워서 티비보는게 꿀이였습니당,, 집에 들이고 싶었던,,,ㅎ!! 방에는 TV, 드라이기, 공기청정기, 유축기가 있습니다.
앗참 휴지도 항상 구비되고 리필해주시니 따로 안챙기셔도 돼요
​
​
그리고 공용공간인 다목적실엔 빨래를 두는 빨래통과 쓰레기통, 모유를 두는 냉장고와 전자레인지, 정수기가 있습니다. 방에서 유축한 모유를 냉장고에 두고 사용한 깔대기는 수거함에 두시면 2~3시간 뒤에 세척과 살균된 깔데기가 깔대기 함? 에 놓여져있습니다.. 집에서 항상 유축하고 깔대기 설거지하다 보니까 정말 힘들었는데 조리원에선 깔대기도 세척해주시니 얼마나 감사했는지 몰라요 ㅠㅠ
​
​
그리고 공용 거실엔 사진인화기, 반신욕기, 골반교정기 등이 있습니다!! 사진인화기는 산모는 하루에 한장씩 총 8장 뽑을수 있고 남편은 총 2장까지 뽑을수있어요!! 미루지 말고 매일 사진 인화하는게 좋습니다.. 전 미루고 미루다가 6장밖에 못뽑고 퇴소했어요 ㅠㅠ 아쉽쓰,,, 그리고 식사를 다 한 산모님들 공용 거실에 모여서 수다도 떨고 합니당 ㅎㅎ
모든 공용 시설들을 이용해보는게 좋은데 다 이용하지 않고 방구석에서 티비만 본 나,, 반성합니다,,
​
​
​
3. 아기 케어 및 수유
3층에는 신생아실이 있습니다! 신생아실 뒤? 옆?에 수유실이 있어 수유콜이 오면 3층 수유실로 가 아기들을 만나고 했답니당.. 조리원 입소 전에는 수유콜 좀만 가면 되지 모~ 했지만 막상 가보니 아기들이 너무 예뻐 거의 빠짐없이 수유콜 다 나갔답니당 ㅠㅠ..
몸은 힘들고 지치고 많이 졸린데요.... 그래도 막상 아기들 보면 너무 예뻐서 힘든것도 잊혀집니당..
그래도 자기 몸을 생각한다면 보충해주세요~ 다음 타임때 불러주세요~ 하면 선생님들이 보충수유 잘 해주시니 걱정안하셔도 돼요!!
퇴소가 코앞으로 다가왔을땐 너무 피곤해서 정신을 못차리겠더라구요ㅠㅠ 수유콜이 왔을때 힘든게 보였는지 신생아실 선생님이 푹 자라고 먼저 말씀해주시는데 호르몬의 노예인 나,, 감동이였습니다,,!
그리고 모유수유 고민이나 수유자세 등 힘들거나 고민이 있음 목요일 저녁이나 밤에 수유콜 꼭 가세요! 원장쌤이 오셔서 직접 코치해주시고 상담해주시는데 엄청 도움이 많이 됩니다 ㅠㅠ!!
​
그리고 아델리아 산후조리원은 따로 분유를 안챙겨가신다면 쏭쓰오가닉 1단계 분유를 먹인다고 합니당! 저는 처음에 조리원에서 먹이는 분유로 아기들 줘야지 했다가 무난하고 접하기 쉬운 앱솔루트 명작을 주변에서 추천받았는데요..? 명작을 사서 조리원에 갖다드리니 퐁당퐁당으로 분유를 갈아타주셨습니다!! 집에서 따로 안갈아타도 되니 넘 좋았어요!
쏭쓰오가닉은 조리원 구매시 쿠팡보다 싸니 참고하세요!
​
​
​
4. 교육
월요일부터 금요일까지 매주, 격주로 2,3층 공용 거실에서 출산, 육아 관련 교육이 진행되고 있습니다! 월요일 수업 빼고는 모두 매주 진행되는데용! 월요일 수업인 응급처치, 하임리히법 배우기는 오후 늦게 입실해서 듣진 못했습니당 ㅠㅠ.. 그 외에 아기 울음소리 관련 교육은 분유 광고가 있구 초점책은 웅진?에서 광고하신다고 하더라구용 ㅎㅎ 그리고 본아트 촬영은 원본사진을 돈내고 구매해야지만 받을수 있다고해서 따로 촬영하진 않았어요..! 그리고 금요일 아빠와 함께하는 목욕, 기저귀 가는 교육은 원장쌤이 직접해주시는 교육입니당! 질문도 받아주시고 아빠들도 직접 참여해서 듣는것도 좋은것 같아요!! ㅎㅎ
​
​
​
​
5. 마사지
조리원에 온 이유의 반은 마사지를 받기 위함이였는데요! 제왕절개 후 병원에 입원해있는 동안에는 임신때보다 더 빠졌다가 퇴원 후 집에있는 동안에는 코끼리 마냥 미친듯이 붓더라구요... 일반적으로 뒤늦게 조리원 갈 시점에 제왕절개 붓기가 온다고 합니다 ㅜㅜ 집에 있는동안 풀리오로 마사지도 해보고 주물주물 마사지도 해봤는데 심해지면 심해졌지 나아지진 않더라구요.. 그래서 조리원에 들어가자마자 서비스 마사지 받고 한번에 눈에 띄게 붓기가 빠지는것이 보였어요!
저는 바로 60분 10회권을 끊었습니다!! 10회권을 끊으면 헤드스파와 얼굴관리도 서비스로 받을수 있었습니당ㅎ
​
집에서와 조리원 마사지 이후 붓기차이 장난아니죠? 집에 있는동안 붓기가 심하다 보니 친정 엄마께서 걱정하신 나머지 우시면서 조리원 언능 들어가서 마사지 10회 받으라며,,,ㅠㅠ ㅋㅋㅋ
저는 1번방 선생님으로 배정받아서 진행했었어요! 산후조리원에서 랜덤으로 담당 마사지 선생님들을 지정해주시는것 같더라구요! 저는 미리 조리원 들어가기 전에 손맛 좋은 선생님이 누구인지 써치써치를 해보고 들어갔었는데요!
다행히도 제가 마음속으로 원했던 1번방 선생님이 배정되어 속으로 나이스를 외쳤답니당 ㅎㅎ
아마 예비 산모님들께서 원하시면 지정도 가능하지 않을까 싶어요?!
​
​
산후마사지 답게 산모 몸에 맞춰 진행해주십니다! 저는 임신 전에 마사지 매니아였는데요.. 강도가 쎈 압으로 받는걸 좋아했어요! 그래서 처음 마사지 받을때 ""선생님 쎄게 해주세요~"" 하고 요청 드렸는데 선생님께서 산후마사지는 강도 쎄게 하면 오히려 몸이 망가진다고 하시더라구요! 처음엔 약하게 진행해주시다가 마사지 10회차가 끝날 무렵 쯤엔 처음보다 강도가 높아져있었어요! 조리원 들어오셔서 수유하다 보시면 느끼시겠지만 어깨랑 뒷목이 장난아니게 뻐근해지고 아픕니다..ㅠㅠ 나름 신경써서 올바른 자세로 수유한다고 해도 아파요.. 그래도 어깨, 뒷목까지 싹~ 마사지 받고나면 그렇게 개운할수가 없습니다! 완전 추천합니다!!
​
그리고 제일 궁금하실것 같은 체.중.감.량!! 저는 쌍둥이 산모였었고 임신중에 빵과 과일을 무지하게 많이 먹었다보니 20kg 쪘어요...^^... 그땐 첨이자 마지막인 임신일수도 있으니 맘껏 먹을래!! 심보였습니다 ㅎㅎ...
출산전 몸무게 86kg로 앞자리가 두번 바꼈었어요..ㅎㅎ 병원에서 퇴원할땐 83kg로 퇴원했고 집에서 78~79kg까지 뺐습니다! 아마 애기들이 빠진 몸무게이지 않을까 싶어요!
조리원에 들어와서는 현재 74~75kg까지 뺐는데요! 아마 마사지로 붓기가 다 빠져서인것 같아요! 저는 삼시세끼와 간식도 두끼 다 챙겨먹었습니다 ㅠㅠ 적당한 식단조절과 간식을 안먹었더라면 더 빼서 나갔을수도 있을것 같아요!
빠른 붓기감소와 복직근 이개와 같은 몸 회복을 원하시면 베르나인 마사지 추천드립니다! (돈 여유가 있었더라면 90분 마사지 받았을거에요 ㅠㅠ!!)",,0,https://cafe.naver.com/f-e/cafes/24000254/articles/7332235?boardtype=L&userDisplay=50&menuid=13&referrerAllArticles=false&inCafeSearch=true&query=%EC%82%B4%EA%B7%A0&art=aW50ZXJuYWwtY2FmZS1hcnRpY2xlLXJlYWQtaW5DYWZlLXNlYXJjaC1saXN0.eyJ0eXAiOiJKV1QiLCJhbGciOiJIUzI1NiJ9.eyJjYWZlVHlwZSI6IkNBRkVfSUQiLCJhcnRpY2xlSWQiOjczMzIyMzUsImlzc3VlZEF0IjoxNzg4MjMzMjA4OTYzLCJjYWZlSWQiOjI0MDAwMjU0fQ.R3loAHkwKaXo5RGqJ5jYNLFGzEctPEGWZOiuMVIG6-0&page=1,JKS
대구맘365,24000254,13,살균,대구 동구 아델리아 산후조리원(feat. 베르나인 마사지★) 내돈내산 후기,2026.06.27. 14:27,"이른둥이 쌍둥이를 35주에 출산하고 아기들이 니큐에 가게되어 10일동안은 집에서 남편이 몸조리를 해주었어용
잘 먹고 잘 쉬었지만,, 몸의 회복은 더디고 붓기는 안빠지고,, 온몸의 관절들은 아파지기 시작하더라구용!!
다행히 아기들이 늦지않게 퇴원하게되어 바로 조리원으로 출바르 했답니당ㅠㅠ!!
​
요즘 산후조리원 예약하기가 힘들잖아요....?
임신 7주쯤 심장소리를 듣고 집과 가까운 대구 동구, 수성구 위주로 알아보고 있었습니당
하지만 다들 예약이 꽉차있었고,, 대기도 불가한 상황,,! 운 좋게도 아델리아 산후조리원 스탠다드 룸 예약이 가능해서 디럭스룸 이상을 원했지만 스탠다드룸으로 예약 진행했었습니다!
디럭스룸 이상만 모자동실이 가능해서 디럭스룸을 원했지만, 쌍둥이인 경우에는 모자동실할 경우 산모가 쉴 시간이 없고 힘들거라고 하셔서 차라리 잘된거다 생각했습니다
​
1. 식사
아델리아 산후조리원은 식사로 유명하기도 하죠? 아침과 저녁식사는 뷔페식으로 먹고 점심은 특식으로 나옵니다
편식쟁이인 저는 솔직히 점심은 정말 맛있었는데여!
아침과 저녁식사는 쏘쏘 했습니당..ㅎ
다른 후기들과도 비교를 해보니 2주씩 식단이 짜져있는것 같더라구요? 미역국도 황태미역국, 조개미역국, 소고기미역국 골고루 나옵니당 ㅎㅎ 물리진 않아요!
​
간식은 존맛입니다;; 점심식사 이후 오후 간식은 간단한 분식, 빵, 과일 등이 나옵니다! 야식은 빵 위주와 음료 주십니다. 야식에서 나오는 빵들은 꽤나 퀄리티가 높습니다.. 후후ㅎ 직접 만드시는것 같은데 맛있어요 ㅠㅠ!!
그리고 과일들은 제철과일들로 나오는것 같은데 당도가 죽입니댜…ㅋㅋㅋ
​
​
​
​
2. 시설
저는 위에서 말씀드렸다시피 스탠다드룸으로 예약을 했었는데용! 운이 좋아서 그런지 제 방은 모션베드가 있는 방이였습니다!! 스탠다드룸이라고 해서 모든 방이 모션베드가 있는건 아니에요! 전 운이 좋았습니다 하핫ㅎ 베드 세워서 티비보는게 꿀이였습니당,, 집에 들이고 싶었던,,,ㅎ!! 방에는 TV, 드라이기, 공기청정기, 유축기가 있습니다.
앗참 휴지도 항상 구비되고 리필해주시니 따로 안챙기셔도 돼요
​
​
그리고 공용공간인 다목적실엔 빨래를 두는 빨래통과 쓰레기통, 모유를 두는 냉장고와 전자레인지, 정수기가 있습니다. 방에서 유축한 모유를 냉장고에 두고 사용한 깔대기는 수거함에 두시면 2~3시간 뒤에 세척과 살균된 깔데기가 깔대기 함? 에 놓여져있습니다.. 집에서 항상 유축하고 깔대기 설거지하다 보니까 정말 힘들었는데 조리원에선 깔대기도 세척해주시니 얼마나 감사했는지 몰라요 ㅠㅠ
​
​
그리고 공용 거실엔 사진인화기, 반신욕기, 골반교정기 등이 있습니다!! 사진인화기는 산모는 하루에 한장씩 총 8장 뽑을수 있고 남편은 총 2장까지 뽑을수있어요!! 미루지 말고 매일 사진 인화하는게 좋습니다.. 전 미루고 미루다가 6장밖에 못뽑고 퇴소했어요 ㅠㅠ 아쉽쓰,,, 그리고 식사를 다 한 산모님들 공용 거실에 모여서 수다도 떨고 합니당 ㅎㅎ
모든 공용 시설들을 이용해보는게 좋은데 다 이용하지 않고 방구석에서 티비만 본 나,, 반성합니다,,
​
​
​
3. 아기 케어 및 수유
3층에는 신생아실이 있습니다! 신생아실 뒤? 옆?에 수유실이 있어 수유콜이 오면 3층 수유실로 가 아기들을 만나고 했답니당.. 조리원 입소 전에는 수유콜 좀만 가면 되지 모~ 했지만 막상 가보니 아기들이 너무 예뻐 거의 빠짐없이 수유콜 다 나갔답니당 ㅠㅠ..
몸은 힘들고 지치고 많이 졸린데요.... 그래도 막상 아기들 보면 너무 예뻐서 힘든것도 잊혀집니당..
그래도 자기 몸을 생각한다면 보충해주세요~ 다음 타임때 불러주세요~ 하면 선생님들이 보충수유 잘 해주시니 걱정안하셔도 돼요!!
퇴소가 코앞으로 다가왔을땐 너무 피곤해서 정신을 못차리겠더라구요ㅠㅠ 수유콜이 왔을때 힘든게 보였는지 신생아실 선생님이 푹 자라고 먼저 말씀해주시는데 호르몬의 노예인 나,, 감동이였습니다,,!
그리고 모유수유 고민이나 수유자세 등 힘들거나 고민이 있음 목요일 저녁이나 밤에 수유콜 꼭 가세요! 원장쌤이 오셔서 직접 코치해주시고 상담해주시는데 엄청 도움이 많이 됩니다 ㅠㅠ!!
​
그리고 아델리아 산후조리원은 따로 분유를 안챙겨가신다면 쏭쓰오가닉 1단계 분유를 먹인다고 합니당! 저는 처음에 조리원에서 먹이는 분유로 아기들 줘야지 했다가 무난하고 접하기 쉬운 앱솔루트 명작을 주변에서 추천받았는데요..? 명작을 사서 조리원에 갖다드리니 퐁당퐁당으로 분유를 갈아타주셨습니다!! 집에서 따로 안갈아타도 되니 넘 좋았어요!
쏭쓰오가닉은 조리원 구매시 쿠팡보다 싸니 참고하세요!
​
​
​
4. 교육
월요일부터 금요일까지 매주, 격주로 2,3층 공용 거실에서 출산, 육아 관련 교육이 진행되고 있습니다! 월요일 수업 빼고는 모두 매주 진행되는데용! 월요일 수업인 응급처치, 하임리히법 배우기는 오후 늦게 입실해서 듣진 못했습니당 ㅠㅠ.. 그 외에 아기 울음소리 관련 교육은 분유 광고가 있구 초점책은 웅진?에서 광고하신다고 하더라구용 ㅎㅎ 그리고 본아트 촬영은 원본사진을 돈내고 구매해야지만 받을수 있다고해서 따로 촬영하진 않았어요..! 그리고 금요일 아빠와 함께하는 목욕, 기저귀 가는 교육은 원장쌤이 직접해주시는 교육입니당! 질문도 받아주시고 아빠들도 직접 참여해서 듣는것도 좋은것 같아요!! ㅎㅎ
​
​
​
​
5. 마사지
조리원에 온 이유의 반은 마사지를 받기 위함이였는데요! 제왕절개 후 병원에 입원해있는 동안에는 임신때보다 더 빠졌다가 퇴원 후 집에있는 동안에는 코끼리 마냥 미친듯이 붓더라구요... 일반적으로 뒤늦게 조리원 갈 시점에 제왕절개 붓기가 온다고 합니다 ㅜㅜ 집에 있는동안 풀리오로 마사지도 해보고 주물주물 마사지도 해봤는데 심해지면 심해졌지 나아지진 않더라구요.. 그래서 조리원에 들어가자마자 서비스 마사지 받고 한번에 눈에 띄게 붓기가 빠지는것이 보였어요!
저는 바로 60분 10회권을 끊었습니다!! 10회권을 끊으면 헤드스파와 얼굴관리도 서비스로 받을수 있었습니당ㅎ
​
집에서와 조리원 마사지 이후 붓기차이 장난아니죠? 집에 있는동안 붓기가 심하다 보니 친정 엄마께서 걱정하신 나머지 우시면서 조리원 언능 들어가서 마사지 10회 받으라며,,,ㅠㅠ ㅋㅋㅋ
저는 1번방 선생님으로 배정받아서 진행했었어요! 산후조리원에서 랜덤으로 담당 마사지 선생님들을 지정해주시는것 같더라구요! 저는 미리 조리원 들어가기 전에 손맛 좋은 선생님이 누구인지 써치써치를 해보고 들어갔었는데요!
다행히도 제가 마음속으로 원했던 1번방 선생님이 배정되어 속으로 나이스를 외쳤답니당 ㅎㅎ
아마 예비 산모님들께서 원하시면 지정도 가능하지 않을까 싶어요?!
​
​
산후마사지 답게 산모 몸에 맞춰 진행해주십니다! 저는 임신 전에 마사지 매니아였는데요.. 강도가 쎈 압으로 받는걸 좋아했어요! 그래서 처음 마사지 받을때 ""선생님 쎄게 해주세요~"" 하고 요청 드렸는데 선생님께서 산후마사지는 강도 쎄게 하면 오히려 몸이 망가진다고 하시더라구요! 처음엔 약하게 진행해주시다가 마사지 10회차가 끝날 무렵 쯤엔 처음보다 강도가 높아져있었어요! 조리원 들어오셔서 수유하다 보시면 느끼시겠지만 어깨랑 뒷목이 장난아니게 뻐근해지고 아픕니다..ㅠㅠ 나름 신경써서 올바른 자세로 수유한다고 해도 아파요.. 그래도 어깨, 뒷목까지 싹~ 마사지 받고나면 그렇게 개운할수가 없습니다! 완전 추천합니다!!
​
그리고 제일 궁금하실것 같은 체.중.감.량!! 저는 쌍둥이 산모였었고 임신중에 빵과 과일을 무지하게 많이 먹었다보니 20kg 쪘어요...^^... 그땐 첨이자 마지막인 임신일수도 있으니 맘껏 먹을래!! 심보였습니다 ㅎㅎ...
출산전 몸무게 86kg로 앞자리가 두번 바꼈었어요..ㅎㅎ 병원에서 퇴원할땐 83kg로 퇴원했고 집에서 78~79kg까지 뺐습니다! 아마 애기들이 빠진 몸무게이지 않을까 싶어요!
조리원에 들어와서는 현재 74~75kg까지 뺐는데요! 아마 마사지로 붓기가 다 빠져서인것 같아요! 저는 삼시세끼와 간식도 두끼 다 챙겨먹었습니다 ㅠㅠ 적당한 식단조절과 간식을 안먹었더라면 더 빼서 나갔을수도 있을것 같아요!
빠른 붓기감소와 복직근 이개와 같은 몸 회복을 원하시면 베르나인 마사지 추천드립니다! (돈 여유가 있었더라면 90분 마사지 받았을거에요 ㅠㅠ!!)",,0,https://cafe.naver.com/f-e/cafes/24000254/articles/7332234?boardtype=L&userDisplay=50&menuid=13&referrerAllArticles=false&inCafeSearch=true&query=%EC%82%B4%EA%B7%A0&art=aW50ZXJuYWwtY2FmZS1hcnRpY2xlLXJlYWQtaW5DYWZlLXNlYXJjaC1saXN0.eyJ0eXAiOiJKV1QiLCJhbGciOiJIUzI1NiJ9.eyJjYWZlVHlwZSI6IkNBRkVfSUQiLCJhcnRpY2xlSWQiOjczMzIyMzQsImlzc3VlZEF0IjoxNzg4MjMzMjA4OTYzLCJjYWZlSWQiOjI0MDAwMjU0fQ.Ji_Rst7Q4oc4lYnT2Hrpo5mELdxrFyQsO99Pg07j4xE&page=1,JKS
대구맘365,24000254,13,살균,잘 사용하고 있는 육아템 best 5 추천!,2025.09.09. 04:26,"육아는 장비빨이라는데 육아용품 다 사기는 경제적으로도, 환경적으로도 힘들잖아요~
​
제 기준 추천템 골라봤어요!
​
1. 크림하우스 아기범퍼침대
아기가 잠만 잘자줘도 너무 행복해지는데ㅎ
기능과 감성을 더한 크림하우스 아기범퍼침대 추천해요
“안전 + 놀이 공간 + 낮잠 공간까지 한 번에”
높은 안전가드와 좋은 소재, 크기도 넉넉해 놀이 매트나 낮잠 공간으로도 활용할 수 있어요.
탈부착 가능한 벽면은 나중에 울타리나 놀이방으로도 변신 가능!
​
2. 스토케 하이체어
“이유식 시작한다면 무조건 필수!”
이유식이 시작되면 꼭 필요한 하이체어!
아이의 바른 자세를 잡아주고, 식사에 집중할 수 있는 환경을 만들어줘요. 성인 될때까지 쭉~
​
3. 베이비뵨 바운서
“손이 부족할 때, 아이를 달래주는 육아 요정”
수유 후 소화시키거나 집안일을 해야 할 때나, 잠깐 손이 필요할 때 큰 도움이 되요.. 단, 사용 가능한 무게 제한이 있으니 앉힐 수 있을때부터 사용하기!
​
4. 에시앙 범보의자
“앉기 전, 아이 자세 교정은 이걸로 시작해요”
이유식 초기에는 범보의자에 앉혀 간단하게 먹이기도 좋고 기념일마다 사진 찍을때도 유용!
바운서 지겨워하거나 혼자 놀기 싫어할때 범보의자 앉혀서 끌고 집안 구경시켜주면 좋아해요.
​
5. 폴레드 젖병소독기
“살균 걱정 끝! 육아 위생 필수템”
매일같이 사용하는 젖병과 젖꼭지, 소독은 필수! 자외선(UV)이나 열풍 방식 등 다양한 옵션이 있어, 육아 스타일에 따라 선택 가능해요.
​
​
아기들마다 기질이 다르니 저희 아기는 잘써도 또 다른집 아기한테는 안맞을 수도 있어요,
어디까지나 저희 집 기준이니 참고하세요❤️
​",,0,https://cafe.naver.com/f-e/cafes/24000254/articles/7123065?boardtype=L&userDisplay=50&menuid=13&referrerAllArticles=false&inCafeSearch=true&query=%EC%82%B4%EA%B7%A0&art=aW50ZXJuYWwtY2FmZS1hcnRpY2xlLXJlYWQtaW5DYWZlLXNlYXJjaC1saXN0.eyJ0eXAiOiJKV1QiLCJhbGciOiJIUzI1NiJ9.eyJjYWZlVHlwZSI6IkNBRkVfSUQiLCJhcnRpY2xlSWQiOjcxMjMwNjUsImlzc3VlZEF0IjoxNzg4MjMzMjA4OTYzLCJjYWZlSWQiOjI0MDAwMjU0fQ.EKroaR_CPEcjqsNTtdkOB253Bn5acB-mujQ-0zWI-X0&page=1,JKS
대구맘365,24000254,13,살균,내돈내산 바니하우스 빅매트 층간소음매트 후기,2025.02.28. 22:38,"50일쯤 지났을때 매트 해야하나? 하는 생각에
알아보니 출산전부터 하시더라고요...
터미도 신생아때부터 매트위에서 할걸 엄청 후회중이구요
역류방지 쿠션이 있는데 바닥에 쓰다가...
이제 매트 사고나니까 진짜 아기가 사는 집(?) 같아보여요ㅎㅎ
매트 사는 시기는 출산 전에 무조건 추천할것 같아요~
사이즈가 다양해서 맞는걸로 골랐는데 살짝 오바되지만
그래도 잘 쓰고 있네요~ 일단 두께도 마음에 들고
설치하는데 어려움이 없어서 남편이 후다닥 조립해준^^
향균있는걸로 샀는데 그래서 그런가 바로 써도
냄새가 안나서 다행이었어요 ㅎㅎ
요즘은 아이랑 놀아주느라 매트생활만 하네요
로봇 청소기도 매트에 올라가는데 살균티슈로 손으로 청소하는..!!
설치도 어렵지 않아요~ 남편이 금방하더라고요^^
​
​
매트까니까 거실이 더 깔끔해보이고
누워도 되고 편합니다 ㅎㅎㅎㅎ 아이들고 일어설때가
허리랑 무릎이 아프지만 ㅠㅠ
앞으로도 매트없이는 힘들것 같아요
​
뭐든 세일할때 기다렸다 사는게 제일인듯요 ㅎㅎ
잘사서 쓰는것중 하나네요~",,0,https://cafe.naver.com/f-e/cafes/24000254/articles/6967805?boardtype=L&userDisplay=50&menuid=13&referrerAllArticles=false&inCafeSearch=true&query=%EC%82%B4%EA%B7%A0&art=aW50ZXJuYWwtY2FmZS1hcnRpY2xlLXJlYWQtaW5DYWZlLXNlYXJjaC1saXN0.eyJ0eXAiOiJKV1QiLCJhbGciOiJIUzI1NiJ9.eyJjYWZlVHlwZSI6IkNBRkVfSUQiLCJhcnRpY2xlSWQiOjY5Njc4MDUsImlzc3VlZEF0IjoxNzg4MjMzMjA4OTYzLCJjYWZlSWQiOjI0MDAwMjU0fQ.zT-FEZ-iDvU3bj7Tkh17iFzm1c77DpYp79QvoyC3WIo&page=1,JKS
대구맘365,24000254,13,환기,임산부방향제 정말 안전한가요,2026.08.31. 10:58,"임신 중인데 집 냄새가 신경 쓰여요.
임산부방향제를 사야 할 것 같은데
정말 안전할까 싶어요.
​
일반 방향제가 태아한테 안 좋을 수도 있을 것 같거든요.
임산부방향제라고 따로 있는 제품들이 있더라고요.
가격이 비싼 편이네요.
​
임산부방향제도 종류가 여러 가지더라고요.
어떤 게 임산부방향제로는 가장 안전할까요.
성분을 꼼꼼히 확인하고 사고 싶어요.
​
비슷한 상황이셨던 분들
임산부방향제 어떻게 고르셨는지 알려 주세요.
조심스럽게 여쭤봅니다.",임산부방향제 안전성이 제일 중요한 것 같아요. 성분 확인이 꼭 필요하네요. | 정말 그래요 신경 써야 할 것 같아요. | 환기가 잘 안되는 구조면 가끔 냄새 날때가 있더라고요~ 저도 그랬었는데 인스타 보다가 추천 받은 탈취제 하나 뒀는데 훨 나아요~ | 혹시 어떤 거 쓰시나요?? | 살림꿀팁 릴스에서 본 냄싹이라는 건데 냄새도 은은하고 좋았어요 | 혹시https://m.site.naver.com/1OO2L여기 이거 맞을까요? | 네네 맞아요 지금 세일도 하네요 저도 더 사려고요~~ | 탈취제랑 제습제 하나 같이 놔주면 효과 더 좋아져요! | 꿀팁 감사합니다 참고할게요 | 전 냄싹이 쓰는데 향 은은하고 좋던데요 탈취제라 냄새도 잘 잡아주고요 | 정보 감사합니다!! 여기 거 좋은가보네요,11,https://cafe.naver.com/f-e/cafes/24000254/articles/7380864?boardtype=L&userDisplay=50&menuid=13&referrerAllArticles=false&inCafeSearch=true&query=%ED%99%98%EA%B8%B0&art=aW50ZXJuYWwtY2FmZS1hcnRpY2xlLXJlYWQtaW5DYWZlLXNlYXJjaC1saXN0.eyJ0eXAiOiJKV1QiLCJhbGciOiJIUzI1NiJ9.eyJjYWZlVHlwZSI6IkNBRkVfSUQiLCJhcnRpY2xlSWQiOjczODA4NjQsImlzc3VlZEF0IjoxNzg4MjMzMjIwNzU1LCJjYWZlSWQiOjI0MDAwMjU0fQ.ntOZleJeUvfW0S3JXEwlfDC7rBmp3ttl1eOAFw73h2Q&page=1,JKS
대구맘365,24000254,13,환기,조은맘 산후도우미 후기,2026.05.19. 14:35,"출산 전 베이비키즈페어에 갔다가 여러 업체 상담을 받아본 뒤 최종적으로 선택한 곳이 조은맘 산후도우미 였어요. 상담할 때부터 체계적으로 관리해주는 느낌이 들어 믿음이 갔고, 실제 이용하면서도 만족도가 정말 높았어요.
​
사실 가장 걱정했던 부분은 어떤 이모님을 만나게 될지였는데, 너무 좋은 분을 만나서 3주 동안 편안하게 지낼 수 있었어요.
무엇보다 가장 만족했던 건 아기를 정말 예뻐해주시고 진심으로 대해주셨다는 점이에요.
청소나 음식도 물론 중요하지만 저는 아기를 대하는 태도를 가장 우선으로 생각했거든요. 그런 부분에서 정말 큰 만족을 느꼈어요.
​
아기 목욕이나 케어도 능숙하게 잘해주시고, 배 마사지도 시원하게 잘해주셨어요.
아기에게 말도 많이 걸어주시고 예뻐해주셔서 옆에서 보는 저까지 마음이 놓였답니다.
아침마다 일찍 오셔서 환기부터 빨래 개기, 청소기 밀기까지 깔끔하게 하루를 시작해주신 점도 정말 좋았어요.
​
식사는 시어머님께서 반찬을 많이 챙겨주셔서 시어머님 반찬위주로 꺼내먹어서 이모님 음식을 많이먹어본건 아니지만, 가끔 해주셨던 음식들은 정말 맛있어서 더 못 먹어본 게 아쉬울 정도였어요ㅎㅎ그래서 늘 국은 새로 해주셨습니다:)
​
3주 계약했는데 시간이 정말 순식간에 지나갔고, 오늘이 마지막 날이라 아쉬운 마음에 이렇게 후기를 남겨봅니다.
산후조리 기간 동안 큰 도움 받았고 정말 만족스러운 시간이었어요^ㅇ^",,0,https://cafe.naver.com/f-e/cafes/24000254/articles/7304400?boardtype=L&userDisplay=50&menuid=13&referrerAllArticles=false&inCafeSearch=true&query=%ED%99%98%EA%B8%B0&art=aW50ZXJuYWwtY2FmZS1hcnRpY2xlLXJlYWQtaW5DYWZlLXNlYXJjaC1saXN0.eyJ0eXAiOiJKV1QiLCJhbGciOiJIUzI1NiJ9.eyJjYWZlVHlwZSI6IkNBRkVfSUQiLCJhcnRpY2xlSWQiOjczMDQ0MDAsImlzc3VlZEF0IjoxNzg4MjMzMjIwNzU1LCJjYWZlSWQiOjI0MDAwMjU0fQ.f7NGWPdt3UoxMyvhDJaKHCcppgD5L5w1Fa0n4AIOcXs&page=1,JKS
대구맘365,24000254,13,환기,대구 더블유여성병원 산후조리원 일반실 이용후기~,2026.04.08. 19:55,"대구 더블유여성병원 산후조리원 일반실 3.5평 이용후기 입니다~
​
출산과 조리원이 같은건물에 있는 더블유여성병원으로 임신 12주차에 예약을 했었어요~ 😁
(본원출산시 200만원/ 26.4월기준)
​
3월 출산이라 산모들이 많아서 남아있는방이 3.5평 일반실만 있었어요. 😂 병원 입원실도 1인실 만석이라 4인실 다인실 5박6일 써서 조리원은 천국이네요 👍
​
조리원2주 있는 동안 남편 없이 혼자 지낼 예정이라 방크기는 중요하지 않았어요 ㅋ 커튼뒤 작은창도 있어서 환기는 문제 없었어요🙂
​
3.5평 일반실은 병원 다인실이용 했던분은 추천 ❣️
​
크기가 작지만 있을껀 다 있는 일반실 3.5평 이에요~
TV,시계,냉장고,내선용전화,식탁,협탁,유축기,드라이기,선풍기,공기청정기,싱글침대,세탁망2개
​
웰컴 선물 (양말 1개, 칫솔, 치약, 화장지, 가제손수건 3장,엘끌루아 샴푸&컨디셔너&바디워시&바디로션)
​
침대 밑에 서랍에도 수납가능해요!!!!
평수가 작은만큼 계속 캐리어 열어놓고 있으면 좁아서 수납공간을 최대한 이용했어요 🤗
화장실이 좀 좁아요ㅠ 샤워기가 있지만 좁아서 샤워실에서 샤워할 수 있어서 다행이었어요~~
입구쪽에 붙박이장 (옷걸이2개) 밑에는 신발장?
6층 정수기 전자렌지 앞에 세탁물 수거함이 있어요~
​
호수 적힌 세탁망 2개를 주는데 산모용 속옷류,타월만 세탁해주고 세탁한 것과 새로운 조리원복은 각 호수 칸에 넣어줬어요.
6층 신생아실 앞 매일 혈압, 체온체크(오전/오후)하고 체중계도 있어요~
​
육아초보를 위한 ""임신출산육아대백과"" 책도 있는데 저도 모르는 부분 찰칵찰칵🤳 사진 찍어뒀어요~~
여유있을때 책 읽어 보세요~
사진설명까지 잘 나와있어서 많은 도움이 되요 ㅋㅋ
​
면회시간이 있는데
남편왔을때 시간 외 면회도 가능하다고 합니다 🤗
남편면회는 매일 방문한다고 할때에는 일주일에 코로나 검사 2회 해야되고 들어올때 방문일지 체온체크하고 들어오셔야 되요~
​
조리원에 남편 숙박은 안되고 면회만 가능해요🙂
6층 엘리베이터옆 식당 있어요~
조식은 각방으로 룸서비스 해주고
중식,간식,석식,야식 은 식당(뷔페식)에서 먹었어요~
식단 전체는 다 못찍고 일부만 사진 찍었어요~ 점심은 일반식으로 나오고 (국 미역국변경가능) 밥도 맛있었어요 😆
감염병예방 칸막이 식탁 (26년4월 기준)
감염병예방 칸막이 식탁이 있었는데 위생에 많이 신경쓰는것 같아서 안심이 되더라구요~ 😄
식당옆에 휴게실에 들어가면 체중계가 있어요~~
하루1개 인화 공짜!!!!
폰에 있는 예쁜 아기사진 4×6 사이즈로 출력할 수 있어요🤳👶
처음에 설명들었는데 잊고 있다가 조리원 생활 3일차에 발견했네요 ;;
아기사진도 매일 받을 수 있고 럭키비키 ~~🍀
조리원 2주 이용하는분 기준으로 산후요가30분, 파노라마 북만들기, 이유식교육, 명상(싱잉볼) 한번씩 수업 다 들을 수 있어요~
휴게실(운동실) 바닥이 따끈따끈해요~ 여기서 수업을 해요~
운동실 뒷편에는 유아책들이 있어서 책에 관심있으신 분들은 편하게 볼 수 있으니 구경해보세요~ 어린이서점에 있는 아람북스,교원,키즈엠 책들이 많이 보였어요~
산후 붓기에 도움되는 건식사우나실~
사우나실 쓰려면 7층 데스크에 20분전 미리 말하면 이용할 수있어요~ 사우나 이용시 핸드폰은 밖에 두고 이용하세요⚠️
사우나실 내부에도 온도와 남은시간을 볼 수 있어요~
저는 사우나 20분이 딱 적당한거 같았어요 💦
일반실은 화장실이 좁아서 샤워실이 따로 있어요~ 식당입구 옆에 샤워실 한명씩 사용 가능해요
샤워실 내부에는 해바라기수전 세면대 화장대가 다 따로 분리 되어있어서 편했어요 ㅋ 세면대에는 온풍기가 있어서 옷 갈아입을때 편했어요~
과열방지 (과열시 자동 꺼짐) 드라이기라서 바람은 약해요 😢 일반실에 있는 드라이기가 더 바람 쎈 것 같아요~
수유실입구에도 적혀 있듯이 컨디션 안 좋을때는 수유하지 않고 쉬어라고 되있어요~
수유콜 안 간다고 해도 눈치도 안주고 강요가 없어서 좋았어요~ 👍👍  여기가 천국 ~~ 😇
수유시간도 지정할 수 있어요~ 🤗
6층 수유실내부
3.5평 일반실이 6층에 있는데 수유실,신생아실,식당,사우나실, 프로그램실
​
모두 6층에 있어서 동선이 편했어요~😙
7층 701호에 있는 산후관리실(마사지실) 이에요~
제왕절개 산모여서 붓기가 장난이 아니었어요 🥲
​
일반실 아로마 1회 서비스 받았는데 마유도 궁금해서 받아보고 비교후 마유는 스톤관리, 노폐물 배출에도 더 좋아서 마유로 10회 관리 받았어요~😆
​
아로마(1회당 8만) , 마유(1회당 11만) 현금영수증 가능, 카드결제도 가능해요~
조리원 있는 동안 탯줄이 떨어졌었어요~
예쁜병에 담아서 줬는데 뚜껑 열어 잘 말려야 된데요~~ 😄
모자동실 3일 (모유수유,목욕,신생아관리교육)
이 있어서 초보엄마에게 너무 도움되는 교육이었어요~
비싼
앱솔루트 산양분유
를 대구더블유여성병원 산후조리원에서는 신생아실에서 사용한다고 해서 산후조리원 여기로 선택한 이유이기도 해요~
​
아기가 황금변도 누고 완분 예정이라서
350g 24통 372,000원 (개당 15,500원)
구매했어요~ 😍
완분아기 1통 6~7일이면 다 먹는거 아시죠!!
조리원 최저가 혜택!!! 무조건 많이 쟁여두세요 🍼
​
​
출산부터 조리원,소아과까지 한건물에 있고
아기 케어가 잘 되고 초보맘을 위한 교육도 잘 되있고 대구 더블유여성병원 산후조리원 추천해요 👍
​",저도 더블유여성병원 조리원에서 특실을이용 중인데 가성비 참 좋은 거 같아요소아과 분만실 입원실 신생아실 조리원이층마다 분포해있어서 이동하기 너무 편리하고좋아요 | 밥 잘 나오는거같네요🤤,2,https://cafe.naver.com/f-e/cafes/24000254/articles/7276405?boardtype=L&userDisplay=50&menuid=13&referrerAllArticles=false&inCafeSearch=true&query=%ED%99%98%EA%B8%B0&art=aW50ZXJuYWwtY2FmZS1hcnRpY2xlLXJlYWQtaW5DYWZlLXNlYXJjaC1saXN0.eyJ0eXAiOiJKV1QiLCJhbGciOiJIUzI1NiJ9.eyJjYWZlVHlwZSI6IkNBRkVfSUQiLCJhcnRpY2xlSWQiOjcyNzY0MDUsImlzc3VlZEF0IjoxNzg4MjMzMjIwNzU1LCJjYWZlSWQiOjI0MDAwMjU0fQ.mDZVQwoOIqPTYjZgHnsWb3RyVR67eV3SV4HWiQcPqFg&page=1,JKS
대구맘365,24000254,13,환기,대구산후도우미업체 참사랑어머니회 이용 후기 나눔,2026.01.22. 20:01,"참사랑어머니회 대구지점 3주 이용한 후기 공유합니다.
​
출산 전 산후도우미 업체를 이용하기로 결정하고 주변 지인들의 적극적인 추천으로 참사랑어머니회로 예약하게 되었습니다.
​
먼저 가장 중요한 아기 케어는 대만족이었습니다. 무엇보다 아이를 정말 예뻐해주셨고 배꼽이나 변 상태를 꼼꼼하게 체크해주시고 중간에 분유와 젖꼭지를 바꿀 때도 잘 도와주셨습니다. 신생아는 목욕을 매일하지 않아도 된다고 하지만 관리사님이 계실 동안은 매일 씻겨주셨고 하나하나 단계별로 알려주셔서 저도 보고 배우며 큰 도움을 받았습니다. 아이가 잘 자지 않고 울며 보챌 때도 있었지만 아이를 안아서 달래주시는 게 항상 감사하고 믿음이 가 볼일이 있거나 산책 나갈 때 편하게 다녀올 수 있었습니다.
그리고 출산 후에 잘 먹어야한다며 매일 밥과 미역국, 2-3가지 반찬 등을 챙겨주셨습니다. 오전마다 저는 잠들어있었고 아기를 보면서 또 그새 음식을 뚝딱하셔서 맛있는 점심을 차려주셨어요. 솜씨가 너무 좋으셔서 이젠 못 먹는 게 너무 아쉬울 거 같아요. 매일 식사 후에 휴게시간도 다 못 챙기시고 환기에, 구석구석 청소와 이부자리 정리까지, 이 집에 살고 있는 저보다 더 깨끗하게 관리해주셨습니다. 덕분에 푹 쉬며 조리할 수 있었던 것 같아요.
​
""공주야 무럭무럭 잘 자라라~"" 하시며 마지막 인사를 나누었습니다. 짧다면 짧은 인연이지만 아이를 진심으로 아껴주신 게 느껴져 감사하고 아쉬운 마지막 날이 되었네요. 전옥란 관리사님 감사합니다. 대구산후조리원업체 참사랑어머니회 믿고 이용하세요~:D",참사랑이 규모가 큰 만큼 도우미분들이 많더라구요 | 참사랑 후기가 좋으네요! | 참사랑후기가 엄청 많네요 저도 산후도우미 업체 고민중인데 참사랑 믿고해도될까요?? | 네 좋았습니다~!,4,https://cafe.naver.com/f-e/cafes/24000254/articles/7224622?boardtype=L&userDisplay=50&menuid=13&referrerAllArticles=false&inCafeSearch=true&query=%ED%99%98%EA%B8%B0&art=aW50ZXJuYWwtY2FmZS1hcnRpY2xlLXJlYWQtaW5DYWZlLXNlYXJjaC1saXN0.eyJ0eXAiOiJKV1QiLCJhbGciOiJIUzI1NiJ9.eyJjYWZlVHlwZSI6IkNBRkVfSUQiLCJhcnRpY2xlSWQiOjcyMjQ2MjIsImlzc3VlZEF0IjoxNzg4MjMzMjIwNzU1LCJjYWZlSWQiOjI0MDAwMjU0fQ.epY0ANOcMvqzEDXBOOyBG8qGvuQiHi1biSHcjCpFYAc&page=1,JKS
대구맘365,24000254,13,환기,대구 리엘산후조리원 후기😊,2025.12.20. 19:33,"❣️리엘조리원 스위트룸 13박 14일 이용 후기❣️
​
둘째 임신 후 여러 조리원 후기를 비교하며 선택한 리엘산후조리원😊
​
✔️스위트룸으로 13박 14일 이용. 자연분만을 해서 모션베드는 필요 없었고, 첫째 때문에 남편이 함께 자지 못하다보니 스위트룸이면 충분하였음.넓은 창이 있어 답답하지 않고 환기도 시킬 수 있어 좋았음. 침대도 편하고 깨끗함.
​
✔️방에 도넛방석, 유축기, 젖병소독기, 아기침대(모자동실때사용), 드라이기, 휴지 있음.
✔️화장실도 넓고 매일 아침식사 시간 때 쓰레기 비워주시고, 청소 해주심.
✔️입실 시 조리원복과 수건 2장 제공.
수건은 처음에만 제공되니 그 후엔 개인 수건을 챙겨야하며 조리원복은 매일 새걸로 제공됨.
✔️냉장고와 개인물품 보관을 위한 수납장롱이 있어 편리함.
✔️갠적으로 멀티탭을 들고와서 좀 더 편하게 이용함.
세면도구, 손씻는 세정제 들고 오세요ㅎㅎ
​
밥이 맛있다고 소문난 리엘산후조리원.
건강하고 맛있는 식사. 아침마다 샐러드가 나와서 좋았음. 반찬은 뷔페식이고 밥과 국은 여사님이 자리로 가져다주심. 식사 챙겨주시는 여사님들이 어찌나 친절하신지 항상 기분좋은 식사였고, 텀블러를 식사전에 입구 트레이에 올려놓으면 식사 후에 따끈한 보리차를 텀블러에 가득 채워주심. 텀블러 꼭 챙겨가세요ㅎㅎ
​
✔️9층 : 상담실 /식당/ 신생아실 / 수유실 / 유축한 모유랑 깔대기  / 체온 및 혈압측정 / 사진 인화기
✔️9층 입구에 셀픽 기계가 있는데 하루에 1장씩 인화가능.
✔️수유실에 가면 선생님들이 모유 수유하는 법, 트름시키는 방법, 어떤 자세로 먹이는지 여러번, 아주 친절하고 상세하게 알려주심. 그리고 우리 아가한테 특이사항이 있다면 바로바로 알려주시고, 제가 궁금하거나 염려되는 부분 여쭤봐도 친절하게 답변해주심. 아기들을 예뻐하시는 모습이 믿고 맡길 수 있었음^^
7층 : 찜질방(골반교정기 / 온열돔 ), 교육받는 곳
​
✔️8층에는 마사지실이 있음.
2주 계약시 전신+가슴 마사지 1회 무료고, 추가 마사지는 회차에 따라 금액이 다름.
붓기도 빠지고, 가슴 케어도 해주셔서 젖돌기 시작할 때 큰 도움됨.
✔️베베캠 하루에 2번 시청가능.
10시40분~11시, 16시~16시20분.
✔️모자동실  매일 가능
(12시~14시 30분 제외한 모든 시간 가능)
✔️남편면회는 화,목 11~20시
토,일 1박 가능 일요일 20시까지 가능.
✔️조리원 연계 스튜디오에서 무료 본아트촬영해줌
✔️ 기저귀 : 르소메,  분유: 루비락
❣️첫째 때는 다른 조리원을 이용했었는데(지금은 없어진) 전체적으로 매우 만족 만족👏👏👏
무엇보다 내 아기를 믿고 맡길 수 있어서 맘 편히 조리 할 수 있었음.
산후조리원 고민 중이신 분들께 리엘산후조리원 추천, 추천합니다😁👍","저도 리엘 산후조리원 예약했는데, 정말 깔끔하게 정리 잘해주셨네요! 감사합니다~남편 면회가 화, 목 밖에 안되는게 아쉽긴하지만 리엘 선택하길 잘 한 것 같아요 ㅎㅎ앞으로의 네 가족 화목하고 행복하게 지내시길 바라요~ | 후기정보가 많이 도움이 되었습니당 😀",2,https://cafe.naver.com/f-e/cafes/24000254/articles/7201242?boardtype=L&userDisplay=50&menuid=13&referrerAllArticles=false&inCafeSearch=true&query=%ED%99%98%EA%B8%B0&art=aW50ZXJuYWwtY2FmZS1hcnRpY2xlLXJlYWQtaW5DYWZlLXNlYXJjaC1saXN0.eyJ0eXAiOiJKV1QiLCJhbGciOiJIUzI1NiJ9.eyJjYWZlVHlwZSI6IkNBRkVfSUQiLCJhcnRpY2xlSWQiOjcyMDEyNDIsImlzc3VlZEF0IjoxNzg4MjMzMjIwNzU1LCJjYWZlSWQiOjI0MDAwMjU0fQ.4nxyPnucS84COUrIuAA0GnEnnlV8W77ovaQZFZyaAzs&page=1,JKS
대구맘365,24000254,13,환기,38주 5일 카시트 세탁 후기,2025.07.03. 11:35,"🔸출산후기 내용은 ""출산 성공 바이러스""
에 게시글 작성해 주시기 바랍니다.
​
🔸""예비맘정보공유"" 게시판에 위 게시글 작성시
활동정지 및 무통보 삭제됨을 알려드립니다.
​
제가 게을러서.. 카시트 세탁을 이제야 맡겼네요
​
후기 많은 곳 찾아보다가 온리 베이비라는 업체로 선택했어요!
​
픽업 신청하면 정해진 날짜에 가지러 오시는데 집 앞에 카시트 놔두고 미리 차량등록 해드리니 속전속결로 가져가주셨어요 ㅎㅎㅎ
요렇게 카시트 꼼꼼하게 다 분해해서 사진도 보내주셔서 더 믿고 맡기길 잘했다고 생각했어요
​
​
세탁은 3일정도 걸렸어요
다 끝나면 요렇게 집 앞까지 안전하게 가져다 주셔요
​
그리구 문자로 주의사항이랑 받고나서 어떻게해야하는지 친절하게 알려주셔서 진짜 좋았어요
​
​
알려주신대로 비닐 벗겨서 환기중인데 다음엔 유모차 세탁도 맡기고 싶어요!",금액은 얼마에용?? | 홈페이지에서 예약했는데 회전형카시트 4.6만+이너시트 0.3해서 총 4.9만원이요! | 오 가격 생각보다 괜찮네용!,3,https://cafe.naver.com/f-e/cafes/24000254/articles/7067890?boardtype=L&userDisplay=50&menuid=13&referrerAllArticles=false&inCafeSearch=true&query=%ED%99%98%EA%B8%B0&art=aW50ZXJuYWwtY2FmZS1hcnRpY2xlLXJlYWQtaW5DYWZlLXNlYXJjaC1saXN0.eyJ0eXAiOiJKV1QiLCJhbGciOiJIUzI1NiJ9.eyJjYWZlVHlwZSI6IkNBRkVfSUQiLCJhcnRpY2xlSWQiOjcwNjc4OTAsImlzc3VlZEF0IjoxNzg4MjMzMjIwNzU1LCJjYWZlSWQiOjI0MDAwMjU0fQ.k2fehZ2asFkVhmWfklOfrtP0HlsX8nPAmxeFIIv4ZlU&page=1,JKS
대구맘365,24000254,13,환기,,,,,0,https://cafe.naver.com/f-e/cafes/24000254/articles/7009616?boardtype=L&userDisplay=50&menuid=13&referrerAllArticles=false&inCafeSearch=true&query=%ED%99%98%EA%B8%B0&art=aW50ZXJuYWwtY2FmZS1hcnRpY2xlLXJlYWQtaW5DYWZlLXNlYXJjaC1saXN0.eyJ0eXAiOiJKV1QiLCJhbGciOiJIUzI1NiJ9.eyJjYWZlVHlwZSI6IkNBRkVfSUQiLCJhcnRpY2xlSWQiOjcwMDk2MTYsImlzc3VlZEF0IjoxNzg4MjMzMjIwNzU1LCJjYWZlSWQiOjI0MDAwMjU0fQ.c6WC3orqsGtYRxqGgWDOl5SPhOdkQklwBriD6BWK5H0&page=1,JKS
대구맘365,24000254,13,환기,리엘산후조리원 vip룸 후기,2025.04.03. 10:26,"🔸출산후기 내용은 ""출산 성공 바이러스""
에 게시글 작성해 주시기 바랍니다.
​
🔸""예비맘정보공유"" 게시판에 위 게시글 작성시
활동정지 및 무통보 삭제됨을 알려드립니다.
​
병원에서 2박3일 입원을 끝내고 조리원으로 왔어요!
이쪽 동네에 산다면 다들 하시는 고민이
여성아이 산후조리원이랑 리엘산후조리원 비교겠죠?
저도 임신소식을 알고나서 블로그 글을 몇십개씩 읽어보고
최종적으로 리엘산후조리원을 선택했습니다 !
제가 이곳을 선택했던 이유는
남편의 출입이 가능하고 밥이 맛있다는 평
하지만 아쉽게도 지금은 남편은 토-일 1박2일만 출입이
가능합니다,, 😭
언제 바뀔지 모르니 예약전에 다시한번 확인해보세요~
여성아이는 남편이 상주한다면 같이 있을 수 있는걸로 알고있어요 ! (2025.03 기준)
그리고 밥은 역시 맛있습니다!
2박 3일간 여성아이에서 먹었던 밥은,,,,
진짜 그냥 병원밥
여기는 엄마가해주는밥 + 한번씩 나오는 특식
출산후에도 아주 잘먹는 저에게는 아주 만족스러웠어요!
이야기 나온김에 식당이야기 먼저 시작할게요!
​
​
특식나오는날에는 꼬박꼬박 남겨둔 사진!
아주,, 맛있습니다 💖
이모님들 손맛이 진짜 좋은것같아요 !!!
한그릇씩 더 먹고싶지만 열심히 참았습니다!
​
이건 특식 아닌 기본으로 나오는 밥인데요!
매일 샐러드가 나오고 정말 기본찬들인데
맛있어요,, ㅋㅋㅋㅋㅋ 엄마가해주는밥 느낌!
그리고 반찬만 떠서 자리에 앉으시면
밥이랑 국은 이모님이 자리까지 가져다주십니다!
국은 대부분 미역국이고 한번씩 다른국 나와요
또 리엘산후조리원은 보리차가 상시제공인데
식당오실때 텀블러 챙겨오시면 이모님이 담아주십니다!
식사시간 아니여도 식당으로 가면
항상 따뜻한 보리차가 있어요~
여기와서 생수를 한번도 안마셨네요 ㅋㅋ
보리차 맛있어요!
​
이제 룸 이야기를 하자면
결론적으로 무조건 VIP이상 예약하시는거 추천입니다!
마침 친구가 잠시 같이 입소해있어서
스위트룸을 가봤는데,,
VIP룸을 이미 봐버려서 그런지 제 방이 너무 좋더라구요
두 방의 차이는 방 크기와 창 크기, 침대차이 인것같은데
아무래도 혼자 있는 시간이 길다보니
창이라도 좀 크고 해가 잘 들어와야 덜 우울하더라구요!
스위트룸보다 VIP가 더 몇개 없는것같은데
임신소식을 알게되시면 빨리 예약하세요!! ⭐️
​
​
제가 2주간 머물렀던 방입니다!
대로변쪽으로 작은창 2개랑 뒷쪽으로 큰 창이있어요!
아침마다 환기시키기도 좋고
방 컨디션 아주 만족입니다..💚
​
​
이곳은 수유실입니다!
마침 수유콜이 왔는데 아무도 없어서 한장 찍었어요!
매번 우리애기들 배고플때마다 수유콜이 오는데요~
가셔도 되고 안가셔도 되고 자유이구요!
저는 대부분 다 갔어요! 내새끼 너무 보고싶으니..💖
가서 수유하면서 선생님들께 모르는것도 물어보고
여러가지 하는법들 알려주시니 좋았습니다!
선생님들도 얼마나 친절하신지 ,,
아기들을 사랑하시는게 느껴져서 너무 좋았습니다!
​
그리고 아기들 씻는시간을 제외한 모든시간에
모자동실이 가능합니다 !
그치만 저는 주말에 남편 있을때만 이용했어요!
혼자서는 어차피 수유실에서 매번 보기때문이죠!
그래도 주말에 방에 같이 있으면 얼마나 좋은지
자고 있으니 그렇겠죠? ㅋㅋㅋㅋㅋㅋ
집으로 가면 지옥 시작인가,, 후후
​
리엘산후조리원 교육은 여러가지가 있는데요!
대부분은 홍보용 교육이구요~
2주에 한번씩 원장님이 해주시는 교육이 있는데
이건 꼭 들으시는걸 추천드려요!
전반적인 신생아 관련 교육 진행해주십니다!
지금이야 선생님들이 다 해주시고 있지만
집에 돌아가는 순간 실전 육아 시작이니
미리미리 익혀두시는거 추천드립니다!
그리고 홍보성 교육도 저는 다 들어봤는데
그 안에서 유익한 내용들이 많아서 컨디션만 괜찮으시면
들으시는거 추천드려요!
​
아주아주 중요한 마사지 !
전 조리원에 있으면서 가장 만족한게 마사지인데요~
처음엔 금액이 크다보니 고민을 많이했지만
매일 받는거을 선택한게 아주 잘한것같아요 !
출산후에 조리원 들어와서 몸이 아주 안좋았는데
뭔가 엄청난 큰 회복이 되는건 아니지만
마사지를 받으니 몸도 마음도 조금씩 회복되는 느낌?
마사지사 선생님은 3분 계신데 랜덤 배정 같았어요!
받으면서 느낀건 누구든 다 좋으신것같은 느낌!
2주간 아주 잘 힐링했네요!
​
이제 내일이면 퇴소네요,,
벌써 걱정이 앞서지만 잘 할수있다고 생각하면서 !!!!
잘 키워봐야겠어요 ,, 👶
아무리 힘들어도 애기 보고있으면 힘이나더라구요!
집 가서도 잘해보자 아가 !!!! ♥️","방이 깔끔하니 좋네요!!^^ 넘고생 많으셧어요~ | 오오 저도 리엘 예약했는뎅 후기감사함돵 ,,,,,밥도 맛있어보이고 전 리엘이 마사지 맛집이라해서 좀 끌렸어요남편 평일에못오는건 좀 심심하지않으셨나요 ㅠ?그게좀 걸리더라고요 | 여성아이는 안가봤지만 지인들 후기 들어봤을땐 리엘이 더 나은것같아요!! ㅎㅎㅎ처음엔 좀 슬펐는데 조리원 생활이 너무 바빠서심심할틈이 없었던것같아요!! | 저도 리엘조리원 11월 예약했어요~ 수유콜은 보통 몇 시간마다 오나요? 모자동실하면 수유나 기저귀 갈게 해 주나요? | 수유콜은 애기 배고플때마다 와요 ㅎㅎ 늦은밤 아니면! 네 수유시간 겹치면 수유할거 챙겨주시거 기저귀 한개씩 같이 줍니당",5,https://cafe.naver.com/f-e/cafes/24000254/articles/6995259?boardtype=L&userDisplay=50&menuid=13&referrerAllArticles=false&inCafeSearch=true&query=%ED%99%98%EA%B8%B0&art=aW50ZXJuYWwtY2FmZS1hcnRpY2xlLXJlYWQtaW5DYWZlLXNlYXJjaC1saXN0.eyJ0eXAiOiJKV1QiLCJhbGciOiJIUzI1NiJ9.eyJjYWZlVHlwZSI6IkNBRkVfSUQiLCJhcnRpY2xlSWQiOjY5OTUyNTksImlzc3VlZEF0IjoxNzg4MjMzMjIwNzU1LCJjYWZlSWQiOjI0MDAwMjU0fQ.odLcNeniv0x3uSBprnLTkONMKdxLgmaJww-Am5OzCGs&page=1,JKS
대구맘365,24000254,13,환기,달서구 리엘산후조리원 2주 이용후기,2025.02.09. 20:40,"리엘산후조리원 VIP 2주 후기
임신 6주차, 심장소리 확인한 날 바로 산후조리원 예약부터 했습니다. 늦어질수록 방이 없다고 해서 저도 최대한 빠르게 알아봤어요.
처음에 조리원을 알아볼 때 집은 서구, 분만병원은 여성아이병원이었는데 조리원은 분만병원인 여성아이를 갈 지, 집 근처에 있는 조리원을 갈 지 고민을 했습니다.
그러다 서구까지 많이 먼 거리는 아니지만 일주일된 신생아를 데리고 서구까지 가려니 걱정이 되어서 분만병원 근처로 조리원을 알아보게 되었습니다.
분만병원을 비롯해 달서구에 있는 조리원을 다 검색해봤을 때 리엘 산후조리원이 가장 마음에 들었어요.
기본적으로 신생아 케어는 대부분의 조리원에서 신경을 잘 써주시겠지만 신생아실이 오픈되어 있어 언제든지 내 아기를 볼 수 있다는 점,
원하는 때 언제든 모자동실이 가능하다는 점이 가장 마음에 들었습니다.
또 리엘산후조리원은 방이 깔끔하고, 모션베드가 있다는 점, 밥이 맛있고, 따뜻한 보리차를 마실 수 있다는 점이 추가적으로 좋았어요.
실제로 6주차에 병원 진료가 끝나고 당일 예약해서 상담을 받으러 갔었고, 실장님께 상담을 받았는데 실장님의 친절하신 상담과 타조리원에 비해 합리적인 가격에 바로 vip로 예약하게 됐어요.
제가 상담갔을 때도 vvip는 이미 마감이 됐더라구요. 리엘산후조리원은 산모들에게 인기있는 달서구 조리원이기때문에 되도록이면 심장소리 확인과 동시에 예약하시길 추천드립니다!
​
출산 후 남편이 출산 당일 퇴원 후 조리원 입실 날짜를 전달드렸고
다행히 대기해야할 것 같다는 얘기는 없었습니다.
통화 후 입실 준비물 안내를 한 번 더 받았고, 덕분에 필요한 물품 중 준비를 미처 하지 못한 것들은 병원 입원 기간에 구매를 했습니다.
​
입실 당일은 평일이라 남편 출입이 불가하지만 남편이 짐을 올려주고 함께 짐을 풀 수 있도록 여유시간을 주신 덕에 남편이랑 작별인사도 넉넉하게 할 수 있었어요😭
배정받은 vip룸은 테라스가 있었고, 날이 추운 관계로 테라스는 이용하지 않았지만 방에서 음식을 먹으면 환기 시키기 좋았어요.
예약할 때는 없었던 수유의자가 생겼고, 각 방에는 드라이기와 소독기가 준비되어 있었습니다.
수유의자가 정말 편하더라구요. 소독기는 유축하기 전 젖병, 깔때기를 보관하는데 용이했습니다.
처음 왔을 때 부종이 좀 있어서 다리가 아팠는데 모션베드 덕분에 다리를 올릴 수 있는 점도 좋았어요.
​
화장실도 생각보다 엄청 넓었고, 곰팡이나 물때없이 깨끗했습니다.
vvip실을 제외하고 다른 방들은 7,8층이라 신생아실, 식당 등이 있는 9층을 오갈 때 추울 수 있는데 가운이 있더라구요.
처음에는 너무 두껍다고 생각했는데 날씨가 많이 쌀쌀해지면서 가운 정말 필수였습니다!
디데이 달력도 있어서 모자동실할 때 사용하면 좋겠더라구요.
아침 8:00 점심 12:00 저녁 17:30
보통 반찬 3-4가지, 국, 밥이 나오는데 원하는만큼 반찬을 떠서 자리를 잡으면 밥과 국은 가져다주세요.
미역국이 대부분이지만 메뉴에 따라서 계란국, 된장국 등이 나올 때도 있었고 특식처럼 삼계탕, 돈까스, 함박스테이크 등이 나오기도 했습니다.
반찬 간은 많이 쎄지 않았고, 병원에서부터 간을 약하게 먹어서 그런지 빨간 반찬은 제 입에는 좀 매웠어요.(맵찔이 기준)
15:00 20:00 에는 간식이 제공되고 월,수,금 저녁은 따뜻한 죽이라 식당으로 가서 먹어야 해요. 나머지는 방 문 앞 트레이에 가져다 주십니다. 또 매주 목요일 15시는 리엘 간식데이로 식당에 여러 다과를 준비해주세요. 과일, 떡, 과자 등 다양하게 있어서 좋았고 빵, 피자, 요플레 등 상황에 따라 메뉴가 달라져서 맛있게 먹었습니다.
산모들을 위한 다양한 교육프로그램도 마련되어있는데 저는 원장님 신생아 관리 교육을 제외하고는 마사지, 수유콜 등등의 이유로 못들었어요. 제 방이 있는 7층 교육장에서 진행되는데 교육 소리가 들리니 못들어본게 아쉽더라구요ㅠㅠ 초산맘이라면 들어보는 것도 추천합니다!
​
입실 첫 날 무료 마사지를 받을 수 있는데 저는 설 당일에 입실이라 마사지 선생님 휴무였고, 다음날 받게 되었습니다.
마사지라고는 한 번도 받아본 적이 없는데다가 제왕절개를 하면 복부가 약하게 들어가서 아쉽다는 산후 마사지 후기를 봐서 크게 기대하지 않았어요. 그런데 받자마자 생각이 완전 바뀌었답니다..!
우선 마사지 선생님은 랜덤으로 배정되는 것 같았고, 제 담당 선생님은 정말 좋으셨어요. 입실 첫 날부터 낯선 환경에서 멘탈이 많이 무너져있었는데 멘탈케어부터 초산이라 아무것도 몰랐던 수유텀, 수유시간, 모유수유/분유수유에 대한 고민상담 다 들어주시고 알려주셨어요. 직수하면 유축안해도 되는 줄 알았다가 선생님 덕분에 유축하면서 젖몸살도 많이 줄었습니다.
마사지받으면서 부종도 많이 가라앉고 바르지 않은 자세로 인해 불편한 부분들도 다 풀어주셔서 정말 만족스러웠어요.
첫 날 받고 9회 결제했는데 퇴소 전 날까지 받을 수 있어서 너무 잘한 것 같아요. 단유 고민도 내 일처럼 들어주시고 약은 먹고 싶지 않다고 말씀드리니 최대한 안먹을 수 있도록 도와주셨어요. 데스크에 아이스팩도 빌릴 수 있다고 알려주셔서 단유 중에 아이스팩으로 도움도 많이 받았습니다. 마사지받은 건 정말 조리 중에 최고였어요!!
​
수유실 사진은 없지만 대신 남겨보는 수유 후 남긴 애기 발 사진
수유 첫 날 많이 우왕좌왕했지만 신생아실 선생님께서 직수, 단유 여부 확인하시고 어떻게 해야할 지 알려주셨어요.
선생님들께서 아기 제대로 안겼는지 제대로 물었는지까지 봐주셔서 서투르지만 금방 배운 것 같아요.
아기가 딸국질하거나 잘 먹지 않을 때, 궁금한 부분이 있을 때 수유실 안에 있는 벨을 누르면 오셔서 다 알려주시기 때문에 모르면 걱정말고 꼭 물어보세요!!
저는 병원에서 수유를 한 번도 해보지 않은 상태로 와서 정말 우왕좌왕하고 긴장도 많이 해서 애기 수유를 제대로 못하고 보충 수유도 거의 못했어요. 특히 트림시키는 건 더 어려워서 잘 못했는데 아기 신생아실로 보내면 침대를 살짝 세워서 아기를 바로 눕히지 않으시더라구요.
리엘산후조리원은 신생아실이 오픈되어 있어서 아기를 이렇게 바로 확인할 수 있고, 보고싶을 때 언제든 볼 수 있다는 점이 정말 좋았어요.
또 12:00-14:00에는 신생아실 환기, 청소, 목욕 시간이라 그 시간을 제외하고 언제든 모자동실이 가능한 점이 리엘산후조리원을 선택한 큰 이유 중에 하나였는데요.
첫째아이라 혼자서는 잘 볼 자신이 없어서 주말에 입실 가능한 남편이 왔을 때 모자동실을 했어요.
미리 신생아실로 전화 해 모자동실한다고 말씀드리고 각 방에 있는 아기 침대를 가져오면 본인 겉싸개를 해서 준비를 해주세요.
얼굴 부분에 바람이 들어가지 않도록 새 속싸개까지 살짝 덮어주시고 밥시간이면 젖병과 기저귀를 함께 챙겨주세요.
밥시간이 다가오면 언제쯤 수유해야하니 받으러 오라고 알려주셨고, 수유 직후 올라와서 다음 수유텀이 오면 신생아실로 전화드리면 미리 분유를 준비해주셔서 바로 가지고 올 수 있습니다.
신생아실 선생님들께서는 아기 한 명 한 명 태명 다 불러주시고 불러주실 때도 정말 다정하게 불러주시더라구요.
중간에 이름이 생기면 이름도 새겨주시고 이름으로 불러주세요.
정말 아기들을 예쁘게 봐주시는게 느껴졌고, 모유 강요가 없는 점도 좋았습니다.
하고 싶은 말은 정말 많지만 정말 만족스러웠습니다!
​
그 외에도 아기 사진을 하루 한 장 무료로 출력할 수 있는 셀픽, 하루 두 번 아기 영상 볼 수 있는 베베캠, 산모들을 위한 골반교정기, 온열돔 등이 잘 마련되어 있어서 좋았어요.
수유콜은 생각보다 자주 오지만 선택에 따라 자주 갈 수도 있고 쉴 수있어서 오히려 좋았어요. 처음에는 오는 수유콜을 다 가지 않으면 괜한 죄책감이 들었지만 컨디션에 따라 자주 갈 수 있으면 자주 가고 쉬고 싶으면 쉴 수 있다는 게 타의가 아니라 자의로 선택할 수 있어서 좋았던 것 같아요.
초반에는 혼자 방 한 칸에 갇혀있는 기분이라 우울감이 들기도 했지만 친절하신 선생님들 덕분에 금방 활력도 되찾을 수 있었고 편하게 조리할 수 있었습니다.
이제 이틀 뒤면 퇴소라는게 정말 믿기지 않을 정도로 시간이 빨리 갔고, 정말 아기를 믿고 맡길 수 있는 조리원에 온 것 같아 마음이 뿌듯하네요. 남은 이틀도 편안하게 쉬다 갈 수 있을 것 같습니다:)
리엘산후조리원 선생님들께 정말 감사드려요.
​",저는 다른 산후조리원 예약했지만제가 예약한곳말고 다른곳은 어떤가 궁금했는데 글 잘봤어요~^^느낌이 신식? 이고 깨끗해서 좋아보여요 | 저도 일단 리엘 예약해 뒀는데 엄마한테는 촤고인것 같아요~~~^^ 알아보다보니 궁금한게 많아져서..ㅎㅎ혹시 모유수유 하셨나요? 모유수유하면 수유콜 항상 해주시는지 궁금해요. 어떤데는 이미 애기한테 모유수유를 충분히 했는데도 분유를 보충수유 한다고 하더라구요. 리엘은 어떤지 궁금하네요.,2,https://cafe.naver.com/f-e/cafes/24000254/articles/6950476?boardtype=L&userDisplay=50&menuid=13&referrerAllArticles=false&inCafeSearch=true&query=%ED%99%98%EA%B8%B0&art=aW50ZXJuYWwtY2FmZS1hcnRpY2xlLXJlYWQtaW5DYWZlLXNlYXJjaC1saXN0.eyJ0eXAiOiJKV1QiLCJhbGciOiJIUzI1NiJ9.eyJjYWZlVHlwZSI6IkNBRkVfSUQiLCJhcnRpY2xlSWQiOjY5NTA0NzYsImlzc3VlZEF0IjoxNzg4MjMzMjIwNzU1LCJjYWZlSWQiOjI0MDAwMjU0fQ.Q7hCHjndKCcUPnFvsDdepu_jkzZOlGsaBaOKQUIuiuw&page=1,JKS
대구맘365,24000254,13,공기,여성메디파크 조리원 vip실 13박 14일 후기,2026.08.24. 10:47,"임신 사실을 알게된 순간부터 조리원은 무조건
여성메디파크로 가야겠다고 생각하고
다른 곳은 비교해보지도 않고 바로 예약했습니다!
제가 생각한 여성메디파크 조리원의 장점은
1. 남편이 함께 이용할 수 있다(+남편 식사 해결!)
2. 가족들이 아기를 만나러 올 수 있다
3. 식당이 아닌 방에서 남편과 함께 밥을 먹을 수 있다
4. 소아과가 연계되어있어 빠른 대처가 가능하다
이런 장점을 보고 예약을 했고,
출산 후 실제 이용을 해본 후 정말 만족한 부분에 대해
추가로 더 이야기해볼까 합니다!
​
1.  조리원 팀장님의 세심한 관리
저는 분만은 타병원에서 하고 여성메디파크 조리원만 이용하였는데 병원에서 조리원으로 오기 직전에 몸에 이상을 느껴 대처를 하지 못한 채로 조리원에 입소하게 되었습니다. 밤에 숨을 쉬기 어려워서 앉아서 선잠을 자게 되었고 출산 전 이상이 없던 혈압도 갑자기 높아진 상황이었는데 이러한 이야기를 들은 팀장님께서 원내 내과에 진료를 잡아주셨고, 거기서 이상소견을 발견하여 외부병원에 진료를 보러 가게 되었습니다. 처음 겪는 상황에 혼란해하고 있는 저에게 많은 위로를 해주셨고, 빠른 이동을 위해 병원 내 구급차까지 지원을 해주셔서 출산 후 생긴 질병을 빠르게 발견할 수 있었습니다. 조리원에 있는 내내 체온과 혈압도 하루 두번 잊지 않고 체크해주시고, 매일매일 컨디션도 확인해주셔서 조리원 내에서 완치 판정을 받고 곧 퇴소할 예정입니다! 제 몸의 변화에 대해 어떻게 대처해야 하는지, 어떤 문제가 있는지 조차 제대로 인지하지 못하는 초산모라 그저 모든게 무섭고 힘들기만 했는데 차분히 이야기 들어주시고 빠른 대처를 해주신 팀장님께 다시 한번 감사드립니다!!
​
2. 마사지⭐️⭐️⭐️⭐️⭐️
저는 원래 마사지를 별로 좋아하지 않는 사람이었습니다. 아프고 멍드는데 왜 돈주고 아픔을 사는거지? 라고 생각하던 사람이었습니다. 그런데 출산 후 생긴 질병으로 인해 몸이 많이 붓고, 부종으로 인해 더 아픈 상황이었습니다. VIP실을 이용하다보니 가슴마사지, 전신마사지 1회를 무료로 받을 수 있어서 입소 후 마사지를 이용하게 되었고, 제 발과 몸을 보신 선생님께서는 정말 친엄마처럼 안타까워 하시며 정말 열심히 저를 관리해주셨습니다. 단 한번 마사지를 받았을 뿐인데 확연히 달라진 몸의 변화를 느꼈고, 그 후로 꾸준히 매일매일 관리를 받았습니다! 저는 살기 위해 마사지를 받아야 한다고 할 정도로 매일 출근도장 찍었습니다ㅋㅋㅋ 처음엔 아파서 손도 못대고(물론 단호하게 조져주셨지만) 살려달라고 소리도 지르고 했는데 회차가 지날 수록 아픔도 줄어들고 부종도 다 빠져서 발목이 임신 전보다 더 가늘어졌습니다🥹
긴 말 필요없이 비포-애프터 갑니다!
이렇게 확연한 차이가 눈에 보이는데 어떻게 출근도장을 안찍을 수가 있을까요🥲 가격이 비싸다고 주저하시는 분들이 있으시다면 절대 후회는 없으니 마사지는
무조건 받으시라고 말씀 드리고 싶습니다!!!! 우리 몸은 출산 전과 많이 달라졌기 때문에 그만큼 세심한 관리가 필요한데 정말 엄마의 마음으로 신경써주시기 때문에 만족도가 상당히 높으실거에요! 마사지 받는 내내 대화도 너무 유쾌했고, 이런저런 고민도 잘 들어주시고, 명쾌하게 얘기해주셔서 감사했습니다!(아, 제가 받은 관리는 마유 마사지 입니다😊)
3. 신생아실 선생님들의 다정함
분만병원에서 퇴원하는 날 아기 엉덩이가 빨갛게 까진 것을 확인했고, 조리원 오자마자 엄마가 아파서 병원투어를 하느라 신생아실에 이러한 내용을 전달하지도 못했는데 먼저 발견하시고는 케어해주신 점, 그리고 머리숱 없는 아기도 깨끗하게 씻겨서 한올한올 정성껏 빗어주신 점(촌스럽다고 생각하시면 다른 스타일로 빗겨주신다고도 하셨는데 빗길 머리카락이 없어요 우리 애는🤭) 까지 입소하자마자 만족도가 높았습니다! 갑자기 발견된 질병으로 인해 약을 먹게 되었고 수유를 못하게 된 사실에 울고 힘들어했는데 그러한 부분을 섬세하게 캐치해주시고 위로해주신 덕분에 몸도 마음도 많이 좋아질 수 있었습니다. 정말 모든 선생님들이 아기를 사랑으로 케어해주시는게 느껴져서 저는 제 몸 돌보는 것에만 신경쓸 수 있었습니다!
​
그 밖에 깔끔한 시설도 쾌적한 공기질도 모든게 마음에 드는 여성메디파크 조리원이였습니다.
둘째 낳게 되면 또 방문하겠습니다😀",,0,https://cafe.naver.com/f-e/cafes/24000254/articles/7375608?boardtype=L&userDisplay=50&menuid=13&referrerAllArticles=false&inCafeSearch=true&query=%EA%B3%B5%EA%B8%B0&art=aW50ZXJuYWwtY2FmZS1hcnRpY2xlLXJlYWQtaW5DYWZlLXNlYXJjaC1saXN0.eyJ0eXAiOiJKV1QiLCJhbGciOiJIUzI1NiJ9.eyJjYWZlVHlwZSI6IkNBRkVfSUQiLCJhcnRpY2xlSWQiOjczNzU2MDgsImlzc3VlZEF0IjoxNzg4MjMzMjMyOTk2LCJjYWZlSWQiOjI0MDAwMjU0fQ.Hxc3hbh544ELwPNeahhUWXYBxYBY9Q0JsUeoHJewLCg&page=1,JKS
대구맘365,24000254,13,공기,알집매트 내돈내산 솔직후기 (완전비추),2026.08.23. 21:49,"간단히 음슴체로 하겠습니다😇
​
다른 매트 시공 후 3년정도 사용하고 이사오면서 매트 시공 을 다시 알아봄
박람회에서 여러 매트브랜드 알아봤고 알집매트가 금액이 제일 비쌌고 전에 사용하던 매트가 2년정도 사용하니 기포자국같이 매트에 올라와서 계약할때도 상담하시는분께 기포같이 공기방울이 올라왔었어서 스트레스받았었다,
얘기하니깐 그때의 그 매트와 지금 매트의 소재?가 달라서 그럴일 없고 여태 그런 컴플도 없었다하심
​
340만원 정도길래 비싼 이유가 있겠지 싶어서 계약완료..
​
그리고 시공했는데 한두달 정도 뒤에 내가 말한 그 공기방울 기포가 2-3장에 올라와있는게 아님..;;?
그래서 연락하고  as하러 오셨을때
지금 시공한지 얼마됐다고 벌써부터 이런게 생기면 무조건 또 생길꺼같아서 혹시 불량인거아닌지, 이런 as가 없었냐고 물으니까 이런적 거의없다함;
그래서 무료 as기간이 6개월인데 그이후에 또 이렇게 되면 어떡하냐고 나는 분명 공기방울 때문에 스트레스받아서 계약 상담할때도 분명 물어보고 더 비싼돈 주고 시공했는데 벌써부터 이러니까 당황스럽다니깐
거기에 대한 답변 안하고 일단 괜찮을수도있으니깐 일단 지켜보세요~ 하고 가심ㅋㅋㅋㅋㅋㅋㅋ
​
그리고 시공한지 8개월째
역시나 또 공기방울이 2장에 올라와있어서
연락하니까 바로 무료as기간 지났다고 안해준다함 ㅋㅋㅋ
그러고는 소모품이라서 어쩔수없다는 식으로 말하길래
아니 박람회때 상담하시는분이 기포같은거 안생긴다해서 계약한건데 지금 몇년이 지난것도 아니고 1년도 안지났는데 이러는거면 사기 아니냐고 이렇게 시공하면 끝이냐니까 자기네들은 그렇게 교육한적 없다하심 ^^
​
아니 그럼 내가 왜 타브랜드보다 비싼데 여기서 했겠냐고...
오히려 날 예민하단식으로 얘기함
300만원 넘게주고 시공했는데 이딴 매트였으면 애초부터 알집매트 안했겠죠
암탄 시공 끝났고 as기간 끝났으면 바로 나몰라라 합니다 ^_^
대기업이라 배가 아주 부른듯
후기들 올라온건 다 광고라고 생각하심 됩니다 ^^^^
​
이번에 알집 폴더매트들에서 유해물질 검출되서 리콜 하고있는 상황이라서  아주 말 많던데 이매트는 과연 괜찮을지 의문 ^^
여러분 진짜 잘알아보세요...
일단 저처럼 박람회에서 낚이지 마시길.. ㅠ
as했을때 제대로 안끼워져서 매일 밟아도 저딴식으로 올라와있음 ㅡㅡ 저거 다시해달라니까 출장비 달라하심ㅋㅋㅎ
​",참고하겠습니다!,1,https://cafe.naver.com/f-e/cafes/24000254/articles/7375314?boardtype=L&userDisplay=50&menuid=13&referrerAllArticles=false&inCafeSearch=true&query=%EA%B3%B5%EA%B8%B0&art=aW50ZXJuYWwtY2FmZS1hcnRpY2xlLXJlYWQtaW5DYWZlLXNlYXJjaC1saXN0.eyJ0eXAiOiJKV1QiLCJhbGciOiJIUzI1NiJ9.eyJjYWZlVHlwZSI6IkNBRkVfSUQiLCJhcnRpY2xlSWQiOjczNzUzMTQsImlzc3VlZEF0IjoxNzg4MjMzMjMyOTk2LCJjYWZlSWQiOjI0MDAwMjU0fQ.s2iUxltdF7QMr40bbS8qpPWGBuO-0X1MgwgCeJdQbh0&page=1,JKS
대구맘365,24000254,13,공기,칠곡3지구 웰산후조리원 솔직 후기💕,2026.08.09. 23:54,"칠곡3지구 웰산후조리원 솔직 후기💕
​
출산 후 어디에서 몸조리를 할지 정말 고민이 많았는데, 저는 친정근처에 있는
웰산후조리원
을 이용하고 정말 만족해서 후기를 남겨봅니다.
​
​
✔️
식사
뷔페식으로 되어있어서 원하는만큼 알아서 먹을수 있고 한번씩 차려주시는 날도 있어서 대접받는 느낌이 들었어요
간식과 야식도 다 직접 만들어서 주시는것 같구
이렇게 많이 먹어도 될까 싶을정도로 맛있게 많이 먹었네요
​
✔️
방 컨디션
저는 5층 일반실에 2주 있었는데 호텔처럼 깔끔했고 공기청정기, 냉온정수기까지 갖춰져 있어 생활하기 편했습니다. 특히 템퍼 모션베드 덕분에 제왕절개를 한 저에게는 너무 많은 도움이 되었어요.
또 침구류 역시 만족스러웠어요
​
✔️
깨끗한 시설
리모델링을해서 전체적으로 시설이 깨끗하게 관리되어있고 세탁도 망에 넣어서 내놓으면 다 해주셔서  따로 신경 쓸 일이 거의 없었어요.
​
​
✔️
산모 중심 수유 시스템
수유 참여가 자유로워 컨디션에 맞게 할 수 있었고, 강요하는 분위기가 아니라 좋았습니다. 그리고 여기 조리원은 다른곳에는 없는 허그룸이 있어서 남편이랑 같이, 남편 혼자서도 수유를 할수 있어서 가장 좋았어요
아쉬운 점은 허그룸 공간이 너무 협소하다는것!!
요즘은 남편들의 육아참여도가 높아서 항상 허그룸에 가면 만실~~
​
​
✔️
마사지
입실하면 연락이 오는데 서비스1회 받고 좋아서 저는 2번 관리사분께 스톤마유관리 7회 추가했어요
입실하기전부터 젖몸살이랑 두통으로 엄~~청 고생했는데 관리받고 너무 살것 같았어요
몸무게도 많이 빠지고 가슴때문에 진짜 힘들었는데 수시로 봐주셔서 완전 추천해요
그리고 초보엄마인 저에게 많은 정보도 주시구 조리원에서 유일하게 맘편히 대화를  나눌수 있는 시간이여서 마지막 날엔 진짜 넝 아쉬웠네요ㅠㅠ
​
✔️
각종 시설
저는 5층방을 사용했는데 5층에는 파라핀기, 반신욕기, 골반교정기, 발마시지기,그리고 가장 많이 이용한 사진인화기 등이 있어서 잘 사몽했던것 같아요
​
그리고 웰조리원은 외출이 가능하다는 장점이 있는데 주말에는 남편이랑 외식도 할수 있었고 근처에 다양한 편의시설이 있어 조리원생활이 훨씬 덜 답답했던것 같아요
​
생각나는대로 두서없이 적어보았는데 지금은 조리원 생활이 정말 그립고 개인적으로 만족도가 높았던 조리원이었습니다.😊
​",웰 산후조리원애기 분유 정보 알 수 있을까요???! | 남양 아이엠마더 먹였어요~~ | 좋은 정보 감사해요 | 정보 감사해용! | 정보 감사합니다~!!,5,https://cafe.naver.com/f-e/cafes/24000254/articles/7364895?boardtype=L&userDisplay=50&menuid=13&referrerAllArticles=false&inCafeSearch=true&query=%EA%B3%B5%EA%B8%B0&art=aW50ZXJuYWwtY2FmZS1hcnRpY2xlLXJlYWQtaW5DYWZlLXNlYXJjaC1saXN0.eyJ0eXAiOiJKV1QiLCJhbGciOiJIUzI1NiJ9.eyJjYWZlVHlwZSI6IkNBRkVfSUQiLCJhcnRpY2xlSWQiOjczNjQ4OTUsImlzc3VlZEF0IjoxNzg4MjMzMjMyOTk2LCJjYWZlSWQiOjI0MDAwMjU0fQ.LM_oa4iNAK3CgLyLJJEglNaty1YhNdf41P3XFy-Rpn8&page=1,JKS
대구맘365,24000254,13,공기,대구 더블유 여성병원 조리원 특실 후기,2026.07.17. 15:05,"안녕하세요~ 이번에 7월 중순에 급하게 더블유여성병원에서 출산하고 병원 바로 위에 연계되어 있는 조리원에서 조리중인 산모입니다!
​
우선 대구 더블유 여성병원 조리원을
제가 선택한 이유는 첫째 분만병원 바로 위여서
아기를 데리고 바로 갈 수 있다는 장점과 병원이 밑에 있다 보니 의사선생님께 진료를 받으러 갈 때
편하다는 장점이 있어서 선택하게 되었어요!
​
둘째 외출불가/ 남편 외 외부인 방문 불가로 코로나 감염이나 위생적인 측면에서는 우수하다고 판단했구요!
​
셋째 합리적인 가격 메리트가 너무 컸어요 특실 기준 200만원 중반에 대구로페이 가능하고 카드 분할로 결제도 가능했거든욤!! 사실 평균 조리원 비용이300-400만원인데 이정도면 정말 가성비 갑이죠ㅎ
​
저는 그 중에서 특실(7층)을 이용했는데 가격적인 측면에서는 정말 가성비 갑이라고 생각합니다.
​
제일 중요한 특실 방을 공유를 하자면...!
​
1. 특실 방
확실히 방이 넓어서 좋았습니다. 일반실을 하려다가 2주 동안 있는데 너무 고시원 같은 느낌이라 답답해서  입원실은 4인실로 이용하고 조리원은 돈을 좀 더 주고 특실로 예약을 했네요!
서랍밑에 드라이기 있구요! 공기청정기도 있습니다
화장실도 방안에 있긴 있고 당연히 비데가 되기도 합니다! 단점으로는 좀 좁아서 넓게 사용하시고 싶은 분들은 7층에 있는 샤워실을 이용하면 될 거 같아용!
저는 화장실 내 샤워로 충분 했습니다
​
2. 7층 내부
7층은 하늘색으로 벽지가 되어있고 예약 상담은 여기서 하시면 됩니다. 당연히 세탁물도 일요일 제외하고는 매일 정오12시전까지만 두시면 세탁도 해주시고 그 다음날 오전 10시30분쯤 놓아두십니다
​
3. 6층 내부 : 식당, 신생아실, 수유실, 휴게실
6층은 일반실이 있는 곳이지만 사실 이동하기에는 6층이 편하긴 합니다. 수유실, 신생아 면회, 식당, 조리원 프로그램 등 전부다 6층에서 하기 때문에 일반실을 이용하는 것도 괜찮은거 같아요 ~ 신생아 실 면회는 4번 정도 정해진 시간이 있지만 사실 밤11시 이전이면 언제든 볼 수 있습니당
​
4. 식사
그리고 식사 역시 더블유여성병원 입원할 때부터 느꼈지만 정말 맛있습니다!!!  병원 밥이라서 기대를 안했는데 미역국도 계속 나왔는데도 넘 맛있어서 계속 먹었던거 같아요 조식은 룸서비스로 제공되며, 나머지 점심,간식,저녁,야식까지 있는데... !!
살을 빼고 가야할 거 같은데 밥이 맛있다 보니 더 찔수도 있을 거 같다는 생각이 들었네요~ ㅋㅋㅋㅋ
​
아직 3일차라 11일 정도 더 있어야 하지만 산책할 공간이 적은 거 빼고는 다 만족하고 있네용!!
​
확실히 병원 위에 있는 조리원이다 보니 코로나 감염관련해서는 엄격하게 관리하는 느낌이었습니다
그래서 더 믿고 맡길 수가 있었고 맘 편하게 조리원 생활을 즐기고 있습니다! 만약 더블유 여성병원에서 분만 예정인 분들은 여기 조리원 이용하는 것을 강력히 추천드립니당!!!!
​
참고로 특실 이용시 요렇게 선물로 주십니당 >_<
​",좋은정보 감사해요~,1,https://cafe.naver.com/f-e/cafes/24000254/articles/7347572?boardtype=L&userDisplay=50&menuid=13&referrerAllArticles=false&inCafeSearch=true&query=%EA%B3%B5%EA%B8%B0&art=aW50ZXJuYWwtY2FmZS1hcnRpY2xlLXJlYWQtaW5DYWZlLXNlYXJjaC1saXN0.eyJ0eXAiOiJKV1QiLCJhbGciOiJIUzI1NiJ9.eyJjYWZlVHlwZSI6IkNBRkVfSUQiLCJhcnRpY2xlSWQiOjczNDc1NzIsImlzc3VlZEF0IjoxNzg4MjMzMjMyOTk2LCJjYWZlSWQiOjI0MDAwMjU0fQ.InsTeZoocLEhUPGZe9HpnA1otx4ZfLxNlRoJlFgAzgQ&page=1,JKS
대구맘365,24000254,13,공기,대구 동구 아델리아 산후조리원(feat. 베르나인 마사지★) 내돈내산 후기,2026.06.27. 14:28,"이른둥이 쌍둥이를 35주에 출산하고 아기들이 니큐에 가게되어 10일동안은 집에서 남편이 몸조리를 해주었어용
잘 먹고 잘 쉬었지만,, 몸의 회복은 더디고 붓기는 안빠지고,, 온몸의 관절들은 아파지기 시작하더라구용!!
다행히 아기들이 늦지않게 퇴원하게되어 바로 조리원으로 출바르 했답니당ㅠㅠ!!
​
요즘 산후조리원 예약하기가 힘들잖아요....?
임신 7주쯤 심장소리를 듣고 집과 가까운 대구 동구, 수성구 위주로 알아보고 있었습니당
하지만 다들 예약이 꽉차있었고,, 대기도 불가한 상황,,! 운 좋게도 아델리아 산후조리원 스탠다드 룸 예약이 가능해서 디럭스룸 이상을 원했지만 스탠다드룸으로 예약 진행했었습니다!
디럭스룸 이상만 모자동실이 가능해서 디럭스룸을 원했지만, 쌍둥이인 경우에는 모자동실할 경우 산모가 쉴 시간이 없고 힘들거라고 하셔서 차라리 잘된거다 생각했습니다
​
1. 식사
아델리아 산후조리원은 식사로 유명하기도 하죠? 아침과 저녁식사는 뷔페식으로 먹고 점심은 특식으로 나옵니다
편식쟁이인 저는 솔직히 점심은 정말 맛있었는데여!
아침과 저녁식사는 쏘쏘 했습니당..ㅎ
다른 후기들과도 비교를 해보니 2주씩 식단이 짜져있는것 같더라구요? 미역국도 황태미역국, 조개미역국, 소고기미역국 골고루 나옵니당 ㅎㅎ 물리진 않아요!
​
간식은 존맛입니다;; 점심식사 이후 오후 간식은 간단한 분식, 빵, 과일 등이 나옵니다! 야식은 빵 위주와 음료 주십니다. 야식에서 나오는 빵들은 꽤나 퀄리티가 높습니다.. 후후ㅎ 직접 만드시는것 같은데 맛있어요 ㅠㅠ!!
그리고 과일들은 제철과일들로 나오는것 같은데 당도가 죽입니댜…ㅋㅋㅋ
​
​
​
​
2. 시설
저는 위에서 말씀드렸다시피 스탠다드룸으로 예약을 했었는데용! 운이 좋아서 그런지 제 방은 모션베드가 있는 방이였습니다!! 스탠다드룸이라고 해서 모든 방이 모션베드가 있는건 아니에요! 전 운이 좋았습니다 하핫ㅎ 베드 세워서 티비보는게 꿀이였습니당,, 집에 들이고 싶었던,,,ㅎ!! 방에는 TV, 드라이기, 공기청정기, 유축기가 있습니다.
앗참 휴지도 항상 구비되고 리필해주시니 따로 안챙기셔도 돼요
​
​
그리고 공용공간인 다목적실엔 빨래를 두는 빨래통과 쓰레기통, 모유를 두는 냉장고와 전자레인지, 정수기가 있습니다. 방에서 유축한 모유를 냉장고에 두고 사용한 깔대기는 수거함에 두시면 2~3시간 뒤에 세척과 살균된 깔데기가 깔대기 함? 에 놓여져있습니다.. 집에서 항상 유축하고 깔대기 설거지하다 보니까 정말 힘들었는데 조리원에선 깔대기도 세척해주시니 얼마나 감사했는지 몰라요 ㅠㅠ
​
​
그리고 공용 거실엔 사진인화기, 반신욕기, 골반교정기 등이 있습니다!! 사진인화기는 산모는 하루에 한장씩 총 8장 뽑을수 있고 남편은 총 2장까지 뽑을수있어요!! 미루지 말고 매일 사진 인화하는게 좋습니다.. 전 미루고 미루다가 6장밖에 못뽑고 퇴소했어요 ㅠㅠ 아쉽쓰,,, 그리고 식사를 다 한 산모님들 공용 거실에 모여서 수다도 떨고 합니당 ㅎㅎ
모든 공용 시설들을 이용해보는게 좋은데 다 이용하지 않고 방구석에서 티비만 본 나,, 반성합니다,,
​
​
​
3. 아기 케어 및 수유
3층에는 신생아실이 있습니다! 신생아실 뒤? 옆?에 수유실이 있어 수유콜이 오면 3층 수유실로 가 아기들을 만나고 했답니당.. 조리원 입소 전에는 수유콜 좀만 가면 되지 모~ 했지만 막상 가보니 아기들이 너무 예뻐 거의 빠짐없이 수유콜 다 나갔답니당 ㅠㅠ..
몸은 힘들고 지치고 많이 졸린데요.... 그래도 막상 아기들 보면 너무 예뻐서 힘든것도 잊혀집니당..
그래도 자기 몸을 생각한다면 보충해주세요~ 다음 타임때 불러주세요~ 하면 선생님들이 보충수유 잘 해주시니 걱정안하셔도 돼요!!
퇴소가 코앞으로 다가왔을땐 너무 피곤해서 정신을 못차리겠더라구요ㅠㅠ 수유콜이 왔을때 힘든게 보였는지 신생아실 선생님이 푹 자라고 먼저 말씀해주시는데 호르몬의 노예인 나,, 감동이였습니다,,!
그리고 모유수유 고민이나 수유자세 등 힘들거나 고민이 있음 목요일 저녁이나 밤에 수유콜 꼭 가세요! 원장쌤이 오셔서 직접 코치해주시고 상담해주시는데 엄청 도움이 많이 됩니다 ㅠㅠ!!
​
그리고 아델리아 산후조리원은 따로 분유를 안챙겨가신다면 쏭쓰오가닉 1단계 분유를 먹인다고 합니당! 저는 처음에 조리원에서 먹이는 분유로 아기들 줘야지 했다가 무난하고 접하기 쉬운 앱솔루트 명작을 주변에서 추천받았는데요..? 명작을 사서 조리원에 갖다드리니 퐁당퐁당으로 분유를 갈아타주셨습니다!! 집에서 따로 안갈아타도 되니 넘 좋았어요!
쏭쓰오가닉은 조리원 구매시 쿠팡보다 싸니 참고하세요!
​
​
​
4. 교육
월요일부터 금요일까지 매주, 격주로 2,3층 공용 거실에서 출산, 육아 관련 교육이 진행되고 있습니다! 월요일 수업 빼고는 모두 매주 진행되는데용! 월요일 수업인 응급처치, 하임리히법 배우기는 오후 늦게 입실해서 듣진 못했습니당 ㅠㅠ.. 그 외에 아기 울음소리 관련 교육은 분유 광고가 있구 초점책은 웅진?에서 광고하신다고 하더라구용 ㅎㅎ 그리고 본아트 촬영은 원본사진을 돈내고 구매해야지만 받을수 있다고해서 따로 촬영하진 않았어요..! 그리고 금요일 아빠와 함께하는 목욕, 기저귀 가는 교육은 원장쌤이 직접해주시는 교육입니당! 질문도 받아주시고 아빠들도 직접 참여해서 듣는것도 좋은것 같아요!! ㅎㅎ
​
​
​
​
5. 마사지
조리원에 온 이유의 반은 마사지를 받기 위함이였는데요! 제왕절개 후 병원에 입원해있는 동안에는 임신때보다 더 빠졌다가 퇴원 후 집에있는 동안에는 코끼리 마냥 미친듯이 붓더라구요... 일반적으로 뒤늦게 조리원 갈 시점에 제왕절개 붓기가 온다고 합니다 ㅜㅜ 집에 있는동안 풀리오로 마사지도 해보고 주물주물 마사지도 해봤는데 심해지면 심해졌지 나아지진 않더라구요.. 그래서 조리원에 들어가자마자 서비스 마사지 받고 한번에 눈에 띄게 붓기가 빠지는것이 보였어요!
저는 바로 60분 10회권을 끊었습니다!! 10회권을 끊으면 헤드스파와 얼굴관리도 서비스로 받을수 있었습니당ㅎ
​
집에서와 조리원 마사지 이후 붓기차이 장난아니죠? 집에 있는동안 붓기가 심하다 보니 친정 엄마께서 걱정하신 나머지 우시면서 조리원 언능 들어가서 마사지 10회 받으라며,,,ㅠㅠ ㅋㅋㅋ
저는 1번방 선생님으로 배정받아서 진행했었어요! 산후조리원에서 랜덤으로 담당 마사지 선생님들을 지정해주시는것 같더라구요! 저는 미리 조리원 들어가기 전에 손맛 좋은 선생님이 누구인지 써치써치를 해보고 들어갔었는데요!
다행히도 제가 마음속으로 원했던 1번방 선생님이 배정되어 속으로 나이스를 외쳤답니당 ㅎㅎ
아마 예비 산모님들께서 원하시면 지정도 가능하지 않을까 싶어요?!
​
​
산후마사지 답게 산모 몸에 맞춰 진행해주십니다! 저는 임신 전에 마사지 매니아였는데요.. 강도가 쎈 압으로 받는걸 좋아했어요! 그래서 처음 마사지 받을때 ""선생님 쎄게 해주세요~"" 하고 요청 드렸는데 선생님께서 산후마사지는 강도 쎄게 하면 오히려 몸이 망가진다고 하시더라구요! 처음엔 약하게 진행해주시다가 마사지 10회차가 끝날 무렵 쯤엔 처음보다 강도가 높아져있었어요! 조리원 들어오셔서 수유하다 보시면 느끼시겠지만 어깨랑 뒷목이 장난아니게 뻐근해지고 아픕니다..ㅠㅠ 나름 신경써서 올바른 자세로 수유한다고 해도 아파요.. 그래도 어깨, 뒷목까지 싹~ 마사지 받고나면 그렇게 개운할수가 없습니다! 완전 추천합니다!!
​
그리고 제일 궁금하실것 같은 체.중.감.량!! 저는 쌍둥이 산모였었고 임신중에 빵과 과일을 무지하게 많이 먹었다보니 20kg 쪘어요...^^... 그땐 첨이자 마지막인 임신일수도 있으니 맘껏 먹을래!! 심보였습니다 ㅎㅎ...
출산전 몸무게 86kg로 앞자리가 두번 바꼈었어요..ㅎㅎ 병원에서 퇴원할땐 83kg로 퇴원했고 집에서 78~79kg까지 뺐습니다! 아마 애기들이 빠진 몸무게이지 않을까 싶어요!
조리원에 들어와서는 현재 74~75kg까지 뺐는데요! 아마 마사지로 붓기가 다 빠져서인것 같아요! 저는 삼시세끼와 간식도 두끼 다 챙겨먹었습니다 ㅠㅠ 적당한 식단조절과 간식을 안먹었더라면 더 빼서 나갔을수도 있을것 같아요!
빠른 붓기감소와 복직근 이개와 같은 몸 회복을 원하시면 베르나인 마사지 추천드립니다! (돈 여유가 있었더라면 90분 마사지 받았을거에요 ㅠㅠ!!)",,0,https://cafe.naver.com/f-e/cafes/24000254/articles/7332235?boardtype=L&userDisplay=50&menuid=13&referrerAllArticles=false&inCafeSearch=true&query=%EA%B3%B5%EA%B8%B0&art=aW50ZXJuYWwtY2FmZS1hcnRpY2xlLXJlYWQtaW5DYWZlLXNlYXJjaC1saXN0.eyJ0eXAiOiJKV1QiLCJhbGciOiJIUzI1NiJ9.eyJjYWZlVHlwZSI6IkNBRkVfSUQiLCJhcnRpY2xlSWQiOjczMzIyMzUsImlzc3VlZEF0IjoxNzg4MjMzMjMyOTk2LCJjYWZlSWQiOjI0MDAwMjU0fQ.E9e_TZ1cE9wBFs24eT8het7BOJHHAJJX1lN7IN3xunA&page=1,JKS
대구맘365,24000254,13,공기,대구 동구 아델리아 산후조리원(feat. 베르나인 마사지★) 내돈내산 후기,2026.06.27. 14:27,"이른둥이 쌍둥이를 35주에 출산하고 아기들이 니큐에 가게되어 10일동안은 집에서 남편이 몸조리를 해주었어용
잘 먹고 잘 쉬었지만,, 몸의 회복은 더디고 붓기는 안빠지고,, 온몸의 관절들은 아파지기 시작하더라구용!!
다행히 아기들이 늦지않게 퇴원하게되어 바로 조리원으로 출바르 했답니당ㅠㅠ!!
​
요즘 산후조리원 예약하기가 힘들잖아요....?
임신 7주쯤 심장소리를 듣고 집과 가까운 대구 동구, 수성구 위주로 알아보고 있었습니당
하지만 다들 예약이 꽉차있었고,, 대기도 불가한 상황,,! 운 좋게도 아델리아 산후조리원 스탠다드 룸 예약이 가능해서 디럭스룸 이상을 원했지만 스탠다드룸으로 예약 진행했었습니다!
디럭스룸 이상만 모자동실이 가능해서 디럭스룸을 원했지만, 쌍둥이인 경우에는 모자동실할 경우 산모가 쉴 시간이 없고 힘들거라고 하셔서 차라리 잘된거다 생각했습니다
​
1. 식사
아델리아 산후조리원은 식사로 유명하기도 하죠? 아침과 저녁식사는 뷔페식으로 먹고 점심은 특식으로 나옵니다
편식쟁이인 저는 솔직히 점심은 정말 맛있었는데여!
아침과 저녁식사는 쏘쏘 했습니당..ㅎ
다른 후기들과도 비교를 해보니 2주씩 식단이 짜져있는것 같더라구요? 미역국도 황태미역국, 조개미역국, 소고기미역국 골고루 나옵니당 ㅎㅎ 물리진 않아요!
​
간식은 존맛입니다;; 점심식사 이후 오후 간식은 간단한 분식, 빵, 과일 등이 나옵니다! 야식은 빵 위주와 음료 주십니다. 야식에서 나오는 빵들은 꽤나 퀄리티가 높습니다.. 후후ㅎ 직접 만드시는것 같은데 맛있어요 ㅠㅠ!!
그리고 과일들은 제철과일들로 나오는것 같은데 당도가 죽입니댜…ㅋㅋㅋ
​
​
​
​
2. 시설
저는 위에서 말씀드렸다시피 스탠다드룸으로 예약을 했었는데용! 운이 좋아서 그런지 제 방은 모션베드가 있는 방이였습니다!! 스탠다드룸이라고 해서 모든 방이 모션베드가 있는건 아니에요! 전 운이 좋았습니다 하핫ㅎ 베드 세워서 티비보는게 꿀이였습니당,, 집에 들이고 싶었던,,,ㅎ!! 방에는 TV, 드라이기, 공기청정기, 유축기가 있습니다.
앗참 휴지도 항상 구비되고 리필해주시니 따로 안챙기셔도 돼요
​
​
그리고 공용공간인 다목적실엔 빨래를 두는 빨래통과 쓰레기통, 모유를 두는 냉장고와 전자레인지, 정수기가 있습니다. 방에서 유축한 모유를 냉장고에 두고 사용한 깔대기는 수거함에 두시면 2~3시간 뒤에 세척과 살균된 깔데기가 깔대기 함? 에 놓여져있습니다.. 집에서 항상 유축하고 깔대기 설거지하다 보니까 정말 힘들었는데 조리원에선 깔대기도 세척해주시니 얼마나 감사했는지 몰라요 ㅠㅠ
​
​
그리고 공용 거실엔 사진인화기, 반신욕기, 골반교정기 등이 있습니다!! 사진인화기는 산모는 하루에 한장씩 총 8장 뽑을수 있고 남편은 총 2장까지 뽑을수있어요!! 미루지 말고 매일 사진 인화하는게 좋습니다.. 전 미루고 미루다가 6장밖에 못뽑고 퇴소했어요 ㅠㅠ 아쉽쓰,,, 그리고 식사를 다 한 산모님들 공용 거실에 모여서 수다도 떨고 합니당 ㅎㅎ
모든 공용 시설들을 이용해보는게 좋은데 다 이용하지 않고 방구석에서 티비만 본 나,, 반성합니다,,
​
​
​
3. 아기 케어 및 수유
3층에는 신생아실이 있습니다! 신생아실 뒤? 옆?에 수유실이 있어 수유콜이 오면 3층 수유실로 가 아기들을 만나고 했답니당.. 조리원 입소 전에는 수유콜 좀만 가면 되지 모~ 했지만 막상 가보니 아기들이 너무 예뻐 거의 빠짐없이 수유콜 다 나갔답니당 ㅠㅠ..
몸은 힘들고 지치고 많이 졸린데요.... 그래도 막상 아기들 보면 너무 예뻐서 힘든것도 잊혀집니당..
그래도 자기 몸을 생각한다면 보충해주세요~ 다음 타임때 불러주세요~ 하면 선생님들이 보충수유 잘 해주시니 걱정안하셔도 돼요!!
퇴소가 코앞으로 다가왔을땐 너무 피곤해서 정신을 못차리겠더라구요ㅠㅠ 수유콜이 왔을때 힘든게 보였는지 신생아실 선생님이 푹 자라고 먼저 말씀해주시는데 호르몬의 노예인 나,, 감동이였습니다,,!
그리고 모유수유 고민이나 수유자세 등 힘들거나 고민이 있음 목요일 저녁이나 밤에 수유콜 꼭 가세요! 원장쌤이 오셔서 직접 코치해주시고 상담해주시는데 엄청 도움이 많이 됩니다 ㅠㅠ!!
​
그리고 아델리아 산후조리원은 따로 분유를 안챙겨가신다면 쏭쓰오가닉 1단계 분유를 먹인다고 합니당! 저는 처음에 조리원에서 먹이는 분유로 아기들 줘야지 했다가 무난하고 접하기 쉬운 앱솔루트 명작을 주변에서 추천받았는데요..? 명작을 사서 조리원에 갖다드리니 퐁당퐁당으로 분유를 갈아타주셨습니다!! 집에서 따로 안갈아타도 되니 넘 좋았어요!
쏭쓰오가닉은 조리원 구매시 쿠팡보다 싸니 참고하세요!
​
​
​
4. 교육
월요일부터 금요일까지 매주, 격주로 2,3층 공용 거실에서 출산, 육아 관련 교육이 진행되고 있습니다! 월요일 수업 빼고는 모두 매주 진행되는데용! 월요일 수업인 응급처치, 하임리히법 배우기는 오후 늦게 입실해서 듣진 못했습니당 ㅠㅠ.. 그 외에 아기 울음소리 관련 교육은 분유 광고가 있구 초점책은 웅진?에서 광고하신다고 하더라구용 ㅎㅎ 그리고 본아트 촬영은 원본사진을 돈내고 구매해야지만 받을수 있다고해서 따로 촬영하진 않았어요..! 그리고 금요일 아빠와 함께하는 목욕, 기저귀 가는 교육은 원장쌤이 직접해주시는 교육입니당! 질문도 받아주시고 아빠들도 직접 참여해서 듣는것도 좋은것 같아요!! ㅎㅎ
​
​
​
​
5. 마사지
조리원에 온 이유의 반은 마사지를 받기 위함이였는데요! 제왕절개 후 병원에 입원해있는 동안에는 임신때보다 더 빠졌다가 퇴원 후 집에있는 동안에는 코끼리 마냥 미친듯이 붓더라구요... 일반적으로 뒤늦게 조리원 갈 시점에 제왕절개 붓기가 온다고 합니다 ㅜㅜ 집에 있는동안 풀리오로 마사지도 해보고 주물주물 마사지도 해봤는데 심해지면 심해졌지 나아지진 않더라구요.. 그래서 조리원에 들어가자마자 서비스 마사지 받고 한번에 눈에 띄게 붓기가 빠지는것이 보였어요!
저는 바로 60분 10회권을 끊었습니다!! 10회권을 끊으면 헤드스파와 얼굴관리도 서비스로 받을수 있었습니당ㅎ
​
집에서와 조리원 마사지 이후 붓기차이 장난아니죠? 집에 있는동안 붓기가 심하다 보니 친정 엄마께서 걱정하신 나머지 우시면서 조리원 언능 들어가서 마사지 10회 받으라며,,,ㅠㅠ ㅋㅋㅋ
저는 1번방 선생님으로 배정받아서 진행했었어요! 산후조리원에서 랜덤으로 담당 마사지 선생님들을 지정해주시는것 같더라구요! 저는 미리 조리원 들어가기 전에 손맛 좋은 선생님이 누구인지 써치써치를 해보고 들어갔었는데요!
다행히도 제가 마음속으로 원했던 1번방 선생님이 배정되어 속으로 나이스를 외쳤답니당 ㅎㅎ
아마 예비 산모님들께서 원하시면 지정도 가능하지 않을까 싶어요?!
​
​
산후마사지 답게 산모 몸에 맞춰 진행해주십니다! 저는 임신 전에 마사지 매니아였는데요.. 강도가 쎈 압으로 받는걸 좋아했어요! 그래서 처음 마사지 받을때 ""선생님 쎄게 해주세요~"" 하고 요청 드렸는데 선생님께서 산후마사지는 강도 쎄게 하면 오히려 몸이 망가진다고 하시더라구요! 처음엔 약하게 진행해주시다가 마사지 10회차가 끝날 무렵 쯤엔 처음보다 강도가 높아져있었어요! 조리원 들어오셔서 수유하다 보시면 느끼시겠지만 어깨랑 뒷목이 장난아니게 뻐근해지고 아픕니다..ㅠㅠ 나름 신경써서 올바른 자세로 수유한다고 해도 아파요.. 그래도 어깨, 뒷목까지 싹~ 마사지 받고나면 그렇게 개운할수가 없습니다! 완전 추천합니다!!
​
그리고 제일 궁금하실것 같은 체.중.감.량!! 저는 쌍둥이 산모였었고 임신중에 빵과 과일을 무지하게 많이 먹었다보니 20kg 쪘어요...^^... 그땐 첨이자 마지막인 임신일수도 있으니 맘껏 먹을래!! 심보였습니다 ㅎㅎ...
출산전 몸무게 86kg로 앞자리가 두번 바꼈었어요..ㅎㅎ 병원에서 퇴원할땐 83kg로 퇴원했고 집에서 78~79kg까지 뺐습니다! 아마 애기들이 빠진 몸무게이지 않을까 싶어요!
조리원에 들어와서는 현재 74~75kg까지 뺐는데요! 아마 마사지로 붓기가 다 빠져서인것 같아요! 저는 삼시세끼와 간식도 두끼 다 챙겨먹었습니다 ㅠㅠ 적당한 식단조절과 간식을 안먹었더라면 더 빼서 나갔을수도 있을것 같아요!
빠른 붓기감소와 복직근 이개와 같은 몸 회복을 원하시면 베르나인 마사지 추천드립니다! (돈 여유가 있었더라면 90분 마사지 받았을거에요 ㅠㅠ!!)",,0,https://cafe.naver.com/f-e/cafes/24000254/articles/7332234?boardtype=L&userDisplay=50&menuid=13&referrerAllArticles=false&inCafeSearch=true&query=%EA%B3%B5%EA%B8%B0&art=aW50ZXJuYWwtY2FmZS1hcnRpY2xlLXJlYWQtaW5DYWZlLXNlYXJjaC1saXN0.eyJ0eXAiOiJKV1QiLCJhbGciOiJIUzI1NiJ9.eyJjYWZlVHlwZSI6IkNBRkVfSUQiLCJhcnRpY2xlSWQiOjczMzIyMzQsImlzc3VlZEF0IjoxNzg4MjMzMjMyOTk2LCJjYWZlSWQiOjI0MDAwMjU0fQ.0LEd9zQUcVqX5n9BgW-eY_kuvDJlgMoCLLKX2n-v_WM&page=1,JKS
대구맘365,24000254,13,공기,대구 달서구 리엘산후조리원 vip룸 2주 후기,2026.06.15. 14:34,"안녕하세요! 얼마 전 출산하고 대구 달서구 리엘산후조리원에서 천국 같은 2주를 보내고 퇴소한 맘입니다.
조리원 라이프가 너무 만족스러워서 다른 산모님들께 도움이 될까 싶어 생생한 내돈내산 후기를 남겨봐요. 🥰
​
🛏️ 712호 VIP룸 객실 (모션베드 & 테라스)
계약은 vip로 했지만 방이 없어서 처음 이틀은 디럭스룸에서 묵었습니다.
그 이후에 전실한 방은 712호 VIP룸이었어요.
방에 들어서자마자 깔끔하고 아늑해서 마음에 쏙 들었는데, 무엇보다 모션베드가 신의 한 수였습니다!
출산하고 나면 뼈마디가 다 늘어나서 침대에서 일어날 때마다 허리랑 배에 무리가 많이 가잖아요? 모션베드 덕분에 리모컨 하나로 상체 각도 조절해가며 편하게 일어날 수 있어서 회복에 정말 큰 도움을 받았어요.
게다가 방에 개별 테라스가 딸려 있어서, 답답할 때마다 창밖 보며 바깥공기 마시기에도 최고였답니다.
VIP룸 강추해요!
참고로 남편 입실은 주말만 가능하고,
토요일 오전 10시부터 일요일 오후 8시까지입니다.
모자동실은 매일 11:40~14:30 시간을 제외하고 자유롭게 가능하구요.
저는 평일에는 혼자 모자동실할 자신이 없어서 수유콜 때마다 아기를 보러 가고, 주말에 남편이 왔을 때 모자동실을 했어요 !
​
🍲 소문대로 역시 '밥 맛집' & 목요일 간식데이
리엘 후기 찾아볼 때 다들 밥이 맛있다는 칭찬 일색이던데, 직접 먹어보니 왜 그런지 백번 이해가 가더라고요. 매일 삼시 세끼 균형 잡힌 영양식으로 정말 정갈하고 맛있게 나와요.
그리고 매일 나오는 간식 퀄리티도 훌륭한데, 특히 목요일 간식데이는 사랑입니다...❤️
목요일에는 9층 식당가에 다 같이 올라가서 간식을 먹는데, 준비해 주시는 과일이 진짜 당도 높고 너무 맛있어서 매주 목요일만 기다렸던 기억이 나네요.
특히 수박이랑 키위 너무 맛있었어요,,🤤
저녁 8시에는 야식으로 죽도 나오는데요. 야채죽, 호박죽, 흑임자죽 돌아가며 나오는 듯 해요 !
한 두번 먹으러가고 그 후엔 귀찮아서 패스하고 방에서 쉬었네요 ㅎㅎ
​
👶 천사 같으신 신생아실 선생님들
초보 맘이라 아기 케어에 대해 걱정이 정말 많았는데, 신생아실 선생님들이 아기를 진심으로 예뻐해 주시는 게 눈에 보여서 안심하고 푹 쉴 수 있었어요. 언제나 친절하게 질문에 답해주시고 케어 팁도 많이 알려주셔서 큰 위로가 되었습니다.
궁금한 점 있으면 잘 알려주셔요 !!
​
🍼 프리미엄 아기용품 사용
- 분유 : 루비락
- 기저귀 : 르소메, 리베로
- 아기로션 : 로하스베베
- 아기 세제 : 베베르엘
리엘을 선택하길 정말 잘했다고 느낀 점 중 하나는 아기들이 쓰는 용품을 전부 최고급 제품으로만 엄선해서 사용한다는 거였어요.
​
🧹 완벽한 룸케어
조리원에서는 정말 '쉬는 것'에만 집중할 수 있게 시스템이 잘 되어 있어요. 매일매일 방 청소 꼼꼼하게 해주시고, 매일 새 산모복 지급은 물론이고 개인 빨래까지 싹 세탁해서 가져다주십니다. 손가락 하나 까딱 안 하고 대접받는 기분이라 진짜 조리원 천국을 제대로 실감했어요.
​
💆‍♀️ 유명한 리엘 마사지 (추가 결제 추천 !)
리엘 하면 마사지 유명한 거 아시죠?
저도 입소할 때 서비스로 무료 유방 마사지랑 전신 마사지를 받았는데, 와... 진짜 신세계를 경험했습니다. 임신 기간 내내 뭉쳤던 근육과 출산 오로, 붓기가 싹 가시는 느낌으로 너무 시원하더라고요. 이 손맛은 놓치면 안 되겠다 싶어서 바로 7회 추가 결제해서 받았어요. 덕분에 조리원 나갈 때 몸무게도 많이 줄고 몸이 훨씬 가벼워졌답니다. 부종도 많이 빠지고 마사지 받으니까 화장실도 잘 가더라구요. 조리원에서 총 10kg감량했습니다. 마사지는 무조건 추가하시길 추천드려요!
​
📸 소소하지만 확실한 행복 (셀픽 / 베베캠)
또 하나 저의 활력소였던 공간!
9층에 하루에 한 장씩 무료로 아기 사진을 인화할 수 있는 셀픽 기계가 있어요.
매일 핸드폰으로 찍은 우리 아기 심쿵 사진을 골라서 한 장씩 인화하는 게 제 하루의 유일한 낙이자 힐링 타임이었답니다. 퇴소할 때 인화된 사진 모아보니 괜히 뿌듯하고 좋은 추억이 되었어요.
그리고 실시간으로 아기모습 볼 수 있는 베베캠 !
앱 설치 후 가입하면 하루 2번 정해진 시간(10:40~11:00 / 16:00~16:20)에 신생아실에 있는 아기 모습을 볼 수 있어요🥰
​
✨ 총평 ✨
원장님을 비롯해 신생아실 선생님들, 마사지 실장님, 청소해주시는 이모님들까지 모두 너무 친절하셔서 머무는 내내 심적으로도 육체적으로도 완벽하게 힐링하고 갑니다.
시설, 위생(세스코 관리라 안심!), 식사, 케어 어느 하나 빠지는 것 없이 대만족이었던 리엘산후조리원!
둘째가 생긴다면(먼 미래지만요ㅎㅎ) 망설임 없이 또 리엘로 올 것 같아요. 달서구 조리원 고민 중이신 예비맘들이 계신다면 강력 추천합니다! 👍
​
​
​",,0,https://cafe.naver.com/f-e/cafes/24000254/articles/7323297?boardtype=L&userDisplay=50&menuid=13&referrerAllArticles=false&inCafeSearch=true&query=%EA%B3%B5%EA%B8%B0&art=aW50ZXJuYWwtY2FmZS1hcnRpY2xlLXJlYWQtaW5DYWZlLXNlYXJjaC1saXN0.eyJ0eXAiOiJKV1QiLCJhbGciOiJIUzI1NiJ9.eyJjYWZlVHlwZSI6IkNBRkVfSUQiLCJhcnRpY2xlSWQiOjczMjMyOTcsImlzc3VlZEF0IjoxNzg4MjMzMjMyOTk2LCJjYWZlSWQiOjI0MDAwMjU0fQ.HkQRWe6ogg7Luf51LPUiH4A_FhbAqU_CghXnxqFPO-Q&page=1,JKS
대구맘365,24000254,13,공기,대구 더블유여성병원 산후조리원 일반실 이용후기~,2026.04.08. 19:55,"대구 더블유여성병원 산후조리원 일반실 3.5평 이용후기 입니다~
​
출산과 조리원이 같은건물에 있는 더블유여성병원으로 임신 12주차에 예약을 했었어요~ 😁
(본원출산시 200만원/ 26.4월기준)
​
3월 출산이라 산모들이 많아서 남아있는방이 3.5평 일반실만 있었어요. 😂 병원 입원실도 1인실 만석이라 4인실 다인실 5박6일 써서 조리원은 천국이네요 👍
​
조리원2주 있는 동안 남편 없이 혼자 지낼 예정이라 방크기는 중요하지 않았어요 ㅋ 커튼뒤 작은창도 있어서 환기는 문제 없었어요🙂
​
3.5평 일반실은 병원 다인실이용 했던분은 추천 ❣️
​
크기가 작지만 있을껀 다 있는 일반실 3.5평 이에요~
TV,시계,냉장고,내선용전화,식탁,협탁,유축기,드라이기,선풍기,공기청정기,싱글침대,세탁망2개
​
웰컴 선물 (양말 1개, 칫솔, 치약, 화장지, 가제손수건 3장,엘끌루아 샴푸&컨디셔너&바디워시&바디로션)
​
침대 밑에 서랍에도 수납가능해요!!!!
평수가 작은만큼 계속 캐리어 열어놓고 있으면 좁아서 수납공간을 최대한 이용했어요 🤗
화장실이 좀 좁아요ㅠ 샤워기가 있지만 좁아서 샤워실에서 샤워할 수 있어서 다행이었어요~~
입구쪽에 붙박이장 (옷걸이2개) 밑에는 신발장?
6층 정수기 전자렌지 앞에 세탁물 수거함이 있어요~
​
호수 적힌 세탁망 2개를 주는데 산모용 속옷류,타월만 세탁해주고 세탁한 것과 새로운 조리원복은 각 호수 칸에 넣어줬어요.
6층 신생아실 앞 매일 혈압, 체온체크(오전/오후)하고 체중계도 있어요~
​
육아초보를 위한 ""임신출산육아대백과"" 책도 있는데 저도 모르는 부분 찰칵찰칵🤳 사진 찍어뒀어요~~
여유있을때 책 읽어 보세요~
사진설명까지 잘 나와있어서 많은 도움이 되요 ㅋㅋ
​
면회시간이 있는데
남편왔을때 시간 외 면회도 가능하다고 합니다 🤗
남편면회는 매일 방문한다고 할때에는 일주일에 코로나 검사 2회 해야되고 들어올때 방문일지 체온체크하고 들어오셔야 되요~
​
조리원에 남편 숙박은 안되고 면회만 가능해요🙂
6층 엘리베이터옆 식당 있어요~
조식은 각방으로 룸서비스 해주고
중식,간식,석식,야식 은 식당(뷔페식)에서 먹었어요~
식단 전체는 다 못찍고 일부만 사진 찍었어요~ 점심은 일반식으로 나오고 (국 미역국변경가능) 밥도 맛있었어요 😆
감염병예방 칸막이 식탁 (26년4월 기준)
감염병예방 칸막이 식탁이 있었는데 위생에 많이 신경쓰는것 같아서 안심이 되더라구요~ 😄
식당옆에 휴게실에 들어가면 체중계가 있어요~~
하루1개 인화 공짜!!!!
폰에 있는 예쁜 아기사진 4×6 사이즈로 출력할 수 있어요🤳👶
처음에 설명들었는데 잊고 있다가 조리원 생활 3일차에 발견했네요 ;;
아기사진도 매일 받을 수 있고 럭키비키 ~~🍀
조리원 2주 이용하는분 기준으로 산후요가30분, 파노라마 북만들기, 이유식교육, 명상(싱잉볼) 한번씩 수업 다 들을 수 있어요~
휴게실(운동실) 바닥이 따끈따끈해요~ 여기서 수업을 해요~
운동실 뒷편에는 유아책들이 있어서 책에 관심있으신 분들은 편하게 볼 수 있으니 구경해보세요~ 어린이서점에 있는 아람북스,교원,키즈엠 책들이 많이 보였어요~
산후 붓기에 도움되는 건식사우나실~
사우나실 쓰려면 7층 데스크에 20분전 미리 말하면 이용할 수있어요~ 사우나 이용시 핸드폰은 밖에 두고 이용하세요⚠️
사우나실 내부에도 온도와 남은시간을 볼 수 있어요~
저는 사우나 20분이 딱 적당한거 같았어요 💦
일반실은 화장실이 좁아서 샤워실이 따로 있어요~ 식당입구 옆에 샤워실 한명씩 사용 가능해요
샤워실 내부에는 해바라기수전 세면대 화장대가 다 따로 분리 되어있어서 편했어요 ㅋ 세면대에는 온풍기가 있어서 옷 갈아입을때 편했어요~
과열방지 (과열시 자동 꺼짐) 드라이기라서 바람은 약해요 😢 일반실에 있는 드라이기가 더 바람 쎈 것 같아요~
수유실입구에도 적혀 있듯이 컨디션 안 좋을때는 수유하지 않고 쉬어라고 되있어요~
수유콜 안 간다고 해도 눈치도 안주고 강요가 없어서 좋았어요~ 👍👍  여기가 천국 ~~ 😇
수유시간도 지정할 수 있어요~ 🤗
6층 수유실내부
3.5평 일반실이 6층에 있는데 수유실,신생아실,식당,사우나실, 프로그램실
​
모두 6층에 있어서 동선이 편했어요~😙
7층 701호에 있는 산후관리실(마사지실) 이에요~
제왕절개 산모여서 붓기가 장난이 아니었어요 🥲
​
일반실 아로마 1회 서비스 받았는데 마유도 궁금해서 받아보고 비교후 마유는 스톤관리, 노폐물 배출에도 더 좋아서 마유로 10회 관리 받았어요~😆
​
아로마(1회당 8만) , 마유(1회당 11만) 현금영수증 가능, 카드결제도 가능해요~
조리원 있는 동안 탯줄이 떨어졌었어요~
예쁜병에 담아서 줬는데 뚜껑 열어 잘 말려야 된데요~~ 😄
모자동실 3일 (모유수유,목욕,신생아관리교육)
이 있어서 초보엄마에게 너무 도움되는 교육이었어요~
비싼
앱솔루트 산양분유
를 대구더블유여성병원 산후조리원에서는 신생아실에서 사용한다고 해서 산후조리원 여기로 선택한 이유이기도 해요~
​
아기가 황금변도 누고 완분 예정이라서
350g 24통 372,000원 (개당 15,500원)
구매했어요~ 😍
완분아기 1통 6~7일이면 다 먹는거 아시죠!!
조리원 최저가 혜택!!! 무조건 많이 쟁여두세요 🍼
​
​
출산부터 조리원,소아과까지 한건물에 있고
아기 케어가 잘 되고 초보맘을 위한 교육도 잘 되있고 대구 더블유여성병원 산후조리원 추천해요 👍
​",저도 더블유여성병원 조리원에서 특실을이용 중인데 가성비 참 좋은 거 같아요소아과 분만실 입원실 신생아실 조리원이층마다 분포해있어서 이동하기 너무 편리하고좋아요 | 밥 잘 나오는거같네요🤤,2,https://cafe.naver.com/f-e/cafes/24000254/articles/7276405?boardtype=L&userDisplay=50&menuid=13&referrerAllArticles=false&inCafeSearch=true&query=%EA%B3%B5%EA%B8%B0&art=aW50ZXJuYWwtY2FmZS1hcnRpY2xlLXJlYWQtaW5DYWZlLXNlYXJjaC1saXN0.eyJ0eXAiOiJKV1QiLCJhbGciOiJIUzI1NiJ9.eyJjYWZlVHlwZSI6IkNBRkVfSUQiLCJhcnRpY2xlSWQiOjcyNzY0MDUsImlzc3VlZEF0IjoxNzg4MjMzMjMyOTk2LCJjYWZlSWQiOjI0MDAwMjU0fQ.4grpk6ybV9kPBv6euodSGzzOCqLeLZJu-ggrFa0ronM&page=1,JKS
대구맘365,24000254,13,공기,여성메디파크 vip실 13박14일 후기,2026.04.03. 16:28,"저는 첫째 때는 출산도 메디, 조리원도  메디파크 조리원을 이용했었는데 이번에 둘째 8주 되자마자 마로 메디파크로 예약을 했답니다~
​
첫 번째는 이유는 충분한 쉼이 필요했기 때문에 밥을 방과 간식을 방으로 가져다주신다는 점!!
두 번째는 모자동실이 없다는 점
세 번째는 소아과 회진을 매일 돌아주셔서 아이에게 혹시라도 진료 필요할지 바로바로 체크가 가능하다는 점 때문이었어요!
​
산후조리원 비용은 vip 기준으로 13박 14일에 350만 원으로 수성구 내에서는 가성비 좋게 이용할 수 있고, 타 조리원 대비 넓은 방과 화장실도 두 개 있고, 좌욕도 방에서 할 수 있다는 점 그리고 보호자 식사가 보통을 1만 원씩 추가도던데 여기는 전날까지만 알려주면 무료로 제공되어서 좋았어요!
​
방에있는 식탁으로 식사와 간식 모두 챙겨서 넣어주시기 때문에 시간 관계없이 본인이 먹고 싶을 때 먹고, 밖에 내어다 두면 되는 시스템이라서 충분히 휴식하기에 좋았답니다^^방마다 유축기와 공기청정기도 마련되어 있고 tv는 kt인듯하고 ott 서비스도 되는 리모컨이더라고요!
​
​
​
그리고 vip실 같은 경우는 전자레인지랑 드라이기도 개별로 마련되어 있어서 편하게 이용 가능하고 다른 디럭스실에도 드라이기가 있긴 한데 혹시나 바람이 약하면 데스크에 잘 나오는 드라이기가 있으니 챙겨가서 이용하시고 반납해 주면 된답니다^^
​
또 탕비실에가면 유축기 깔대기도 미리세척해서 소독해서 호실별로 챙겨두시기 때문에 가져가서 사용하면되고, 세탁기도있어서 필요시 사용가능하고 수건과 옷은 언제든지 필요할때 챙겨가면된답니다^^
​
​
그리고 식사도 cj에서 준비해서 나오는 거라 깔끔하고 간식 데이 빕스데이처럼 특식이 나오는 날도 있으니 심심하지 않고, 병원밥 먹다가 조리원에 오니 확실히 조리원 밥이 더 맛있더라고요! 매 끼니마다 다양하게 식사가 제공되니 역시 남이 해준 밥이 젤 맛있는데 집에 가서는 혼자 이렇게 차려먹기 힘들 것 생각하니 더 열심히 잘 먹고 몸조리하려고요!
​
​
그리고 물도 2박스 넣어주셔서 텀블러는 따뜻한 물 마실 때 사용하고 그냥 일반 물은 편하게 충분히 마시고 있답니다^^
​
그리고 신생아실에도 베테랑 선생님들이셔요~~ 첫째 때 계시던 선생님들께서 6년이나 지났는데 그대로 계시더라고요!
아이들 사랑으로 잘 돌봐주시니 걱정하지 않으셔도 되고 신생아 면회도 목욕시간이 2-3시를 제외하고는 언제든지 가능하니 부모님들 오셔서 인터폰만 눌러주시면 가능하답니다^^
​
아무래도 저는 첫째가 있다 보니 면회도 중요한데 방에 입실은 못하지만 3층에서 만나서 잠깐 아이 얼굴도 보고 하니 그래도 견딜만하더라고요!
남은 조리원 생활 잘 마치고 잘 회복해서 집으로 가면 더욱더 사랑을 듬뿍 줘야겠어요!
​
메디파크의 유일한 장점이자 단점은 모자 동실이 없다는 건데  엄마는 수유시간에  아이 안아보고 만나볼 수 있지만  아빠가 아이를 안아보거나 만져볼 수 없다는 점 그게 아빠 입장에서는 조금 서운할 수 있을 것 같아요!
그것 말고는 모든 것들이 저는 만족스러워서 둘째 때도 메디를 선택했답니다!",메디파크도 괜찮네요~,1,https://cafe.naver.com/f-e/cafes/24000254/articles/7272801?boardtype=L&userDisplay=50&menuid=13&referrerAllArticles=false&inCafeSearch=true&query=%EA%B3%B5%EA%B8%B0&art=aW50ZXJuYWwtY2FmZS1hcnRpY2xlLXJlYWQtaW5DYWZlLXNlYXJjaC1saXN0.eyJ0eXAiOiJKV1QiLCJhbGciOiJIUzI1NiJ9.eyJjYWZlVHlwZSI6IkNBRkVfSUQiLCJhcnRpY2xlSWQiOjcyNzI4MDEsImlzc3VlZEF0IjoxNzg4MjMzMjMyOTk2LCJjYWZlSWQiOjI0MDAwMjU0fQ.udX24a5rJ0Yhgq2ZVEE3LwBYtJc5QPtEzJxJM9ca_WY&page=1,JKS
대구맘365,24000254,13,공기,산후조리원 13박14일 ❤️ 칠곡 웰산후조리원 후기,2026.03.16. 11:20,"​
​
출산 후 조리원 고민하시는 분들 많으실 것 같아서 제가 이용했던 칠곡3지구 웰산후조리원 후기 남겨봅니다.
​
전체적으로 느낀 점은 산모를 정말 편하게 해주는 조리원이라는 느낌이었어요.
​
1. 식사 (가장 만족!)
삼시세끼 + 간식 + 야식까지 제공됩니다.
뷔페식이라 먹고 싶은 만큼 가져다 먹을 수 있어서 좋았어요.
출산 후 체력 회복이 중요한데 음식이 잘 나와서 만족했습니다.
​
2. 객실 컨디션
객실이 거의 호텔 느낌이에요.
공기청정기, 가습기, 냉온정 정수기까지 다 갖춰져 있고
특히 템퍼 모션베드 매트리스라서 몸이 정말 편했습니다.
​
자연분만 / 제왕절개 산모 모두에게 모션베드는 정말 필수라는 생각 들었어요.
​
3. 화장실 상태
화장실이 매우 깨끗하고
타일이 건식 스타일이라 물이 빨리 마릅니다.
항상 뽀송한 느낌이라 이용하기 편했어요.
​
4. 세탁 서비스
세탁을 매일 해주셔서 산모가 따로 신경 쓸 일이 거의 없습니다.
​
5. 수유 시스템 (강요 없음)
수유콜이 자유로운 편이라
제가 원할 때 가도 되고,
몸이 힘들면 안 가도 전혀 강요가 없습니다.
​
정말 산모 컨디션을 우선으로 배려해주는 분위기였어요.
​
6. 직원분들
신기하게도 여기 직원분들이 다 친절하세요.
모르는것도 하나하나 잘 알려주시구요.
걱정하나도 안하셔도됩니다~
​
7. 신생아실 시스템
신생아실도 정해진 시간에 면회 가능하고
커튼도 개방되어 있어서 아기 상태를 볼 수 있어 안심되었습니다.
분유는 아이엠마더 사용하고
베베캠도 있어서 언제든 아기 확인할 수 있습니다.
​
8. 산후 마사지
마사지도 아로마 / 마유 마사지 두 가지가 있어서
본인이 원하는 걸 선택해서 받을 수 있습니다.
저는 마사지 받고 붓기가 꽤 빨리 빠졌어요.
​
​
9. 5층 시설
5층에 파라핀, 반신욕, 사진 인화 등 이용할 수 있는 공간이 따로 마련되어 있어서
조리원 생활 중간중간 이용하기 좋았습니다.
​
10. 외출 가능
외출도 가능해서 답답함이 덜했어요.
잠깐 바람 고 오면 기분도 좋아지고 에너지도 충전됩니다.
근처에 카페나 음식점도 많아서 음료나 간식 먹고 싶은 것도
먹을 수 있어서 지루하지 않았어요.
특히 칠곡3지구라 주변 인프라가 좋은 것도 큰 장점이었습니다
​
전체적으로
✔ 식사
✔ 객실 컨디션
✔ 직원 친절도
✔ 산모 배려 시스템
​
이 부분이 특히 좋았던 조리원이었습니다.
​
칠곡3지구 근처에서 조리원 고민하시는 분들께 참고가 되면 좋겠네요 😊
​
​
#칠곡3지구 #산후조리원
#웰산후조리원",후기 잘 보고 가요~ | 후기 감사합니다 | 후기 잘보고가요~!! 3주뒤에 출산예정인데 혹시 조리원에 분유 다른거주면 그걸로 먹여주실까요?? | 네 가능해요! | 안녕하세여 혹시 칠경출산예정이라 예약할것 같은데 베베캠으로 언제든 아기 볼수있는거 맞나요 | 베베캠은 볼수있는 시간대가 정해져있어요!하루한번이고 대신 방문하면 유리창넘어로 볼수있어요 언제든지요~ | 후기 감사합니다! 신생아실은 커튼 없이 24시간 개방일까요? | 아니용 밤시간부턴 닫아요,8,https://cafe.naver.com/f-e/cafes/24000254/articles/7260237?boardtype=L&userDisplay=50&menuid=13&referrerAllArticles=false&inCafeSearch=true&query=%EA%B3%B5%EA%B8%B0&art=aW50ZXJuYWwtY2FmZS1hcnRpY2xlLXJlYWQtaW5DYWZlLXNlYXJjaC1saXN0.eyJ0eXAiOiJKV1QiLCJhbGciOiJIUzI1NiJ9.eyJjYWZlVHlwZSI6IkNBRkVfSUQiLCJhcnRpY2xlSWQiOjcyNjAyMzcsImlzc3VlZEF0IjoxNzg4MjMzMjMyOTk2LCJjYWZlSWQiOjI0MDAwMjU0fQ.gSgDqE_A5f7Gt0e81oG_CsZ-ytZ1VSzlr9mu_VGp1NE&page=1,JKS
대구맘365,24000254,13,공기,아고다 할인코드 모두 정리!,2026.03.09. 19:16,"파트너스 활동으로 수수료를 받습니다.
요즘 회사 업무가 너무 많아서 스트레스가 머리 끝까지 차올랐던 것 같아요.
이대로는 정말 안 되겠다 싶어서 무작정 일본 도쿄행 비행기부터 덜컥 예약해버렸답니다! ㅎㅎ
비행기를 예약하고 나니 이제 제일 중요한 숙소가 걱정이라 폭풍 검색을 시작했어요.
평소에도 자주 이용하던 앱을 켰는데 역시 아고다 할인코드까지 적용하니 좀 더 좋은 가격에 행복해지네요.
​
아고다 할인코드 3월 전용 자동 적용 링크 바로가기
도쿄 시내 호텔들이 생각보다 비싸서 당황했지만 아고다 할인코드 덕분에 예산 안에 딱 맞췄어요!
깔끔하고 위치 좋은 곳을 찾다가 발견한 신축 호텔도 아고다 할인코드 덕분에 아주 저렴하게 결제했답니다.
사실 여행 경비 중에서 숙박비가 제일 큰 비중을 차지하는데 이 정보는 정말 유용한 것 같아요~
환율도 조금 높을 때는 이렇게 혜택 하나라도 더 챙기는 게 진짜 지혜로운 소비 아시죠?
마지막 결제 단계에서 잊지 않고 아고다 할인코드 입력했더니 편의점 이용할 값이 딱 나오는거 같아요.
일본 하면 또 편의점 빼놓을 수 없자나요.
이제 짐 싸고 현지 맛집 리스트만 정리하면 되는데 벌써부터 제 마음은 나리타 공항에 가 있는 기분이에요~
오랜만에 떠나는 소중한 여행이라 설레기도 하고 가서 맛있는 초밥 먹을 생각에 벌써 너무 신나네요!
여러분도 일상에서 벗어나고 싶을 땐 고민 말고 아고다와 함께 행복한 여행 계획 한 번 세워보세요~
낯선 곳에서 느끼는 새로운 공기가 벌써 저를 부르는 것 같아서 오늘 밤은 잠이 잘 안 올 것 같답니다!
​",이번 아고다 할인코드 12% 적용하니 일본 호텔 숙박비가 5만 원이나 빠졌어요. | 아고다 할인코드 전용 링크로 접속해서 예약해야 자동 할인이 적용되니 주의하세요. | 3월 한정 아고다 할인코드 덕분에 꼭 가고 싶던 태국 리조트를 저렴하게 잡았네요. | 아고다 할인코드 신규 회원 7% 쿠폰은 이메일 인증만 하면 바로 쓸 수 있어 좋아요. | 지인 추천으로 아고다 할인코드 챙겼더니 국내 호캉스도 부담 없이 즐길 수 있네요. | 아고다 할인코드와 현대카드 10% 중복 혜택을 노렸더니 역대급 최저가가 나왔어요! | 이번 아고다 할인코드는 동남아 인기 지역 8% 추가 할인이 붙어서 정말 쏠쏠하죠. | 아고다 할인코드 미리 복사해두고 결제했더니 복잡한 절차 없이 즉시 할인받았죠.,8,https://cafe.naver.com/f-e/cafes/24000254/articles/7255822?boardtype=L&userDisplay=50&menuid=13&referrerAllArticles=false&inCafeSearch=true&query=%EA%B3%B5%EA%B8%B0&art=aW50ZXJuYWwtY2FmZS1hcnRpY2xlLXJlYWQtaW5DYWZlLXNlYXJjaC1saXN0.eyJ0eXAiOiJKV1QiLCJhbGciOiJIUzI1NiJ9.eyJjYWZlVHlwZSI6IkNBRkVfSUQiLCJhcnRpY2xlSWQiOjcyNTU4MjIsImlzc3VlZEF0IjoxNzg4MjMzMjMyOTk2LCJjYWZlSWQiOjI0MDAwMjU0fQ.xmuP29ZHSUrTuFICVDRbsu6hDqVWMB7dbbh5PpiCaQQ&page=1,JKS
대구맘365,24000254,13,공기,수성 여성메디파크 산후조리원 후기!,2026.02.27. 13:28,"조리원천국을 열심히 즐기고 오라는 가족과 지인들의 조언과 응원에 힘입어 조리원라이프를 열심히 즐기고 있는 복덩맘입니다ㅋㅋ
사실 제왕절개 입원1주일+조리원2주일을 잘 견딜수있을까 걱정이 엄청 많았어요.
그리고 실제로도 날씨 화창한 창밖을보며 나가고싶음을 절실히 느끼고있기도해요(놀러나가고싶어ㅋㅋㅋ)
그래도 이제 나가면 홀몸이 아닌지라 지금을 누려야겠지 생각하며 꼬박꼬박 나오는 식사와 마사지와 보고싶을때마다 애기를 보러 왔다갔다 할때빼곤 방에서 요양중입니다.
​
시간이나서 조리원후기를 실시간으로 남겨봐요~~^^*
​
출산병원을 효성으로 정하고 임신 10주쯤 조리원을 알아보기 시작했어요.
저는 효성병원과 가까운 수성구 조리원들중에서
​
-소아과가 함께있고
-밥이 맛있고
-모자동실이 없고
-특히 방에서 밥을 혼자먹을수있는!
​
여성메디파크 산후조리원을 1순위로 두고있었어요.
1순위로 생각하고 예약차 전화해 예약금 입금 계좌도 받았습니다.
​
그런데 제 극P성향으로 미루고미루다가 예약금 입금을 바로 안했지뭐에요?...
한 15주인가? 늦게서야 입금하려했더니 출산예정일에 예약이 모두 끝나버린 충격적인 사실ㅋㅋㅋ
부랴부랴 다른 조리원도 전화해봤는데 모두 풀북인거에요ㅜㅜ 일단 메디파크에 대기를 걸어뒀어요.
그러고 대기가 줄어들길 기다렸습니다
​
그러다가 예정일 한달을 안남기고 여성메디파크에서 연락이 온거에요😭😭
남아있는 방이 스탠다드 뿐이었지만 그게 어디에요.
""조리원 산후조리는 없다"" 포기하고있던 찰나에 구세주같이 연락을 주심ㅎㅎ
바로 예약금 입금하고 예약 확정하였습니다!
​
이렇게 전 진짜 감사한 여성메디파크에서 아주 편안하게 조리중이랍니다 :)
​
여성메디파크 조리원 후기를 남겨보자면,
​
조리원의 꽃, 마사지
출산후 마사지 너무 추천해요!
여성메디파크 조리원을 2주이용하면 가슴마사지와 아로마 마사지 1회씩 무료인데 받아보고 너무 만족해서 시간될때마다 틈틈히 받고있어요.
첫날 가슴마사지를 받았는데 막혀있던 젖길이 뚫렸는지 젖몸살이 줄어들고 젖도 막 샘솟듯이 뿜어져나오는거에요ㅋㅋㅋ
너무 신기했어요!! 출산하고 효성병원에서 유축함과 동시에 겨드랑이 양쪽에 멍울들이 생겼는데 가슴마사지받고 유축양이 2배이상 늘면서 멍울들이 줄어드고 사라졌어요!
전신마사지는 마유가 시간도길고 땀도 엄청나고 붓기빠지는 느낌이 절로들어요.
지금 몸무게 빠지는데 식단도 도움이있지만 마사지영향이 확실히 있는것 같아요! 마사지받고 나와서 체중계재면 일키로씩 빠져있는 느낌이랄까? 만족중입니다ㅋㅋ
전 출산하고 13일지난 지금 10키로가 빠졌는데 모유수유 영향도 있지만 마사지도 영향이 있는게 분명해요.
​
​
영양소 고려한 식사&방으로 직접 넣어주심
식사는 아침 7:45/점심 12:30/저녁 5:30에 나와요.
간식도 간단하게 식후에 한번씩 더 나옵니다.
시간맞춰서 똑똑하고 문열고 식사 넣어주시는데 아침에 늦게 일어날때나 낮잠 잘 때 자고있으면 실내에 식탁에 올려놓고 나가세요
만약 열고 들어오시는게 불편하면 말씀하시면 따로 밖에 두시는것 같으니 말씀하시면 되지않을까 싶습니다.
맛있다고 식사와 간식 다 먹으면 초반에 살 못뺄것 같아서 식사중에 밥은 반공기정도만 먹고있어요. 간식은 빵류는 안먹는걸로 참는중입니다ㅋㅋ
​
​
믿을만한 아가 케어와 친절한 선생님들
전 모유수유할 생각이어서 조리원있는 내내 유축과 직수를 열심히 하고있어요. 수유콜이 오면 2시간텀이든 4시간텀이든 바로바로 신생아실로 내려가고있습니다.
밤11시 이후는 수유콜이 없었어요, 아마 산모들 푹쉬라고 수유콜이 없는것 같은데 전 새벽수유콜은 따로 요청하진 않았고 첫 수유콜은 아침8시 이후부터 시작했어요!
새벽과 수유안하는 시간에는 방에있는 유축기로 수시로 유축해서 신생아실에 가져다드리고있답니다.
​
+선생님들이 너무 친절하세요. 애기 다루시는 스킬도 엄청나시고 항상 웃으며 대해주셔서 궁금한 것 여쭤보며 아기랑 수유합을 맞춰보는 중입니다.
​
​
24시간 면회가능
여성메디파크는 모자동실이 없어요~
때문에 아기는 직수할때 신생아실에서 엄마랑만 만나볼수있고 아빠와 가족들은 유리창너머로 면회때만 볼수있습니다.
24시간면회가 가능해서 남편과 가족들이 편한시간에 면회 올 수 있어요.
모자동실이 아니라서 더 자주 아기를 못봐서 아쉬울수있지만 아가는 앞으로 매일볼거니까 라는 생각에 모자동실없는 조리원을 택한걸 후회하지않아요ㅋㅋ
지금은 오롯이 엄마 몸조리에 신경쓰는걸로!
​
​
한 건물안에서 이루어지는 소아과진료
아이가 이상이 있거나 걱정되는 부분이있으면 한건물안에있는 소아과에서 빠른진료가 가능해요.
조리원 실내복입고 바로 신생아실에서 선생님과 동행해서 소아과로 검진받으러갈수있어서 너무 편했어요.
아이가 황달기가 있었는데 심하짐않은 수치여서 일단은 계속 지켜보자고 하셨고 지금 지켜보고있는 상태입니다!
​
​
비교적 자유로운 외출
입소 일주일후쯤 효성병원 진료가있어서 외출해야했어요. 데스크에 전날 말씀드리고 외출했고 다녀와서는 코로나 자가키트 검사해서 제출하면 된다고 해서 들어오는길에 자가키트 구입해 들어왔습니다.
키트는 지하1층 주차장 밖에있는 약국에서 1만원(검사키트2개입)에 구입했어요!
​
​
지금까지 느끼고있는 점들을 간단히 정리해봤는데 수성 여성메디파크 조리원 고민중이신 분들께 도움이 되었으면 좋겠네요^^
​",,0,https://cafe.naver.com/f-e/cafes/24000254/articles/7248875?boardtype=L&userDisplay=50&menuid=13&referrerAllArticles=false&inCafeSearch=true&query=%EA%B3%B5%EA%B8%B0&art=aW50ZXJuYWwtY2FmZS1hcnRpY2xlLXJlYWQtaW5DYWZlLXNlYXJjaC1saXN0.eyJ0eXAiOiJKV1QiLCJhbGciOiJIUzI1NiJ9.eyJjYWZlVHlwZSI6IkNBRkVfSUQiLCJhcnRpY2xlSWQiOjcyNDg4NzUsImlzc3VlZEF0IjoxNzg4MjMzMjMyOTk2LCJjYWZlSWQiOjI0MDAwMjU0fQ.EMhE4qDwpqBesxyw6-xpYMUFmQY2Ak901s-6OjTs0cw&page=1,JKS
대구맘365,24000254,13,공기,대구 여성메디파크병원 조리원 VIP룸 후기,2026.02.20. 21:42,"첫째 낳고 이용했던 여성메디파크병원 조리원
둘째 출산하고도 이용하게 되었어요
​
조리원 이용금액은 홈페이지에서 캡처해왔어요
​
저는 첫째때 사용했던 VIP룸을 2주 신청했습니다
여성메디파크병원 조리원은 보호자 1인에 한해 상주가 가능하다는 점!
첫째 낳고는 퇴소때까지 남편이랑 같이 지냈었는데 이번엔 둘째라 남편은 첫째 케어하느라
가끔 필요한 물건 갖다주러와서 잠깐씩만 있다가 가다보니 방이 더 크게 느껴졌던거 같아요
VIP룸은 2명이서 지내도 전혀 좁지 않은 크기의 방이에요
거실로 볼 수 있는 공간에는 2인용 식탁, 소파와 소파테이블이 있어요
입소선물로 준비되어있던
분유 2통, 모유저장팩, 산모패드, 가슴 찜질팩, 수면양말, 수유패드, 칫솔, 치약까지
​
아 그리고 500ml 생수가 20개씩 2팩 제공되어서 정수기 필요없이 편하게 마실수있어요
​
2주 지내는동안 아주 요긴하게 잘 쓰이는 선물들입니다ㅎㅎ
화장실은 입구 왼편에 위치해있고 변기, 세면대가 있어요
깨끗하고 깔끔하게 잘 관리가 되어있어서 좋았습니다
침대는 퀸사이즈인거같아요 2명이 자도 문제없어요
티비, 공기청정기, 유축기도 있고요
좌욕실에는 샤워기가 설치되어있어서 여기서 샤워하면됩니다
샴푸, 린스, 바디클렌저가 기본으로 준비되어있어요
냉장고, 옷장, 전자레인지, 전기포트 있고요
화장대, 미니빨래건조대, 드라이기가 있습니다
시밀레 유축기가 있어서 잘 썼어요
일주일치.식단표와 매달 진행되는 프로그램
식사는 하루 3끼, 간식은 식사 사이마다 3번 들어와요
보호자 식사가 무료라는점이 좋습니다!
​
잘 먹고 잘 쉬면서 둘째도 완모의 길을 걸을 수 있게 잘 준비중입니다ㅎㅎ
​
조리원실은 아기들 목욕시간인 2~3시를 제외하면 언제든 자유롭게 가서 아기 얼굴을 볼 수 있어요
​
가족들 면회오는 시간을 칼같이 정하지 않아도 된다는것도 큰 장점이에요
​
이제 퇴소까지 5일 남았네요
집에가면 다신 돌아오지 않을 자유시간ㅠㅠ
​
혼자 있으니 좀 심심하긴하지만 즐겨야겠어요!",,0,https://cafe.naver.com/f-e/cafes/24000254/articles/7244351?boardtype=L&userDisplay=50&menuid=13&referrerAllArticles=false&inCafeSearch=true&query=%EA%B3%B5%EA%B8%B0&art=aW50ZXJuYWwtY2FmZS1hcnRpY2xlLXJlYWQtaW5DYWZlLXNlYXJjaC1saXN0.eyJ0eXAiOiJKV1QiLCJhbGciOiJIUzI1NiJ9.eyJjYWZlVHlwZSI6IkNBRkVfSUQiLCJhcnRpY2xlSWQiOjcyNDQzNTEsImlzc3VlZEF0IjoxNzg4MjMzMjMyOTk2LCJjYWZlSWQiOjI0MDAwMjU0fQ.N-PNpp4FH39eayZjMI3Ng42G1sa-qSG3viM7zCGR6MI&page=1,JKS
대구맘365,24000254,13,공기,셋째맘 현풍 프로마드레 산후 조리원 후기,2026.02.04. 12:15,"🔸대구에서 1시간 떨어진 곳에 사는 내가 사는 동네에선 산부인과는 원정 출산이? 거의 필수?이다. ㅎ 노산이면 더~
​
15년도에 진천 미즈맘 병원 산후조리원 이용 2주
ㅡ 병원에서 죽다 살아남. 유도 분만, 수혈.
모텔같은 산후 조리원 시설, 뷰 안 좋았음
방 좁고...ㅠㅠ 침대 작고 나중에 없어짐.
​
17년도에 여성아이 병원 산후조리원 이용 5박 6일
ㅡ 15분만에 출산. 쌩 자연분만. 미즈맘보다는 조리원이 좋았으나 당시 가격 높은 편. 예약 힘들었다. 무슨 바이러스 이후라 조금이라도 감기 기운 있으면 아기랑 격리 ㅠㅠ 나가기 직전에 아기를 안아볼 수 있었다.
수유실 아래층이라 내려가기 불편함. 엘리베이터 ㅠㅠ
음식은 뷔폐식이라 좋았으나 먹으러 나가기 귀찮을 때도 있었음. 조동은 가능하지만 내겐 먼 이야기 ㅎ  침대는 퀸, 방 작은 편. 뷰 답답함
​
ㅡ 셋째는 현풍 행복한 병원+프로마드레 산후 조리원
유도분만 이틀 입원 후 ㅡ 조리원으로
​
조리원 가격은 셋 중에 제일 높았으나 물가 상승? 인가? 생각했고 방이랑 뷰보고 바로 예약. 아이 때문에 5박 6일 있으려고 하다가 9박 10일 연장 ㅡ ㅠㅠ 출산후  2주 신청을 하고 싶었으나 산모들이 많아 연장 불가.
​
밥은 병원밥 먹다가 와서 그런가 나쁘지 않았다.
그런데 미즈맘과 비슷했다. ^^; 나는 3~4주 후에 출근이라 단유+ 다이어트를 할 생각이라 밥을 반공기만 먹고 풀위주의 식사를 했는데 나쁘지 않았지만 사실 음식은 다양하지 않다. ^^  비슷한 반찬이 자주 나오는~ 딱 한번 국이 달랐고 99% 미역국 ㅎ 그런데 시켜 먹는다면 시켜 먹을 곳도 많다.
아쉬운 것은 출산 선물이 전혀 없었다. ㅎ후기 글을 쓰면 준다고 한다. ^^;
​
마사지 별로라는 후기글과 지인의 말을 들었는데
오히려 나는 세 조리원 중에서 제일 좋았다.
세 분한테 돌아가며 받았는데 스타일이 조금씩
다르지만 나쁘지 않았다.
49~50으로 출발해서  66kg 까지 쪘는데 10일 정도 되니 7kg 이 빠졌다. 나갈 땐 10kg 빠졌음 좋겠지만 힘들 것 같다. ㅎ 애기가 나간 몸무게 + 주는 밥과 간식 외엔 아무 것도 안 먹었다. 밥도 무조건 반만 먹음. 마사지는 5회 1시간 짜리로 서비스 포함 총 6번 받았다. 침대가 두 개인 특실로 가려다가 애가 둘이라 일반실로 이동.아무도 안 올 거라... ㅎ) 아파트뷰지만 나는 방 크기도 인테리어도 다 마음에 들었다. 모자동 가능한데 몸살기가 있어서 나는 아기를 안고 방에 들어오진 않았다. 신생아실 케어하시는 선생님들도 다 친절하셨고 일하시는 분들도 좋았다. 이벤트실 앞, 전자레인지 앞에 있는 방이라 조금 시끄러웠지만 덕분에 이벤트실을 자주 이용했다. 아기 수유실과 같은 층이라 빨리 갈 수 있어서 좋았고. 조용한 곳을 좋아하신다면 7층 추천! 뷰가 좋아서 복도 나가는 것도 즐거웠다.
​
ㅡ  먹는 음식보다 머무는 공간이 더 중요한 사람이라 이러한 면에서 이 조리원은 내게 맞는 곳이었다.
​
넷째는 없을 예정이라 이용할 수는 없겠지만 적극 추천한다. ㅎ
주차 편하고 주변에 맛집 많아 찾아 오시는 분들
대접하기 좋고 무엇보다 시설 & 선생님들이 좋다.
음식이 중요한 사람들은 음식때문에 강제 다이어트 될 수도 있음 ㅎ 그런데 정말 나는 괜찮았다.
딱 영양을 맞춘 건강식이라~♡♡
​",,0,https://cafe.naver.com/f-e/cafes/24000254/articles/7233263?boardtype=L&userDisplay=50&menuid=13&referrerAllArticles=false&inCafeSearch=true&query=%EA%B3%B5%EA%B8%B0&art=aW50ZXJuYWwtY2FmZS1hcnRpY2xlLXJlYWQtaW5DYWZlLXNlYXJjaC1saXN0.eyJ0eXAiOiJKV1QiLCJhbGciOiJIUzI1NiJ9.eyJjYWZlVHlwZSI6IkNBRkVfSUQiLCJhcnRpY2xlSWQiOjcyMzMyNjMsImlzc3VlZEF0IjoxNzg4MjMzMjMyOTk2LCJjYWZlSWQiOjI0MDAwMjU0fQ.fxDBylghXGTh4Pi9Yo98TZCx0ISRWnSgkHnhn1thWmk&page=1,JKS
대구맘365,24000254,13,공기,대구 엘리자벳 산후조리원,2025.12.20. 15:05,"🔸출산후기 내용은 ""출산 성공 바이러스""
에 게시글 작성해 주시기 바랍니다.
​
🔸""예비맘정보공유"" 게시판에 위 게시글 작성시
활동정지 및 무통보 삭제됨을 알려드립니다.
​
안녕하세요.
대구 엘리자벳 최신후기가 잘없어서 혹시나 찾아보시는분들 저처럼 선택에 도움이 되시길 바라는 마음으로
내돈.내산 작성글입니다 :)
​
✅️ 대구 수성구 상동 416-1
(주차는 앞3대 가능 / 나머지 공영주차장 50%지원)
✅️ 입실 11시/ 퇴실10시
✅️ 드라이기, 회음부방석, 수유쿠션,
스펙트라유축기/가습기/공기청정기/선풍기 있음
입실전 코로나키트 자가로 진행하고
문자보내야해요
​
저는 남편이랑 같이 지낼거였어서 스위트객실로
예약했고 407배정받았습니다.
(4층 맨안쪽인게 단점이자 장점.
멀긴하나 햇빛은 정말잘들어서 좋고 따뜻ㅎㅎ)
​
객실 컨디션좋아요. 침대가 진짜 최고임
암막커텐까지 치고 자면 못일어남 주의..⚠️
​
복도에 수건.휴지.수유복.남편옷 등 있어서
편하게 가져가서 갈아입었어요.!!
​
각 층 민트색바구니에 세탁할거 세탁망해서
두면  2층 파랑바구니에 완료되있어요(1~2일)
​
엘베에 붙어있는 정보들 참고하시구요.!
​
4층 장점: 영양실과 가깝다.
(시간맞춰 식사하기 힘들때있는데
가져와서 두고 객실에서 먹기 완전편함!!@)
비교적 조용한 분위기가 좋음
​
2층 장점: 신생아실있어 수유/유축 왔다갔다 하기좋음.
밖에 사람들 다니니 조용할순없음
(모유수유 욕심있다면 추천)
3층 장점:  중간이라서 왔다갔다 편하고 조용.
보통 엘베안기다리고 이동하심
​
📌방이없음 안되겠지만 참고해서 요청해도
좋을거같아용!!
밥사진 찍어둔개 몇개없지만 ㅜ 맛있어요.
보호자식 신청은 1만원 카페결제 입니다.
8시 간식은 죽 퍼레이드 입니다.
신생아실 수유공간 사진이구요.
일루맘클럽 파트너 조리원이네용
일루마먹이실분들은 참고하면 좋을거같네용!!
에르메스분유 ㅠㅠ
​
옆에 교육실사진인더ㅣ갈일이 거의없어요.
신생아 촬영 여기서했어요.
​
스위트객실 예약에는
(가슴마사지1회 30분/리커버케어 4-50분)
1회포함입니다. 가슴은1층 전신은3층.
도움이됩니다
모든객실 1층카페 음료5잔무료쿠폰 줍니다.
아아는 얼음요청해서 커피내려마시면됨.
그래서 저는 잘안쓰고 남편이 생과일주스
미숫가루 등 먹었는데 맛있었다네요. 사진은..ㅠ
​
글쓸생각이없었어서 사진이랑
내용이 두루뭉실 하고 부족하긴 하지만^^;
도움되었음합니다.
저는 월요일퇴실인데~~ 벌써두려워요 흑흑😭
​
❣️조리원은진짜 천국이고 시간순삭입니다...하..
어느조리원이든 진심.. 그시간을 즐기세요!!!!꼭!!!❣️",,0,https://cafe.naver.com/f-e/cafes/24000254/articles/7201111?boardtype=L&userDisplay=50&menuid=13&referrerAllArticles=false&inCafeSearch=true&query=%EA%B3%B5%EA%B8%B0&art=aW50ZXJuYWwtY2FmZS1hcnRpY2xlLXJlYWQtaW5DYWZlLXNlYXJjaC1saXN0.eyJ0eXAiOiJKV1QiLCJhbGciOiJIUzI1NiJ9.eyJjYWZlVHlwZSI6IkNBRkVfSUQiLCJhcnRpY2xlSWQiOjcyMDExMTEsImlzc3VlZEF0IjoxNzg4MjMzMjMyOTk2LCJjYWZlSWQiOjI0MDAwMjU0fQ.KY5bJHPDFlGAeg0_5EB1sAj9RPwszUaSkoTB1B7zS7E&page=1,JKS
대구맘365,24000254,13,공기,여성메디파크 조리원 디럭스 특실 13박14일 후기입니다:),2025.12.04. 14:57,"저는 이번에 둘째를 출산했어요. 첫째때 대구에서 지점도 있는 유명한 조리원 갔었는데, 저하고는 안맞았어서 다른곳으로 알아보던 중에 후기가 좋은 메디파크로 결정하게 되었어요. 메디파크 조리원은Vip룸이 유명해서 저도 한번 와보고 싶었으나..ㅎ 예약이 다 찼더라구요. 그래서 디럭스룸으로 오게 됐는데 결론적으로 부족함 없이 모두 만족했어요!
​
조리원 복도. 차분하고 늘 쾌적한 공기. 마음 편하게 지내고 갑니다..^^
방 입구에서 보이는 모습이에요. 침대도 남편이랑 둘이 자는데 불편함없고 편하고 좋았어요.
남편이랑 야식먹던..테이블ㅎ 이제 집에가면 이런시간도 없겠죠? 조리원생활 즐기세요 여러분... 😂
군더더기 없는 화장실. Vip룸은 좌욕기도 있더라구요. 자분하신분들은 좋을것 같아요~ 저는 제왕..
암막커튼도 있어서 좋았어요!
​
생수 이만큼 주시네요...정수기에 물뜨러 안가도 되서 너무 편했어요.
옷이랑 수건은 여기서 자유롭게 챙겨가면 되고
유축할때 깔대기는 내가 있는 호실이 적힌거 사용하면돼요. 씻어서 여기에 넣어주십니다!
간단한 빨래도 가능하구요~
둘째낳고는 회복속도가 달라도 너무 다른... 매일 마유마사지 받았는데 진짜 하루하루 좋아지는게 느껴졌어요. 문열면 바로 계신 선생님한테 받았는데 조언도 많이 해주시고 몸도 너무 많이 좋아졌어요. 여러분 첫째라도 꼭 마사지 받으세요 나중에는 시간없어서 못받습니다. 그리고 회복해야하는 타이밍이 있어요 조리원에서 꼭 회복하고 나가세요..! 저도 조리원 천국 더 누리고 싶네요...😂😂
​
아 그리고 디럭스는 모든방이 다 남향이라고 하더라구요. 진짜 방이 너무 따뜻했어요. 햇빛도 잘 들어오고.
3호선 뷰는 괜히 귀엽고 한번씩 구경하는 재미 ㅎ
출산하고 나면 괜시리 호르몬때문에 마음이 울적해질수 있는데 햇살 좋은거 중요하다 생각합니다..👍🏻
그리고 메디파크 조리원하면 빠질수 없는게 신생아케어에요. 진짜 신생아실 선생님들 한분한분 다 너무 친절하시고 아가들 예뻐해주시는게 눈에 보입니다. 특이사항 있으면 작은거라도 다 말해주시고 엄마들 컨디션도 체크해주시고 말걸어주시는게 너무 감사했어요.
전에 있었던 조리원은 수유콜도 너무 많이 오고 직수도 많이 권하는 강압적인? 분위기여서 저는 너무 힘들었었는데 여기는 그런점이 없어서 좋았어요.
수간호사 선생님이 신생아 목욕교육도 1시간동안 해주셨는데 목욕말고도 이것저것 많이 알려주시고, 아이들 케어에 프라이드 넘치시는 모습이 너무 보기좋더라구요 저는^^ 걱정없이 믿고 맡길수 있었어요 ~~
​
제가 첫째때 갔던 조리원보다 규모면에서 작고, 식사도 방에서 하기때문에 조동을 만들수 있거나 시끌벅적한 분위기는 절대 아니에요. 하지만 그만큼 아가들도 좀 조용한 분위기에서 케어 받을수 있는것 같고
임신과 출산에 지쳐있는 나에게 차분한 분위기에서 온전한 휴식을 주고싶다~하시면 정말 추천합니다.
(참고로 저 mbti 대문자 ‘E'입니다)
​
셋째가 있다면... 😂 꼭 다시 여기로 올게요
선생님들 모두모두 감사합니다❤️
​
🔸출산후기 내용은 ""출산 성공 바이러스""
에 게시글 작성해 주시기 바랍니다.
​
🔸""예비맘정보공유"" 게시판에 위 게시글 작성시
활동정지 및 무통보 삭제됨을 알려드립니다.",검색해도 안나오는데 위치가 어디인가요? | 범어에 있는 여성메디파크병원 이요! | 감사해요혹시 메디파크에서 분만도 하셨어요? | 아니요 타병원에서 분만했습니다^^ | 감사해요 | 타 병원에서 분만하고 조리원 들어가면 금액이 차이가 나나요? | 아니요 조리원 비용은 같습니다! | ,8,https://cafe.naver.com/f-e/cafes/24000254/articles/7188952?boardtype=L&userDisplay=50&menuid=13&referrerAllArticles=false&inCafeSearch=true&query=%EA%B3%B5%EA%B8%B0&art=aW50ZXJuYWwtY2FmZS1hcnRpY2xlLXJlYWQtaW5DYWZlLXNlYXJjaC1saXN0.eyJ0eXAiOiJKV1QiLCJhbGciOiJIUzI1NiJ9.eyJjYWZlVHlwZSI6IkNBRkVfSUQiLCJhcnRpY2xlSWQiOjcxODg5NTIsImlzc3VlZEF0IjoxNzg4MjMzMjMyOTk2LCJjYWZlSWQiOjI0MDAwMjU0fQ.MopzI4hsV-jLepVvwQhrqvy2mEv2Ya-aITyumA-G5x8&page=1,JKS
대구맘365,24000254,13,공기,젖병 준비 몇개해야할까요??,2025.11.14. 20:28,"분만 38일 앞두고 있어요
조리원에서 초유만 주고 단유해서 나올 예정인데
분유 몇개 준비하면 좋을까요??
​
지금 란시노 160 두개
마더케이 180 두개
요렇게 네개 사놨는데.. 먹여보고 사면 늦을거같아서ㅜㅜ 몇개 더 사면 좋을까요??
​
🔸출산후기 내용은 ""출산 성공 바이러스""
에 게시글 작성해 주시기 바랍니다.
​
🔸""예비맘정보공유"" 게시판에 위 게시글 작성시
활동정지 및 무통보 삭제됨을 알려드립니다.",젖병젤큰거 6개했었어요.젖병적으면 자주 씻고 세척해야해서 하루다먹이고 씻어놓을정도는 되야엄마도 편해요~ | 큰거 사면 거품생긴다고?? 공기 찬다구 해서 초반3-4개월쓸건 200미리 이하로 주문했늠데 큰걸로 바꿀까요ㅜㅠ?? | 전 그냥첨부터 큰거먹였어요어차피 큰걸로 바꿔야한다해서 공기차고 그런건 없었어요~ | 젖병은 몇개 준비하셨어용?? | 큰거쓸때되면 젖병바꿔줘야되서. 저는 작은거요 지금준비하신걸로 써보시고 만만한걸로 추가하시는게좋을것같아요ㅎ | 몇개준비하셨어요?? | 준비는 4개정도했던거같은데 최종은 8개정도요 하루치먹을꺼 | 아기낳고 네개 더 사면 늦겠죠? | 😁 충분하죠 젖병 조금만더 자주씻으면되죠뭐 | 저는 애들 모유수유로 키운지라 160짜리가 태반이에요ㅎㅎ야금야금 사다보니 6개 쯤 되는거같아용 저는 딱 타이트하게 돌릴 때 3개도 괜찮앗는데 설거지를 자주해야한다는 단점이 잇긴한데 부지런하심 가능할 것도 같아요^^ 큰거는 딱 2개만 샀는데 분유수유로는 마이 안 쓰고 얼집댕기는데 물병으로 챙겨주고잇어용ㅋㅋㅋ빨대컵세트 사가지고요 | 흐어 초유만 주고 완분할 생각이라... 고민되네요ㅜㅜ 젖병 세척기는 사놨는데 ㅜㅜㅜ | 아..젖병세척기? 식세기처럼 물도 쏴주고 잘 씻어주는가요 자동으로?ㅋㅋㅋ그럼 타이트하게 해도..보통 3시간 텀으로 분유를 먹으니 계산해서 최적한 갯수로 준비해보아용~ 젖병세척기에 몇 개 들어가는지도 가늠해보시고용 | 저는 160 4개랑 240 4개 준비해뒀어요!젖병도 젖병인데 저는 젖꼭지수량도 고민되더라구요 ㅠ 사이즈도 제각각이라 ㅠ | 요즘 배송도 빠르게 오니 먹여보고 사도 괜찮지 않을까요? 아이마다 배앓이 이슈나 선호하지 않는 젖병도 있다고 해서요 ㅎㅎ 저는 란시노3개랑 다른거 3개정도 더 준비해놓긴 했어요! | 혹시나해서 작은거만 2개사놨었는데 다행히 잘맞아서 전 8개 사용해요,15,https://cafe.naver.com/f-e/cafes/24000254/articles/7174095?boardtype=L&userDisplay=50&menuid=13&referrerAllArticles=false&inCafeSearch=true&query=%EA%B3%B5%EA%B8%B0&art=aW50ZXJuYWwtY2FmZS1hcnRpY2xlLXJlYWQtaW5DYWZlLXNlYXJjaC1saXN0.eyJ0eXAiOiJKV1QiLCJhbGciOiJIUzI1NiJ9.eyJjYWZlVHlwZSI6IkNBRkVfSUQiLCJhcnRpY2xlSWQiOjcxNzQwOTUsImlzc3VlZEF0IjoxNzg4MjMzMjMyOTk2LCJjYWZlSWQiOjI0MDAwMjU0fQ.4_LsFfGKGQ5VS-8pRZEnyClAf9TC1PQkC8BTNXyZI6I&page=1,JKS
대구맘365,24000254,13,공기,브랜든 압축 파우치 특가해요!,2025.11.05. 17:19,"파트너스 활동으로 수수료를 받습니다.
대구맘365제휴글입니다.
계절 지난 옷 정리하려고 브랜든 압축 파우치를 처음 구매했어요
옷장 정리할 때마다 부피 때문에 항상 고민이었는데 이번엔 제대로 해결했어요
두꺼운 니트랑 맨투맨, 아우터까지 브랜든 압축 파우치에 넣고 압축하니까 부피가 절반 이상 줄어서 옷장이 한결 넓어졌어요
특히 공기를 빼는 방식이 손으로도 쉽게 가능해서 따로 진공기를 쓰지 않아도 되는 점이 정말 편했어요
처음엔 그냥 옷정리용으로만 생각했는데 써보니까 여행 갈 때도 너무 좋겠더라고요
그래서 이번에 특가 떴을 때 브랜든 압축 파우치를 세트로 하나 더 구매했어요
브랜든 압축 파우치 특가링크 <<
지금 특가에요! 구매하기 좋아요 ^^
예전에는 여행 가방 쌀 때 옷 부피가 너무 커서 늘 캐리어가 터질 지경이었거든요
그런데 브랜든 압축 파우치로 나눠 담으니까 공간이 확 줄어서 여유 있게 다른 짐도 챙길 수 있었어요
무게감도 가볍고 파우치 재질이 탄탄해서 여러 번 사용해도 변형이 없어요
특히 지퍼 부분이 이중으로 되어 있어서 공기가 다시 새지 않으니까 오랫동안 압축 상태가 유지돼요
마감이랑 지퍼도 튼튼해서 짐정리 하면서 보니까 처음 산 상태 그대로라 만족스러웠어요
아우터용 브랜든 압축 파우치도 같이 써봤는데 코트나 패딩처럼 부피 큰 옷을 넣어도 문제없이 잘 들어가요
일반 압축팩보다 훨씬 깔끔하고 내부가 정리돼 보이는 느낌이라 수납할 때 기분이 좋아요
무엇보다 브랜든 압축 파우치는 크기별로 구성돼 있어서 옷 종류에 따라 나눠 담기 쉬워요
속옷이나 티셔츠는 작은 사이즈, 후드티나 바지는 중형, 외투는 대형에 넣으면 딱이에요
이렇게 구분해서 정리해두니까 나중에 필요한 옷만 꺼내기도 간편하고 전체가 어지럽혀지지 않는답니다
가끔 비 오는 날 습기 때문에 옷이 눅눅해질까 걱정됐는데, 브랜든 압축 파우치 덕분에 그런 걱정도 사라졌어요
방수 소재라 물기가 스며들지 않고 장기간 보관해도 옷이 깨끗하게 유지돼요
여행뿐 아니라 이사나 장기 출장 준비할 때도 활용도가 높을 것 같아요
브랜든 압축 파우치 한 번 써보면 다른 압축팩으로는 못 돌아갈 만큼 완성도가 높고 디자인도 깔끔해서 보기에도 좋아요
얼마전에 친구가 보고 좋아보인다고 하길래 알려줬는데 다들 써보고나면 브랜든 압축 파우치가 진짜 잘 만든 제품이라고 극찬하더라고요
공간 절약, 깔끔한 정리, 내구성까지 다 갖춰서 진짜 쓰기 편해요!
🔸출산후기 내용은 ""출산 성공 바이러스""
에 게시글 작성해 주시기 바랍니다.
​
🔸""예비맘정보공유"" 게시판에 위 게시글 작성시
활동정지 및 무통보 삭제됨을 알려드립니다.",파트너스 활동으로 수수료를 받습니다.지금 특가 판매 시작합니다!기다렸던 분들 혜택 받고 구매하세요!브랜든 압축 파우치 특가링크 ▼https://bit.ly/3JFZOoZ | 요즘 브랜든 압축 파우치 여행 필수템으로 인기 많아요. 부피를 확 줄여줘서 캐리어 공간 활용이 정말 좋아요. | 브랜든 압축 파우치 써보니까 지퍼가 부드럽고 내구성이 좋아서 여러 번 써도 튼튼하더라고요. | 브랜든 압축 파우치 후기 보면 옷이 구겨지지 않고 깔끔하게 정리돼서 짐 싸는 스트레스가 줄었다는 말이 많아요. | 요즘 브랜든 압축 파우치 디자인도 심플하고 색상 다양해서 가족끼리 구분해서 쓰기 좋아요. | 브랜든 압축 파우치 특가 떠서 봤는데 구성도 알차고 가격대비 퀄리티가 좋아서 만족스러웠어요. | 브랜든 압축 파우치 덕분에 장거리 여행 짐 정리가 훨씬 간편해지고 캐리어 여유 공간도 많이 생겼어요.,7,https://cafe.naver.com/f-e/cafes/24000254/articles/7166986?boardtype=L&userDisplay=50&menuid=13&referrerAllArticles=false&inCafeSearch=true&query=%EA%B3%B5%EA%B8%B0&art=aW50ZXJuYWwtY2FmZS1hcnRpY2xlLXJlYWQtaW5DYWZlLXNlYXJjaC1saXN0.eyJ0eXAiOiJKV1QiLCJhbGciOiJIUzI1NiJ9.eyJjYWZlVHlwZSI6IkNBRkVfSUQiLCJhcnRpY2xlSWQiOjcxNjY5ODYsImlzc3VlZEF0IjoxNzg4MjMzMjMyOTk2LCJjYWZlSWQiOjI0MDAwMjU0fQ.-WYZ5yrhSmvZkE8yOv1swD6_jxDQxp622GFR17vlX8k&page=1,JKS
대구맘365,24000254,13,공기,겨울아기 가습기추천,2025.10.29. 17:17,"안녕하세용 가습기 살려고하는데 어떤거 쓰시는지
저는 가열식으로 알아보고 있는데 뭐가 좋은지 모르겠어요. ㅠㅠ
​
대충 비교해봤는데 비교할수록 머리가 아프네용
​","저는 아키텍꺼 쓰고잇는데 잘 사용하고있어요 | 저도 그게 제일맘에드는데 가격대가있어서가열식인데 많이 안뜨겁고 좋은가요? | 네에 많이 안뜨거워요ㅎㅎ 가습기 무게가 좀 있는 편이라 들고 옮기고 하기엔 다소 불편할 순 있지만, 기능에 자동세척 기능이 있어 간편하게 세척 가능하며 분리세척이 되서 세척하기도 편해요~ 무엇보다 제조국이 대한민국이라 믿을만해요:) | 가열식이 좋데요범위가 넓게 퍼지고따뜻한게 코를 촉촉하게 해주고차가운거는 오히려 감기를 유발한다고 해요ㅡ 소아과 의사 왈 ㅡ | 앗 저도 참고해야겠네요! | 이번에 암웨이에서 나오눈 가습기 한번 보세요! 가열식 쓰는데 세척이 너무 힘들어요ㅜㅜ | 챗드려요~ | 케어팟 사용하는데 공청이랑 같이 사용 못해요 ㅜ 가습기 틀어두고 공기청정기 틀어두니 공청난리예요.. 화재위험 있다고 알람뜨고.. 가습기를 먼지로 인식 한다더라구요.. | 공청기 같이 쓰면안되죠ㅠㅠ수증기를 연기로 인식해서먼저 공기순환시키고 가습기틀어야합니다ㅠ",9,https://cafe.naver.com/f-e/cafes/24000254/articles/7161426?boardtype=L&userDisplay=50&menuid=13&referrerAllArticles=false&inCafeSearch=true&query=%EA%B3%B5%EA%B8%B0&art=aW50ZXJuYWwtY2FmZS1hcnRpY2xlLXJlYWQtaW5DYWZlLXNlYXJjaC1saXN0.eyJ0eXAiOiJKV1QiLCJhbGciOiJIUzI1NiJ9.eyJjYWZlVHlwZSI6IkNBRkVfSUQiLCJhcnRpY2xlSWQiOjcxNjE0MjYsImlzc3VlZEF0IjoxNzg4MjMzMjMyOTk2LCJjYWZlSWQiOjI0MDAwMjU0fQ.SwJpoTEI4KQelr5i0BLuGoyB022FwRbBbgLobNfuotg&page=1,JKS
대구맘365,24000254,13,공기,대구 여성메디파크 조리원 vip룸 후기,2025.10.18. 12:29,"🔸출산후기 내용은 ""출산 성공 바이러스""
에 게시글 작성해 주시기 바랍니다.
​
🔸""예비맘정보공유"" 게시판에 위 게시글 작성시
활동정지 및 무통보 삭제됨을 알려드립니다.
​
​
산후조리원을 찾던 중 지인의 추천을 통해 알게 된 여성메디파크 조리원!
조리원에 며칠 지내면서 제가 젤 먼저 느낀점은, 조리원 자체내에 시설이나 분위기가 차분하고 깔끔해서 만족스럽다 입니다!
딱딱한 병원 침대에서 지내다가 조리원에 와서 폭신한 침대와 침구덕분에 매일 편하게 잘 잘수있어서 너무 좋아요.
vip룸은 리모델링을 해서 남편과 둘이지내기 충분할 공간과 세련된 디자인! 거실과 침실공간으로 나뉘어져 있고 화장실도 샤워와
좌욕기가 있는 화장실, 세면대와 변기가 있는 화장실 2개로 너무 편하게 이용가능해요!
식사는 하루 3번 그리고 틈틈히 간식 3번까지 방으로 직접 가져다 주시는데 격주로 월욜은 빕스데이, 매주 금욜은 간식이벤트가 있어요!
또한 큰 장점으로는 보호자식이 무료로, 전날 신청할수있어요! 식사도 잘나와서 남편과 저 둘다 맛있게 잘 먹고 있답니다!
방에는 유축기,공기청정기, 냉장고, 전자레인지, 커피포트, 옷장, 기타 필요한 물품들이 다 있어 정말 개인적인 물건만
가지고 오면 되서 너무 편한거같아요! 청소도 매일 오전에 오셔서 깨끗이 해주셔서 너무 만족!!
​
제가 생각하는 제일 좋은 점은 병원에 있을때는 부모님이 아기를 보고싶어도 못보시니 아쉬웠는데
아기들 목욕시간(오후 2시에서 3시사이)을 제외하고 언제든지 아기를 면회 할수있고, 가족들도 언제든지 아기를
볼수 있다는 것이 가장 큰 장점인것 같습니당!  또한 신생아실에 계시는 선생님들 모두 친절하시고 아기를 정성으로
돌보는 모습을 느낄 수 있어서 저 또한 마음을 안심하고 조리원 생활을 누리고 있는것 같습니다.
​
조리원팀장님 또한 항상 친절하고 세심하게 챙겨주셔서 남은 시간도 맘편하게 잘 조리하고 퇴소할것 같습니다!",조리원도 여기저기 알아보고 있었는데 자세히 알려주셔서 너무 좋아요!출산 축하드려요~^^ | 시설 좋아보여요,2,https://cafe.naver.com/f-e/cafes/24000254/articles/7152863?boardtype=L&userDisplay=50&menuid=13&referrerAllArticles=false&inCafeSearch=true&query=%EA%B3%B5%EA%B8%B0&art=aW50ZXJuYWwtY2FmZS1hcnRpY2xlLXJlYWQtaW5DYWZlLXNlYXJjaC1saXN0.eyJ0eXAiOiJKV1QiLCJhbGciOiJIUzI1NiJ9.eyJjYWZlVHlwZSI6IkNBRkVfSUQiLCJhcnRpY2xlSWQiOjcxNTI4NjMsImlzc3VlZEF0IjoxNzg4MjMzMjMyOTk2LCJjYWZlSWQiOjI0MDAwMjU0fQ.utUeNJYJWcNwTs7N5-EqVVEMG0cHa2kzNvuOaU3G1XY&page=1,JKS
대구맘365,24000254,13,공기,대구 층간소음매트 내돈내산 든든매트 시공 2달 찐 사용후기,2025.05.28. 11:02,"대구 층간소음매트 내돈내산 든든매트 시공 2달 찐 사용후기
​
미리보는 결론: 어차피  시공매트를 결심했다면 아이를 낳기전에 미리 설치해두면 훨씬 편함!
4월에 아기가 태어난 동생부부에게도 추천해서 아이가 집으로 오기 전에 시공완료^^
나: 84 판상형 기준 주방제외 거실 복도 시공/
동생: 74 판상형 기준 주방제외 거실 복도 시공/
모두  디지털온누리상품권으로 결제하여 이득!
(디지털온누리상품권은 특정시기에 할인율이 높으므로 미리 충전해두는 것 추천)
​
​
1. 매트시공을 결심한 계기
1) 아기가 6개월이 지나면서 이동반경이 넓어짐. (방안에서만의 생활이 불가함)
-거실은 절대 아이의 공간으로 내어줄 수 없다는 굳은 결심 바로 포기
3) 아기가 강마루에 넘어지면 크게 다치지 않을까 걱정.
-매일 머리쿵, 헬맷을 씌우는 것도 너무 번거롭고 아기가 거부하면 답없음
4) 아기를 안전하게 보면서 집안일도 할 수 있는 생활 희망
5) 아랫집의 혹시 모를 층간소음의 연락 미연에 방지 희망
- 아기가 장난감을 던질 때 생각보다 큰 소음이 발생, 층간소음을 겪어봐서 미리 최대한 배려해드리고 싶은 마음
​
2. 시공업체 선정 기준 및 방법
1) 기존 인터넷 검색을 통하여 샘플매트 및 문자 상담, 전화 상담 등을 이용
- 집 도면이 있으면 훨씬 정확한 견적이 나오는 편,
2) 베이비페어 참여 업체를 모두 돌아보고 상담 후 다시 집으로
-아기 데리고 힘들어죽을뻔
3) 그동안 모은 데이터를 기준으로
내가 선정한 기준:
-매트 두께 (어느 정도 층간소음을 방지하면서도, 경사로 설치 없이 로봇청소기가 올라갈 수 있는 매트 희망)
-가격 (디지털온누리상품권 사용 가능 및 최대한의 할인율로 확인 계산)
-대표 직접 시공 (새아파트 입주하면서 하청을 주는 느낌의 업체에서 많이 실망한 경험)
-국내 공장에서 생산
3. 든든매트 선정 이유
-대표직접시공 상담 요청했으 때에도 매우 친절하고 빠른 답변과 여러 질문에도 귀찮아하지 않으시고 답변해주시고 직접 시공 확인도 받고 친절 및 응대 만족!
-국내생산매트로 여러 샘플 매트와 비교했을 때에도 품질 만족!
-디지털 온누리 상품권 사용 가능 및 공장직영 유통마진제로로 가격 만족!
​
4. 2달 찐 사용 후기
-시공할 때 소음걱정 없이 아기가 잘 잤음/시공하시는 중에도 이동은 가능했음
-보통 페이백을 위해 매트시공한 날부터 후기를 쓰는 리뷰어들이 많았지만 좀 더 실질적인 후기와 찐 후기를 위해
2달간 사용을 해보고 리뷰를 쓰기로 함.
- 내가 시공한 공간은 거실과 복도, 아일랜드 라인까지! /주방은 고민했으나 펜트리가 있어서 펜트리 전용 매트 설치공간도 생기게 되어 굳이 안함 이부분은 개인취향인듯!
- 처음에 매트가 조금 미끄럽다고 느껴짐/ 바로 생산되어 나온 거라 그런 것 같음 로봇청소기 2번 바로 돌리고 다음날 돌리고 3~4번 돌리니 미끄러움 사라짐.
- 아크릴 받침이나 식탁 테니스공 등을 미리 사두면 시공하면서 바로 생기는 자국도 걱정 없음
(식탁 및 아기 책장은 아크릴 받침, 쇼파, 아마존 소서에는 남은 매트로 고정, 식탁의자와 졸리점퍼는 테니스공으로 자국 방지함)
- 무거운 가구는 자국이 생기지만 일반적인 가구들은 금방 복원이 되는 편
- 아기가 거실과 복도를 자유롭게 돌아다니면서 넘어져도 걱정이 없음. 실제로 쇼파를 잡고 서다가 뒤로 넘어졌지만 매트 덕분에 아기가 울지도 않았고 나도 크게 신경쓰지 않음/ 머리쿵방지쿠션 및 헬맷을 사용하지않아도 되었음
- 로봇청소기가 첫날 탐색하면서 조금 주저주저하는 모습이 보였지만 다음날부터 잘 청소하고 다님/ 특별한 경사로 및 나의 도움 필요없음- 나의 로봇청소기 로보락s7plus 기준
- 이염이나 오염/아기가 토하기도 했고, 물을 쏟은적도 있고, 액상철분제를 쏟은 적도 있지만 금방 닦아서 그런지 이염이나 오염 없었음.
- 황변/고층 남향 아파트라 햇빛과 관련하여 황변 걱정이 있었으나 특정부분이 황변이 되거나 매트를 보았을 때 특별히 느껴지는 이질감은 없음. 하지만 황변은 자연스러운 현상이라 서서히 황변이 되더라도 큰 티가 나지 않을 것 같음.
-층간소음/ 시공완료하고 주신 층간소음매트시공팻말도 현관문에 두니 마음이 편함/ 층간소음으로 연락온적없음
-공기 순환 및 곰팡이/ 직접 손수 롤매트를 깔았던 지인이 곰팡이얘기를 해서 걱정했는데 나는 한달에 한번 정도 매트를 오픈해서 공기 순환이나 곰팡이를 확인하였으나 전혀 문제가 없었음.
5. 결론
개인적으로 아이를 낳고나서 여러 육아템들을 구매했고 만족했지만 시공매트가 가장 만족스러웠음.
아기방은 태어나자마자 폴더매트를 사용중이라서 그대로 사용하고 있으나 폴더매트 특유의 매트 냄새가 많이나서
주말마다 소독하고 닦고 있는데 시공매트는 그런게 없어서 더 만족!
진작 했으면 출산후유증을 앓았던 내 발바닥도 안아프고 좋았을 것 같은데 아쉬움 가득!
내 주변 모든 분들에게는 어차피 쓰는 돈 출산직전에 미리 설치하는 거 완전 추천중!
문의는 댓글달아주시면 육아시간을 제외할 때에는 성실하게 답변드려볼 예정!
​
​
​
0초
0초
100%
광고 후 계속됩니다.
다음 동영상
subject
author
취소
재생
2
재생 (space/k)
재생
00:22
0:00:00
재생 (space/k)
재생
음소거 (m)
음소거
00:00
/
00:22
실시간
설정
전체 화면 (f)
해상도
HD
720p
자막
사용 안함
재생 속도
1.0x (기본)
해상도
720p
HD
480p
270p
자막
자막 추가
설정
사용 안함
자막 설정
글자 크기
배경색
재생 속도
0.5x
1.0x (기본)
1.5x
2.0x
죄송합니다. 문제가 발생했습니다. 다시 시도해 주세요.
도움말
음소거 상태입니다.
도움말
라이선스
디버그 정보 다운로드
고화질 재생이 가능한 영상입니다.
설정에서 해상도를 변경해보세요.
더 알아보기
00:00
대구 층간소음매트 내돈내산 든든매트 시공 2달 찐 사용후기 (1)
0초
0초
100%
광고 후 계속됩니다.
다음 동영상
subject
author
취소
재생
1
재생 (space/k)
재생
00:11
0:00:00
재생 (space/k)
재생
음소거 (m)
음소거
00:00
/
00:11
실시간
설정
전체 화면 (f)
해상도
480p
자막
사용 안함
재생 속도
1.0x (기본)
해상도
480p
270p
자막
자막 추가
설정
사용 안함
자막 설정
글자 크기
배경색
재생 속도
0.5x
1.0x (기본)
1.5x
2.0x
죄송합니다. 문제가 발생했습니다. 다시 시도해 주세요.
도움말
음소거 상태입니다.
도움말
라이선스
디버그 정보 다운로드
고화질 재생이 가능한 영상입니다.
설정에서 해상도를 변경해보세요.
더 알아보기
00:00
접기/펴기
대구 층간소음매트 내돈내산 든든매트 시공 2달 찐 사용후기 (2)
50m
© NAVER Corp.
더보기
/OpenStreetMap
지도 데이터
x
© NAVER Corp.
/OpenStreetMap
지도 컨트롤러 범례
부동산
거리
읍,면,동
시,군,구
시,도
국가
든든매트
부산광역시 동래구 명서로 120 지하1층
예약",,0,https://cafe.naver.com/f-e/cafes/24000254/articles/7038176?boardtype=L&userDisplay=50&menuid=13&referrerAllArticles=false&inCafeSearch=true&query=%EA%B3%B5%EA%B8%B0&art=aW50ZXJuYWwtY2FmZS1hcnRpY2xlLXJlYWQtaW5DYWZlLXNlYXJjaC1saXN0.eyJ0eXAiOiJKV1QiLCJhbGciOiJIUzI1NiJ9.eyJjYWZlVHlwZSI6IkNBRkVfSUQiLCJhcnRpY2xlSWQiOjcwMzgxNzYsImlzc3VlZEF0IjoxNzg4MjMzMjMyOTk2LCJjYWZlSWQiOjI0MDAwMjU0fQ.DXFWIVqitaZ_vGzPt8--YYlxCnPokp1qjxrWZNDIUT8&page=1,JKS
대구맘365,24000254,13,공기,층간소음매트 띠아모매트 추천드려요~,2025.04.28. 13:11,"새집으로 이사하고나서 중간층이라 아이가 남자.여자 아이 한명씩 둘이고 아직 어려 뛰어다니기때문에 매번 뛰지말라 실내화 신겨도 벗어버리고 말을 안들어서 층간소음 매트 시공해야겠다 생각했어요.
층간소음 걱정에 박람회가서도 알아보고 인터넷 검색도 여기저기 해보다 입예협 단톡방에서 어느분이 업체를 말해줘서 띠아모매트를 알게되었어요.
3곳 정도에서 샘플신청해서 받아보고 비교해보고 띠아모로 결정했어요.
공기순환통로도 있고 마블무늬에 적절크기도 보유 가격도 합리적이었어요.
대리석 느낌으로 하고싶었는데 마침 마블무늬도 보유하고있었고 크기도 여럿중 선택 가능해서 저는 가장 많이 시공한다는 두께 2.1cm 68x68cm 로 하게되었어요. 로봇청소기(저는 없지만)가 2.1cm는 올라탈수 있다고하고 펜트리 문열때도 2.1cm 해야 거슬리지 않는다고 하더라고요.
스톤,우드,아이보리 색상 3가지있고, 크기는 50x50cm, 68x68cm/ 두께 2.1cm, 2.6cm 중 고를수 있어요.
띠아모매트는 무독성 친환경 매트라 자외선 오래 쬐거나 물에 자꾸 노출되면 변색될수 있어 주의해라 하시더라고요.
두분이 오셔서 꼼꼼히 시공해주셨고 3-4달 쓰다보면 자연스레 맞춰진다고 처음엔 빡빡하게해야한다고 틈이 조금씩 뜨는것처럼 보이지만 시간지나 맞춰진다 하시더라고요. A/S는 3개월 정도 가능하고 이후에도 연락주면 출장비나 수리비는 들수 있지만 A/S는 가능하다 하셨어요.
예상 했던 수량보다는 주방때문 8장 더 들어서 가격이 꽤 올라갔지만 타업체에 비하면 공기순환통로있고 제품 성능이나 재질에 비해 저렴한 가격이었어요.
저는 주방만 안하는게 좀 보기싫기도하고 저도 발망치라 복도~거실~주방까지 다 시공했답니다.
냉장고 문열어도 티안나게 안쪽까지 꼼꼼히 시공해주셨어요.
두분이서 무거운 가구들도 다옮기면서 시공해주시고 끝난후 식탁,의자,소파 발에 테니스공 다 끼워주셨고
여분 테니스공과 받침매트도 여유롭게 주고가셨어요. 시공은 5시간 가량 걸렸습니다.
시공후 아이들이 너무 좋아하고 밝은색상에 인테리어 효과도 있고 화사해보여서 시공하길 잘했다 생각했습니다.
관리도 여름철 습할때 매트 3장 정도만 빼내서 바람통하게 해줌 된다하시더라고요. 주스나 색상있는 음식은 흘리면 착색가능성때문 바로바로 닦아주는것이 좋고 매직 같은거는 안지워질수있어 물파스로 지워보라고 친절히 다 설명해주셨습니다.
실제로 물,우유 쏟아서 매트 빼봤는데 안에 스며든것 하나도 없었습니다. 만족하며 지내고있어욪
2.1cm 두께로도 충분히 두께감있고 다니기 좋네요.
시공후에 층간소음 매트 시공했다는 현관문 앞에 붙이는 표지도 작은거 큰거 하나씩 주셨습니다.
​
​
​
층간소음매트 고민이신분들은 띠아모 매트 추천드립니다~
​
​
​
​
​
​
글 보시고 시공결정하신분은 지인소개 할인도 5만원 되니 신청하시고 지인코드 '4575' 말씀해주시면됩니다~
​
#띠아모매트 #층간소음매트 #매트시공 #거실매트 #퍼즐매트 #친환경매트
​",벨앞에 붙여주고가는건 좋네요 ㅎ 저희집꺼는 변색되더라구요 ㅠ,1,https://cafe.naver.com/f-e/cafes/24000254/articles/7014614?boardtype=L&userDisplay=50&menuid=13&referrerAllArticles=false&inCafeSearch=true&query=%EA%B3%B5%EA%B8%B0&art=aW50ZXJuYWwtY2FmZS1hcnRpY2xlLXJlYWQtaW5DYWZlLXNlYXJjaC1saXN0.eyJ0eXAiOiJKV1QiLCJhbGciOiJIUzI1NiJ9.eyJjYWZlVHlwZSI6IkNBRkVfSUQiLCJhcnRpY2xlSWQiOjcwMTQ2MTQsImlzc3VlZEF0IjoxNzg4MjMzMjMyOTk3LCJjYWZlSWQiOjI0MDAwMjU0fQ.2UUTS-A1focHh2gAWACd7nIMQHbQ0U1KBs5L0ns9N3Q&page=1,JKS
대구맘365,24000254,13,공기,헤겐젖병 추천해보아요,2025.04.17. 20:23,"처음 미리 다른 젖병으로 준비했다가
젖병이 더 필요해서 도우미선생님 추천으로
헤겐젖병을 구매하여 같이 사용해보니
확실한 차이를 느낄수 있었습니다.
기존 젖병보다 입구가 넓어 분유탈때 흘릴일없고
세척할때도 훨씬편해요
특히나 아기가 먹을때 공기주입없이 편하게 먹고
트름도 훨씬 잘하는 편이라고 느끼게 해주었어요
그래서 다음 단계 젖병은 전부 헤겐젖병으로 정착하게 되었습니다.
알고보니 젖병만으로 사용이 끝나는게 아니라
뚜껑모양에따라 쓰임새도 다양하더라구요
젖병으로 뽕뽑는 템으로 추천할만 합니다.",,0,https://cafe.naver.com/f-e/cafes/24000254/articles/7006786?boardtype=L&userDisplay=50&menuid=13&referrerAllArticles=false&inCafeSearch=true&query=%EA%B3%B5%EA%B8%B0&art=aW50ZXJuYWwtY2FmZS1hcnRpY2xlLXJlYWQtaW5DYWZlLXNlYXJjaC1saXN0.eyJ0eXAiOiJKV1QiLCJhbGciOiJIUzI1NiJ9.eyJjYWZlVHlwZSI6IkNBRkVfSUQiLCJhcnRpY2xlSWQiOjcwMDY3ODYsImlzc3VlZEF0IjoxNzg4MjMzMjMyOTk3LCJjYWZlSWQiOjI0MDAwMjU0fQ.cMZhN_SASPwBMiGnppmKN3jzVtQauhKOHs1_pQsFxqc&page=1,JKS
대구맘365,24000254,13,공기,여성아이병원 38주 제왕했어요,2025.02.28. 03:10,"안녕하세요 38주 6살터울 경산모 제왕후기예요.
첫째때 유도진행하다가 응급수술로 진행하게되어 둘째는 선택없이 제왕으로 진행했답니다. 첫째도 둘째도 모두 2과 이강혁쌤이 받아주셨어요!   한결같이 다정하게 아기 봐주시고 세심하게 챙겨주셔서 임신기간동안에도 불안한 마음 많이많이 위로받고 했답니다.
너무 심했던 입덧기간에 쓰러질듯 병원에 가면 입덧하고 있으면 아이 잘 크고 있다고 생각하면 도움될꺼라며 달래주시고 기형아검사때도 노산이고 해서 걱정했는데 필요한 검사만 할 수 있게 말씀해주시고 마음 편히 임신기간 지낼 수 있게 해주셨답니다. 그리고 수술도 너무 잘해주셔서 수술자국도 티나지 않게 깨끗하게 잘 해주셨어요~
아는게 무섭다고 수술날이 다 되가면서 너무 긴장되고 예민해지는데 첫째때 응급으로 들어간 수술이여서 얼떨떨 지나가버렸는데 하나하나 그때 느낌, 공기마저도 싹 다 기억나게 되더라구요
마지막진료때 원장님이 응급수술들어가셔서 아쉬웠지만 친절한 간호사쌤이랑 동의서를 쓰면서 긴장이 풀리기도 했고 페인버스터 고민하고 있는데 꼭 하라하셔서 선택했고 네오덤실도 하기로 했답니다. 페인버스터 안했으면 어쩔뻔 했겠어요~ 훨씬 덜 아프고 아픈게 덜하니까 회복도 첫째때보다 빠른거 같기도 했답니다 이거 꼭 하세요!
입원하고 수술준비하고 관장하고 하다보니 후다닥 시간이 흘러간거 같았어요.
아침부터 수축이 살짝오는거 같다했더니 입원하고 수술실 안에 대기실에서 태동보고 원장님도 뵈었어요
드디어 시간이 되고 수술실로 이동해서 척추마취하고 조금 누워있었더니 강혁원장님 오셔서 또 걱정마라며 편하게 해주셨어요. 철렁철렁 소리가 몇번나고는
""아이나올께요"" 하더니 덜컹 쑥 뭔가 빠지는 느낌이 나면서 으앙~~ 울음소리에 울컥하게 되더라구요
아이얼굴도 천천히 보여주시고 건강하다고 알려주셔서 수면들어갈때 걱정을 덜었던거 같아요.
눈뜨고 병실가면서 아이를 잠깐 볼 수 있게 해주셨는데 이렇게 아니면 다음날되어야 아이를 볼 수 있는데 일찍 보게 되서 감사했어요
병실에서 신랑도움 간호사쌤들 도움 받아가면서 회복 잘하고 1인실 옮기면서 신경쓰지않고 몸조리 할 수 있었던거 같아요.
몸이 점점 회복되고 여지없이 젖몸살이 오길래 서둘러 7층에 sos!
마사지 받고 나니까 가슴이 시원해지면서 허리도 펴지고 몸이 한결 가벼워지더라구요. 이때부터 좀 가볍게 병실 왔다갔다하고 운동하고 할 수 있었어요.
왔다갔다 수시로 간호사쌤들이 컨디션체크해주시고 아침마다 원장님이 오셔서 컨디션체크해주시고 응원받으면서 회복에만 집중할 수 있었어요.
병원다니는동안, 입원기간동안 전체  만났던 원장님, 간호사쌤, 원무과쌤들 마저도 불편했다거나 마음상한 일 한번없이 모두 친절하시고 다정하게 대해주셔서 너무 감사했습니다~
​",,0,https://cafe.naver.com/f-e/cafes/24000254/articles/6966947?boardtype=L&userDisplay=50&menuid=13&referrerAllArticles=false&inCafeSearch=true&query=%EA%B3%B5%EA%B8%B0&art=aW50ZXJuYWwtY2FmZS1hcnRpY2xlLXJlYWQtaW5DYWZlLXNlYXJjaC1saXN0.eyJ0eXAiOiJKV1QiLCJhbGciOiJIUzI1NiJ9.eyJjYWZlVHlwZSI6IkNBRkVfSUQiLCJhcnRpY2xlSWQiOjY5NjY5NDcsImlzc3VlZEF0IjoxNzg4MjMzMjMyOTk3LCJjYWZlSWQiOjI0MDAwMjU0fQ.s5EvCxLbcoPVOBAuBXxtwpOskJQ5H3q6Bd9eiKv9nW4&page=1,JKS
대구맘365,24000254,13,공기,내돈내산 수성구 엘리자벳 조리원 추천‼️,2025.01.11. 17:01,"안녕하세요!
효성병원 출산이라 본느마망과 엘리자벳 조리원
생각 하고 있다가 계약하게 된 엘리자벳 조리원‼️
6박7일 입원했던 터라 조리원 천국을 기대하며 도착ㅋㅋ
조리원 앞에 전용 주차장이 있어서 바로 주차하니
선생님들이 나오셔서 아기도 인수인계 데려가고,
방으로 안내하셔서 설명해주셨당!
디럭스 할까 하다가 스위트로 결정했는데!
너무 잘했다는 생각이 들었던 스위트 룸💕
통 유리창이라서 밖에 차 도로 수성못 뷰라서 더 좋았음!
병원 외 외출 금지라 창문으로 공기와 햇빛 구경
할 수 있어서 좋았당!
카페 쿠폰과 2주 등록해서 가슴마사지, 마사지 쿠폰 주는 것도 넘  좋았ㅇ음!
지인 중에서도 엘리자벳 조리원 다닌 친구가 있는데
밥이 너무 맛있다고! 맛있다고! 했는데
너무 맛있었음ㅠㅠ 조리사님들도 다들 친절하시구
메뉴가 너무 다양하고 맛있었음! 강추‼️
퇴소 하기 전 금요일 마다 신생아 촬영을 해주신다고
연락와서 촬영 했는데 기대 안했는데 너무 괜찮게 나와서
너무 좋았당‼️
엄마와 촬영 서비스컷으로도 찍어줬는데
남이 찍어주는 아가와 나의 모습을 볼 수 있어서
의미있는 시간이였다!
​
난중에 둘째 태어나면 또 와야지‼️
수성구 엘리자벳조리원 내돈내산이지만 진짜 강추><",해도 잘들고 깔끔하니 좋고 메뉴도 엄청 다양하고 맛있어보이네요 ㅎㅎ,1,https://cafe.naver.com/f-e/cafes/24000254/articles/6925479?boardtype=L&userDisplay=50&menuid=13&referrerAllArticles=false&inCafeSearch=true&query=%EA%B3%B5%EA%B8%B0&art=aW50ZXJuYWwtY2FmZS1hcnRpY2xlLXJlYWQtaW5DYWZlLXNlYXJjaC1saXN0.eyJ0eXAiOiJKV1QiLCJhbGciOiJIUzI1NiJ9.eyJjYWZlVHlwZSI6IkNBRkVfSUQiLCJhcnRpY2xlSWQiOjY5MjU0NzksImlzc3VlZEF0IjoxNzg4MjMzMjMyOTk3LCJjYWZlSWQiOjI0MDAwMjU0fQ.kgDMSxOE1p6Up5hI1X4MouHStfJPsed5B6deH4pXnf8&page=1,JKS
대구맘365,24000254,13,건조,남편 탈모 샴푸 같이 썼다가 머릿결 다 망가지고 두피 뒤집어졌는데 임산부샴푸가 탈모로도 있을까요오?,2026.09.01. 10:35,"임신해서 머리 빠짐 줄이려고 남편이 쓰는거 같이 썼는데 완전 망했어요ㅠㅠ
임산부샴푸는 탈모 제품이 없을까요ㅠㅠ",임산부는 탈모샴푸 안 쓰는게 좋죠ㅠ 저는 성분 순한 스쿠알란 바디워시 사용했는데 두피가 건조하지 않고 촉촉해져서 머리 덜 빠졌어요 | 추천 감사해요 ㅠㅠㅠ | 임신하셨을 떄 아무 샴푸나 사용하지 마세요!! 임산부 전용 제품 쓰셔야 돼요ㅠㅠ | 아무래도 그렇겠죠ㅠㅠ 그걸 이제야 알아가지고요ㅠㅠ | 루톤 임산부샴푸 있어요~ 탈모 라인이고 사용해봤는데 굿이에용~ | 정보 고맙습니다!,6,https://cafe.naver.com/f-e/cafes/24000254/articles/7381716?boardtype=L&userDisplay=50&menuid=13&referrerAllArticles=false&inCafeSearch=true&query=%EA%B1%B4%EC%A1%B0&art=aW50ZXJuYWwtY2FmZS1hcnRpY2xlLXJlYWQtaW5DYWZlLXNlYXJjaC1saXN0.eyJ0eXAiOiJKV1QiLCJhbGciOiJIUzI1NiJ9.eyJjYWZlVHlwZSI6IkNBRkVfSUQiLCJhcnRpY2xlSWQiOjczODE3MTYsImlzc3VlZEF0IjoxNzg4MjMzMjQ1NDk5LCJjYWZlSWQiOjI0MDAwMjU0fQ.qBLZqQXQLFScE-Zsy7dW6nb952RWj9co0595tRbrVuM&page=1,JKS
대구맘365,24000254,13,건조,곧 출산이라 용품 준비 중인데 방수요 추천해주세요,2026.08.21. 18:03,"이제 출산 두 달 남은 예비맘입니다!
출산준비물 리스트 짜는데 방수요가 유용하다고 해서 미리 구입하려고요
피부에 자극 없는 제품으로 추천해주실 수 있나요?
그리고 방수요는 건조기 사용 가능한가요? 잘 아시는 분들 마구마구 추천 부탁드려요!!",건조기 사용 가능한 제품도 요즘 있어요!! 내구성 튼튼한 제품으로 골라 사세요!! | 오오 건조기 사용 가능하군요!! | 빨래 자주 하실 테니 무조건 세탁 건조 빠른 거나 튼튼한 걸로 사세요! | 네네 그래야겠어요ㅎㅎ | 저는 뮤라 방수요 쓰는데 건조기 돌려도 변형 없고 하도 세탁해서 짱짱해서 추천해요!! 원단도 순면이라 안전해요ㅎㅎ | 추천 감사해요ㅎㅎ 뮤라로 장바구니 담아볼게요.ㅎㅎ | 방수패드 포몽드꺼 쓰고 있는데순면이라 부드러워서 쓰기 좋아요~그리고 건조기 돌리면 방수력 떨어진다고 해서자연건조를 주로 시키는 편입니다ㅋ빨리 말라서 불편함은 딱히 없어요! | 포몽드요~~ 세탁 편하게 돌리는데 건조도 금방 됩니당 ㅎㅎ 아이 침구류는 늘 포몽드꺼 쓰는데 퀄리티 좋습니다 | 방수요 건조기 사용가능해요! 다른 제품은 모르겠는데 베이비앙 방수요는 건조기 돌려도 말림 없고 방수도 잘되구요~ㅎㅎ,9,https://cafe.naver.com/f-e/cafes/24000254/articles/7374112?boardtype=L&userDisplay=50&menuid=13&referrerAllArticles=false&inCafeSearch=true&query=%EA%B1%B4%EC%A1%B0&art=aW50ZXJuYWwtY2FmZS1hcnRpY2xlLXJlYWQtaW5DYWZlLXNlYXJjaC1saXN0.eyJ0eXAiOiJKV1QiLCJhbGciOiJIUzI1NiJ9.eyJjYWZlVHlwZSI6IkNBRkVfSUQiLCJhcnRpY2xlSWQiOjczNzQxMTIsImlzc3VlZEF0IjoxNzg4MjMzMjQ1NDk5LCJjYWZlSWQiOjI0MDAwMjU0fQ.ZigzAyWzp_nZtlvgTO03KMUMTLCS63jyICKDJx581r4&page=1,JKS
대구맘365,24000254,13,건조,김혜정 산후조리원 수성점 후기,2026.06.18. 09:56,"김혜정 산후조리원 수성점 후기
둘째 출산 후 지내게 된 김혜정 산후조리원 수성점. 조리원을 알아볼 때 고민을 많이 했는데, 실제로 지내보니 만족스러운 부분도 있었고 아쉬운 부분도 있었습니다. 입소를 고민하시는 분들께 도움이 되었으면 하는 마음으로 솔직하게 후기를 남겨볼게요 :)
1. 방
저는 스위트룸을 이용했는데 전체적으로 산모가 생활하기 편하게 구성되어 있다는 느낌을 받았어요.
방 안에는 냉온정수기가 있어서 밤중에도 따뜻한 물을 바로 마실 수 있었고, 퀸 사이즈 모션베드가 있어 수유하거나 몸을 일으킬 때 굉장히 편했습니다. 출산 후엔 작은 움직임도 힘든데 모션베드가 생각보다 정말 유용하더라고요.
또 하나 좋았던 점은 좌욕이 가능한 비데가 설치되어 있다는 것! 자연분만 산모라면 특히 만족도가 높을 것 같아요.
개인적으로 가장 편리했던 건 세면대가 화장실 밖에 있다는 점이었어요. 남편이 화장실을 사용하는 동안에도 세수하거나 양치할 수 있어서 은근히 편했습니다.
2. 식사
조리원에서 가장 기대했던 부분 중 하나가 식사였는데, 결론부터 말하면 만족!
매 끼니마다 5~6가지 반찬이 제공되고 한식 위주의 집밥 스타일이라 질리지 않았어요. 무엇보다 냉동식품류가 많지 않아서 개인적으로 정말 좋았습니다. 출산 후엔 자극적인 음식보다 속 편한 집밥이 더 당기더라고요.
식사 시간은 아래와 같아요.
아침 : 8:30
점심 : 12:30
간식 : 15:00
저녁 : 17:30
야식 : 20:00
간식을 제외한 식사와 야식은 모두 8층 식당에서 제공됩니다.
간식은 15시에 각 층 사물함 선반 위에 올려주시는데, 지나가다가 챙겨오면 돼서 편했어요.
남편 식사도 신청할 수 있어요.
아침 : 오전 7~8시 토스트와 음료 무료제공
점심 : 오후 1시~1시 30분 (오전 10시까지 주문)
저녁 : 오후 6시~6시 30분 (오후 2시까지 주문)
비용은 한 끼당 1만원입니다.
2주에 한 번 수요일 저녁마다 있는 디저트데이에는 정말 맛있는 음식들이 한가득 나와요~ 건강식만 먹다가 속세의 음식을 잔뜩 맛볼 수 있어서 그또한 즐거웠구요ㅋㅋ 산모들끼리 대화도 많이 하는 분위기라서 조동 만들기도 좋아요!
3. 마사지
마사지 만족도가 꽤 높았어요.
특이한 점은 돔 형태의 기구를 사용하는데, 상반신 마사지 시에는 하반신을, 하반신 마사지 시에는 상반신을 덮어주는 방식이에요.
이게 마치 사우나처럼 온실효과를 내서 땀 배출이 정말 잘 됩니다.
저는 등에 땀이 고일 정도로 땀을 많이 흘렸는데, 출산 후 부어 있던 몸이 한결 가벼워지는 느낌이 들었어요.
출산 후 붓기 때문에 고생하시는 분이라면 만족하실 것 같습니다.
4. 수유
김혜정 산후조리원이 모유수유로 유명하다는 이야기를 많이 들었는데, 막상 와보니
전혀 강요하는 분위기가 아니었어요.
단유 계획이 있다고 말씀드리면 최대한 그 방향에 맞춰주시고, 직수가 너무 오래 지속되면 ""이제 보충할 테니 들어가서 쉬세요.""라고 말씀해주십니다.
무조건 모유수유를 해야 한다는 압박, 전혀 없었어요.
오히려 밤 10시부터 오전 7시까지는 수유콜이 없습니다.
이 부분은 호불호가 있을 수 있을 것 같아요.
첫째 때 이용했던 조리원은 산모가 원하면 새벽에도 수유콜을 주셨거든요. 물론 아기와 빨리 합을 맞추는 데는 도움이 될 수 있지만, 몸이 회복되지 않은 상태에서 새벽 수유를 반복하는 건 정말 힘들었습니다.
반면 김혜정은 밤에는 확실히 쉬게 해주는 시스템이에요.
개인적으로는 지금도 손목과 손가락이 아플 정도라 밤과 새벽에는 푹 쉬는 게 훨씬 좋았습니다.
다만 완모를 목표로 아주 초반부터 적극적으로 직수를 원하시는 분이라면 이 부분은 미리 고려해보셔도 좋을 것 같아요.
결국 산모마다 원하는 방향이 다르니까요 :)
5. 그 외 시설들
5층에는 반신욕기 2대와 골반교정기 2대가 있고,
7층에는 족욕기 2대가 있습니다.
반신욕이나 족욕을 하고 나면 몸이 따뜻해지고 땀이 나면서 기운이 도는 느낌이라 저는 자주 이용했어요.
또 층마다 전자레인지와 음식물쓰레기통이 있어서 남편이 사온 간단한 음식을 데워 먹기에도 편리했습니다.
작은 부분이지만 생활하면서 은근히 유용한 시설이에요.
6. 세탁물
세탁 시스템도 꽤 편리한 편입니다.
방 앞 사물함에 세탁물을 넣어두면 오전 6~7시쯤 수거해가시고, 당일 점심 이후 8층에서 찾아갈 수 있어요.
빨래망에 넣은 세탁물은 탈수만 해서 당일 돌려주시기 때문에 방 안 미니 건조대에 직접 널어야 합니다.
반대로 빨래망에 넣지 않고 맡기면 건조까지 해주시는데, 보통 다음 날쯤 받을 수 있어요.
다만 건조된 세탁물은 다른 분들과 함께 바구니에 담겨 있으니 자기 옷을 잘 찾아가야 합니다.
7. 청소
화장실과 방 청소, 쓰레기통 비우기는 매일 해주세요.
청소도 꽤 꼼꼼하게 해주셔서 지내는 동안 불편함이 없었습니다.
다만 주말에는 쓰레기통만 비워주십니다.
여사님들도 주말엔 쉬셔야 하니까요 :)
8. 주차
이 부분은 조금 아쉬웠어요.
건물 지하는 타워주차장인데 무료 주차 시간이 1시간 30분까지만 제공됩니다.
이후에는 10분당 추가 요금이 발생해요.
그래서 주변 도로변에 주차하시는 분들도 꽤 많았습니다.
다행히 입소일과 퇴소일에는 주차장 이용료가 무료라 짐 옮길 때는 부담이 없었어요.
9. 면회
개인적으로 정말 좋았던 부분!
대부분의 조리원은 남편만 면회가 가능한 경우가 많은데, 김혜정 산후조리원 수성점은
첫째 아이 면회가 가능합니다.
그래서인지 둘째 맘들이 정말 많더라고요.
다만 첫째 아이가 면회하고 가면 감염 예방 차원에서 다음 날 오후 4시까지 직수와 모자동실은 불가능합니다. 신생아들의 안전을 위한 조치이니 충분히 이해가 되는 부분이었어요.
총평
✔️ 집밥 스타일의 맛있는 식사
✔️ 모유수유 강요 없는 분위기
✔️ 마사지 만족도 높음
✔️ 첫째 아이 면회 가능
✔️ 반신욕·족욕 등 부대시설 만족
❗ 주차는 다소 아쉬움
❗ 밤 수유콜이 없어 호불호가 있을 수 있음
저는 전반적으로
""산모를 충분히 쉬게 해주는 조리원""
이라는 인상을 받았습니다.
특히 둘째 출산 후 몸 회복에 집중하고 싶은 산모라면 만족도가 높을 것 같아요. 제 개인적인 경험을 바탕으로 작성한 후기이니, 조리원 선택에 참고가 되었으면 좋겠습니다 :)",,0,https://cafe.naver.com/f-e/cafes/24000254/articles/7325532?boardtype=L&userDisplay=50&menuid=13&referrerAllArticles=false&inCafeSearch=true&query=%EA%B1%B4%EC%A1%B0&art=aW50ZXJuYWwtY2FmZS1hcnRpY2xlLXJlYWQtaW5DYWZlLXNlYXJjaC1saXN0.eyJ0eXAiOiJKV1QiLCJhbGciOiJIUzI1NiJ9.eyJjYWZlVHlwZSI6IkNBRkVfSUQiLCJhcnRpY2xlSWQiOjczMjU1MzIsImlzc3VlZEF0IjoxNzg4MjMzMjQ1NDk5LCJjYWZlSWQiOjI0MDAwMjU0fQ.rhIR8lChaLFyf1T6gze80b-wZiT-7YDz0idnet16SOo&page=1,JKS
대구맘365,24000254,13,건조,여성메디파크 산후조리원 vip실 13박 14일 후기,2026.03.14. 11:45,"여성메디파크 산후조리원 vip실 후기입니다.
​
저는 처음 분만병원을 정할 때 산부인과, 소아과, 산후조리원이 한 건물에 있다는 장점이 너무 마음에 들어 여성메디파크로 결정했습니다.
분만 후 병원에서 퇴원하고 바로 엘리베이터로 한 층 올라와서 조리원에 입소했습니다. 아기는 계속 3층 신생아실에서 케어해주셨어요. 따로 신경쓰지 않아도 되서 편했습니다.
​
1. 룸
vip실은 침대가 있는 공간이 분리 되어 있어요. 넓어서 2주 머무는 동안 전혀 답답함을 못느꼈고, 정말 편하고 집처럼 아늑한 분위기라 남편과 푹 잘 쉬었습니다. 이불 촉감이 너무 부들부들 했어요! 또 자연분만을 해서 좌욕을 자주 해야하는 상황이었는데 방에 좌욕기가 있어서 편하게 이용했어요.
​
방에 시밀레 유축기가 구비되어 있어서 원할 때마다 편하게 유축했어요. 유축 깔때기는 사용할 때마다 조리원에서 깨끗이 씻고 소독까지 해서 주셔서 엄청 편했습니다. 깔때기 3~4개가 있어서 여유롭게 사용했어요.
​
방은 매일 청소해주셔서 늘 청결하게 지낼 수 있었습니다.
​
2. 식사
매 끼니가 다양한 메뉴로 구성되어 있고 미역국도 여러 종류로 나와서 전혀 물리지 않고 맛있게 먹었습니다. 제 입맛에는 잘 맞아서 따로 배달 음식이 생각나지 않았습니다ㅎㅎ 월요일은 격주로 빕스데이가 운영되는데 뷔페 형식으로 원하는 만큼 담아 먹을 수 있었어요. 또 간식도 하루에 3번씩 과일, 만두, 씨리얼, 호빵 등등 다양하게 나왔습니다.
​
3. 휴게실
휴게실에서는 모유차, 안마의자를 이용할 수 있어요. 모유수유 때문에 물을 자주 마셔야 하는데 모유차가 도움 많이 됐어요. 휴게실에서 쪽쪽이 스트랩, 초점책 만들기 등 프로그램도 진행되는데 컨디션에 따라 자유롭게 참여 가능했습니다.
​
4. 마사지
vip실은 가슴마사지 1회, 아로마 마사지 1회를 서비스로 제공 해주셨어요. 저는 마유마사지를 추천받아 몇회 추가해서 받았는데 정말 좋았어요.
분만 후 2~3주 안에 붓기를 빼는 게 효과적이라고 하더라구요. 마사지를 꾸준히 받았더니 일주일도 안되는 기간 안에 복숭아뼈와 발목이 다시 나타났어요 ㅋㅋ
또 모유수유 도전 중인데 마사지 덕분에 유축량이 1주일 사이에 100ml까지 늘었어요. 마사지 선생님께서 현재 제 가슴 상태를 알려주시고 막힌 유선을 뚫어주셔서 도움이 되었던 것 같아요. 또 유축할 때 팁을 알려주셔서 좋았습니다.
마사지 전
​
마사지 4회 후
5. 신생아실(3층)
여성메디파크 산후조리원의 가장 큰 장점 중 하나가 신생아실이라고 생각합니다! 신생아 케어를 정말 전문적으로 잘 해주시는 것 같았어요. 소아과 원장님께서 매일 회진하시고, 간호사 선생님들께서 정성껏 아기들 돌봐주시며 예뻐해주셔서 너무너무 감사했어요. 아기 피부가 좀 건조했었는데 제가 드린 보습 크림을 잘 발라주셔서 많이 좋아졌어요.
여기는 모자동실 시간이 없지만 제 몸이 회복할 시간도 충분히 주어지고 수유콜을 주실 때마다 내려가서 아기를 봤더니 아쉬움이 없었습니다. 새벽 수유콜은 없고 보통 7-22시 사에이 콜을 주셨어요. 원하면 더 일찍, 더 늦게도 연락 주실 수 있다고 하셨어요.
아기 목욕, 기저귀 갈이, 모유수유법 등도 잘 교육해주셔서 좋았어요.
신생아 면회는 오후 2~3시 목욕시간을 제외하면 유리창 너머로 언제든지 가능합니다. 항상 아기 머리를 2:8로 쌱쌱 빗어 주셨는데 너무너무 귀여웠어요ㅋㅋㅋ
​
만족스럽게 2주를 보낸 여성메디파크 산후조리원 적극 추천합니다!",,0,https://cafe.naver.com/f-e/cafes/24000254/articles/7259245?boardtype=L&userDisplay=50&menuid=13&referrerAllArticles=false&inCafeSearch=true&query=%EA%B1%B4%EC%A1%B0&art=aW50ZXJuYWwtY2FmZS1hcnRpY2xlLXJlYWQtaW5DYWZlLXNlYXJjaC1saXN0.eyJ0eXAiOiJKV1QiLCJhbGciOiJIUzI1NiJ9.eyJjYWZlVHlwZSI6IkNBRkVfSUQiLCJhcnRpY2xlSWQiOjcyNTkyNDUsImlzc3VlZEF0IjoxNzg4MjMzMjQ1NDk5LCJjYWZlSWQiOjI0MDAwMjU0fQ.BpX70_fri4I3DdnCX3mnh7NuYPp7kODTm2_yI7Tq21U&page=1,JKS
대구맘365,24000254,13,건조,"임신 9주차인데요, 화장품 싹다 바꿔야하나요?",2026.01.15. 21:31,"기존에 쓰는 화장품 그대로 계속 쓰고 있는데 문제 되나요?
만약 바꾼다면, 뭘 바꿔야하나요?
샴푸, 스킨, 크림 이정도만 바꿔도 되나요? 궁금합니다. 제품도 추천 부탁드려요.
​
​","저는 그냥썻어요 ㅎㅎ | 안바꿔도 문제없었어요.. 그냥 나중에 애기가 클수록 배가 트니까 튼살크림사서 배주변 살 관리하시어요😊 | ㅎㅎ저도 그냥 쓰던거 썼어용..일일이 그거 때문에 바꿀람 돈도 돈이고..화장품 쓴다고 아가한테 영향이 잇는건 아닐테구요 | 소양증이나 크게 피부트러블이 생기지 않으시면 화장품쓰던거 썼어요~ | 저는 피부가 예민해서 그런지 임신하고 트러블도 많이 생기고 건조해져서 바이오가 로션 사서 몸 얼굴 다 같이 발라줬어요 성분 순해서 트러블 걱정 없고 촉촉하더라고요 ㅎ영유아 같이 사용 가능 할 수 있어서 출산 하고 아기랑 같이 쓰고 있어요 | 기초만 바꿔주시면 될 거 같아요 ~~ | 아니요 저도 쓰던거 썼어요 ㅎㅎ근데 성분 보고 레티놀, BHA, AHA 이런거 안 좋다고 해서 들어가 있는건 빼고 썼어요 ! | 저는 있는것 그대로 쓰면서 한두가지씩 순한거로 바꿔갔어요 라루셀이라고 임산부친구들 선물용으로도 좋은것 같아요 | 저는 원래 저녁에 레티놀 들어간 제품 사용하고 있었는데 임신 알고나서 바로 버렸어요 ㅠㅠ 웬만한 제품은 그냥 썼는데 임산부 주의 성분 네이버에 검색해보시고 레티놀 같은 성분 들어간 건 안쓰시는걸 추천합니다! | 저는 걱정몬이라 원장님께 물어봤는데 두눈감고 고개를 도리도리 하셨어요,, 아무것도 안바꿔도된대요 ㅋㅋ | 그냥 쓰던거 그대로 썼어요ㅎㅎ | 그냥쓰던거 썻어요",12,https://cafe.naver.com/f-e/cafes/24000254/articles/7219802?boardtype=L&userDisplay=50&menuid=13&referrerAllArticles=false&inCafeSearch=true&query=%EA%B1%B4%EC%A1%B0&art=aW50ZXJuYWwtY2FmZS1hcnRpY2xlLXJlYWQtaW5DYWZlLXNlYXJjaC1saXN0.eyJ0eXAiOiJKV1QiLCJhbGciOiJIUzI1NiJ9.eyJjYWZlVHlwZSI6IkNBRkVfSUQiLCJhcnRpY2xlSWQiOjcyMTk4MDIsImlzc3VlZEF0IjoxNzg4MjMzMjQ1NDk5LCJjYWZlSWQiOjI0MDAwMjU0fQ.1z-fXIRt0l3b6arCvKljUGfuF-WBzShZQ3iXD3WO8GY&page=1,JKS
대구맘365,24000254,13,건조,슬슬 빨래공장돌릴까하는데..몇주부터하세요?!,2026.01.15. 00:30,"🔸출산후기 내용은 ""출산 성공 바이러스""
에 게시글 작성해 주시기 바랍니다.
​
🔸""예비맘정보공유"" 게시판에 위 게시글 작성시
활동정지 및 무통보 삭제됨을 알려드립니다.
​
​
​
​
곧33주차입니다!
슬슬 빨래공장을 돌릴까 하다가도
넘 빠른가 싶기도하네요 !
아직 한달이 남아서요.
​
근데 배가 넘 무거워서ㅠㅠ또 얼른해야되겠고..
34주에 시작해도 괜찮겠죠?!
​
빨래공장 팁이 있으신분들 알려주세요 🫶🏻🫶🏻
(+건조기 돌리시나요..?)","35주부터는 언제든 나올수도있다생각해서 저는 32주부터 살살시작했어요! 밤부손수건만 건조기돌렸고 거즈손수건이나 옷,그외용품들은 다 자연건조했어요 ㅎㅎ | 밤부손수건은 안쪼그라들던가요?! | 밤부 끝쪽은 거즈로돼있어서 그부분만 쪼그라드는데 보기에는 조금 거슬릴수있는데 탁탁터니까 괜찮았어요! | 아가꺼는 다 그냥 아가세제로 세탁만 하고 자연건조햇어용😆 | 역시ㅠ자연건조를 다들 하시군요 | 좀 크곤 건조기 돌리는데..옷이 짜불긴하더라두요..ㅎㅎ말릴 데가 없는가오ㅡ? | 저도 35주 넘어서 시작했어요^^ 또 맘 먹으면 금방 합니다! 파이팅입니다 | 금방하겠죠?ㅠㅠ걱정이 많네요ㅠㅠ | 36주에 마더케이 세탁망에 애기옷 넣고 호호에미세제로 빨았었어요! | 36주 안힘드셨어요?대단하세요! | 저는 34주에 미리 아기세제랑 호호에미섬유유연제로 해놨어요! 너무 늦게 하면 아기가 방 뺄까봐요 ㅎ | 저도 34주생각하고있는데ㅠ 벌써부터 힘들어요ㅠ | 저는 33주쯤에 시작햇어요 ㅎㅎ냉세탁, 헹궁 최대, 탈수 약하게 해서 자연건조하고, 건조기 먼지털기로 했는데, 건조기 먼지털기 못한 경우도 있구요! | 냉세탁!!요걸잊고잇엇네요ㅠ 33주인데 슬슬해야겠어요",14,https://cafe.naver.com/f-e/cafes/24000254/articles/7219147?boardtype=L&userDisplay=50&menuid=13&referrerAllArticles=false&inCafeSearch=true&query=%EA%B1%B4%EC%A1%B0&art=aW50ZXJuYWwtY2FmZS1hcnRpY2xlLXJlYWQtaW5DYWZlLXNlYXJjaC1saXN0.eyJ0eXAiOiJKV1QiLCJhbGciOiJIUzI1NiJ9.eyJjYWZlVHlwZSI6IkNBRkVfSUQiLCJhcnRpY2xlSWQiOjcyMTkxNDcsImlzc3VlZEF0IjoxNzg4MjMzMjQ1NDk5LCJjYWZlSWQiOjI0MDAwMjU0fQ.m5oykPrJfWJDUZ1VSbE2exK8OPKIbU4RZGdNv9LsOGo&page=1,JKS
대구맘365,24000254,13,건조,여성메디파크 조리원,2025.11.13. 17:32,"효성네서 출산하고 메디파크 조리원으로 급하게 오게 된 산모입니다. 처음에 병원 연계 조리원을 임신 초기 아주 힘들게 예약했는데 출산 다음날 전화가 와서 병원 퇴원 후 5일을 더 병원에 대기한 후 조리원에 입소해야한다며 연락을 받았습니다.
2박 3일 병원에서 보내고 퇴원 당일 도저히 병원에 못 있겠어서 당일 입소 가능한 조리원을 알아보다가 맘카페에 메디파크 관련 좋은 후기가 많더라구요.
당장 전화해서 방이 있는지 여쭤봤고 일요일임에도 불구하고 친절하게 안내받고 퇴원하자마자 입소했습니다.
물론 큰 방을 하고 싶었지만..  저는 둘째 출산이라 남편이 올 수가 없을 것 같고 디럭스 방이라도 자리가 있다는 점에 너무 감사했습니다. 결론은 너무나도 만족스럽습니다.
첫째 때도 여기 조리원을 알았더라면 여기로 왔을거에요.
진심으로 만족 100% 입니다.
​
1. 마사지
신기하게도 첫째 때 타 조리원에서 관리해주신 분을
여기서 다시 만나서 신기했어요. 첫째 때 굉장히 만족스러웠거든요. 정성스럽게 관리해주시는데 힘도 좋으시고 안 좋은 부분도 척척 찾아주십니다. 출산하고 많이 부어 있었는데 세심한 관리 덕에 붓기 다 빠지고 조리원에 있는 기간동안 원래 몸무게로 돌아왔어요.
​
2. 밥
저에게 밥은 딱히 중요하진 않았는데
매끼 정말 다 맛있었습니다 !!!!!
틈틈이 나오는 간식도 빼먹지 않고 잘 챙겨먹었어요
​
3. 신생아실
진짜 신생아실 선생님들 최고입니다 .
수유 자세 잘 잡아주시고 아기를 사랑으로 케어하시는게 느껴집니다. 작은 부분까지 신경쓰시는게 보입니다.
배꼽도 소독약 보다는 자연건조로 깨끗하게 말려주시고
홀수 날 짝수 날 나눠서 아이 머리를 왼쪽 오른쪽 눕혀 예쁘게 두상 관리도 해주십니다 ㅎㅎ 클래식 음악도 틀어놓으셔요.
매일매일 소아과 선생님이 아침에 오셔서 아기들 건강 상태 체크해주시는 것 또한 큰 이점 같습니다.
​
4. 면회
신생아실 유리창 면회가 24시간 가능합니다
남편과 첫째 아이가 종종 왔다가서 얼굴도 보고 너무 좋았어요
​
그 외 조리원 로비에 상주해 계신 간호사 선생님이 매일매일 혈압과 열 체크를 해주십니다
​
매주 두 번 교육이 있는데 휴게실에서 진행되고 이니셜 고리 만들기 초점책 만들기 모빌 만들기 등 프로그램도 알차요.
휴게실에 모유차도 준비되어 있어서 따뜻하게 자주 마셨습니다.
​
모자동실 시간은 없지만
베베캠으로 하루 두 번 아기를 볼 수도 있어요^^
​
방 청소도 매일 해주시고 미니세탁기도 있습니다.
젖병, 유축 깔대기도 수시로 씻어서 소독해주시고 여러모로 산모가 편하게 조리하며 잘 쉴 수 있도록 배려 많이해주십니다
​
퇴소 며칠 안 남았는데 2주가 순식간에
지나가네요 덕분에 편하게 지내다 갑니다:)
​
​
​
​",넘 축하드리고 고생많으셧어요~^^ | 상세한 후기 감사합니다 ^^ | 혹시 마사지 관리사분 알 수 있을까요 ? ^^,3,https://cafe.naver.com/f-e/cafes/24000254/articles/7173203?boardtype=L&userDisplay=50&menuid=13&referrerAllArticles=false&inCafeSearch=true&query=%EA%B1%B4%EC%A1%B0&art=aW50ZXJuYWwtY2FmZS1hcnRpY2xlLXJlYWQtaW5DYWZlLXNlYXJjaC1saXN0.eyJ0eXAiOiJKV1QiLCJhbGciOiJIUzI1NiJ9.eyJjYWZlVHlwZSI6IkNBRkVfSUQiLCJhcnRpY2xlSWQiOjcxNzMyMDMsImlzc3VlZEF0IjoxNzg4MjMzMjQ1NDk5LCJjYWZlSWQiOjI0MDAwMjU0fQ.2KKKhwgdK9W2Hp3BOrYbrM6ImjTSYAPnjpaXLK1KQKQ&page=1,JKS
대구맘365,24000254,13,건조,동생 출산 선물로 가습기 생각 중인데 괜찮을까요?,2025.11.03. 17:01,"이번에 여동생이 첫 조카를 출산했는데ㅎㅎ
이미 아기 용품은 많은 듯 해서 괜찮은 게 뭐 있을까 고민중이에요
가습기 선물해주면 좋을 것 같긴한데
신생아방용으로 써도 괜찮은 제품 있을까요?
위생이나 세균 문제 없는 걸로 추천 부탁드려요!","이미있을수도 있으니  물어보고 필요한건 사주시면 어떨가요? | 저번에 갔을 때 없던 거 같아서 픽해봤던 건데 ㅎㅎ 한 번 물어볼게용 | 오 가습기 필수니까 좋아할 거 같아요ㅎㅎ웰핀 꺼 알아보세요 저희 집 쓰고 있는데 가열식이구 자동세척 기능 있어서 관리 편해용 | 진짜 좋아했으면 좋겠어요ㅠㅠ 정보 주셔서 감사해요 알아볼게요!! | 가습기도 좋구 건조해서 아기 살성크림이나 수딩젤, 체온계 같은것도 필수템이라서 좋아영 ㅎㅎ | 체온계는 있는 거 같아서 한 번 물어봐야겠어요ㅎㅎ 감사해요 | 정보 감사해요 | 건조기 선물이 확실히 좋네요 | 저도 엄청고민하다가 샀어요.방에서만 쓰는거면 에어메이드 가열식 추천드려요.(타워형 아닌 미니버전)세척도 자동도 되구요. 내부 스텐이구요.온가족이 다쓸꺼다 거실에둘꺼다 하시면타워형 추천드려욥 | 정보 감사합니다아 | 전 숨시내 써요ㅋㅋ 자동습도조절되고 자동세척되서 편하더라구요ㅋㅋ 손연재도 쓰던데용? | 웰핀 더퓨어 맥스요! 물폭발 안전 특허 출원한 거라 저희 집에서도 아이 방에 두고 잘 쓰고 있어용!! | 저는 조지루시써요 | 챗 드렸어요~ | 가습기 좋죠~ 신생아때부터 아이 어느정도 클때까진 가습기 계속 쓰니까 선물로 좋을거 같아요ㅎㅎ | 가열식이 세균번식은 적은디 ㅜㅜ 신생아 있는집에 끓어넘치거나 화상의 위험도 있다해서복합식으로 추천드려요(가열식+초음파식)전 에어메이드 가습기 잘쓰고 있어요 | 금액선을 정해주고. 필요한거 얘기 하라고 하는게 좋지 않을까요?난. 출산선물로. 20만원 정도면 내한테는 부담스럽지 않을거 같아20만원대 가습기를 사줄려고 한다...혹시 가습기 말고 더 필요한게 있어?하고...가습기 괜찮다 하면 사주고...다른거 원한다 하면 다른거 사주면 되지 않늘까요?",17,https://cafe.naver.com/f-e/cafes/24000254/articles/7165197?boardtype=L&userDisplay=50&menuid=13&referrerAllArticles=false&inCafeSearch=true&query=%EA%B1%B4%EC%A1%B0&art=aW50ZXJuYWwtY2FmZS1hcnRpY2xlLXJlYWQtaW5DYWZlLXNlYXJjaC1saXN0.eyJ0eXAiOiJKV1QiLCJhbGciOiJIUzI1NiJ9.eyJjYWZlVHlwZSI6IkNBRkVfSUQiLCJhcnRpY2xlSWQiOjcxNjUxOTcsImlzc3VlZEF0IjoxNzg4MjMzMjQ1NDk5LCJjYWZlSWQiOjI0MDAwMjU0fQ.43TYQg7m-0OD5Y3AFXcp-gDGsmwnj2VDcm8Ju4OE-UY&page=1,JKS
대구맘365,24000254,13,건조,리엘조리원 후기,2025.10.29. 22:44,"🔸출산후기 내용은 ""출산 성공 바이러스""
에 게시글 작성해 주시기 바랍니다.
​
🔸""예비맘정보공유"" 게시판에 위 게시글 작성시
활동정지 및 무통보 삭제됨을 알려드립니다.
​
​
​
아기심장소리 듣고 제일 먼저 산후조리원을 대부분 알아보는데요...전 고민도 없이 리엘조리원 선택했습니다😀
​
​
​
미즈맘에서 출산을 하기도 했고 그리고 첫째때도 리엘조리원에서 조리했기 때문입니다.
​
​
​
첫째때도 잘 이용하였기에 둘째도 고민도 없이 리엘조리원에 예약했어요~^-^
​
​
​
저는 첫째때 이용해서 사용이력이 있어서 전화로만 예정일 등 말씀드리고 예약했어요~ 첫째신분은 직접 가셔서 분위기도 보시고 상담도 받아보시고 하면 더 좋을 것 같아요!
​
​
​
제왕이라 아기 낳을 날을 잡고 분만일 변경되었다고 한번더 연락드렸어요!
​
​
​
그리고 아기 낳고 다시 한번더 연락드리고 그렇게 입소하게 되었어요~
​
가격은 이렇구요~ 저는 스위트룸을 이용했습니다!
​
첫째때 vip로 가고싶었는데 예약이 다 차서 스위트룸을 사용했는데 전혀 불편함이 없었어요~ 모션배드와 방이 쪼~금 더 큰것 같던데 ... 전 앞전에도 스위트룸을 잘 사용해서 이번에도 그냥 스위트룸을 선택했습니다~
​
​
​
저는 8층을 이번에 사용하게 됐는데 첫째때는 7층이였어요~ 사용해보니 저는 8층이 더 괜찮았어요ㅎㅎ 침대랑 침구가 이번이 더 좋았는데 지금 7층은 어떠한지 이건 잘 모르겠어요ㅎㅎ
​
남편도 8층이 더 아늑한 것 같다고ㅎㅎ
​
우리의 개인적인 생각입니다😀
​
​
​
​
​
방은 이렇구요~ 흰침구가 맞이해주니 기분좋았어요^^
​
침대위엔 산모복과 수건2장 주십니다~
​
주신 수건은 손닦는 용도로 쓰고 씻을 때는 제 개인 수건들고와서 썼습니다!
​
​
​
산모복은 매일 주시고 수건은 안주시니 수건 꼭 챙겨오세요! 개인 빨래망들고 오셔서 오전8시전에 출입문에 넣어놓으면 세탁하고 건조해주시니 찾아가면 됩니다.
​
​
​
그리고 마사지는 오즈맘에서 하시고 계세요~
​
조리원에 마사지는 필수잖아요?
​
예약하면 1회 무료이고 5,7,9회로 나눠져있으니 본인 원하는 횟수 정해서 받으심되요ㅎㅎ
​
전 오전에 받으니까 밥먹고 마사지 받고 씻으니 좋더라구요ㅎㅎ
​
붓기빼기 좋으니 꼭 하세요^^
​
첫째때 7회로 했는데 은근히 바쁘더라구요? 그래서 이번엔 5회로 했어욯ㅎ
​
​
​
여긴 8층 복도구요
​
​
​
​
여긴 9층이에요~
​
예약상담이나 입소는 처음에 다 9층 가시면되요!
​
​
​
7층8층9층 사용하지만 엘베도 2대고 해서 그리 불편한점은 없었어요
​
​
​
7층가면 교육장과 온돌찜질기? 골반교정기가 있으니 사용하심되요ㅎ
​
좋은 교육들 많으니 골라 들으심되요.
​
​
​
9층에 아가들 있는데 밥먹으러 가면서 볼수 있으니 너무 좋더라구요ㅎㅎ
​
모자동실은 늦은시간 제외하면 언제든 가능하구요,
​
대부분 남편분들이 주말에 오실 수 있으니 주말에 많이들 모자동실 하시더라구요? 저도 주말에 모자동실해서 제 방에서 사진도 찍고 했어요ㅎㅎ
​
​
​
수유콜을 전화오심 선택하시면 되고 저는 하루 1번만 찾아가서 먹였어요! 둘째라 휴식이 1순위여서....🥲
​
오전엔 쉬고싶으면 내일은 오후에 불러주세요 라고 요청하시면 요청 다 들어주십니다!
​
강요전혀 없어요~ 가실땐 마스크 필수이니 챙기셔요^^
​
전 없어서...1회용 주셨어요😂😂
​
​
​
그리고 9층에 셀픽있으니 하루 1회 사진 출력하시구 캠으로도 시간맞춰서 아기 보실 수 있어요~
​
​
​
그리고 젤 중요한 밥!!!!!!
​
ㅋㅋㅋㅋㅋㅋ
​
역시 남이 차려준 밥이 쵝옹!
​
밥도 맛있고 주시는 보리차도 맛있어요~
​
미역국이 지겨울때 쯤 다른 국도 주시고 해서 질리지않았습니다ㅎㅎㅎ
​
​
​
분유를 뭐 먹일까 고민했는데 모자동실 할때 응아를 해서 갈아줬는데 황금변을 보았더라구요?그래서 전 조리원에서 먹이던 분유를 선택할 예정입니다ㅎㅎ
​
​
​
분유도 조리원에서 좀 더 저렴하게 구매 가능합니다☆
​
물론 기저귀도 구매 가능한걸로 알고 있어요ㅎㅎ
​
​
​
아직 조리원 생활이 조금 남았는데 남은 시간 푹~~~~~좀 더 쉬고 나갈 생각입니다!
​
나가면 그때부턴 육아지옥...😢😢
​
​
​
첫째에 이어 둘째도 리엘 선택한 이유가 있으니 매우 추천드립니다!!
​
다들 육아홧팅입니다❤️
​
​
​",곧 리엘로 조리하러 가는데ㅡ 상세한 후기 감사합니다. ^^ | 안녕하세요~ 스위트 침대 딱딱하다는 평이있던데 괜찮으셨나요?? | 모션배드사용하셨던분은  딱딱하다 느끼실꺼에요~ 전 물렁한 침대 좋아하는 편이 아니라서 전혀 불편함이 없었습니다. 삐그덕소리이런건 전혀없어요~ | 아 심하게 딱딱하고 그런건 아닌가보네요~~~ 다행이에요 감사합니다!^^,4,https://cafe.naver.com/f-e/cafes/24000254/articles/7161632?boardtype=L&userDisplay=50&menuid=13&referrerAllArticles=false&inCafeSearch=true&query=%EA%B1%B4%EC%A1%B0&art=aW50ZXJuYWwtY2FmZS1hcnRpY2xlLXJlYWQtaW5DYWZlLXNlYXJjaC1saXN0.eyJ0eXAiOiJKV1QiLCJhbGciOiJIUzI1NiJ9.eyJjYWZlVHlwZSI6IkNBRkVfSUQiLCJhcnRpY2xlSWQiOjcxNjE2MzIsImlzc3VlZEF0IjoxNzg4MjMzMjQ1NDk5LCJjYWZlSWQiOjI0MDAwMjU0fQ.VPD20pAWPlwicZVIO2VmdkFEIKZnvy7Znu2ymkgV8eg&page=1,JKS
대구맘365,24000254,13,건조,프라이웰 튼살오일이랑 튼살크림 아시는 분 계신가요?,2025.10.28. 08:33,"친구 임신선물로 추천 받아서 샀는데 저도 하나 사볼까 해서요!
나름 서프라이즈로 선물다고 친구 남편한테 친구가 쓰는 브랜드랑 제품 몰래 알아내서 산 건데
독일 더마 브랜드인 것 같고 친구는 성분도 순하고 겨울에 써도 괜찮을 정도로 보습력이 좋아서 이것만 쓴다는데 혹시 또 써보신 분 계실까요???
튼살크림은 봤어도 튼살오일은 처음이라서 더 궁금하네요.",저 요거 크림 잘썼어요ㅎ 후빈에는 아르간오일이 좋다고 해서 아토오겔꺼 썼는데 튼살 하나도 없이 출산했어요ㅎ 무조건 자주 바르는게 좋은거 같아요! | 저는 프랑이웰 오일만 샀는데 많이 건조한 편이라서 확실히 크림보다 오일이 보습력이 좋더라구요! 그래도 오일 바르고 크림까지 같이 발라줬어요다쓰고 재구매의사 있습니당,2,https://cafe.naver.com/f-e/cafes/24000254/articles/7160073?boardtype=L&userDisplay=50&menuid=13&referrerAllArticles=false&inCafeSearch=true&query=%EA%B1%B4%EC%A1%B0&art=aW50ZXJuYWwtY2FmZS1hcnRpY2xlLXJlYWQtaW5DYWZlLXNlYXJjaC1saXN0.eyJ0eXAiOiJKV1QiLCJhbGciOiJIUzI1NiJ9.eyJjYWZlVHlwZSI6IkNBRkVfSUQiLCJhcnRpY2xlSWQiOjcxNjAwNzMsImlzc3VlZEF0IjoxNzg4MjMzMjQ1NDk5LCJjYWZlSWQiOjI0MDAwMjU0fQ.m0C5CSAvIvAVDYOdOJqKEzfDq857iqQqaEyryZGP_qU&page=1,JKS
대구맘365,24000254,13,건조,편도가 너무 아파요,2025.09.08. 07:04,"🔸출산후기 내용은 ""출산 성공 바이러스""
에 게시글 작성해 주시기 바랍니다.
​
🔸""예비맘정보공유"" 게시판에 위 게시글 작성시
활동정지 및 무통보 삭제됨을 알려드립니다.
​
한 3일쯤 된거같은데 어제 저녁부터는 침도 못삼키고
말하기도 힘들정도로 아프네요
​
글찿아보니 임산부들 편도염 걸리는분들 많다던데
어느 병원을 가야하나요
내과?이비인후과? 산부인과 간다는 글도 본거같은데..ㅜ
고통스럽네요ㅜㅜ",저도주말에 편도가 살짝왔는거 같아서 집에있는 감기약 먹었더니 조금 나아진거 같아요~이따가 병원가서 약처방 받아와야 될꺼같네요~ㅠ.ㅠ | 아ㅜㅜ임신 극초기라 감기약먹기 조심스러워서 타이레놀 일단 한알먹고ㅜㅜ근처 산부인과 가는길이예요ㅜ | 저도 편도때문에 목 붓고 아팠는데요 이비인후과 약먹으면서 집에서 에어넵 네블라이저로 생리식염수 흡입해주니까 확실히 목이 덜 건조하고 통증이 좀 완화되더라구요 이게 조용하고 분사가 좋아서 밤에 따갑고 열감있을때 도움 많이 됐어요 집에서 관리하실거면 네블 고려해보셔도 좋을것 같아요 | 한번 찾아볼께요!ㅎ정보감사합니다! | ㅜㅜㅜㅜ저도 ㅇㅓ릴 땐 편도가 커서 편도가 자주 붓고 그랬는데 어릴 때 수술을 하고 나니 훨씬 좋더라구요. 임산부라서 약 복용도 조심스럽겠어요 ㅠㅠㅠㅠ | 산부인과가니 이비인후과 가라그러구 이비인후과가니 산부인과 가라그래서ㅋㅋㅋ하루 두분데 병원을 다녀왔네요ㅜ결국 이비인후과에서 항생제 처방받아서 먹고있어요ㅜ 저도 편도가 커서ㅜ아프면 편도부터 오네요ㅜㅜ,6,https://cafe.naver.com/f-e/cafes/24000254/articles/7122168?boardtype=L&userDisplay=50&menuid=13&referrerAllArticles=false&inCafeSearch=true&query=%EA%B1%B4%EC%A1%B0&art=aW50ZXJuYWwtY2FmZS1hcnRpY2xlLXJlYWQtaW5DYWZlLXNlYXJjaC1saXN0.eyJ0eXAiOiJKV1QiLCJhbGciOiJIUzI1NiJ9.eyJjYWZlVHlwZSI6IkNBRkVfSUQiLCJhcnRpY2xlSWQiOjcxMjIxNjgsImlzc3VlZEF0IjoxNzg4MjMzMjQ1NDk5LCJjYWZlSWQiOjI0MDAwMjU0fQ.yH4gBIGrJuvn4ZMXKhkjMNJA-WuUtSmiJX5_7aYA94A&page=1,JKS
대구맘365,24000254,13,건조,튼살크림 얼마나 발라요?,2025.08.05. 11:31,"🔸출산후기 내용은 ""출산 성공 바이러스""
에 게시글 작성해 주시기 바랍니다.
​
🔸""예비맘정보공유"" 게시판에 위 게시글 작성시
활동정지 및 무통보 삭제됨을 알려드립니다.
​
미리 준비하고싶어서요
선물받은게 2개있는데 더 필요할까요",저두 살성크림 튼살크림 하나씩 선물받았는데 둘다쓰구 나중에 살성크림 하나 더 샀어요. 모유수유할때 가슴도 트더라구영 😭 | 크림은 넉넉할수록 좋은거같아요.. 듬뿍 바르세요! | 얼마나바르기보다 저는 수시로 발라줬어요.. 어느정도 바르냐에따라서 다른데 좀 건조한편이라서 저는임신동안은 3-4통은 쓴것같아요 출산후에도 살빼면서 꾸준히 발라주면서 관리해줬는데 아르간오일이건조한거 잘잡아줘서 튼살크림이랑믹스해서 같이발라줬어요~ | 저는 샤워 후 항상 바르고 잇어요!!,4,https://cafe.naver.com/f-e/cafes/24000254/articles/7095251?boardtype=L&userDisplay=50&menuid=13&referrerAllArticles=false&inCafeSearch=true&query=%EA%B1%B4%EC%A1%B0&art=aW50ZXJuYWwtY2FmZS1hcnRpY2xlLXJlYWQtaW5DYWZlLXNlYXJjaC1saXN0.eyJ0eXAiOiJKV1QiLCJhbGciOiJIUzI1NiJ9.eyJjYWZlVHlwZSI6IkNBRkVfSUQiLCJhcnRpY2xlSWQiOjcwOTUyNTEsImlzc3VlZEF0IjoxNzg4MjMzMjQ1NDk5LCJjYWZlSWQiOjI0MDAwMjU0fQ.Dcn-NaONQubrg2O8LJRjYA10IhYO54wLEXhO57PbIeM&page=1,JKS
대구맘365,24000254,13,건조,35주차 신생아 필수템 세탁완료했어요ㅎㅎ,2025.08.01. 20:14,"안녕하세요! 35주차로 들어선 푸름맘이에요ㅎㅎ 이제 곧 막달이 되니까 배도 넘커지고 몸도 무거워서 허리도 아파오네용ㅎㅎ미루다 미루었던 아기옷이렁 손수건, 침구까지 세탁완료했어요ㅠㅠ!!!
​
일주일내내 세탁기 돌리고 널고 빨래 접구 힘들었는데 다 끝내고 정리해놓으니까 너무 뿌듯해요ㅎㅎ
​
제가 세탁은 간단하게 그냥 아기세제로 한번만 할까했는데 막상 빨래하다보니까 신생아가 쓰는거니까 신경쓰이더라구요!
​
- 아기옷
1. 30도+세제X+헹굼3+자연건조+두팔로털기
2. 30도+아기세제+헹굼5번+자연건조+두팔로털기
3. 지퍼백 보관
​
- 아기손수건
1.30도+헹굼3번+자연건조+두 팔로 털기
2.30도+아기세제+헹굼5번+자연건조+두 팔로 털기
3.지퍼팩 보관
​
- 아기침구류/인형류
1.30도+아기세제+헹굼5번+자연건조+두 팔로 털기
​
집에 아직 건조기가 없어서ㅠㅠ건조기 없이 세탁해버렸어요ㅎㅎ 모빌이랑 애착인형은 세탁돌리니까 부드러웠던 털이 쫌빳빳해진 기분이 드네요ㅜㅜ 소독스프레이만 뿌려놓을까싶어도 찜찜해서 그냥 세탁돌렸어요ㅎㅎ
​
이번에 육아용품, 아가빨래, 출산가방까지 다 준비하니까 숙제를 다끝낸 기분이에요ㅎㅎ
담주는 여성아이병원에서 막달검사하는데 아기보러 얼렁가고싶고 설레고하네요ㅎㅎ막달까지 행복하게 놀다가 건강한 아기 만나고 싶네요!! 여름출산맘들 화이팅입니다!","안그래도 저도 이런 글 보고 빨래를 저리 마이 할라햇는데..판매자가 옷 헤진다고 한번만 해도 된다데용ㅋㅋ | 저두 이제 빨래공장 가동해여되는데 .... 왜캐 귀찮죠 ㅠㅠㅠㅠㅠ일단 아기세제사는것까진 했는뎁.... ㅋㅋㅋ 귀차니즘을 이겨내셨네요 | 출산가방까지 다 싸셧구나.. ! 저도 이제 쉬면서 한개씩 한개씩 준비해보려구용생각보다 집에 육아용품세팅부터 할게 많더라구요 ㅜㅜ저도 다음주에 여성아이 막달검사하러 가는데 빨리 아기 보고싶어 죽겠어요,, 얼마나 컷을지도 궁금하고 !!! | 하... 저도 이 글 보니 맘이 급해지네요 ㅠㅠ 슬슬 준비해야겠어요",4,https://cafe.naver.com/f-e/cafes/24000254/articles/7092628?boardtype=L&userDisplay=50&menuid=13&referrerAllArticles=false&inCafeSearch=true&query=%EA%B1%B4%EC%A1%B0&art=aW50ZXJuYWwtY2FmZS1hcnRpY2xlLXJlYWQtaW5DYWZlLXNlYXJjaC1saXN0.eyJ0eXAiOiJKV1QiLCJhbGciOiJIUzI1NiJ9.eyJjYWZlVHlwZSI6IkNBRkVfSUQiLCJhcnRpY2xlSWQiOjcwOTI2MjgsImlzc3VlZEF0IjoxNzg4MjMzMjQ1NDk5LCJjYWZlSWQiOjI0MDAwMjU0fQ.2MjANVFIvb5MfVYffDcB1Bv39ZGhkh0JQ8cKbm5p9sc&page=1,JKS
대구맘365,24000254,13,건조,32주차 예비맘 출산준비 중 (세탁공장 풀가동),2025.07.11. 10:07,"🔸출산후기 내용은 ""출산 성공 바이러스""
에 게시글 작성해 주시기 바랍니다.
​
🔸""예비맘정보공유"" 게시판에 위 게시글 작성시
활동정지 및 무통보 삭제됨을 알려드립니다.
​
​
내일이면 33주차를 맞이하는 예비맘입니다 !
다들 출산준비는 잘 하고 계신가요 ?
슬슬 자연분만할지 제왕절개할지 선택해야하는데 이번주 여성i 병원가서 원장님이랑 상담해보려구요 !
한달만에 가는거라 아기가 얼마나 컸을지 잘 크고 있는지 너무 궁금하네요.
​
직장을 7월말까지하고 8월부터 출산휴가를 들어가서 8월에 쉬엄쉬엄 출산준비해야지 했다가
배가 더 나오고 더 더워지면 힘들 것 같아 지난주에 틈틈히 세탁을 시작했는데 꼬박 일주일이 걸렸네요..
하다보니 지금부터 조금이라도 시작하길 잘 했다 생각들더라구요..
​
세탁하기에 앞서 세탁기청소부터 해줘야하는데
주기적으로 해줬음에도 엄청 더럽더라구요 ,,
세탁기 청소 하루 , 그 다음날부터는 세탁공장 가동했어요.
​
손수건 세탁
1. [표준세탁 - 세제x - 냉수 - 헹굼 3회 - 탈수(섬세)] -> 자연건조 -> 먼지털기 1회
2. [표준세탁 - 세제o - 냉수 - 헹굼 5회 - 탈수(섬세)] -> 자연건조 -> 먼지털기 1회
* 먼지 많고 예민한거라 여러번 나눠서 세탁 (거즈,엠보 무형광 세탁망 구분)
* 무향 아기 세제 사용(토루토루)
​
​
생각보다 먼지가 많이 나와서 당황했지만
헤로운먼지가 아니라 믿고 손수건세탁은 2회만 했어요 !
​
​
다이소 제품을 사용하니 딱 맞게 들어가더라구요.
한통에 16개까지 들어가더라구요. 실리카겔까지 넣어서 정리했어요.
​
​
조카도 있고 주변에서 물려준 옷들이 진짜 많은 꼬물이 ..
태어나기도전에 엄마랑 아빠보다 옷 많은 아이 .. 옷은 하나도 안사도 되겠더라구요.
사진에 보이는 종이가방 * 5 개 정도는 받은거 같아요.
​
새옷
[울코스 - 세제o - 냉수 - 헹굼5회 - 탈수(약)] -> 자연건조 -> 먼지털기 1회
물려받은 옷
[알뜰삶음(불림) - 세제o/워싱소다 - 헹굼5회 - 탈수(약)] -> 자연건조 -> 먼지털기 1회
​
아기옷이기도 하고 여름 + 제습기 가동하니까 생각보다 금방 마르지만 바짝 말리는게 좋을 것 같아
하루정도 두고 먼지털기 후 지퍼백에 실리카겔 넣고 보관중이에요 !
물려받는 옷의 경우 아무래도 오염이 있을 수 있어 삶음(불림)기능으로 세탁했더니 세탁만 4시간 걸리더라구요..
옷 뿐만아니라 기저귀갈이대 , 트리트랩베이비세트, 아기띠 등 물려받은게 많아서 세탁하는데 일주일정도 걸렸어요.
출산 후 나중에 해도 될 것들은 뺐는데도 일주일 ..
저랑 비슷한 주수 예비맘들 중 아직 시작 안하신분들은 조금씩 준비하시는 걸 추천드려요 !!!
​
​","우와,,, 저도 세탁 해야지 해야지 언제하지? 하고 있는데ㅎㅎ 부지런하시네요!! 고생하셨어요ㅎㅎ막달까지 화이팅입니당~!! | 세탁공정 돌린다고 고생했겠어요ㅠㅠ저도 해야지해야지하다가,, 결국 아직도 안하고있어용ㅋㅋㅋ저도 손수건세탁은 그냥 2번만 할려구요ㅎㅎ | 고생많으셧겟어요ㅠㅠㅠㅠ저도 오늘부로 31주 들어가서 이제 슬슬 아기용품세탁이랑 출산가방싸야하는데 사실 귀차니즘에 엄두가.....ㅠㅠ참고해서 저도 사부작사부작 준비해야겟어요!!! ㅎㅎ | 저도 해야된다고 생각만 하는중....ㅋㅋㅋ 남편의 할일로 미뤄두려구요 .. 못하겠어요 ㅠㅠ | 깨끗하게 정리 잘하셨네요 ㅎㅎ | 저도 곧 시작해야하는데ㅠㅠㅠㅠ 정리 너무 잘하셨네요~^^",6,https://cafe.naver.com/f-e/cafes/24000254/articles/7074999?boardtype=L&userDisplay=50&menuid=13&referrerAllArticles=false&inCafeSearch=true&query=%EA%B1%B4%EC%A1%B0&art=aW50ZXJuYWwtY2FmZS1hcnRpY2xlLXJlYWQtaW5DYWZlLXNlYXJjaC1saXN0.eyJ0eXAiOiJKV1QiLCJhbGciOiJIUzI1NiJ9.eyJjYWZlVHlwZSI6IkNBRkVfSUQiLCJhcnRpY2xlSWQiOjcwNzQ5OTksImlzc3VlZEF0IjoxNzg4MjMzMjQ1NDk5LCJjYWZlSWQiOjI0MDAwMjU0fQ.GL5H7Z6SD6fHFp-L9HhouPIZg5rWlBr32S4DDSLYb3M&page=1,JKS
대구맘365,24000254,13,건조,임산부 화장품,2025.06.28. 12:13,"🔸출산후기 내용은 ""출산 성공 바이러스""
에 게시글 작성해 주시기 바랍니다.
​
🔸""예비맘정보공유"" 게시판에 위 게시글 작성시
활동정지 및 무통보 삭제됨을 알려드립니다.
​
임산부 폼클렌징 기초화장품 바디워시 샴푸
다 바꿔야한다는데
추천좀 해주세요~","안바꾸고 쓰던 거 쓰는 분들이 더 많으실 거예요~ 저도 다 썼고 아가들 잘 출산했습니당 | 저 9주차인데 그대로 쓰고있어요!ㅎㅎ | 디어글램 재생크림 순하고 속보습 잡혀서 좋아요 | 샴푸는 임산부 전용 제품 쓰고 있어요~ 산모애 샴푸 쓰는중인데 성분도 안심되고 향도 천연향이라 은은하고 좋네요 ㅎㅎ 입덧 심한데 이건 향이 안세서 괜찮네요~ | 순한 약산성 제품으로 바데,헤어 제품 바꿨는데 오프온 브랜드꺼 순해서 한번에 바꾸고 되게 잘 사용중이에요 ㅎㅎ 향도 은은하고 보습력도 되게 높아요! | 임산부때는 성분 이것저것 알아보고 써도 되는지 서치하는것도 일이라서ㅜ 아기꺼 쓰면 딱좋아요. 신생아들부터 쓰는건 성분도 제일 안전하고 보습도 잘되더라고요. 저는 아토오겔라인 잘 쓰다가 아기낳고는 같이쓰고 있어요ㅎ | 답변으로 도움드리고싶은데 ... 저두 그냥 쓰고있어요 ㅠ ㅋㅋㅋ 아기꺼만 아기용으로 사면되지않겠나싶네여 ㅎㅎ  아기용은 윗분이랑 똑같게 아토오겔 준비해놨어용 | 화장품은 기존에 쓰던제품 그대로 사용하고 있구요 ! 샴푸랑 린스는 로마제품 사용하고 있어요.처음엔 잘 못느꼈는데 쓰다보니 머리카락 빠짐이 진짜 덜하더라구요 강추 !!! | 바른채움 스킨케어 추천이요!맘가이드에서 만든 브랜드라 믿고 사용할수있고 속건조 잡아즈고 보습력 완전 좋아요!",9,https://cafe.naver.com/f-e/cafes/24000254/articles/7063612?boardtype=L&userDisplay=50&menuid=13&referrerAllArticles=false&inCafeSearch=true&query=%EA%B1%B4%EC%A1%B0&art=aW50ZXJuYWwtY2FmZS1hcnRpY2xlLXJlYWQtaW5DYWZlLXNlYXJjaC1saXN0.eyJ0eXAiOiJKV1QiLCJhbGciOiJIUzI1NiJ9.eyJjYWZlVHlwZSI6IkNBRkVfSUQiLCJhcnRpY2xlSWQiOjcwNjM2MTIsImlzc3VlZEF0IjoxNzg4MjMzMjQ1NDk5LCJjYWZlSWQiOjI0MDAwMjU0fQ.dnaeM6snqBsxbmrS0QRa_gDhMwLYt0wLhnfCTxlksFE&page=1,JKS
대구맘365,24000254,13,건조,둘째맘 김혜정산후조리원 달서점 후기,2025.05.29. 15:24,"처음 병원 연계 조리원을 예약했다가 첫째 아이 때문에
김혜정 조리원으로 예약을 변경했어요
김혜정 조리원은 첫째와 방에 함께 있을 수 있는게
둘째맘에게 큰 장점이더라구요!😊👍
(❗️첫째가 다녀가면 당일 신생아 수유는 못해요🥺)
​
조리원은 2층에 마사지실과 골반교정기, 족욕기 등이
있고 여러 프로그램을 듣거나 조동들과 이야기 나눌 수
있는 공간이 있어요
김혜정 원장님의 모유 수유 강의는👍👍
모유수유 전혀 생각을 못하고 있던 1인이였는데…
원장님의 강의를 듣고 모유의 길을 도전하고 있답니다
원장님 강의 외에도 요가, 베이비마사지 등 강의도 있어요시간이 되면 안내방송이 나와서 듣고 참여하시면 되요
3층은 안내 데스크, 통곡마사지실, 신생아실, 수유실,
파라핀기계, 혈압측정기, 한방차가 있어요
​
4층엔 식당, 세탁물을 찾아 가는 곳이 있어요
세탁물은 오전에 넣어두면 오후에 세탁물이 나와요
속옷은 세탁망에 넣어두면 건조가 안된 상태로 나와서
방에 있는 건조대에 널어야 해요 다른 세탁물은 건조까지 완료된 상태로 올려져 있어요 ㅎㅎ
각 층에는 매일 아침 옷과 수건이 들어 있는 장이 있어요
이 장에 오후 간식도 넣어주십니다
또, 유축 깔대기와 젖병, 유축한 모유를 넣는 냉장고가
함께 비치되어 있어요
김혜정 조리원의 또다른 장점은 밥이 맛있어요!
8:30아침 12:30점심 2:30간식 5:30저녁
8:00-9:00 야식 5끼가 나와요
아침에는 샐러드와 생선이 잘 나오고 점심에는 돈까스나 함박, 비빔밥 같은 특식도 종종 나와요
야식은 주로 죽이나 스프인데 가끔 김밥이나 유부초밥이 나오기도 하더라구요~
2주에 한번 수요일에는 디저트 데이도 있답니다!
달콤하고 맛있는 디저트로 기분전환도 하고 다른 산모들과 이야기나누며 즐거운 시간을 보낼 수 있어요!!
제가 사용한 방의 모습입니다
방에는 모자동을 위한 아기침대, 티비, 건조대, 유축기가
있어요 저는 4층 방을 사용했는데 식당이 가까워서 좋더라구요~ ㅎㅎ
​
무엇보다 여기 계신 선생님들이 아기를 진심으로
예뻐해주시고 잘 살펴주셔서 너무 좋은것 같아요👍
아기에 대해서도 꼼꼼히 관찰하시고 궁금한 것도 상세히 알려주셔서 많은 도움이 되었어요 ㅎㅎ
신생아실도 24시간 오픈되어 있어 수시로 볼 수 있답니다
덕분에 2주동안 잘 먹고, 잘쉬고, 잘배워 갑니다!
​
*특별히 모유수유를 생각하고 계신 분이라면
더더욱 김혜정조리원 강력 추천드려요😍
​",,0,https://cafe.naver.com/f-e/cafes/24000254/articles/7039354?boardtype=L&userDisplay=50&menuid=13&referrerAllArticles=false&inCafeSearch=true&query=%EA%B1%B4%EC%A1%B0&art=aW50ZXJuYWwtY2FmZS1hcnRpY2xlLXJlYWQtaW5DYWZlLXNlYXJjaC1saXN0.eyJ0eXAiOiJKV1QiLCJhbGciOiJIUzI1NiJ9.eyJjYWZlVHlwZSI6IkNBRkVfSUQiLCJhcnRpY2xlSWQiOjcwMzkzNTQsImlzc3VlZEF0IjoxNzg4MjMzMjQ1NDk5LCJjYWZlSWQiOjI0MDAwMjU0fQ.blgsP4Fjsp7s7ra3qpzKDEExqqqxfC8Ii0Nt_NJQihE&page=1,JKS
대구맘365,24000254,13,건조,꿈비 젖병세척기 내돈내산 구매후기,2025.04.09. 21:51,"젖병세척기 고민하시는 분들 꿈비 추천드려요~~
모유가 가능하면 모유 먹일 생각이어서 세척기랑 소독기 진짜 고민많았는데 꿈비로 해결했습니댜
젖병 세척부터 건조에 uv소독까지 한번에 가능해요!
그리고 젖병 뿐만 아니라 쪽쪽이 이유식 식기까지 가능해서 넝 좋아용
그리고 이모든 기능이 다있는데 저렴해요!
진짜 강추👍👍
안그래도 애기용품 넘쳐나는데 이쁘고 실용적이 꿈비로 해결하세용",추천 감사합니다!,1,https://cafe.naver.com/f-e/cafes/24000254/articles/7000579?boardtype=L&userDisplay=50&menuid=13&referrerAllArticles=false&inCafeSearch=true&query=%EA%B1%B4%EC%A1%B0&art=aW50ZXJuYWwtY2FmZS1hcnRpY2xlLXJlYWQtaW5DYWZlLXNlYXJjaC1saXN0.eyJ0eXAiOiJKV1QiLCJhbGciOiJIUzI1NiJ9.eyJjYWZlVHlwZSI6IkNBRkVfSUQiLCJhcnRpY2xlSWQiOjcwMDA1NzksImlzc3VlZEF0IjoxNzg4MjMzMjQ1NDk5LCJjYWZlSWQiOjI0MDAwMjU0fQ.D6nZHlHZaiZEbMjq_9l2S2NZhX4jmATj5u7xaIld48k&page=1,JKS
대구맘365,24000254,13,건조,아이 피부 건조땜에요.. 가습기 추천 부탁드려요,2025.03.07. 18:50,"날씨때문인지 아이피부가 갈수록 퍼석퍼석?해지는거 같아서요..
한 2주전부터 자기전에는
호호애미오일이랑 아쿠아퍼크림을 섞어서 발라줬는데요,
첨엔 좀 흐르는가 싶더니 보습엔 이게 젤 낫더라구요
가습기도 틀긴 하는데 샤오미꺼 촘파모델 쓰니깐 자꾸 목표 습도
아닌데도 꺼지고 해서 하나 살려는데 기화나 가열식 사고 싶어도ㅠ
가격이 넘 비싸고.. 좀 괜찮은업체껀 없을까요? 초음파는 싸서 좋긴한데
하얗게 끼는게 안 닦이더라구요",미케어꺼 쓰는데 관리하기 편해서 추천드려요 | 미로꺼 썼구요 건조한거는 진짜 란시노크림 얇게 펴서 발라주는게 제일 효과 좋았어요 | 오일이랑 크림만 발라주셔도 충분합니다 ㅎㅎ 걱정마셔요 잘 하고 계신데요,3,https://cafe.naver.com/f-e/cafes/24000254/articles/6973647?boardtype=L&userDisplay=50&menuid=13&referrerAllArticles=false&inCafeSearch=true&query=%EA%B1%B4%EC%A1%B0&art=aW50ZXJuYWwtY2FmZS1hcnRpY2xlLXJlYWQtaW5DYWZlLXNlYXJjaC1saXN0.eyJ0eXAiOiJKV1QiLCJhbGciOiJIUzI1NiJ9.eyJjYWZlVHlwZSI6IkNBRkVfSUQiLCJhcnRpY2xlSWQiOjY5NzM2NDcsImlzc3VlZEF0IjoxNzg4MjMzMjQ1NDk5LCJjYWZlSWQiOjI0MDAwMjU0fQ.mzXyvzSsP5xxG4aNKPCjXRMakihau7Kyvq739TzvgP8&page=1,JKS
대구맘365,24000254,13,건조,아이스핀360 카시트 셀프세탁 되나요?,2025.02.10. 21:56,"새 제품 사서 세탁해서 태우고 싶은데~ 셀프세탁 되나용? 카시트 세탁업체에 맡기려고 했더니 4-5만원정도인거 같고, 성격상 제가 직접 세탁해야 맘이 편해서요. 아이스핀 쓰시는 분들 중에 셀프 세탁 해보신분 계시면 꿀팁 좀 주세용 ㅎㅎ",저 자주하는 편이에요 ㅎㅎ 아이스핀 선택한 이유 중에 하나도 셀프세탁이었어요. 일단 커버 벗기고 씌우는게 넘 편해요. 세탁은 울 코스로 돌리고 자연 건조해주면 되니 굳이 따로 돈 내고 세탁 안맡겨도 되더라구용~ | 조이요? 전 망에넣어서 세탁돌리고 자연건조요~ | 커버 훌러덩 벗겨지는데 씌우는것도 쉬워요~~ 저도 윗분처럼 그냥 세탁기 돌리고 있어요 ㅎㅎ,3,https://cafe.naver.com/f-e/cafes/24000254/articles/6951486?boardtype=L&userDisplay=50&menuid=13&referrerAllArticles=false&inCafeSearch=true&query=%EA%B1%B4%EC%A1%B0&art=aW50ZXJuYWwtY2FmZS1hcnRpY2xlLXJlYWQtaW5DYWZlLXNlYXJjaC1saXN0.eyJ0eXAiOiJKV1QiLCJhbGciOiJIUzI1NiJ9.eyJjYWZlVHlwZSI6IkNBRkVfSUQiLCJhcnRpY2xlSWQiOjY5NTE0ODYsImlzc3VlZEF0IjoxNzg4MjMzMjQ1NDk5LCJjYWZlSWQiOjI0MDAwMjU0fQ.bPuUB3nW6GfU56vA6dQyN0HL1FY_JIPq4b_T-yN_GcQ&page=1,JKS
대구맘365,24000254,13,건조,"온열매트(카본, 탄소매트) 써도 될까요 ㅠㅠ ?",2025.02.05. 10:45,"추위를 너무 많이 타는 24주차 임산부에요
거의 10월부터 ㄱ뚜ㄹㅁ 탄소매트 37도 정도로 맞춰놓고 계속 사용해왔는데(이불 하나 더 깔고)
요즘 잘때 배가 따뜻한게 느껴질때마다
양수 온도가 올라갈까봐 걱정되네요
​
온열매트 쓰시고 아기 건강하게 잘 태어났나요 ㅠㅠ?~","음... 저는 우선 아이가 있거나 임산부면탄소매트랑 전기매트는 비추요,,좋지는 않을꺼같아서요 ㅠㅠ온수매트가 더 괜찮은거 같아요저 포레몽꺼 쓰는데 피부 안건조해지고 좋더라구요~ | ",2,https://cafe.naver.com/f-e/cafes/24000254/articles/6946344?boardtype=L&userDisplay=50&menuid=13&referrerAllArticles=false&inCafeSearch=true&query=%EA%B1%B4%EC%A1%B0&art=aW50ZXJuYWwtY2FmZS1hcnRpY2xlLXJlYWQtaW5DYWZlLXNlYXJjaC1saXN0.eyJ0eXAiOiJKV1QiLCJhbGciOiJIUzI1NiJ9.eyJjYWZlVHlwZSI6IkNBRkVfSUQiLCJhcnRpY2xlSWQiOjY5NDYzNDQsImlzc3VlZEF0IjoxNzg4MjMzMjQ1NDk5LCJjYWZlSWQiOjI0MDAwMjU0fQ.3JHle9144rRuhqxkm8JuDv0OTgoxaPJIiKN0Z7AYWE8&page=1,JKS
대구맘365,24000254,13,건조,노시부,2025.02.03. 23:12,"노시부는 의료기기라 ... 당근거래가 안된다고 하네요,,,
노시부 대체 좋은 콧물흡입기도 있을까요ㅕ ??",미니위즈 아기 콧물흡입기 쓰고 있어요 수분 분무 기능이 있어서 아이 코 건조해지면 코딱지가 막아서힘든데 편하게 빼줄수 있어서 좋아요,1,https://cafe.naver.com/f-e/cafes/24000254/articles/6945019?boardtype=L&userDisplay=50&menuid=13&referrerAllArticles=false&inCafeSearch=true&query=%EA%B1%B4%EC%A1%B0&art=aW50ZXJuYWwtY2FmZS1hcnRpY2xlLXJlYWQtaW5DYWZlLXNlYXJjaC1saXN0.eyJ0eXAiOiJKV1QiLCJhbGciOiJIUzI1NiJ9.eyJjYWZlVHlwZSI6IkNBRkVfSUQiLCJhcnRpY2xlSWQiOjY5NDUwMTksImlzc3VlZEF0IjoxNzg4MjMzMjQ1NDk5LCJjYWZlSWQiOjI0MDAwMjU0fQ.LmHuXuvpXhAud42pZ7FOE1N0s50QkutUTo8WN0rIOEA&page=1,JKS
대구맘365,24000254,13,건조,임산부 화장품,2025.01.31. 23:48,"겨울이라서 건조해서 그런지
트러블도 나고 ㅠㅠㅠ
입주위가 하얗게 일어나네요 ,,,, 화장품 뭐쓰시나요 ㅠㅠㅠ
임산부라 화장품 바꾸기도 조심스럽네요 ㅠㅠ",수분크림 성분 순한걸로 바르세요! | 저는 임신 알고부터 시드물 스킨 로션 수분크림으로 바꿨는데 트러블 없어요 !!,2,https://cafe.naver.com/f-e/cafes/24000254/articles/6942404?boardtype=L&userDisplay=50&menuid=13&referrerAllArticles=false&inCafeSearch=true&query=%EA%B1%B4%EC%A1%B0&art=aW50ZXJuYWwtY2FmZS1hcnRpY2xlLXJlYWQtaW5DYWZlLXNlYXJjaC1saXN0.eyJ0eXAiOiJKV1QiLCJhbGciOiJIUzI1NiJ9.eyJjYWZlVHlwZSI6IkNBRkVfSUQiLCJhcnRpY2xlSWQiOjY5NDI0MDQsImlzc3VlZEF0IjoxNzg4MjMzMjQ1NDk5LCJjYWZlSWQiOjI0MDAwMjU0fQ.LLVhNitbFU6rrd5FRWO1v68KCKboh2ftEQADthLV8sA&page=1,JKS
대구맘365,24000254,13,건조,보습력 좋은 신생아크림 좀 알려주세요,2025.01.24. 11:19,"신생아크림 사려고 하는데요 보습력 좋은 신생아크림 좀 알려주세요~~
로션 보단 크림이 더 보습이 좋을 거 같아서요
어디서보니까 수딩젤은 오히려 건조해질 수 있다해서 사야하나 말아야 하나 고민되네요
다들 신생아크림 어떤거 사용 하셨어요?",로하스베베 리치크림 쓰네요백프로 자연유래 성분이라 순하고 고보습이에요수딩젤은 전 여름에만 사용했네요! | 아~ 감사합니다 ㅎㅎ | 수딩젤도 제대로 쓰면 안 건조해요~ !!저는 출산병원에서 아토오겔 사용했어서 쭉 쓰고 있는데 확실히 다른거 보다 자극적고 보습감 좋아요! | 아~ 감사합니다 ㅎㅎ | 제로이드 일리윤좋아요! 건조할땐 란시노크림 보습짱짱해서 잘발라주고있어요 | 감사합니다~ㅎㅎ | 아토팜이랑 hpa크림이여! 건조함 잘잡혀요 | 감사합니다~ ㅎㅎ | 보습은 퓨어루요 퓨어루 고보습 크림 진짜 보습력 오래가는데 무겁거나 답답하지도 않고 발림성도 좋아서 잘쓰고있어요 | 주변에서 아토팜 많이 쓰더라구요!,10,https://cafe.naver.com/f-e/cafes/24000254/articles/6937225?boardtype=L&userDisplay=50&menuid=13&referrerAllArticles=false&inCafeSearch=true&query=%EA%B1%B4%EC%A1%B0&art=aW50ZXJuYWwtY2FmZS1hcnRpY2xlLXJlYWQtaW5DYWZlLXNlYXJjaC1saXN0.eyJ0eXAiOiJKV1QiLCJhbGciOiJIUzI1NiJ9.eyJjYWZlVHlwZSI6IkNBRkVfSUQiLCJhcnRpY2xlSWQiOjY5MzcyMjUsImlzc3VlZEF0IjoxNzg4MjMzMjQ1NTAwLCJjYWZlSWQiOjI0MDAwMjU0fQ.HmCczj7TDmZZn--SJOY9PcmZTcYTjf23iWkmC0QNe-w&page=1,JKS
대구맘365,24000254,13,건조,튼살크림 추천해주세요,2025.01.09. 15:10,"언니가 임신 초기인데요.
겨울이라 그런가 배에 튼살이 자꾸 생긴다는데 좋은 크림 없을까요?
추천 부탁드립니다!",튼살크림을 4개 정도 사용하면서 느낀거는 용량크고 가격이 착한제품이 최고더라구요 ㅎㅎ그래서 부담제로튼살크림 추천드릴게요 ㅎㅎ | 효과가 있나용 ?? 저는 아예 포기했었었는데 ㅠㅠ | 일리윤잘쓰고있어요 건조하다싶으면 오일이랑 hpa크림두여! | 비오템이랑 란시노크림 좋아요~ | 일리윤이랑 부담제로튼살크림 같이 쓰고있는데 일리윤 제품이 냄새도 거부감 없고 더 괜찮은 것 같아요 ㅎㅎ | 비오템이랑 아토팜 쓰고 있어요 ~ 튼살 보이면 신경써서 듬뿍 발라주니 사라지는 거 같더라구요~ | 전 병원에서 임신바우처카드로 닥터에디션 사서 바르는데 초기부터 발라서인지 37주차인데 아직 튼살 전혀 없어요ㅎㅎㅎ,7,https://cafe.naver.com/f-e/cafes/24000254/articles/6923575?boardtype=L&userDisplay=50&menuid=13&referrerAllArticles=false&inCafeSearch=true&query=%EA%B1%B4%EC%A1%B0&art=aW50ZXJuYWwtY2FmZS1hcnRpY2xlLXJlYWQtaW5DYWZlLXNlYXJjaC1saXN0.eyJ0eXAiOiJKV1QiLCJhbGciOiJIUzI1NiJ9.eyJjYWZlVHlwZSI6IkNBRkVfSUQiLCJhcnRpY2xlSWQiOjY5MjM1NzUsImlzc3VlZEF0IjoxNzg4MjMzMjQ1NTAwLCJjYWZlSWQiOjI0MDAwMjU0fQ.Zhdzx5Cy6mPgHIuoBX8B3eP2YhVilgBNTEWPoo5mPVw&page=1,JKS
대구맘365,24000254,13,냄새,임산부방향제 정말 안전한가요,2026.08.31. 10:58,"임신 중인데 집 냄새가 신경 쓰여요.
임산부방향제를 사야 할 것 같은데
정말 안전할까 싶어요.
​
일반 방향제가 태아한테 안 좋을 수도 있을 것 같거든요.
임산부방향제라고 따로 있는 제품들이 있더라고요.
가격이 비싼 편이네요.
​
임산부방향제도 종류가 여러 가지더라고요.
어떤 게 임산부방향제로는 가장 안전할까요.
성분을 꼼꼼히 확인하고 사고 싶어요.
​
비슷한 상황이셨던 분들
임산부방향제 어떻게 고르셨는지 알려 주세요.
조심스럽게 여쭤봅니다.",임산부방향제 안전성이 제일 중요한 것 같아요. 성분 확인이 꼭 필요하네요. | 정말 그래요 신경 써야 할 것 같아요. | 환기가 잘 안되는 구조면 가끔 냄새 날때가 있더라고요~ 저도 그랬었는데 인스타 보다가 추천 받은 탈취제 하나 뒀는데 훨 나아요~ | 혹시 어떤 거 쓰시나요?? | 살림꿀팁 릴스에서 본 냄싹이라는 건데 냄새도 은은하고 좋았어요 | 혹시https://m.site.naver.com/1OO2L여기 이거 맞을까요? | 네네 맞아요 지금 세일도 하네요 저도 더 사려고요~~ | 탈취제랑 제습제 하나 같이 놔주면 효과 더 좋아져요! | 꿀팁 감사합니다 참고할게요 | 전 냄싹이 쓰는데 향 은은하고 좋던데요 탈취제라 냄새도 잘 잡아주고요 | 정보 감사합니다!! 여기 거 좋은가보네요,11,https://cafe.naver.com/f-e/cafes/24000254/articles/7380864?boardtype=L&userDisplay=50&menuid=13&referrerAllArticles=false&inCafeSearch=true&query=%EB%83%84%EC%83%88&art=aW50ZXJuYWwtY2FmZS1hcnRpY2xlLXJlYWQtaW5DYWZlLXNlYXJjaC1saXN0.eyJ0eXAiOiJKV1QiLCJhbGciOiJIUzI1NiJ9.eyJjYWZlVHlwZSI6IkNBRkVfSUQiLCJhcnRpY2xlSWQiOjczODA4NjQsImlzc3VlZEF0IjoxNzg4MjMzMjU3NDYwLCJjYWZlSWQiOjI0MDAwMjU0fQ.RiEZxjloeDqnXszxwd_yGGz4pPx9O3Fr45ZSbyDT8UE&page=1,JKS
대구맘365,24000254,13,냄새,화장실냄새트랩 정말 필요할까요,2026.08.27. 11:21,"화장실에서 자꾸 냄새가 올라와요.
배수구가 원인인 것 같긴 한데
화장실냄새트랩을 설치하면 정말 도움이 될까요.
​
아직까지는 냄새가 심하지는 않지만
미리 예방하는 게 나을 것 같아요.
화장실냄새트랩 제품들도 여러 종류가 있더라고요.
어떤 게 우리 집에 맞는 건지 알 수 없네요.
​
설치가 복잡하면 전문가를 불러야 하니까
비용이 또 드를 테고요.
​
비슷한 고민을 하셨던 분 있으면
경험담을 나눠 주세요.
조심스럽게 여쭤봅니다.",저도 화장실냄새트랩이 정말 필요한지 고민 중이에요. 효과가 있다면 설치하고 싶은데요. | 맞아요 경험담을 들으면 좋겠어요. | 구축 아파트 저층 거주중인데 가끔 화장실에서 냄새가 나더라고요 글서 탈취제 하나 뒀는데 훨 나아졌어요 | 혹시 뭐 쓰시는지 알 수 있을까요.. | 냄싹이라고 있는데 애기 학교 학부모님께 들었어요 꽤 유명하더라고요~ | 감사합니다 혹시https://m.site.naver.com/1OO2L여기 이거 맞나요 | 네 맞아요~~^^ | 탈취제 쓰실거면 스프레이형은 별로요 옷에나 괜찮지 그런 냄새는 잘 못잡아요 | 그런가요 정보 감사해요 ㅠ | 탈취제 쓰실거면 스프레이형은 별로요 옷에나 괜찮지 그런 냄새는 잘 못잡아요 | 꿀팁 감사합니다 참고할게요,11,https://cafe.naver.com/f-e/cafes/24000254/articles/7378103?boardtype=L&userDisplay=50&menuid=13&referrerAllArticles=false&inCafeSearch=true&query=%EB%83%84%EC%83%88&art=aW50ZXJuYWwtY2FmZS1hcnRpY2xlLXJlYWQtaW5DYWZlLXNlYXJjaC1saXN0.eyJ0eXAiOiJKV1QiLCJhbGciOiJIUzI1NiJ9.eyJjYWZlVHlwZSI6IkNBRkVfSUQiLCJhcnRpY2xlSWQiOjczNzgxMDMsImlzc3VlZEF0IjoxNzg4MjMzMjU3NDYxLCJjYWZlSWQiOjI0MDAwMjU0fQ.6mQZOncQK2y-iS29VeYsTdOCsU1r5Icu_LIGUTe6d5k&page=1,JKS
대구맘365,24000254,13,냄새,임산부방향제 안전할까요,2026.08.25. 12:35,"임신 중이라서 냄새에 더 민감해졌어요.
향수는 피하고 있는데
임산부방향제라면 괜찮을까요.
정말 안전한 제품이 있는지 모르겠어요.
​
화학 성분이 없는 임산부방향제를 찾으려니까
가격도 비싼 편이고
정말 효과가 있는지도 불명확하네요.
그래도 아기 때문에 신경 쓰게 돼요.
​
일반 방향제를 약하게 쓰면 괜찮을까요.
아니면 임산부방향제를 따로 골라야 할까요.
자꾸 불안한 마음이 드네요.
​
임신 중에 방향제 쓰신 분들
안전했는지 경험담 나눠 주시면 정말 감사하겠어요.
조심스럽게 여쭤봅니다.",임신 중에는 정말 신경 쓰이죠. 안전한 제품 찾기가 어렵더라고요. | 그러니까요 아기 건강이 제일 중요해요. | 환기가 잘 안되는 구조면 가끔 냄새 날때가 있더라고요~ 저도 그랬었는데 인스타 보다가 추천 받은 탈취제 하나 뒀는데 훨 나아요~ | 혹시 어떤 거 쓰시나요?? | 살림꿀팁 릴스에서 본 냄싹이라는 건데 냄새도 은은하고 좋았어요 | 혹시https://m.site.naver.com/1OO2L여기 이거 맞을까요? | 네네 맞아요 지금 세일도 하네요 저도 더 사려고요~~ | 탈취제랑 제습제 하나 같이 놔주면 효과 더 좋아져요! | 꿀팁 감사합니다 참고할게요 | 전 냄싹이 쓰는데 향 은은하고 좋던데요 탈취제라 냄새도 잘 잡아주고요 | 정보 감사합니다!! 여기 거 좋은가보네요,11,https://cafe.naver.com/f-e/cafes/24000254/articles/7376510?boardtype=L&userDisplay=50&menuid=13&referrerAllArticles=false&inCafeSearch=true&query=%EB%83%84%EC%83%88&art=aW50ZXJuYWwtY2FmZS1hcnRpY2xlLXJlYWQtaW5DYWZlLXNlYXJjaC1saXN0.eyJ0eXAiOiJKV1QiLCJhbGciOiJIUzI1NiJ9.eyJjYWZlVHlwZSI6IkNBRkVfSUQiLCJhcnRpY2xlSWQiOjczNzY1MTAsImlzc3VlZEF0IjoxNzg4MjMzMjU3NDYxLCJjYWZlSWQiOjI0MDAwMjU0fQ.D3mLRsQmmPqveMdLYQjuPP4lLTPzwnKG30rEgXYKnTo&page=1,JKS
대구맘365,24000254,13,냄새,임산부디퓨저 안전할까요,2026.08.25. 12:35,"임신 중이라 집 냄새가 평소보다
훨씬 신경 쓰이네요.
그런데 향수나 일반 디퓨저를 써도 괜찮을까 싶어요.
임산부디퓨저라는 게 따로 있는지도 몰랐어요.
​
화학 성분이 없는 임산부디퓨저가 있다면
한번 써보고 싶긴 한데요.
정말 효과가 있을지 확신이 안 서요.
그리고 비싸지는 않을까도 걱정돼요.
​
일반 디퓨저를 써도 괜찮을까요.
아니면 특별히 임산부디퓨저를 골라야 할까요.
아기한테 영향이 있을까봐 조심스러워요.
​
임신 중에 디퓨저 쓰신 분 계세요.
안전했는지 경험담 나눠 주시면 감사하겠어요.
정말 고민이 많네요.",저도 임신 중에 고민했어요. 안전한 제품 찾기가 쉽지 않네요. | 정말 그래요 신경 쓰여요. | 저희집도 가끔 어디서 이상한 냄새 날 때 있는데 지인분한테 추천 받은 탈취제 놓으니 거의 없어졌어요~ | 혹시 뭐 쓰시는지 알 수 있을까요?? | 냄싹이라는 건데 맘카페에서 유명하대요 괜찮더라고요 | 혹시https://m.site.naver.com/1OO2L여기 이거 맞을까요?? | 네네 맞아요 지금 세일도 하네요 전 정가주고 샀는데 ㅠㅠ | 저는 악취가 문제라서 디퓨저 써봤는데 냄새는 안 잡혔어요 금방 다시 스믈스믈 올라왔던 ㅜㅜ | 디퓨저가 냄새는 못잡아주나보네요.. | 전 냄싹이 쓰는데 향 은은하고 좋던데요 탈취제라 냄새도 잘 잡아주고요 이번 품절만 풀리면 바로 쟁여두게요 | 정보 감사합니다!! 지금 보니까 품절 아녀요!!,11,https://cafe.naver.com/f-e/cafes/24000254/articles/7376508?boardtype=L&userDisplay=50&menuid=13&referrerAllArticles=false&inCafeSearch=true&query=%EB%83%84%EC%83%88&art=aW50ZXJuYWwtY2FmZS1hcnRpY2xlLXJlYWQtaW5DYWZlLXNlYXJjaC1saXN0.eyJ0eXAiOiJKV1QiLCJhbGciOiJIUzI1NiJ9.eyJjYWZlVHlwZSI6IkNBRkVfSUQiLCJhcnRpY2xlSWQiOjczNzY1MDgsImlzc3VlZEF0IjoxNzg4MjMzMjU3NDYxLCJjYWZlSWQiOjI0MDAwMjU0fQ.T0vD-owxMPpJ16wa9V9pr62t4SV2FCHmOGqXfT7aIkk&page=1,JKS
대구맘365,24000254,13,냄새,임신하고 나니 먹던 엽산도 안 맞네요ㅠㅠ,2026.08.25. 10:52,"임신 준비할 때부터 계속 먹던 엽산이 있었는데
임신하고 나니까 갑자기 속에서 안 받아요ㅠ
그래서 다른걸로 바꿔보려고 찾아보고 있는데
혹시 냄새 별로 안 나고 속편한 엽산 없을까요..?
추천 부탁드리겠습니다!ㅠㅠㅠㅠ","저도 입덧 생기고 동네 약국 가서 상담 받아 봤는데 추천 받아서 엘ㄹ뉴로 바꿨어요~ 종합영양제라 여러개 안챙겨도 되고 냄새도 안나서 괜찮은 것 같아요 | 종합으로 나온 거군요ㅎㅎ 저도 약국 가서 한번 물어볼게요 | 엽산 챙겨드시는게 좋죠! 저희 부부도 천연스토리 활성멀티엽산 꾸준히 먹고 있어요, 활성엽산이랑 비타민d, 비타민b12 등 몸에 좋은게 들어있어서 준비하실때 먹으면 정말 좋아요 | 초기에 속이 너무 예민해서 영양제 몇번 바꾸다가 엘레뉴로 정착했는데 하루 한번만 챙기면 되니까 그나마 부담이 덜하더라구요 | 찾아봐야겠어요 감사합니다 | 저는 이것저것 먹다가 속이 넘울렁거려서 비타민D 엽산 유산균 비타민B12 다 들어가있는 천연스토리 활성멀티비타민으로 먹고 있어요! 휴대하기도 편하고 바꾸고 나서는 속이 많이 편해졌어요~~ | 저는 천연스토리 활성멀티엽산 먹었었는데 맛도 괜찮아서 입덧도 없었고 무엇보다 활성엽산에다가 다른 영양소까지 올인원이라서 먹기 편햇네요",7,https://cafe.naver.com/f-e/cafes/24000254/articles/7376364?boardtype=L&userDisplay=50&menuid=13&referrerAllArticles=false&inCafeSearch=true&query=%EB%83%84%EC%83%88&art=aW50ZXJuYWwtY2FmZS1hcnRpY2xlLXJlYWQtaW5DYWZlLXNlYXJjaC1saXN0.eyJ0eXAiOiJKV1QiLCJhbGciOiJIUzI1NiJ9.eyJjYWZlVHlwZSI6IkNBRkVfSUQiLCJhcnRpY2xlSWQiOjczNzYzNjQsImlzc3VlZEF0IjoxNzg4MjMzMjU3NDYxLCJjYWZlSWQiOjI0MDAwMjU0fQ.CECIjo2yvKL3C9zEW63Zc7NfYcrPo_ZAVwdgt1RgVFQ&page=1,JKS
대구맘365,24000254,13,냄새,실내디퓨저 뭘 고를까요,2026.08.21. 13:13,"​
실내디퓨저를 찾고 있는데
정말 뭘 사야 할지 몰라요.
집 안 냄새가 계속 신경 쓰여서
실내디퓨저가 꼭 필요할 것 같거든요.
​
실내디퓨저 종류가 정말 많더라고요.
향기도 다양하고 가격도 천차만별이었어요.
실내디퓨저가 정말 효과가 있을지도
확신이 안 서네요.
​
실내디퓨저를 써도 냄새가 완전히
안 없어지면 어떻게 하지 싶으면서도
일단 시도해 봐야 할 것 같아요.
실내디퓨저로 정말 도움이 될까요.
​
실내디퓨저 사용해본 분들 있을까요
정말 어떤 제품이 좋은지 알려 주세요.
조심스럽게 여쭤봅니다.",정말 고르기 어렵시겠어요. 저도 실내디퓨저 뭘 사야 할지 몰랐어요. | 그렇죠 정말 어렵더라고요. | 저희집도 가끔 어디서 이상한 냄새 날 때 있는데 지인분한테 추천 받은 탈취제 놓으니 거의 없어졌어요~ | 혹시 뭐 쓰시는지 알 수 있을까요?? | 냄싹이라는 건데 맘카페에서 유명하대요 괜찮더라고요 | 혹시https://m.site.naver.com/1OO2L여기 이거 맞을까요?? | 네네 맞아요 지금 세일도 하네요 전 정가주고 샀는데 ㅠㅠ | 저는 악취가 문제라서 디퓨저 써봤는데 냄새는 안 잡혔어요 금방 다시 스믈스믈 올라왔던 ㅜㅜ | 디퓨저가 냄새는 못잡아주나보네요.. | 전 냄싹이 쓰는데 향 은은하고 좋던데요 탈취제라 냄새도 잘 잡아주고요 이번 품절만 풀리면 바로 쟁여두게요 | 정보 감사합니다!! 지금 보니까 품절 아녀요!!,11,https://cafe.naver.com/f-e/cafes/24000254/articles/7373815?boardtype=L&userDisplay=50&menuid=13&referrerAllArticles=false&inCafeSearch=true&query=%EB%83%84%EC%83%88&art=aW50ZXJuYWwtY2FmZS1hcnRpY2xlLXJlYWQtaW5DYWZlLXNlYXJjaC1saXN0.eyJ0eXAiOiJKV1QiLCJhbGciOiJIUzI1NiJ9.eyJjYWZlVHlwZSI6IkNBRkVfSUQiLCJhcnRpY2xlSWQiOjczNzM4MTUsImlzc3VlZEF0IjoxNzg4MjMzMjU3NDYxLCJjYWZlSWQiOjI0MDAwMjU0fQ.JuegvBbCerMoM8onGd0hNxQYCVriUIuevKJjkPRJpK0&page=1,JKS
대구맘365,24000254,13,냄새,매트 구매 정말 고민되네요.,2026.08.10. 11:44,"저는 둘째 준비중인 육아맘이예요.
첫아이때 알집매트로 거실이랑 놀이방 깔았는데 둘째 준비하면서 매트 더 필요하더라고요. 첫애가 뛰어다니니.. 복도랑 작은방이랑 서재랑 2~3개 더 필요할듯요.
첨엔 브랜드 매트 많이 알아봤는데 층간소음방지에는 별 차이 없다는 충격적인 글들을 많이 보고는 중저가 가성비 높은 매트 알아보기 시작했어요. 근데 선택장애가 많네요. 어떤건 배송받고 냄새가 난다고 하고, 어떤건 매트 겉감 소재때문에 밀림현상 있다고 소리도 난다고 하고... 가성비 높은 매트 추천부탁해요. 그리고 매트볼때 젤먼저 멀 봐야하는지도 꼭 조언부탁해요.",바니하우스매트 가성비 좋고 밀림없고 청소도 간편하게 할수있어서 좋더라구요 !,1,https://cafe.naver.com/f-e/cafes/24000254/articles/7365218?boardtype=L&userDisplay=50&menuid=13&referrerAllArticles=false&inCafeSearch=true&query=%EB%83%84%EC%83%88&art=aW50ZXJuYWwtY2FmZS1hcnRpY2xlLXJlYWQtaW5DYWZlLXNlYXJjaC1saXN0.eyJ0eXAiOiJKV1QiLCJhbGciOiJIUzI1NiJ9.eyJjYWZlVHlwZSI6IkNBRkVfSUQiLCJhcnRpY2xlSWQiOjczNjUyMTgsImlzc3VlZEF0IjoxNzg4MjMzMjU3NDYxLCJjYWZlSWQiOjI0MDAwMjU0fQ.52sWXg3OJOpO5Zx2gEQ6Dfc47ihQ2UafgakK5FMWTmM&page=1,JKS
대구맘365,24000254,13,냄새,알리익스프레스 할인코드 7월 쿠폰 코너 선반이 완전 신세계네요,2026.07.26. 15:08,"파트너스 활동으로 수수료를 받습니다.
장마철 지나고 욕실 문을 열 때마다
곰팡이랑 물때 냄새에 한숨부터 나왔어요.
락스로 아무리 문질러도
며칠 지나면 도로 올라오길래
청소보다 구조를 바꿔야겠다는 결론에 이르렀습니다.
바닥에 물건을 두니까 물이 고이고
거기서 곰팡이가 다시 피는 거였어요.
그래서 수납이랑 도구를 통째로 갈기로 했고
알리익스프레스 할인코드 열린 김에
욕실용품을 한 번에 주문했습니다.
이번에 산 목록부터 볼게요.
벽 부착식 칫솔 거치대, 물 빠지는 비누 받침,
샤워기 헤드 필터, 코너 선반 3단,
그리고 배수구 머리카락 거름망 대용량.
링크 타고 들어가면 할인이 자동 적용돼요 코드 입력 필요 없어요
알리익스프레스 바로가기
할인 : 자동 적용
전부 합쳐서 18,000원 나왔어요.
마트에서 코너 선반 하나 살 값에
욕실 정리가 통째로 끝났습니다.
알리익스프레스 할인코드 적용가로 보면
하나같이 국내 최저가 절반 수준이었어요.
코너 선반이 이번 최고 만족템이에요.
구멍을 안 뚫고 압축식으로 세우는 구조라
전셋집에서도 부담이 없고
바닥에 두던 샴푸며 세제가 다 위로 올라가니까
물이 안 고여서 곰팡이 자체가 덜 생기더라구요.
청소 횟수가 확 줄었습니다.
물 빠지는 비누 받침도 작지만 효자예요.
비누 밑이 항상 무르던 게
받침 하나 바꿨다고 뽀송하게 유지됩니다.
샤워기 헤드 필터는 반신반의했는데
필터에 이물질이 걸러진 게 눈으로 보이니까
쓰면서 안심이 되구요.
필터만 갈면 되는 구조라 유지비도 적습니다.
칫솔 거치대도 벽에 붙이는 방식으로 골랐어요.
세면대에 세워두면 밑에 물이 고여서
금방 지저분해지는데
벽에 띄워두니 물기가 안 남아서 위생적입니다.
거름망은 소모품이니까
대용량으로 사두면 막힐 때마다
아껴 쓰던 스트레스가 사라져요.
이런 욕실용품을 직구로 살 때는
플라스틱이나 실리콘처럼 물에 강한 재질을 고르세요.
가볍고 깨질 걱정이 없어서 실패가 드뭅니다.
부착식 제품은 접착 방식을 잘 보셔야 해요.
습기 많은 욕실에서는 흡착판보다
접착 테이프형이 더 오래 버티는 편이었습니다.
후기에 떨어졌다는 언급이 있는지만 확인하면 됩니다.
참고로 이번 혜택은 코드를 넣는 방식이 아니에요.
링크로 접속하면 뜨는 가격이 이미 할인가라
쿠폰 번호를 찾아 입력할 필요가 없습니다.
알리익스프레스 할인코드가 자동으로 붙어서
소액만 담아도 그대로 적용되니 편했어요.
배송은 9일 걸렸습니다.
곰팡이랑 물때로 스트레스 받으시는 분들은
알리익스프레스 할인코드 열려 있을 때
욕실용품부터 바꿔보세요.
2만원이 안 되는 돈으로
욕실 들어갈 때 기분이 달라집니다.",알리익스프레스 할인코드 코너 선반 저도 담았어요 곰팡이 잡아야죠 | 구멍 안 뚫는 압축식이라니 알리익스프레스 할인코드 감사합니다 | 알리익스프레스 할인코드 자동 적용 확인했어요 결제했습니다 | 샤워기 필터 궁금했는데 알리익스프레스 할인코드로 사봐야겠어요 | 알리익스프레스 할인코드로 거름망 대용량 샀어요 잘 쓸게요 | 접착 테이프형이 낫다는 팁 유용하네요 감사합니다,6,https://cafe.naver.com/f-e/cafes/24000254/articles/7353654?boardtype=L&userDisplay=50&menuid=13&referrerAllArticles=false&inCafeSearch=true&query=%EB%83%84%EC%83%88&art=aW50ZXJuYWwtY2FmZS1hcnRpY2xlLXJlYWQtaW5DYWZlLXNlYXJjaC1saXN0.eyJ0eXAiOiJKV1QiLCJhbGciOiJIUzI1NiJ9.eyJjYWZlVHlwZSI6IkNBRkVfSUQiLCJhcnRpY2xlSWQiOjczNTM2NTQsImlzc3VlZEF0IjoxNzg4MjMzMjU3NDYxLCJjYWZlSWQiOjI0MDAwMjU0fQ.dvr3LQKdhgB1KXa0_oaP2sloy_oGw9D4SuVu8_nd-Os&page=1,JKS
대구맘365,24000254,13,냄새,변기냄새차단이 정말 가능할까요?,2026.07.22. 12:53,"변기에서 올라오는 냄새 때문에 변기냄새차단을 고민하고 있습니다. 변기냄새차단을 위해 여러 방법을 시도해 보고 싶어요.
​
여러 커뮤니티에서 변기냄새차단 방법들을 찾아봤는데, 정말 다양한 방법이 있더라고요. 변기냄새차단을 위해서는 정기적인 관리가 정말 중요하다고 많은 사람들이 조언했습니다.
​
남편도 변기냄새차단의 필요성을 느끼고 있어요. 변기냄새차단을 위해 여러 방법을 함께 해보자고 했는데, 정말 효과가 있을까 기대하고 있어요.
​
혹시 변기냄새차단을 정기적으로 하신 분 계신가요? 어떤 방법이 가장 효과적이었는지 알려주실 수 있을까요?",변기냄새차단 정말 필요하네요. 저도 고민 중이에요. | 함께 방법을 찾아봐요. 효과가 있으면 좋겠네요. | 울집도 저래서 유튜브에서 추천 받은 탈취제 두어개 집에 놔두니 냄새가 많이 없어졌어요~~ | 혹시 뭐 놔두셨는지 알 수 있을까요.. | 냄싹이 샀는데 냄새도 은은하고 좋더라고요 | https://m.site.naver.com/1OO2L이거 맞나요 | 네 맞아요~ 세일하는 거 첨보는데 이럴때 여러개 쟁여두셔요~ | 요런 냄새는 방향제는 효과 없어요 경험담 ㅜ | 그래요? 탈취제를 써야하나보네요.. | 탈취제 사다놓고 환기 꾸준히 해보세용 | 네 위에분이 냄싹이 추천해주셔서 주문했습니다 ㅎㅎ | 습해서 냄새가 더 심한걸수도 있어요 탈취제 둘 때 제습제도 같이 둬보세요 | 감사합니다 참고할게요,13,https://cafe.naver.com/f-e/cafes/24000254/articles/7350753?boardtype=L&userDisplay=50&menuid=13&referrerAllArticles=false&inCafeSearch=true&query=%EB%83%84%EC%83%88&art=aW50ZXJuYWwtY2FmZS1hcnRpY2xlLXJlYWQtaW5DYWZlLXNlYXJjaC1saXN0.eyJ0eXAiOiJKV1QiLCJhbGciOiJIUzI1NiJ9.eyJjYWZlVHlwZSI6IkNBRkVfSUQiLCJhcnRpY2xlSWQiOjczNTA3NTMsImlzc3VlZEF0IjoxNzg4MjMzMjU3NDYxLCJjYWZlSWQiOjI0MDAwMjU0fQ.xDKdf6vPsIdogKGR4Cprna0Q6M8J35M97ElxXpFW6nU&page=1,JKS
대구맘365,24000254,13,냄새,둘째 임신 ㅜ,2026.06.23. 17:57,"제가 첫째 낳은지 7갤만에 둘째가 생겨버렷어요ㅠ
첫째를 시험관으로 어렵게 가진애기라.. 둘째가 자연임신으로 ㄷㄷ 일케 빨리올줄 몰랏네요ㅠ
그나저나 첫째때는 입덧도 없고 그렇게 힘든것도 없엇는데 지금은 아직 6주밖에 안됐는데 .. 뭘 먹기만 하면 울렁거리고 토해요ㅜ 음식냄새가 싫다거나 이런건 아닌데 저랑 비슷한 증상 잇으신분 잇나요ㅜ","화이팅이요,저도둘째때좀힘들엇어요,저도ㅡ연년생이엿거든요..ㅜ",1,https://cafe.naver.com/f-e/cafes/24000254/articles/7329405?boardtype=L&userDisplay=50&menuid=13&referrerAllArticles=false&inCafeSearch=true&query=%EB%83%84%EC%83%88&art=aW50ZXJuYWwtY2FmZS1hcnRpY2xlLXJlYWQtaW5DYWZlLXNlYXJjaC1saXN0.eyJ0eXAiOiJKV1QiLCJhbGciOiJIUzI1NiJ9.eyJjYWZlVHlwZSI6IkNBRkVfSUQiLCJhcnRpY2xlSWQiOjczMjk0MDUsImlzc3VlZEF0IjoxNzg4MjMzMjU3NDYxLCJjYWZlSWQiOjI0MDAwMjU0fQ.-ALVQvcmmTorMzdVXpYFy3YjqDAeD3I3S7keG_TCLYk&page=1,JKS
대구맘365,24000254,13,냄새,[육아템리뷰]4개월 아기 매트 추천: 베베끌레르 4cm 항균 매트 34평 거실 설치 찐후기,2026.06.11. 12:08,"안녕하세요
​
​
어느덧 저희 집 천사가 태어난 지 4개월 차에
접어들었어요.
요즘 한창 뒤집기 지옥(?)과 뒤집기 천국을 오가며
온몸으로 성장판을 자극하고 있는 에너제틱한
남자아기를 키우고 있답니다.
​
​
​
아이가 뒤집기를 시작하니까 매일 바닥에 머리를
쿵 하지는 않을까,
침을 흘리는데 위생은 괜찮을까 하루하루가
걱정의 연속이더라고요.
​
게다가 앞으로 배밀이하고 기어 다닐 걸 생각하니
'아기 매트'는 더 이상 미룰 수 없는 숙제였습니다.
선택 아닌 필수죠 아기매트는!
​
​
시공매트와 놀이매트중에 고민이 되더라구요.
저희는 일년내 이사를 앞두고 있기도하고,
주위 육아선배들 조언에 따르면
시공매트는 최~대한 나중에 까는게 좋다더라구요
​
아무래도 아기가 기거나 걷기전에 깔면
어른들이 밟게되고
오염이나 변색이 더 빨라지니 그러한 이유에서요!
​
​
브랜드부터 두께, 성분까지 눈이 침침해질 때까지
비교 분석한 끝에
제 마음에 쏙 들어온 제품! 바로
“✨베베끌레르 4cm 바닥 항균 매트✨” 입니다.
​
저는 240*140cm 사이즈로 총 2장을 구매해서
하나는 거실에, 하나는 아이방에 각각 깔아주었는데요.
​
한 달 가까이 사용해 보며 느낀 장점들을 일목요연하게 정리해 드릴게요🙌
​
고심끝에 고민한 거실 아기매트
베베끌레르로 선택한 후
내돈내산 34평 설치
한 후기 입니다 :)
​
​
1. 4개월 뒤집기 시기, 왜 '4cm 두께'여야 할까요?
​
지금 4개월 아기들에게 가장 필요한 건 뭐니뭐니 해도 **'안전'**이죠.
베베끌레르 매트는 무려 4cm의 두께감을 자랑합니다.
​
너무 푹신하면 아기 척추에 무리가 가거나 뒤집었을 때 코가 묻혀 위험할 수 있고,
너무 딱딱하면 충격 흡수가 안 되잖아요?
​
그런데 이 제품은 밟았을 때 쫀득하면서도 탄탄하게 받쳐주는 느낌이에요.
아기가 뒤집다가 힘이 빠져서 머리를 쿵! 해도 매트가
충격을 부드럽게 흡수해 주니까 엄마 마음이 한결 편해지죠.
​
​
나중에 아기가 잡고 서고, 걸음마 배우다 넘어질 때도
이 정도 두께라면
다칠 걱정은 전혀 안 해도 될 것 같아요.
게다가 발걸음 소리나 장난감 떨어뜨리는 소리도
완벽하게 잡아줘서 층간소음 또한 안심할 수 있어요.
​
​
​
​
2. 240*140cm 사이즈 2장으로 거실아이방 완벽커버
​
매트 살 때 사이즈 고민 정말 많이 하시죠?
​
저도 거실 전체를 다 채워야 하나 고민했는데,
240*140cm 사이즈 두 장 조합이 신의 한 수였어요!!!
​
​
거실: 소파 앞 공간에 깔아두니 인테리어를 해치지 않고 맞춘 것처럼 딱 떨어져요.
온 가족이 거실에서 아기와 함께 뒹굴며 소통하기에 아주 넉넉한 공간이 나옵니다.
240*140 1장 깔았을때 입니다.
아이방: 아기 침대 아래나 놀이존 공간에 배치했더니,
방이 좁아 보이지 않으면서도 아기만의 안전한 독립 놀이 공간이 예쁘게 완성되더라고요.
​
​
​
매트 디자인과 컬러가 워낙 모던하고 깔끔하게 나와서,
알록달록한 육아 용품들 사이에서 중심을 딱 잡아주니
집안이 훨씬 넓고 환해 보이는 효과까지 덤으로 얻을 수 있어요!
​
아직은 아이가 어려서 아기방보다는 거실에서 보내는
시간이 많아 매트 두장 모두 거실에 깔아두었어요.
​
84제곱미터 국민평형 거실이면 제일 큰 사이즈 두장 깔면 웬만하게 커버가 되어요!
240*140 2장 모두 깔았을때입니다. 롤베이비 원형러그와 사이즈비교해주세요 :)
​
​
​
​
3. 면역력 약한 아기를 위한 안심 '항균 기능'
사실 아직 면역력이 약한 4개월 아기라 매트의 소재를 가장 깐깐하게 체크했어요.
​
특히 남자아이라 그런지 열도 많고 땀도 많아서
매트 위에 누워있는 시간이 길어질수록
위생이 걱정되더라고요.
​
베베끌레르는 철저한 항균 인증을 받은 제품이라 눈에 보이지 않는 세균이나 진드기 걱정없어요
아기가 혹시나 매트에 대고 뺨을 부비거나 침을 흘려도 안심하고 놔둘 수 있는 이유예요.
소중한 우리아기가 사용하기에 더욱 꼼꼼히 체크!
​
그리고
처음 배송받았을 때 특유의 지독한 화학 냄새가 나면
어쩌나 걱정했는데,
냄새가 거의 나지 않아서 가볍게 닦아낸 뒤 바로 사용할 수 있었던 점도 대만족 포인트였습니다.
​
정말 냄새가 거의 나지않아요.
이부분 신생아아기있는 집에서 제일 중요한 부분인데
그래서 베베끌레르매트가 더 만족스러웠어요.
​
​
​
​
4. 엄마의 손목을 지켜주는 쉬운 청소와 관리법
육아하면서 청소까지 힘들면 정말 지치잖아요.
베베끌레르 매트는 생활 방수 기능이 탁월해요.
아기가 분유를 게우거나 침을 흘려도 스며들지 않고 겉 표면에 맺혀 있어서,
물티슈나 마른 천으로 쓱- 닦아주면 청소 끝입니다.
매일 사용하는 매트인데
청소도 간편한게 잘 되는지 체크필수죠
살살 문질러도 깔끔하게 잘 닦여요!
가장 만족한점. 매트가 접히는틈새가 거의 없어요.
보통 폴더 매트는 접히는 틈새 사이로 먼지나
과자 부스러기, 머리카락이
끼어서 매번 접어가며 청소해야 하잖아요?
이 제품은 청소기 헤드가 부드럽게 넘어가며
먼지를 쏙쏙 빨아들이니까
데일리 청소 시간이 절반으로 줄었습니다.
가뜩이나 아기보느라 고생많은 엄마들의 소중한 손목과
시간을 지켜주는 효자템이에요.
​
​
시공매트처럼 분리가 어려운게 아니라
매트를 반 접은 뒤 매트아래 마루바닥도 원할때마다 쉽게 청소가능하고
매트윗부분 또한 청소가 용이해 매우 만족했어요.
​
​
​
​
💡 총평: 이런 분들께 추천해요!
이제 막 뒤집기를 시작해 바닥 안전이 시급한
4~5개월 아기 부모님
​
층간소음과 아기 안전을 모두 잡을 수 있는 탄탄한
4cm 매트를 찾으시는 분
​
인테리어를 해치지 않는
깔끔하고 화사한 매트를 원하시는 분
​
위생적인 항균 소재와 쉬운 청소 방법을 선호하시는 분
​
​
​
체험단 아니고 정말 꼼꼼하게 비교해서 구매한
내돈내산 제품인데,
쓰면 쓸수록 돈이 아깝지 않다는 생각이 드는
육아템입니다.
아기 매트 고민 중이신 이웃님들이 계신다면
눈여겨보셔도 좋을 것 같아요!
​
개인적으로
시공매트 깔기전 놀이매트 필요하신 분들께
베베끌레르 매트 강추드립니다.
출산전, 여유있게 미리 준비해두시면
좋을 것같아요.
​
본 포스팅은 직접 제품을 구매하여 사용해 본 후 작성한 주관적인 후기입니다.
​",,0,https://cafe.naver.com/f-e/cafes/24000254/articles/7320443?boardtype=L&userDisplay=50&menuid=13&referrerAllArticles=false&inCafeSearch=true&query=%EB%83%84%EC%83%88&art=aW50ZXJuYWwtY2FmZS1hcnRpY2xlLXJlYWQtaW5DYWZlLXNlYXJjaC1saXN0.eyJ0eXAiOiJKV1QiLCJhbGciOiJIUzI1NiJ9.eyJjYWZlVHlwZSI6IkNBRkVfSUQiLCJhcnRpY2xlSWQiOjczMjA0NDMsImlzc3VlZEF0IjoxNzg4MjMzMjU3NDYxLCJjYWZlSWQiOjI0MDAwMjU0fQ.cVETPvhR33hHBM7plSGVzM5bFCVb4w5tPbYm5r3hv4w&page=1,JKS
대구맘365,24000254,13,냄새,임신 7주3일차 갈색냉,2026.06.04. 14:18,"오늘 7주3일 차에요:)
배 통증, 냉에서 나는 냄새는 없는데 갈색냉이 나오네요.
가슴통증, 입덧은 아직 있구요.
​
오늘은 씻으러 화장실 갔다가 500원 만한 덩어리가 나왔어요.. 사정상 바로 산부인과는 못가는 상태라 일단 내일 오전에 가보려하는데 이런적 있으신가요?",저도 12주전까지 밤낮 없이 이유 모를 출혈이 계속 있었어요...걱정 되서 초음파 보러 가면 아기는 잘 있다고  선생님이 말해주셔도 불안하긴 하지만 12주까지 잘 보내시면 출혈은 사라질거에요!! | 바로 못가시는거면 통증은 있는지 피가 더 나오는지 체크 해보세요누워서 쉬시는게 제일좋고 오후늦게라도 하는 병원에라도 가세요..피고임있을수있어요,2,https://cafe.naver.com/f-e/cafes/24000254/articles/7315358?boardtype=L&userDisplay=50&menuid=13&referrerAllArticles=false&inCafeSearch=true&query=%EB%83%84%EC%83%88&art=aW50ZXJuYWwtY2FmZS1hcnRpY2xlLXJlYWQtaW5DYWZlLXNlYXJjaC1saXN0.eyJ0eXAiOiJKV1QiLCJhbGciOiJIUzI1NiJ9.eyJjYWZlVHlwZSI6IkNBRkVfSUQiLCJhcnRpY2xlSWQiOjczMTUzNTgsImlzc3VlZEF0IjoxNzg4MjMzMjU3NDYxLCJjYWZlSWQiOjI0MDAwMjU0fQ.k1JtJbEkuf7LUqk-yyvVZFGzH4mCtWGCisPyUCaz4us&page=1,JKS
대구맘365,24000254,13,냄새,맑은숨오일로 새집증후군 싹 잡히네요ㅎㅎ,2026.05.01. 08:10,"갓난아기를 키우고 있어요ㅠㅠ
새집이다보니까 새집냄새랑, 새집증후군도 걱정이 많이 되더라고요..
​
영끌이라 사실 입주청소도 못할 뻔 했는데
청소는 도저히 감당이 안돼서....ㅎㅎ
근데 청소업체가 새집증후군까지 하라고 하더라고요ㅠㅠ
아기 때문에...
​
영끌이라 돈이 부족해서.. 괜찮다고 하면서
슬쩍 셀프로 하는 법 물어봤는데
​
맑은숨오일 추천해주셔서 이거 샀거든요?
근데 진짜 새집냄새가 많이 사라졌어요...!!
약간 소나무 숲에 있는 것 같더라구요ㅋㅋㅋㅋ
​
혹시 저처럼 새집증후군 셀프로 하시는 분들은
한번 맑은숨오일 이거 써보세용
편백수 보다 훨씬 강하네요
​
단점은 계속 청소업체 통해서 구매해야된대요ㅠㅠ
따로 판매는 안하시나봐요....",혹시 입xx하x 업체 아닌가욤??ㅋㅋㅋ저희도 새집증후군 잡으려고 이것저것 알아봤는데맑은숨오일 써보라고 하시던데 | 저희는 청소xx장 여기였는데 맑은숨오일이 청소업체들도 많이 쓴다고해여따로 판매는 안하시는 것 같더라고요! | 검색해보니까 파는데여?? | 그러네요 이제 온라인으로도 판매하시나봐요!! 감사해요!! | 인정ㅋㅋ 저희도 방분탄 이런거 효과 없어서 맑은숨오일 쓰고 잡음요!!bbb | 방분탄 효과 없죠....ㅠㅠㅠㅠ저희도 계속 쓰고 있어요ㅋㅋ,6,https://cafe.naver.com/f-e/cafes/24000254/articles/7292145?boardtype=L&userDisplay=50&menuid=13&referrerAllArticles=false&inCafeSearch=true&query=%EB%83%84%EC%83%88&art=aW50ZXJuYWwtY2FmZS1hcnRpY2xlLXJlYWQtaW5DYWZlLXNlYXJjaC1saXN0.eyJ0eXAiOiJKV1QiLCJhbGciOiJIUzI1NiJ9.eyJjYWZlVHlwZSI6IkNBRkVfSUQiLCJhcnRpY2xlSWQiOjcyOTIxNDUsImlzc3VlZEF0IjoxNzg4MjMzMjU3NDYxLCJjYWZlSWQiOjI0MDAwMjU0fQ.nhEsuEazA3UBvapK4ARcM3uLnyOF7dZRkqKW3tFJT6Q&page=1,JKS
대구맘365,24000254,13,냄새,아기침대 내돈내산 제롬 엘라비아 S5,2026.04.06. 22:36,"출산준비를하면서 가장고민했던 아기침대!!
베페와 매장을 다니면서 유투브를 찾아보고 몇달은 고민한 끝에 제가 구매한 후기를 알려드립니다.
​
베스트슬립의 제롬 프레임과 엘라비아 S5 매트리스(Q 사이즈) 조합은 육아 커뮤니티에서도 소문난 조합이죠!! 내돈내산 실제 구매한 저의 시선에서 만족스러웠던 포인트들을 정리해 보았습니다.
​
🥰'제롬 + S5' 사용 후기 😍
계약하고 3주정도 기다렸다가 배송받았습니다. (주말배송을 원해서 더 오래걸렸는거같아요)
드디어 기다리던 침대가 배송되었는데, 실물을 보니 왜 다들 이 조합을 추천하는지 바로 알겠더라고요. 아기 침대를 고를 때 가장 신경 쓰였던 부분이 **'안전'**과 **'매트리스의 탄탄함'**이었는데, 그 고민을 한 번에 해결해 준 느낌입니다.
​
1. 든든하고 포근한 '제롬 프레임'
우선 제롬 프레임은 디자인부터 아이 방에 찰떡이에요. 아이보리 톤에 가죽 소재라 방 분위기가 한결 따뜻해졌습니다. (패브릭이 더 이쁘긴했지만 전 비염등 걱정되는부분이있어 가죽으로 정했습니다ㅠ
0초
0초
100%
광고 후 계속됩니다.
다음 동영상
subject
author
취소
재생
13
재생 (space/k)
재생
00:10
0:00:00
재생 (space/k)
재생
음소거 (m)
음소거
00:00
/
00:10
실시간
설정
전체 화면 (f)
해상도
자동 (480p)
자막
사용 안함
재생 속도
1.0x (기본)
해상도
자동 (480p)
1080p
HD
720p
HD
480p
270p
자막
자막 추가
설정
사용 안함
자막 설정
글자 크기
배경색
재생 속도
0.5x
1.0x (기본)
1.5x
2.0x
죄송합니다. 문제가 발생했습니다. 다시 시도해 주세요.
도움말
음소거 상태입니다.
도움말
라이선스
디버그 정보 다운로드
고화질 재생이 가능한 영상입니다.
설정에서 해상도를 변경해보세요.
더 알아보기
00:00
아기침대 내돈내산 제롬 엘라비아 S5
)가장 큰 장점은 높은 가드와 안정성인 것 같아요. 아기가 자면서 많이 뒤척이다가 가드에 부딪힐까 걱정했는데, 가드 안쪽이 푹신하게 마감되어 있어 안심입니다. 가드 높이도 적당해서 아이가 일어섰을 때도 안정감이 느껴질거같고 경첩 부분까지 천으로 꼼꼼하게 덮여 있는 디테일에서 세심함이 느껴졌습니다.
2. 허리를 탄탄하게 받쳐주는 'S5 매트리스'
매트리스는 S5 모델로 선택했는데, 신의 한 수였습니다. 너무 푹신하면 아이 척추 발달에 좋지 않다고 해서 적당히 단단한 걸 찾았거든요. S5는 누웠을 때 몸이 푹 꺼지지 않고 쫀쫀하게 받쳐주는 느낌이라 아이가 뒤집기를 하거나 기어 다닐 때도 훨씬 편안해 보여요. 퀸(Q) 사이즈라 공간이 넉넉해서 아이를 재우다 저도 같이 잠이들거나 했을때 성인이 누워도 허리가 배기지 않고 아주 편안할거같습니다.
3. 실제 구매 후 느낀 총평
처음 설치했을 때 새 가구 냄새가 거의 나지 않아 바로 사용할 수 있었던 점도 좋았습니다. 저상형이라 나중에 아이가 조금 더 크면 스스로 오르내리기도 좋을 것 같고, 다리를 달거나 프레임을 분리해 변형할 수 있다는 점도 장기적으로 큰 장점으로 느껴졌습니다!
아기 침대 고민 중이신 분들이라면 고민은 배송만 늦출 뿐!!!
​
Tip: Q 사이즈라 넓어서 아이와 함께 책을 읽어주거나 뒹굴거리며 놀아주기에도 좋을거같아요! 저처럼 Q사이즈 고민중이라면 추천드립니다!!
​",침대 고민중인데 후기 잘보고갑니당!!,1,https://cafe.naver.com/f-e/cafes/24000254/articles/7274983?boardtype=L&userDisplay=50&menuid=13&referrerAllArticles=false&inCafeSearch=true&query=%EB%83%84%EC%83%88&art=aW50ZXJuYWwtY2FmZS1hcnRpY2xlLXJlYWQtaW5DYWZlLXNlYXJjaC1saXN0.eyJ0eXAiOiJKV1QiLCJhbGciOiJIUzI1NiJ9.eyJjYWZlVHlwZSI6IkNBRkVfSUQiLCJhcnRpY2xlSWQiOjcyNzQ5ODMsImlzc3VlZEF0IjoxNzg4MjMzMjU3NDYxLCJjYWZlSWQiOjI0MDAwMjU0fQ.M3b__cvX_xH40z6AYL7Mmu16Gd7c6KZ9liKE0wAioZU&page=1,JKS
대구맘365,24000254,13,냄새,내돈내산 카시트 추천 맥시코시 미카 360 프로 슬라이드 텍 후기,2026.03.26. 13:14,"안녕하세요 이번에 곧 출산 예정이라 미리 카시트를 장만해서 후기 올려봅니다~
​
내돈내산 이며 여러가지 브랜드를 비교하면서 고민을 좀 많이 했어요. 고민중에 선택했는 모델이
​
맥시코시 미카 360 프로 슬라이드 텍 입니다! 해당모델을 선택한 이유는 우선
​
슬라이드가 되어서 허리가 최대한 덜불편 할거 같아서 다른모델들 보다 좋을거 같았어요~
​
아기를 안고서 앞뒤 회전이 간단하게 가능하다보니까 사용하기도 많이 편할거 같았고,
​
슬라이드나 회전되는 카시트들 중에서 유격이 제일 적고 튼튼한게 장점이더라구요 ㅎㅎ
​
카시트 고민하시는 분들께 도움되고자 몇글자 적어봤습니다 ㅎㅎ
​
며칠 뒤 출산이라 냄새빼고 장착을 위해 아직 설치는 안했는데 얼른 설치하고싶네요 ㅎㅎ
​
​",,0,https://cafe.naver.com/f-e/cafes/24000254/articles/7267091?boardtype=L&userDisplay=50&menuid=13&referrerAllArticles=false&inCafeSearch=true&query=%EB%83%84%EC%83%88&art=aW50ZXJuYWwtY2FmZS1hcnRpY2xlLXJlYWQtaW5DYWZlLXNlYXJjaC1saXN0.eyJ0eXAiOiJKV1QiLCJhbGciOiJIUzI1NiJ9.eyJjYWZlVHlwZSI6IkNBRkVfSUQiLCJhcnRpY2xlSWQiOjcyNjcwOTEsImlzc3VlZEF0IjoxNzg4MjMzMjU3NDYxLCJjYWZlSWQiOjI0MDAwMjU0fQ.ctkzZAlrWtS4iTyHVn9CEacmcK3pGifMugT_k62TSQA&page=1,JKS
대구맘365,24000254,13,냄새,내돈내산 우비 기저귀 쓰레기통,2026.03.04. 16:33,"급한대로 집에있는 아무 봉투나 넣어서 쓰는데
진짜 냄새가 안난다
​
지금 매직캔 쓰는 유저인데
매직캔을 여러겹으로 되어있는
비싼 비닐봉지를 쓰지 않으면 냄새차단이 안된다
​
그리고 그 비닐봉지가  값이 만만치 않다 그래서
유지비용 안든다는 쓰레기통 찿아서
일부러 베이비페어에 판다는 것 확인하고
굳이 쓰레기통 사러 갔다 ㅎㅎ
​
기저귀 길이대 옆에 바로 놔두고 싶어서요
앞으로 위험하게 아기 기저귀 길이대 두고 굳이 바깥으로 안나가도 되고 유지비용도 줄일수 있어서 넘!!!좋다
​
진짜 강추 드립니다 제발 사세요 !!!",,0,https://cafe.naver.com/f-e/cafes/24000254/articles/7252384?boardtype=L&userDisplay=50&menuid=13&referrerAllArticles=false&inCafeSearch=true&query=%EB%83%84%EC%83%88&art=aW50ZXJuYWwtY2FmZS1hcnRpY2xlLXJlYWQtaW5DYWZlLXNlYXJjaC1saXN0.eyJ0eXAiOiJKV1QiLCJhbGciOiJIUzI1NiJ9.eyJjYWZlVHlwZSI6IkNBRkVfSUQiLCJhcnRpY2xlSWQiOjcyNTIzODQsImlzc3VlZEF0IjoxNzg4MjMzMjU3NDYxLCJjYWZlSWQiOjI0MDAwMjU0fQ.gQbkLf5pIwujO5XsksfrcVXz_9B2y9yyhp_x3kZHIFs&page=1,JKS
대구맘365,24000254,13,냄새,임신 후 입덧 때문에...ㅠㅠ,2026.02.04. 08:24,"임신 하고 입덧 때문에 너무 힘들어서 밥 냄새도 싫고,,, 냉장고 냄새도 너무 힘들더라구요~ㅠㅠㅠ
집에서 쓰는 바디워시 냄새까지도 너무 향이 강하고 뭔가 모르게 달달한 향이 나서 씻는것도 힘들었어요~ㅠㅠㅠ
욕실문도 항상 닫아놓구...
그랬더니 친구가 향이 강하지 않은 바디워시 선물해 줬어요~🤩 인버브 에센맘 바디워시 인데
저는 향이 너무너무 좋더라구요~~ 은은한 허브향 나던데 베르가못, 시트러스 이런 향이 났어요~
혹시라도 임신하시구 향에 민감하신 분들 사용하면 좋을것 같아요~~ 저도 써보니까 저만 아껴서 쓰고 싶더라구요~  계속 계속 생각나는 그런 향이에요❤️
임산부 바디워시라고 사줬는데 향이 너무 강하지 않고 은은한 베르가못 향? 시트러스 향이 나서 괜찮더라구요~🥹 혹시 입덧으로 향때문에 바디워시 힘든분들 추천드려요~~
​
🔸출산후기 내용은 ""출산 성공 바이러스""
에 게시글 작성해 주시기 바랍니다.
​
🔸""예비맘정보공유"" 게시판에 위 게시글 작성시
활동정지 및 무통보 삭제됨을 알려드립니다.",추천감사해요 | 입덧기간 힘내세요~~,2,https://cafe.naver.com/f-e/cafes/24000254/articles/7233047?boardtype=L&userDisplay=50&menuid=13&referrerAllArticles=false&inCafeSearch=true&query=%EB%83%84%EC%83%88&art=aW50ZXJuYWwtY2FmZS1hcnRpY2xlLXJlYWQtaW5DYWZlLXNlYXJjaC1saXN0.eyJ0eXAiOiJKV1QiLCJhbGciOiJIUzI1NiJ9.eyJjYWZlVHlwZSI6IkNBRkVfSUQiLCJhcnRpY2xlSWQiOjcyMzMwNDcsImlzc3VlZEF0IjoxNzg4MjMzMjU3NDYxLCJjYWZlSWQiOjI0MDAwMjU0fQ.i1YOQgD8RPHN2oLHsLVQul4hmQA4IUujiqxwlkFurjc&page=1,JKS
대구맘365,24000254,13,냄새,매직캔 쓰레기통,2025.11.14. 18:58,"종류가 몇개 되던데 다들 어떤종류 쓰시나요??
냄새 젤 덜나는건 뭘까요
​
​
🔸출산후기 내용은 ""출산 성공 바이러스""
에 게시글 작성해 주시기 바랍니다.
​
🔸""예비맘정보공유"" 게시판에 위 게시글 작성시
활동정지 및 무통보 삭제됨을 알려드립니다.","매직캔 히포 27L 쓰고있는데, 뚜껑 안열면 냄새 안나요!작은용량보단 큰용량 추천해요!! 기저귀 사용하니 금방차네요 | 저도 히포 2 27L 리필봉투 280인거 쓰고있어요!",2,https://cafe.naver.com/f-e/cafes/24000254/articles/7174040?boardtype=L&userDisplay=50&menuid=13&referrerAllArticles=false&inCafeSearch=true&query=%EB%83%84%EC%83%88&art=aW50ZXJuYWwtY2FmZS1hcnRpY2xlLXJlYWQtaW5DYWZlLXNlYXJjaC1saXN0.eyJ0eXAiOiJKV1QiLCJhbGciOiJIUzI1NiJ9.eyJjYWZlVHlwZSI6IkNBRkVfSUQiLCJhcnRpY2xlSWQiOjcxNzQwNDAsImlzc3VlZEF0IjoxNzg4MjMzMjU3NDYxLCJjYWZlSWQiOjI0MDAwMjU0fQ.UAkOvwJBqFa8DaW3bZ3tHLps4bWT2krvgpoqjvmvieE&page=1,JKS
대구맘365,24000254,13,냄새,입덧 살려주세요 ㅜㅜ,2025.07.15. 04:25,"🔸출산후기 내용은 ""출산 성공 바이러스""
에 게시글 작성해 주시기 바랍니다.
​
🔸""예비맘정보공유"" 게시판에 위 게시글 작성시
활동정지 및 무통보 삭제됨을 알려드립니다.
​
늦은나이에 첫아이를 가졌어요 ㅜㅜ 아는것도 하나도 없고 인터넷 검색해보면서 정보 계속 보는데도 다 광고인것 같고 정보 찾기가 쉽지가 않네요... 이제 8주차이고 입덧한지는 한달 정도 됐는데... 임신사실도 최근에 알게되서 이게 입덧인줄도 이제서야 알았어요... 딱히  땡기는것도 없고 냄새에 너무 예민해서 음식 먹는건 괜찮은데 밥하는 냄새라던가 코에 거슬리는 냄새가 나면 헛구역질하고 토하고 양치할때마다 토하고 그러네요 ㅜㅜ 양치덧이란것도 검색해보고 첨 알았어요... 입덧사탕도 먹고있을때는 좀 괜찮은가? 싶다가도 다먹고 조금만지나면 다시 안좋구요...
​
입덧심할때는 뭘 하는게 좋을까요? 음식이든 차든 뭐든 도움되셨던거 알려주세요 ㅜㅜㅜ
​
​
가만히있다가도 갑자기 헛구역질 하기도하고 속트름도 엄청하고.. 음식먹을땐 괜찮다가도  먹고나서 속에서 음식냄새가 너무 오랫동안나서 속이 계속 불편해요... 애기 한참 만들어지는 시기라서 잘먹으라는데 하루에 한끼 겨우먹어요... 먹고도 토하기 일쑤구요... 입덧약 처방은 어느정도일때 받아야하는지도 궁금하구요.. 되도록이면 약은 안먹고싶은데 (애기 가진지 모르고 계속 병원다니면서 약을 먹었었어요...ㅜㅜ) 도와주세요 선배님들...","입덧약은 임신 중에 먹어도 괜찮다는 약이라서 그 정도로 입덧하시면 드시는게 좋을것같아요 자기전에 2알 드셔보고 그래도 입덧 심하면 아침에 한알 점심에 한알 추가로 더 드셔서 총 4알까지 가능하니 약 덜 드시고 싶으시면 자기전 2알 정도만이라도 드셔보셔요 | 그런가요..ㅜㅜ 조언감사합니다 이번주에 산부인과 방문예정인데 말씀드리고 약 먹어보는것도 고려해봐야겠네요 애기한테 미안해서 약은 진짜 안먹을라했거든요 ㅜㅜㅜㅜ 첫임신이라 비교할것도없고 주변사람들 대부분 입덧 안하고 몇몇은 먹덧하고 해서 물어볼곳이 없었는데 감사합니다 | 저도 그렇게 임신20주까지 입덧하다가 25주인 지금은 조금 나아졌어요밥,한식은 절대 못먹었고 양념있는거도 안되더라구요그나마 토 안한거는 오ㄸ기 크림스프,모닝빵에 딸기잼,찐감자 였고 그마저도 하루 한끼 겨우 먹었어요근데 아기는 주수에 맞게 쑥쑥 잘 크더라구요저번주 정밀검사했는데 아주 건강하다고 해요!엄마가 힘들고 스트레스받으면 아기도 힘드니까못먹는거에 죄책감 느끼지마시고넘어가는 음식만 소량씩, 허기짐 가실 정도로만 드셔보세요ㅜㅜ | 지금딱 허기안질정도로 밥 반공기에서 삼분의일공기정도 먹어요ㅜㅜ 별생각없이 요플레 먹었다가 다 개워내서... 뭘먹어야될지 무서워요 ㅜㅜ 스프를 도전해봐야겠네요 감사합니당! | 저도 양치할때마다 토해서 중간중간 치실 가글하고 양치는 살살했어요! | 정리해논글 잘 읽어봤습니당~ 감사합니다 오늘따라 유달시리 속이안좋아서 자꾸 못자고 잠들어도 금방깨고하네요 ㅜㅜ | 저는 새콤달콤, 새코미요구르트먹었어요.한식은 못먹겠고 그나마과일이나 샌드위치 먹었구요.차가운 음식 위주로만 먹었습니다.(냉면 냉국수 등) | 아 그리고 안땡길때는 너무 억지로 드실 필요 없대요ㅠ태반이랑 연결되기 전까지는 아기가 엄마한테서 영양을 받는게 아니라,난황에서 영양을 공급받기 때문에엄마가 못먹어도 상관없다고 하더라구요.입덧약두 의사샘이랑 상의하셔서 드시는 것 추천드려요. 화이팅입니다ㅠ | 요새는 우유나 요플레같은 유제품 먹으면 다 토해서 너무힘드네용 ㅜㅜ 다른음식은 냄새때문에 힘들지 먹는건 괜찮거든요 먹고나면 속에서 불편하긴한데 토하진않구요....입덧약 말씀드려보니까 못먹는건 아니니까 냄새들만 조심하고 좀 더 지켜보자하시네요... 😭 그나마 못먹어도 잘클수있다니 다행이에요!! 안그래두 어제 초음파보고왔는데 짧게나마 팔이생겼더라구요ㅋㅋㅋㅋ 신기했어요🥹 하루한끼 겨우 밥 반공기정도 먹는데 열심히 크고있는거보니 기특하구요 ㅎㅎㅎㅎ 입덧캔디사서 먹는데 먹는동안만 괜찮고 다먹으면 또 돌아오던데 새콤달콤도 도전해볼게요!! 감사합니당 | 저는 막달까지 입덧을 했는데요 ㅜㅜ 한20주 넘어가면 확실히 좀 살만해요 저는 10주~15주 그정도가 제일 피크였어요 꼭 입덧약 처방받아서 드세요 토하는건 덜해집니다 입덧약 걱정했는데 건강하게 잘 태어도났고 몇십년된약이고 보험도이제 되는거라 안전한거 같아요글고 참고로 저는 샤인머스킷 얼려서 자주 먹었어요 | 막달까지... 엄청 고생하셨네요...ㄷㄷ 댓글 감사해요 ㅜㅜ저도 과일은 쪼금먹고살아요 샤인머스켓이랑 복숭아 자두 먹고있어요 지금 거의 10주 다되가는데 4주지나고 여태까지 계속심하네요 ㅜㅜㅜㅜㅜ 양치질도 할때마다 난리고... 입덧약 얘기드렸더니 일단 먹고토하는건아니니까 좀더참아보라하시더라구요 냄새조심하라하구... 샤인머스켓 얼려먹어볼게용 감사합니당! | 아 맞아요 입덧약이 울렁거림 자체를 없애주지는 않는거같고 항구토제라 구토는 덜하게해요 참을만하면 안드시는게 좋겠지만 그래도 힘들면드세요 힘내세요~",12,https://cafe.naver.com/f-e/cafes/24000254/articles/7078016?boardtype=L&userDisplay=50&menuid=13&referrerAllArticles=false&inCafeSearch=true&query=%EB%83%84%EC%83%88&art=aW50ZXJuYWwtY2FmZS1hcnRpY2xlLXJlYWQtaW5DYWZlLXNlYXJjaC1saXN0.eyJ0eXAiOiJKV1QiLCJhbGciOiJIUzI1NiJ9.eyJjYWZlVHlwZSI6IkNBRkVfSUQiLCJhcnRpY2xlSWQiOjcwNzgwMTYsImlzc3VlZEF0IjoxNzg4MjMzMjU3NDYxLCJjYWZlSWQiOjI0MDAwMjU0fQ.Icjy9IRZoU6HhOPQeMQFtzMtWe6SeKKi_evUy-EGEmk&page=1,JKS
대구맘365,24000254,13,냄새,김혜정산후조리원 달서점 후기,2025.05.29. 11:24,"🔸출산후기 내용은 ""출산 성공 바이러스""
에 게시글 작성해 주시기 바랍니다.
​
🔸""예비맘정보공유"" 게시판에 위 게시글 작성시
활동정지 및 무통보 삭제됨을 알려드립니다.
​
​
안녕하세요!
저는 제왕절개 초산모이고, 김혜정산후조리원 달서점에서 머물렀던 후기를 남겨봅니다!!^^
​
조리원은 2~4층 운영(엘리베이터 이용), 주차장 있음, 건물 깨끗함, 조리원 주변에 투썸, 롯데리아, 파리바게트, 큰마트 있음, 조리원에서 배달음식 주문 가능함
* 본 조리원을 선택한 이유
1. 남편 회사가 가까움
2. 조리원 후기가 굉장히 좋았음. 생활의 달인 방영 및 신생아 관리에서 전문적이라는 평이 많았음. 또한 조리원 이용비용이 다른곳과 비교했을때 합리적인 편이었음.(이용요금은 홈페이지 참고)
3. 밥이 맛있다고 함
4. 남편 출입과(숙박가능) 모자동실 자유로움
​
* 조리원 이용 후 솔직!! 후기
1. 편리한 침대와 깨끗한 침구: 느낌상 저렴한 매트리스는 아니었음. 침대는 푹신했고, 침구도 깨끗하고 부드럽고 따뜻했음. 침구도 저렴해보이지 않았음.
​
2. 깨끗한 의복과 수건: 빨래 냄새에 엄청 민감한 편인데... 조리원복과 수건에서 향기남. 꿉꿉함 전혀 없음! 하루 한번 아침일찍 조리원복 1벌과 수건1개 제공됨. 추가로 필요시 요청하면 됨!!
3. 정성스러운 식사: 밥과 국을 유기그릇에 제공함. 대접받는 느낌이 들었음 반찬 개수와 양도 넉넉함. 매일 아침은 생선구이 제공, 채소, 단백질반찬 매끼니에 제공됨. 식사는 식당에서 하는데 이동이 어렵거나(아픔) 식사시간을 맞추지 못할때(외출 후 복귀가 늦어짐 등) 말씀드리면 식사를 따로 챙겨주심. 전혀!! 눈치 볼 필요없고!! 눈치도 전혀!! 안주심..!! ㅎㅎㅎ 정말 친절!!
​
4. 친절함: 지내면서 필요했던 요구사항 등 너무 잘 들어주시고 대처를 빠르게 해주세요
5. 단유(분유)교육 및 지원: 단유해야하능 상황이었는데 방법과 분유먹이는 교육 잘 받았어요
​
6.마사지: 마사지가 시원하고 다양한 기구가 있어서 피로회복에 도움이 되었습니다
​
내집같은 포근함과 친절하신 직원분들 덕에 만족하며 지내고있습니다! 김혜정산후조리원 달서점 완전 추천합니다!! ㅎㅎ",조리원이 잘되어 있네요 김혜정도 많이 간다고 들었는데 왜 많이 가는지 알겠어요!^^ | 저도 김혜정 달서예약했어요 ㅎㅎ 친절하시고 밥이.. 한식파에 생선도 좋아하는지라 ㅋㅋ | 저도 김혜정 달성 예약했는데 좋은 정보 감사합니다 | 혹시 방에서도 밥을 먹을수가 있을까요?? | 방에서는 산모가 컨디션 안좋을 때만 갖다주셔요~! | 후기 도움되었어요 !! 근데 혹시 남편 숙박은 평일 주말 상관없이 전부 가능한건가용!?,6,https://cafe.naver.com/f-e/cafes/24000254/articles/7039112?boardtype=L&userDisplay=50&menuid=13&referrerAllArticles=false&inCafeSearch=true&query=%EB%83%84%EC%83%88&art=aW50ZXJuYWwtY2FmZS1hcnRpY2xlLXJlYWQtaW5DYWZlLXNlYXJjaC1saXN0.eyJ0eXAiOiJKV1QiLCJhbGciOiJIUzI1NiJ9.eyJjYWZlVHlwZSI6IkNBRkVfSUQiLCJhcnRpY2xlSWQiOjcwMzkxMTIsImlzc3VlZEF0IjoxNzg4MjMzMjU3NDYxLCJjYWZlSWQiOjI0MDAwMjU0fQ.HUKOA0v0EeAl6NjHyHvJkNMuLNYEiP_GutvspNx00OY&page=1,JKS
대구맘365,24000254,13,냄새,대구 층간소음매트 내돈내산 든든매트 시공 2달 찐 사용후기,2025.05.28. 11:02,"대구 층간소음매트 내돈내산 든든매트 시공 2달 찐 사용후기
​
미리보는 결론: 어차피  시공매트를 결심했다면 아이를 낳기전에 미리 설치해두면 훨씬 편함!
4월에 아기가 태어난 동생부부에게도 추천해서 아이가 집으로 오기 전에 시공완료^^
나: 84 판상형 기준 주방제외 거실 복도 시공/
동생: 74 판상형 기준 주방제외 거실 복도 시공/
모두  디지털온누리상품권으로 결제하여 이득!
(디지털온누리상품권은 특정시기에 할인율이 높으므로 미리 충전해두는 것 추천)
​
​
1. 매트시공을 결심한 계기
1) 아기가 6개월이 지나면서 이동반경이 넓어짐. (방안에서만의 생활이 불가함)
-거실은 절대 아이의 공간으로 내어줄 수 없다는 굳은 결심 바로 포기
3) 아기가 강마루에 넘어지면 크게 다치지 않을까 걱정.
-매일 머리쿵, 헬맷을 씌우는 것도 너무 번거롭고 아기가 거부하면 답없음
4) 아기를 안전하게 보면서 집안일도 할 수 있는 생활 희망
5) 아랫집의 혹시 모를 층간소음의 연락 미연에 방지 희망
- 아기가 장난감을 던질 때 생각보다 큰 소음이 발생, 층간소음을 겪어봐서 미리 최대한 배려해드리고 싶은 마음
​
2. 시공업체 선정 기준 및 방법
1) 기존 인터넷 검색을 통하여 샘플매트 및 문자 상담, 전화 상담 등을 이용
- 집 도면이 있으면 훨씬 정확한 견적이 나오는 편,
2) 베이비페어 참여 업체를 모두 돌아보고 상담 후 다시 집으로
-아기 데리고 힘들어죽을뻔
3) 그동안 모은 데이터를 기준으로
내가 선정한 기준:
-매트 두께 (어느 정도 층간소음을 방지하면서도, 경사로 설치 없이 로봇청소기가 올라갈 수 있는 매트 희망)
-가격 (디지털온누리상품권 사용 가능 및 최대한의 할인율로 확인 계산)
-대표 직접 시공 (새아파트 입주하면서 하청을 주는 느낌의 업체에서 많이 실망한 경험)
-국내 공장에서 생산
3. 든든매트 선정 이유
-대표직접시공 상담 요청했으 때에도 매우 친절하고 빠른 답변과 여러 질문에도 귀찮아하지 않으시고 답변해주시고 직접 시공 확인도 받고 친절 및 응대 만족!
-국내생산매트로 여러 샘플 매트와 비교했을 때에도 품질 만족!
-디지털 온누리 상품권 사용 가능 및 공장직영 유통마진제로로 가격 만족!
​
4. 2달 찐 사용 후기
-시공할 때 소음걱정 없이 아기가 잘 잤음/시공하시는 중에도 이동은 가능했음
-보통 페이백을 위해 매트시공한 날부터 후기를 쓰는 리뷰어들이 많았지만 좀 더 실질적인 후기와 찐 후기를 위해
2달간 사용을 해보고 리뷰를 쓰기로 함.
- 내가 시공한 공간은 거실과 복도, 아일랜드 라인까지! /주방은 고민했으나 펜트리가 있어서 펜트리 전용 매트 설치공간도 생기게 되어 굳이 안함 이부분은 개인취향인듯!
- 처음에 매트가 조금 미끄럽다고 느껴짐/ 바로 생산되어 나온 거라 그런 것 같음 로봇청소기 2번 바로 돌리고 다음날 돌리고 3~4번 돌리니 미끄러움 사라짐.
- 아크릴 받침이나 식탁 테니스공 등을 미리 사두면 시공하면서 바로 생기는 자국도 걱정 없음
(식탁 및 아기 책장은 아크릴 받침, 쇼파, 아마존 소서에는 남은 매트로 고정, 식탁의자와 졸리점퍼는 테니스공으로 자국 방지함)
- 무거운 가구는 자국이 생기지만 일반적인 가구들은 금방 복원이 되는 편
- 아기가 거실과 복도를 자유롭게 돌아다니면서 넘어져도 걱정이 없음. 실제로 쇼파를 잡고 서다가 뒤로 넘어졌지만 매트 덕분에 아기가 울지도 않았고 나도 크게 신경쓰지 않음/ 머리쿵방지쿠션 및 헬맷을 사용하지않아도 되었음
- 로봇청소기가 첫날 탐색하면서 조금 주저주저하는 모습이 보였지만 다음날부터 잘 청소하고 다님/ 특별한 경사로 및 나의 도움 필요없음- 나의 로봇청소기 로보락s7plus 기준
- 이염이나 오염/아기가 토하기도 했고, 물을 쏟은적도 있고, 액상철분제를 쏟은 적도 있지만 금방 닦아서 그런지 이염이나 오염 없었음.
- 황변/고층 남향 아파트라 햇빛과 관련하여 황변 걱정이 있었으나 특정부분이 황변이 되거나 매트를 보았을 때 특별히 느껴지는 이질감은 없음. 하지만 황변은 자연스러운 현상이라 서서히 황변이 되더라도 큰 티가 나지 않을 것 같음.
-층간소음/ 시공완료하고 주신 층간소음매트시공팻말도 현관문에 두니 마음이 편함/ 층간소음으로 연락온적없음
-공기 순환 및 곰팡이/ 직접 손수 롤매트를 깔았던 지인이 곰팡이얘기를 해서 걱정했는데 나는 한달에 한번 정도 매트를 오픈해서 공기 순환이나 곰팡이를 확인하였으나 전혀 문제가 없었음.
5. 결론
개인적으로 아이를 낳고나서 여러 육아템들을 구매했고 만족했지만 시공매트가 가장 만족스러웠음.
아기방은 태어나자마자 폴더매트를 사용중이라서 그대로 사용하고 있으나 폴더매트 특유의 매트 냄새가 많이나서
주말마다 소독하고 닦고 있는데 시공매트는 그런게 없어서 더 만족!
진작 했으면 출산후유증을 앓았던 내 발바닥도 안아프고 좋았을 것 같은데 아쉬움 가득!
내 주변 모든 분들에게는 어차피 쓰는 돈 출산직전에 미리 설치하는 거 완전 추천중!
문의는 댓글달아주시면 육아시간을 제외할 때에는 성실하게 답변드려볼 예정!
​
​
​
0초
0초
100%
광고 후 계속됩니다.
다음 동영상
subject
author
취소
재생
2
재생 (space/k)
재생
00:22
0:00:00
재생 (space/k)
재생
음소거 (m)
음소거
00:00
/
00:22
실시간
설정
전체 화면 (f)
해상도
HD
720p
자막
사용 안함
재생 속도
1.0x (기본)
해상도
720p
HD
480p
270p
자막
자막 추가
설정
사용 안함
자막 설정
글자 크기
배경색
재생 속도
0.5x
1.0x (기본)
1.5x
2.0x
죄송합니다. 문제가 발생했습니다. 다시 시도해 주세요.
도움말
음소거 상태입니다.
도움말
라이선스
디버그 정보 다운로드
고화질 재생이 가능한 영상입니다.
설정에서 해상도를 변경해보세요.
더 알아보기
00:00
대구 층간소음매트 내돈내산 든든매트 시공 2달 찐 사용후기 (1)
0초
0초
100%
광고 후 계속됩니다.
다음 동영상
subject
author
취소
재생
1
재생 (space/k)
재생
00:11
0:00:00
재생 (space/k)
재생
음소거 (m)
음소거
00:00
/
00:11
실시간
설정
전체 화면 (f)
해상도
480p
자막
사용 안함
재생 속도
1.0x (기본)
해상도
480p
270p
자막
자막 추가
설정
사용 안함
자막 설정
글자 크기
배경색
재생 속도
0.5x
1.0x (기본)
1.5x
2.0x
죄송합니다. 문제가 발생했습니다. 다시 시도해 주세요.
도움말
음소거 상태입니다.
도움말
라이선스
디버그 정보 다운로드
고화질 재생이 가능한 영상입니다.
설정에서 해상도를 변경해보세요.
더 알아보기
00:00
접기/펴기
대구 층간소음매트 내돈내산 든든매트 시공 2달 찐 사용후기 (2)
50m
© NAVER Corp.
더보기
/OpenStreetMap
지도 데이터
x
© NAVER Corp.
/OpenStreetMap
지도 컨트롤러 범례
부동산
거리
읍,면,동
시,군,구
시,도
국가
든든매트
부산광역시 동래구 명서로 120 지하1층
예약",,0,https://cafe.naver.com/f-e/cafes/24000254/articles/7038176?boardtype=L&userDisplay=50&menuid=13&referrerAllArticles=false&inCafeSearch=true&query=%EB%83%84%EC%83%88&art=aW50ZXJuYWwtY2FmZS1hcnRpY2xlLXJlYWQtaW5DYWZlLXNlYXJjaC1saXN0.eyJ0eXAiOiJKV1QiLCJhbGciOiJIUzI1NiJ9.eyJjYWZlVHlwZSI6IkNBRkVfSUQiLCJhcnRpY2xlSWQiOjcwMzgxNzYsImlzc3VlZEF0IjoxNzg4MjMzMjU3NDYxLCJjYWZlSWQiOjI0MDAwMjU0fQ.VGz--yY2lccLRZv9I0ovH4TCMuQLOfdRBCoHYntccFU&page=1,JKS
대구맘365,24000254,13,냄새,강소라씨가 쓰는 보관용기,2025.04.16. 12:41,"보관 용기, 종류도 많고 다 비슷비슷해서 뭘 써야 할지 고민 많았는데
이번에 데비마이어에서 새로 출시한 데비박스 퍼플 에디션을 써보고...
와, 진짜 딱 이거다! 싶었어요!!
​
​
​
기존 신선보관 기능은 똑같고 칸칸이랑 채반까지 나와서 여러모로 활용도가 너무 좋네요~
배우 강소라씨도 유튜브 보니까 촬영 다닐 때 데비마이어만 쓴다고 하던데
괜히 미국 주부들이 열광하는 게 아니더라고요...
​
​
​
근데 전 이번 신제품에서 제일 마음에 들었던 게 컬러였어요!
은은한 라벤더 퍼플 컬러라 주방에 딱 두기만 해도 분위기가 너무 화사하고 고급스러워져요.
친정 엄마 오셨다가 이거 어디서 샀냐며 찜콩하고 가셨네요ㅎㅎ
실리콘 패킹이 없어서 세척도 너무 편하고 냄새배임이나 물때 걱정도 덜해서 진짜 만족감 최고예요!
저처럼 반찬통 세척 스트레스 받으셨던 분들 강추드립니다
무엇보다... 냉장고 열었을 때 예뻐서 냉장고 열 맛 나네요~
이건 진짜 써보면 압니다 여러분ㅋㅋ",저장 해둿다가 써봐야겠어요~ 저희 시엄니도 홈쇼핑에서 사서 잘 쓰시더라구요 ㅎㅎ,1,https://cafe.naver.com/f-e/cafes/24000254/articles/7005554?boardtype=L&userDisplay=50&menuid=13&referrerAllArticles=false&inCafeSearch=true&query=%EB%83%84%EC%83%88&art=aW50ZXJuYWwtY2FmZS1hcnRpY2xlLXJlYWQtaW5DYWZlLXNlYXJjaC1saXN0.eyJ0eXAiOiJKV1QiLCJhbGciOiJIUzI1NiJ9.eyJjYWZlVHlwZSI6IkNBRkVfSUQiLCJhcnRpY2xlSWQiOjcwMDU1NTQsImlzc3VlZEF0IjoxNzg4MjMzMjU3NDYxLCJjYWZlSWQiOjI0MDAwMjU0fQ.2kjpp742XDRUXAYSSuP1GnxUCFBG1zA_hWsfdWtJ70c&page=1,JKS
대구맘365,24000254,13,냄새,본베베 폴더매트 추천드려요,2025.03.14. 17:16,"​
​
시공매트는 비싸고, 관리가 어렵다해서
비교적 저렴한 폴더매트를 알아보다 본베베매트를 구매했어요.
​
새제품인데도, 향균매트라서 그런지 새제품 냄새가 안나서 좋네요. 별도 세척없이 물티슈로 닦고 잘 쓰고있습니다.
사은품으로 미끄럼방지 패드도 주는데, 따로 안붙여도 잘 안밀리네요.
적당히 폭신해서, 신생아 눕혀두기도 좋을 것 같아요!
지금은 임산부라서 막달 운동할때 요가매트 안펴고 본베베 매트에서 하는데 편하네요👍
​",,0,https://cafe.naver.com/f-e/cafes/24000254/articles/6979472?boardtype=L&userDisplay=50&menuid=13&referrerAllArticles=false&inCafeSearch=true&query=%EB%83%84%EC%83%88&art=aW50ZXJuYWwtY2FmZS1hcnRpY2xlLXJlYWQtaW5DYWZlLXNlYXJjaC1saXN0.eyJ0eXAiOiJKV1QiLCJhbGciOiJIUzI1NiJ9.eyJjYWZlVHlwZSI6IkNBRkVfSUQiLCJhcnRpY2xlSWQiOjY5Nzk0NzIsImlzc3VlZEF0IjoxNzg4MjMzMjU3NDYxLCJjYWZlSWQiOjI0MDAwMjU0fQ.lHAlLLosYwPAHu-Za11lPYlY1m9MJkpNHQ8Wf66eQKQ&page=1,JKS
대구맘365,24000254,13,냄새,내돈내산 바니하우스 빅매트 층간소음매트 후기,2025.02.28. 22:38,"50일쯤 지났을때 매트 해야하나? 하는 생각에
알아보니 출산전부터 하시더라고요...
터미도 신생아때부터 매트위에서 할걸 엄청 후회중이구요
역류방지 쿠션이 있는데 바닥에 쓰다가...
이제 매트 사고나니까 진짜 아기가 사는 집(?) 같아보여요ㅎㅎ
매트 사는 시기는 출산 전에 무조건 추천할것 같아요~
사이즈가 다양해서 맞는걸로 골랐는데 살짝 오바되지만
그래도 잘 쓰고 있네요~ 일단 두께도 마음에 들고
설치하는데 어려움이 없어서 남편이 후다닥 조립해준^^
향균있는걸로 샀는데 그래서 그런가 바로 써도
냄새가 안나서 다행이었어요 ㅎㅎ
요즘은 아이랑 놀아주느라 매트생활만 하네요
로봇 청소기도 매트에 올라가는데 살균티슈로 손으로 청소하는..!!
설치도 어렵지 않아요~ 남편이 금방하더라고요^^
​
​
매트까니까 거실이 더 깔끔해보이고
누워도 되고 편합니다 ㅎㅎㅎㅎ 아이들고 일어설때가
허리랑 무릎이 아프지만 ㅠㅠ
앞으로도 매트없이는 힘들것 같아요
​
뭐든 세일할때 기다렸다 사는게 제일인듯요 ㅎㅎ
잘사서 쓰는것중 하나네요~",,0,https://cafe.naver.com/f-e/cafes/24000254/articles/6967805?boardtype=L&userDisplay=50&menuid=13&referrerAllArticles=false&inCafeSearch=true&query=%EB%83%84%EC%83%88&art=aW50ZXJuYWwtY2FmZS1hcnRpY2xlLXJlYWQtaW5DYWZlLXNlYXJjaC1saXN0.eyJ0eXAiOiJKV1QiLCJhbGciOiJIUzI1NiJ9.eyJjYWZlVHlwZSI6IkNBRkVfSUQiLCJhcnRpY2xlSWQiOjY5Njc4MDUsImlzc3VlZEF0IjoxNzg4MjMzMjU3NDYxLCJjYWZlSWQiOjI0MDAwMjU0fQ.RMQupoRP16Rn67osmNPgId4PElvd_OP0LoGart_bsu8&page=1,JKS
대구맘365,24000254,13,냄새,음식물처리기 꼭 필요한가요?,2025.02.20. 09:47,"없으면 불편하다는 얘기 많이 들었는데
실제로 쓰시는 분들 만족하시나요?
정말 생활이 편해질까요?",아파트면 금방 버리기도하고 금액도 얼마안하고해서 집에서 계속 두는게 별로고 자리도차지하고 해서 바로바로 버리기로했어요 | 어떤거 쓰시나요??? | 저는 쓰면서 확실히 편하다고 느껴요 퓨리얼 클린어스 쓰는데 냄새도 안 나고 음식물 쓰레기 버리는 번거로움이 사라져서 좋아요ㅎㅎ | 좋은 후기 감사합니다 ㅎㅎ | 있으면 진짜 편해요 쾌존 강추요 !! 방식도 맘에 들고 하수구로 내려보내는거 아니라 안심이에요 | 저도 선물받았는데 넘  잘쓰고있어요! | 확실히편하긴 합니다. 근데 쓰다보면 음식물처리기도 기계인지라 소음도 발생하고 달라붙는거 떼는것도 일이긴 해요~ 하지만 그럼에도 불구하고 편합니다 ㅎ,7,https://cafe.naver.com/f-e/cafes/24000254/articles/6959875?boardtype=L&userDisplay=50&menuid=13&referrerAllArticles=false&inCafeSearch=true&query=%EB%83%84%EC%83%88&art=aW50ZXJuYWwtY2FmZS1hcnRpY2xlLXJlYWQtaW5DYWZlLXNlYXJjaC1saXN0.eyJ0eXAiOiJKV1QiLCJhbGciOiJIUzI1NiJ9.eyJjYWZlVHlwZSI6IkNBRkVfSUQiLCJhcnRpY2xlSWQiOjY5NTk4NzUsImlzc3VlZEF0IjoxNzg4MjMzMjU3NDYxLCJjYWZlSWQiOjI0MDAwMjU0fQ.Qwmx7W52owo_CMsfjoiKQuZVRFYQ4whDZhTVH9qGujc&page=1,JKS
대구맘365,24000254,13,냄새,"신생아 태열크림,로션 추천이요",2025.02.07. 16:44,"안녕하세요. 출산 37일차 아들맘입니다.
평소에 제 피부에도 관심이 많아 제 아이에게도 피부많큼은 관리를 잘해주고 싶은맘에 조리원에서부터 아기로션,크림을 많이 알아봤었어요~
조리원에서 수유할때 아기다리피부를 보니 탈각?되는것처럼 보였고 엉덩이 항문에 붉게 올라오는게 보여서 바로 이리저리 검색해서 유명하다는 크림, 로션을 주문했어요. 그러다 조리원 문화센터에서 베이비마사지 교육을 듣다보니 조리원에서 쓰고있는 로하스베베 상품을 알게되었어요. 이미 조리원에서 아이에게 발라주고 있어서 제아이에게 맞지않을일이 없고 순한 유기농성분이라 혹시나 효과가없더라도 제가 바를 생각으로 또 구매했답니다ㅎ  사실 냄새는 별로인거같은데 집에와서 발라보니 태열크림은 진짜좋은거같아요 집에오는 관리사님께서 태열크림 써보시더니 비싼제품같다고 바로 알아보시더라구요~써보고 만족해서 후기올려드려요~! 다만 가격이 사악한게 단점입니다😊
혹시나 신생아로션.크림 알아보고 계시다면 성분좋은 로하스베베 써보세요🤭",오 좋은정보 감사합니당! | 좋은정보 감사합니다:) | 좋은정보 잘 알아갑니당~~ | 괜찮은 크림 찾고 있었는데 한번 써봐야겠어요,4,https://cafe.naver.com/f-e/cafes/24000254/articles/6948875?boardtype=L&userDisplay=50&menuid=13&referrerAllArticles=false&inCafeSearch=true&query=%EB%83%84%EC%83%88&art=aW50ZXJuYWwtY2FmZS1hcnRpY2xlLXJlYWQtaW5DYWZlLXNlYXJjaC1saXN0.eyJ0eXAiOiJKV1QiLCJhbGciOiJIUzI1NiJ9.eyJjYWZlVHlwZSI6IkNBRkVfSUQiLCJhcnRpY2xlSWQiOjY5NDg4NzUsImlzc3VlZEF0IjoxNzg4MjMzMjU3NDYxLCJjYWZlSWQiOjI0MDAwMjU0fQ.Q6dHRYZt13xocmOylxOhLW1ePD0_x4Jp5UpaMAomyjw&page=1,JKS
대구맘365,24000254,13,냄새,튼살크림 추천해주세요,2025.01.09. 15:10,"언니가 임신 초기인데요.
겨울이라 그런가 배에 튼살이 자꾸 생긴다는데 좋은 크림 없을까요?
추천 부탁드립니다!",튼살크림을 4개 정도 사용하면서 느낀거는 용량크고 가격이 착한제품이 최고더라구요 ㅎㅎ그래서 부담제로튼살크림 추천드릴게요 ㅎㅎ | 효과가 있나용 ?? 저는 아예 포기했었었는데 ㅠㅠ | 일리윤잘쓰고있어요 건조하다싶으면 오일이랑 hpa크림두여! | 비오템이랑 란시노크림 좋아요~ | 일리윤이랑 부담제로튼살크림 같이 쓰고있는데 일리윤 제품이 냄새도 거부감 없고 더 괜찮은 것 같아요 ㅎㅎ | 비오템이랑 아토팜 쓰고 있어요 ~ 튼살 보이면 신경써서 듬뿍 발라주니 사라지는 거 같더라구요~ | 전 병원에서 임신바우처카드로 닥터에디션 사서 바르는데 초기부터 발라서인지 37주차인데 아직 튼살 전혀 없어요ㅎㅎㅎ,7,https://cafe.naver.com/f-e/cafes/24000254/articles/6923575?boardtype=L&userDisplay=50&menuid=13&referrerAllArticles=false&inCafeSearch=true&query=%EB%83%84%EC%83%88&art=aW50ZXJuYWwtY2FmZS1hcnRpY2xlLXJlYWQtaW5DYWZlLXNlYXJjaC1saXN0.eyJ0eXAiOiJKV1QiLCJhbGciOiJIUzI1NiJ9.eyJjYWZlVHlwZSI6IkNBRkVfSUQiLCJhcnRpY2xlSWQiOjY5MjM1NzUsImlzc3VlZEF0IjoxNzg4MjMzMjU3NDYxLCJjYWZlSWQiOjI0MDAwMjU0fQ.EkNX4jz9AM8asyumZDy1U-kQrXnnqB7jX4twgd3sMVQ&page=1,JKS
